{
    "type": "FeatureCollection",
    "features": [
        {
            "type": "Feature",
            "properties": {
                "ascent": 4304,
                "descent": 4304,
                "name": "Aursjøvegen Roundtrip",
                "closures": "Aursjøvegen opens June 1st and closes when the first snow falls in the autumn.<a href='https://www.visitaursjovegen.no/english'>website</a>",
                "segments": [
                    {
                        "distance": 42.638,
                        "duration": 4927.1,
                        "steps": [
                            {
                                "distance": 0.034,
                                "duration": 8.1,
                                "type": 11,
                                "instruction": "Head northwest on <b>Auragata</b>",
                                "name": "Auragata",
                                "way_points": [
                                    0,
                                    2
                                ]
                            },
                            {
                                "distance": 1.836,
                                "duration": 163.8,
                                "type": 0,
                                "instruction": "Turn left onto <b>Romsdalsvegen, 62</b>",
                                "name": "Romsdalsvegen, 62",
                                "way_points": [
                                    2,
                                    32
                                ]
                            },
                            {
                                "distance": 5.197,
                                "duration": 427.2,
                                "type": 0,
                                "instruction": "Turn left onto <b>Litldalsvegen, 6136</b>",
                                "name": "Litldalsvegen, 6136",
                                "way_points": [
                                    32,
                                    177
                                ]
                            },
                            {
                                "distance": 8.747,
                                "duration": 1064.6,
                                "type": 13,
                                "instruction": "Keep right",
                                "name": "-",
                                "way_points": [
                                    177,
                                    350
                                ]
                            },
                            {
                                "distance": 9.594,
                                "duration": 1162.7,
                                "type": 13,
                                "instruction": "Keep right",
                                "name": "-",
                                "way_points": [
                                    350,
                                    593
                                ]
                            },
                            {
                                "distance": 17.23,
                                "duration": 2100.8,
                                "type": 13,
                                "instruction": "Keep right",
                                "name": "-",
                                "way_points": [
                                    593,
                                    905
                                ]
                            },
                            {
                                "distance": 0,
                                "duration": 0,
                                "type": 10,
                                "instruction": "Arrive at your destination, on the right",
                                "name": "-",
                                "way_points": [
                                    905,
                                    905
                                ]
                            }
                        ],
                        "ascent": 1462.2192294597626,
                        "descent": 609.4772250652313
                    },
                    {
                        "distance": 29.613,
                        "duration": 2975.8,
                        "steps": [
                            {
                                "distance": 19.041,
                                "duration": 2316,
                                "type": 11,
                                "instruction": "Head west on <b>Aursjøvegen</b>",
                                "name": "Aursjøvegen",
                                "way_points": [
                                    905,
                                    1484
                                ]
                            },
                            {
                                "distance": 10.081,
                                "duration": 595.6,
                                "type": 4,
                                "instruction": "Turn slight left onto <b>Eikesdalsvegen, 6012</b>",
                                "name": "Eikesdalsvegen, 6012",
                                "way_points": [
                                    1484,
                                    1674
                                ]
                            },
                            {
                                "distance": 0.49,
                                "duration": 64.2,
                                "type": 0,
                                "instruction": "Turn left onto <b>Mardalsvegen</b>",
                                "name": "Mardalsvegen",
                                "way_points": [
                                    1674,
                                    1691
                                ]
                            },
                            {
                                "distance": 0,
                                "duration": 0,
                                "type": 10,
                                "instruction": "Arrive at Mardalsvegen, on the right",
                                "name": "-",
                                "way_points": [
                                    1691,
                                    1691
                                ]
                            }
                        ],
                        "ascent": 837.9416904449463,
                        "descent": 1660.9051933288574
                    },
                    {
                        "distance": 26.473,
                        "duration": 1671.8,
                        "steps": [
                            {
                                "distance": 0.49,
                                "duration": 64.2,
                                "type": 11,
                                "instruction": "Head east on <b>Mardalsvegen</b>",
                                "name": "Mardalsvegen",
                                "way_points": [
                                    1691,
                                    1708
                                ]
                            },
                            {
                                "distance": 20.868,
                                "duration": 1173.4,
                                "type": 0,
                                "instruction": "Turn left onto <b>Eikesdalsvegen, 6012</b>",
                                "name": "Eikesdalsvegen, 6012",
                                "way_points": [
                                    1708,
                                    2112
                                ]
                            },
                            {
                                "distance": 3.529,
                                "duration": 274.7,
                                "type": 1,
                                "instruction": "Turn right onto <b>Neråsvegen, 6014</b>",
                                "name": "Neråsvegen, 6014",
                                "way_points": [
                                    2112,
                                    2199
                                ]
                            },
                            {
                                "distance": 0.726,
                                "duration": 69.5,
                                "type": 0,
                                "instruction": "Turn left onto <b>Ljørvollvegen, 6022</b>",
                                "name": "Ljørvollvegen, 6022",
                                "way_points": [
                                    2199,
                                    2215
                                ]
                            },
                            {
                                "distance": 0.636,
                                "duration": 45.8,
                                "type": 1,
                                "instruction": "Turn right onto <b>Torhusvegen, 6012</b>",
                                "name": "Torhusvegen, 6012",
                                "way_points": [
                                    2215,
                                    2226
                                ]
                            },
                            {
                                "distance": 0.156,
                                "duration": 28,
                                "type": 3,
                                "instruction": "Turn sharp right",
                                "name": "-",
                                "way_points": [
                                    2226,
                                    2228
                                ]
                            },
                            {
                                "distance": 0.067,
                                "duration": 16.1,
                                "type": 12,
                                "instruction": "Keep left",
                                "name": "-",
                                "way_points": [
                                    2228,
                                    2231
                                ]
                            },
                            {
                                "distance": 0,
                                "duration": 0,
                                "type": 10,
                                "instruction": "Arrive at your destination, on the right",
                                "name": "-",
                                "way_points": [
                                    2231,
                                    2231
                                ]
                            }
                        ],
                        "ascent": 499.5600185394287,
                        "descent": 521.3385200500488
                    },
                    {
                        "distance": 20.035,
                        "duration": 1327.2,
                        "steps": [
                            {
                                "distance": 0.223,
                                "duration": 44.2,
                                "type": 11,
                                "instruction": "Head southwest",
                                "name": "-",
                                "way_points": [
                                    2231,
                                    2236
                                ]
                            },
                            {
                                "distance": 0.35,
                                "duration": 25.2,
                                "type": 1,
                                "instruction": "Turn right onto <b>Torhusvegen, 6012</b>",
                                "name": "Torhusvegen, 6012",
                                "way_points": [
                                    2236,
                                    2241
                                ]
                            },
                            {
                                "distance": 18.311,
                                "duration": 1124.1,
                                "type": 6,
                                "instruction": "Continue straight onto <b>Siramoen, 660</b>",
                                "name": "Siramoen, 660",
                                "way_points": [
                                    2241,
                                    2649
                                ]
                            },
                            {
                                "distance": 1.075,
                                "duration": 115.7,
                                "type": 0,
                                "instruction": "Turn left onto <b>Eidsvågvegen, 62</b>",
                                "name": "Eidsvågvegen, 62",
                                "way_points": [
                                    2649,
                                    2672
                                ]
                            },
                            {
                                "distance": 0.04,
                                "duration": 9.5,
                                "type": 1,
                                "instruction": "Turn right onto <b>Sjøgardsbakken</b>",
                                "name": "Sjøgardsbakken",
                                "way_points": [
                                    2672,
                                    2674
                                ]
                            },
                            {
                                "distance": 0.035,
                                "duration": 8.5,
                                "type": 0,
                                "instruction": "Turn left onto <b>Sjøgardsbakken</b>",
                                "name": "Sjøgardsbakken",
                                "way_points": [
                                    2674,
                                    2676
                                ]
                            },
                            {
                                "distance": 0,
                                "duration": 0,
                                "type": 10,
                                "instruction": "Arrive at Sjøgardsbakken, on the left",
                                "name": "-",
                                "way_points": [
                                    2676,
                                    2676
                                ]
                            }
                        ],
                        "ascent": 675.8190125823021,
                        "descent": 693.8190125823021
                    },
                    {
                        "distance": 34.529,
                        "duration": 2244.4,
                        "steps": [
                            {
                                "distance": 0.035,
                                "duration": 8.5,
                                "type": 11,
                                "instruction": "Head east on <b>Sjøgardsbakken</b>",
                                "name": "Sjøgardsbakken",
                                "way_points": [
                                    2676,
                                    2678
                                ]
                            },
                            {
                                "distance": 0.04,
                                "duration": 9.5,
                                "type": 1,
                                "instruction": "Turn right onto <b>Sjøgardsbakken</b>",
                                "name": "Sjøgardsbakken",
                                "way_points": [
                                    2678,
                                    2680
                                ]
                            },
                            {
                                "distance": 34.428,
                                "duration": 2220,
                                "type": 0,
                                "instruction": "Turn left onto <b>Eidsvågvegen, 62</b>",
                                "name": "Eidsvågvegen, 62",
                                "way_points": [
                                    2680,
                                    3145
                                ]
                            },
                            {
                                "distance": 0.027,
                                "duration": 6.4,
                                "type": 1,
                                "instruction": "Turn right onto <b>Auragata</b>",
                                "name": "Auragata",
                                "way_points": [
                                    3145,
                                    3146
                                ]
                            },
                            {
                                "distance": 0,
                                "duration": 0,
                                "type": 10,
                                "instruction": "Arrive at Auragata, on the left",
                                "name": "-",
                                "way_points": [
                                    3146,
                                    3146
                                ]
                            }
                        ],
                        "ascent": 828.4569902420044,
                        "descent": 818.4569902420044
                    }
                ],
                "extras": {
                    "waytype": {
                        "values": [
                            [
                                0,
                                2,
                                3
                            ],
                            [
                                2,
                                32,
                                1
                            ],
                            [
                                32,
                                2226,
                                2
                            ],
                            [
                                2226,
                                2236,
                                3
                            ],
                            [
                                2236,
                                2241,
                                2
                            ],
                            [
                                2241,
                                2672,
                                1
                            ],
                            [
                                2672,
                                2680,
                                3
                            ],
                            [
                                2680,
                                3145,
                                1
                            ],
                            [
                                3145,
                                3146,
                                3
                            ]
                        ],
                        "summary": [
                            {
                                "value": 2,
                                "distance": 0.097,
                                "amount": 63.27
                            },
                            {
                                "value": 1,
                                "distance": 0.056,
                                "amount": 36.3
                            },
                            {
                                "value": 3,
                                "distance": 0.001,
                                "amount": 0.43
                            }
                        ]
                    },
                    "surface": {
                        "values": [
                            [
                                0,
                                2,
                                0
                            ],
                            [
                                2,
                                119,
                                3
                            ],
                            [
                                119,
                                131,
                                1
                            ],
                            [
                                131,
                                197,
                                2
                            ],
                            [
                                197,
                                228,
                                3
                            ],
                            [
                                228,
                                323,
                                2
                            ],
                            [
                                323,
                                342,
                                3
                            ],
                            [
                                342,
                                433,
                                2
                            ],
                            [
                                433,
                                444,
                                3
                            ],
                            [
                                444,
                                445,
                                7
                            ],
                            [
                                445,
                                446,
                                3
                            ],
                            [
                                446,
                                1225,
                                2
                            ],
                            [
                                1225,
                                1244,
                                3
                            ],
                            [
                                1244,
                                1484,
                                2
                            ],
                            [
                                1484,
                                1674,
                                3
                            ],
                            [
                                1674,
                                1708,
                                2
                            ],
                            [
                                1708,
                                2226,
                                3
                            ],
                            [
                                2226,
                                2236,
                                0
                            ],
                            [
                                2236,
                                2672,
                                3
                            ],
                            [
                                2672,
                                2680,
                                0
                            ],
                            [
                                2680,
                                3145,
                                3
                            ],
                            [
                                3145,
                                3146,
                                0
                            ]
                        ],
                        "summary": [
                            {
                                "value": 3,
                                "distance": 0.098,
                                "amount": 64.05
                            },
                            {
                                "value": 2,
                                "distance": 0.054,
                                "amount": 35.24
                            },
                            {
                                "value": 0,
                                "distance": 0.001,
                                "amount": 0.43
                            },
                            {
                                "value": 1,
                                "distance": 0,
                                "amount": 0.26
                            },
                            {
                                "value": 7,
                                "distance": 0,
                                "amount": 0.02
                            }
                        ]
                    },
                    "steepness": {
                        "values": [
                            [
                                0,
                                60,
                                0
                            ],
                            [
                                60,
                                209,
                                1
                            ],
                            [
                                209,
                                210,
                                3
                            ],
                            [
                                210,
                                211,
                                5
                            ],
                            [
                                211,
                                223,
                                3
                            ],
                            [
                                223,
                                227,
                                4
                            ],
                            [
                                227,
                                256,
                                1
                            ],
                            [
                                256,
                                268,
                                -2
                            ],
                            [
                                268,
                                323,
                                1
                            ],
                            [
                                323,
                                331,
                                4
                            ],
                            [
                                331,
                                337,
                                3
                            ],
                            [
                                337,
                                342,
                                4
                            ],
                            [
                                342,
                                357,
                                2
                            ],
                            [
                                357,
                                361,
                                4
                            ],
                            [
                                361,
                                366,
                                2
                            ],
                            [
                                366,
                                367,
                                5
                            ],
                            [
                                367,
                                373,
                                -4
                            ],
                            [
                                373,
                                382,
                                3
                            ],
                            [
                                382,
                                383,
                                5
                            ],
                            [
                                383,
                                394,
                                1
                            ],
                            [
                                394,
                                396,
                                5
                            ],
                            [
                                396,
                                411,
                                3
                            ],
                            [
                                411,
                                413,
                                5
                            ],
                            [
                                413,
                                431,
                                2
                            ],
                            [
                                431,
                                433,
                                4
                            ],
                            [
                                433,
                                434,
                                5
                            ],
                            [
                                434,
                                436,
                                -5
                            ],
                            [
                                436,
                                452,
                                1
                            ],
                            [
                                452,
                                459,
                                5
                            ],
                            [
                                459,
                                471,
                                -1
                            ],
                            [
                                471,
                                472,
                                5
                            ],
                            [
                                472,
                                481,
                                2
                            ],
                            [
                                481,
                                482,
                                5
                            ],
                            [
                                482,
                                510,
                                2
                            ],
                            [
                                510,
                                550,
                                1
                            ],
                            [
                                550,
                                553,
                                3
                            ],
                            [
                                553,
                                559,
                                2
                            ],
                            [
                                559,
                                593,
                                0
                            ],
                            [
                                593,
                                604,
                                1
                            ],
                            [
                                604,
                                645,
                                0
                            ],
                            [
                                645,
                                653,
                                -1
                            ],
                            [
                                653,
                                654,
                                3
                            ],
                            [
                                654,
                                685,
                                1
                            ],
                            [
                                685,
                                690,
                                3
                            ],
                            [
                                690,
                                739,
                                -1
                            ],
                            [
                                739,
                                870,
                                0
                            ],
                            [
                                870,
                                880,
                                -1
                            ],
                            [
                                880,
                                925,
                                0
                            ],
                            [
                                925,
                                937,
                                -2
                            ],
                            [
                                937,
                                944,
                                3
                            ],
                            [
                                944,
                                994,
                                -1
                            ],
                            [
                                994,
                                1004,
                                -2
                            ],
                            [
                                1004,
                                1038,
                                -1
                            ],
                            [
                                1038,
                                1041,
                                5
                            ],
                            [
                                1041,
                                1064,
                                1
                            ],
                            [
                                1064,
                                1069,
                                4
                            ],
                            [
                                1069,
                                1112,
                                -1
                            ],
                            [
                                1112,
                                1116,
                                5
                            ],
                            [
                                1116,
                                1120,
                                -4
                            ],
                            [
                                1120,
                                1135,
                                2
                            ],
                            [
                                1135,
                                1158,
                                1
                            ],
                            [
                                1158,
                                1165,
                                3
                            ],
                            [
                                1165,
                                1194,
                                1
                            ],
                            [
                                1194,
                                1217,
                                -1
                            ],
                            [
                                1217,
                                1225,
                                -2
                            ],
                            [
                                1225,
                                1228,
                                5
                            ],
                            [
                                1228,
                                1232,
                                -3
                            ],
                            [
                                1232,
                                1234,
                                -5
                            ],
                            [
                                1234,
                                1248,
                                -2
                            ],
                            [
                                1248,
                                1255,
                                -4
                            ],
                            [
                                1255,
                                1257,
                                -5
                            ],
                            [
                                1257,
                                1261,
                                -4
                            ],
                            [
                                1261,
                                1264,
                                -5
                            ],
                            [
                                1264,
                                1265,
                                -3
                            ],
                            [
                                1265,
                                1268,
                                -5
                            ],
                            [
                                1268,
                                1288,
                                -3
                            ],
                            [
                                1288,
                                1292,
                                -4
                            ],
                            [
                                1292,
                                1295,
                                -5
                            ],
                            [
                                1295,
                                1308,
                                2
                            ],
                            [
                                1308,
                                1322,
                                -2
                            ],
                            [
                                1322,
                                1324,
                                -4
                            ],
                            [
                                1324,
                                1325,
                                -5
                            ],
                            [
                                1325,
                                1332,
                                -3
                            ],
                            [
                                1332,
                                1347,
                                -2
                            ],
                            [
                                1347,
                                1362,
                                -3
                            ],
                            [
                                1362,
                                1365,
                                -5
                            ],
                            [
                                1365,
                                1369,
                                -4
                            ],
                            [
                                1369,
                                1373,
                                -5
                            ],
                            [
                                1373,
                                1379,
                                -3
                            ],
                            [
                                1379,
                                1382,
                                -5
                            ],
                            [
                                1382,
                                1383,
                                5
                            ],
                            [
                                1383,
                                1397,
                                -5
                            ],
                            [
                                1397,
                                1409,
                                -3
                            ],
                            [
                                1409,
                                1416,
                                -5
                            ],
                            [
                                1416,
                                1425,
                                -2
                            ],
                            [
                                1425,
                                1426,
                                5
                            ],
                            [
                                1426,
                                1428,
                                4
                            ],
                            [
                                1428,
                                1438,
                                -4
                            ],
                            [
                                1438,
                                1447,
                                -5
                            ],
                            [
                                1447,
                                1465,
                                -2
                            ],
                            [
                                1465,
                                1470,
                                -3
                            ],
                            [
                                1470,
                                1471,
                                -4
                            ],
                            [
                                1471,
                                1474,
                                -5
                            ],
                            [
                                1474,
                                1484,
                                -4
                            ],
                            [
                                1484,
                                1537,
                                -1
                            ],
                            [
                                1537,
                                1553,
                                1
                            ],
                            [
                                1553,
                                1561,
                                -1
                            ],
                            [
                                1561,
                                1601,
                                0
                            ],
                            [
                                1601,
                                1610,
                                -1
                            ],
                            [
                                1610,
                                1619,
                                -2
                            ],
                            [
                                1619,
                                1621,
                                -5
                            ],
                            [
                                1621,
                                1652,
                                -2
                            ],
                            [
                                1652,
                                1738,
                                0
                            ],
                            [
                                1738,
                                1745,
                                3
                            ],
                            [
                                1745,
                                1756,
                                -1
                            ],
                            [
                                1756,
                                1826,
                                0
                            ],
                            [
                                1826,
                                1839,
                                -1
                            ],
                            [
                                1839,
                                1875,
                                1
                            ],
                            [
                                1875,
                                1880,
                                -2
                            ],
                            [
                                1880,
                                1944,
                                0
                            ],
                            [
                                1944,
                                1954,
                                1
                            ],
                            [
                                1954,
                                2000,
                                0
                            ],
                            [
                                2000,
                                2004,
                                -3
                            ],
                            [
                                2004,
                                2006,
                                -5
                            ],
                            [
                                2006,
                                2039,
                                1
                            ],
                            [
                                2039,
                                2042,
                                4
                            ],
                            [
                                2042,
                                2044,
                                -5
                            ],
                            [
                                2044,
                                2068,
                                1
                            ],
                            [
                                2068,
                                2087,
                                -2
                            ],
                            [
                                2087,
                                2123,
                                1
                            ],
                            [
                                2123,
                                2134,
                                2
                            ],
                            [
                                2134,
                                2143,
                                3
                            ],
                            [
                                2143,
                                2166,
                                -2
                            ],
                            [
                                2166,
                                2176,
                                2
                            ],
                            [
                                2176,
                                2178,
                                -5
                            ],
                            [
                                2178,
                                2295,
                                0
                            ],
                            [
                                2295,
                                2301,
                                -4
                            ],
                            [
                                2301,
                                2316,
                                1
                            ],
                            [
                                2316,
                                2326,
                                -1
                            ],
                            [
                                2326,
                                2372,
                                1
                            ],
                            [
                                2372,
                                2374,
                                -5
                            ],
                            [
                                2374,
                                2379,
                                5
                            ],
                            [
                                2379,
                                2392,
                                -2
                            ],
                            [
                                2392,
                                2422,
                                1
                            ],
                            [
                                2422,
                                2425,
                                4
                            ],
                            [
                                2425,
                                2430,
                                3
                            ],
                            [
                                2430,
                                2437,
                                -2
                            ],
                            [
                                2437,
                                2439,
                                -5
                            ],
                            [
                                2439,
                                2446,
                                2
                            ],
                            [
                                2446,
                                2450,
                                5
                            ],
                            [
                                2450,
                                2462,
                                1
                            ],
                            [
                                2462,
                                2469,
                                -2
                            ],
                            [
                                2469,
                                2488,
                                1
                            ],
                            [
                                2488,
                                2503,
                                -1
                            ],
                            [
                                2503,
                                2509,
                                -2
                            ],
                            [
                                2509,
                                2512,
                                5
                            ],
                            [
                                2512,
                                2521,
                                2
                            ],
                            [
                                2521,
                                2525,
                                -4
                            ],
                            [
                                2525,
                                2527,
                                -2
                            ],
                            [
                                2527,
                                2528,
                                -5
                            ],
                            [
                                2528,
                                2529,
                                4
                            ],
                            [
                                2529,
                                2532,
                                -3
                            ],
                            [
                                2532,
                                2533,
                                -5
                            ],
                            [
                                2533,
                                2536,
                                5
                            ],
                            [
                                2536,
                                2541,
                                -3
                            ],
                            [
                                2541,
                                2549,
                                -5
                            ],
                            [
                                2549,
                                2578,
                                1
                            ],
                            [
                                2578,
                                2581,
                                -4
                            ],
                            [
                                2581,
                                2593,
                                -1
                            ],
                            [
                                2593,
                                2600,
                                -2
                            ],
                            [
                                2600,
                                2607,
                                -1
                            ],
                            [
                                2607,
                                2667,
                                0
                            ],
                            [
                                2667,
                                2668,
                                2
                            ],
                            [
                                2668,
                                2669,
                                -5
                            ],
                            [
                                2669,
                                2685,
                                0
                            ],
                            [
                                2685,
                                2690,
                                2
                            ],
                            [
                                2690,
                                2761,
                                1
                            ],
                            [
                                2761,
                                2768,
                                2
                            ],
                            [
                                2768,
                                2785,
                                -1
                            ],
                            [
                                2785,
                                2789,
                                -3
                            ],
                            [
                                2789,
                                2792,
                                -4
                            ],
                            [
                                2792,
                                2804,
                                -1
                            ],
                            [
                                2804,
                                2814,
                                -2
                            ],
                            [
                                2814,
                                2815,
                                -1
                            ],
                            [
                                2815,
                                2816,
                                5
                            ],
                            [
                                2816,
                                2822,
                                -1
                            ],
                            [
                                2822,
                                2825,
                                -2
                            ],
                            [
                                2825,
                                2830,
                                1
                            ],
                            [
                                2830,
                                2834,
                                4
                            ],
                            [
                                2834,
                                2847,
                                -1
                            ],
                            [
                                2847,
                                2854,
                                1
                            ],
                            [
                                2854,
                                2857,
                                -2
                            ],
                            [
                                2857,
                                2864,
                                2
                            ],
                            [
                                2864,
                                2868,
                                -4
                            ],
                            [
                                2868,
                                2886,
                                2
                            ],
                            [
                                2886,
                                2890,
                                -3
                            ],
                            [
                                2890,
                                2905,
                                2
                            ],
                            [
                                2905,
                                2906,
                                4
                            ],
                            [
                                2906,
                                2907,
                                -5
                            ],
                            [
                                2907,
                                2917,
                                0
                            ],
                            [
                                2917,
                                2930,
                                -1
                            ],
                            [
                                2930,
                                2935,
                                5
                            ],
                            [
                                2935,
                                2940,
                                -4
                            ],
                            [
                                2940,
                                2958,
                                0
                            ],
                            [
                                2958,
                                2959,
                                5
                            ],
                            [
                                2959,
                                2965,
                                3
                            ],
                            [
                                2965,
                                2966,
                                -4
                            ],
                            [
                                2966,
                                2977,
                                -2
                            ],
                            [
                                2977,
                                2986,
                                1
                            ],
                            [
                                2986,
                                2987,
                                -5
                            ],
                            [
                                2987,
                                2989,
                                5
                            ],
                            [
                                2989,
                                2991,
                                -4
                            ],
                            [
                                2991,
                                2992,
                                -3
                            ],
                            [
                                2992,
                                2994,
                                4
                            ],
                            [
                                2994,
                                3002,
                                1
                            ],
                            [
                                3002,
                                3004,
                                4
                            ],
                            [
                                3004,
                                3005,
                                -5
                            ],
                            [
                                3005,
                                3016,
                                -1
                            ],
                            [
                                3016,
                                3017,
                                -2
                            ],
                            [
                                3017,
                                3022,
                                2
                            ],
                            [
                                3022,
                                3102,
                                0
                            ],
                            [
                                3102,
                                3109,
                                -2
                            ],
                            [
                                3109,
                                3121,
                                -1
                            ],
                            [
                                3121,
                                3146,
                                0
                            ]
                        ],
                        "summary": [
                            {
                                "value": 0,
                                "distance": 0.054,
                                "amount": 35.34
                            },
                            {
                                "value": 1,
                                "distance": 0.037,
                                "amount": 24.17
                            },
                            {
                                "value": -1,
                                "distance": 0.024,
                                "amount": 15.59
                            },
                            {
                                "value": -2,
                                "distance": 0.011,
                                "amount": 7.17
                            },
                            {
                                "value": 2,
                                "distance": 0.009,
                                "amount": 6.16
                            },
                            {
                                "value": 3,
                                "distance": 0.003,
                                "amount": 2.24
                            },
                            {
                                "value": -3,
                                "distance": 0.003,
                                "amount": 2.19
                            },
                            {
                                "value": -5,
                                "distance": 0.003,
                                "amount": 2.15
                            },
                            {
                                "value": 5,
                                "distance": 0.003,
                                "amount": 1.88
                            },
                            {
                                "value": -4,
                                "distance": 0.003,
                                "amount": 1.67
                            },
                            {
                                "value": 4,
                                "distance": 0.002,
                                "amount": 1.44
                            }
                        ]
                    }
                },
                "way_points": [
                    0,
                    905,
                    1691,
                    2231,
                    2676,
                    3146
                ],
                "summary": {
                    "distance": 153.288,
                    "duration": 13146.300000000001
                },
                "opacity": 0.9
            },
            "geometry": {
                "type": "LineString",
                "coordinates": [
                    [
                        8.561465,
                        62.674532,
                        11
                    ],
                    [
                        8.561208,
                        62.674741,
                        11
                    ],
                    [
                        8.561135,
                        62.674794,
                        11
                    ],
                    [
                        8.560453,
                        62.674624,
                        11
                    ],
                    [
                        8.560281,
                        62.674555,
                        11
                    ],
                    [
                        8.559454,
                        62.674341,
                        9
                    ],
                    [
                        8.558008,
                        62.673969,
                        9
                    ],
                    [
                        8.557431,
                        62.673816,
                        9
                    ],
                    [
                        8.555293,
                        62.673277,
                        7
                    ],
                    [
                        8.554727,
                        62.673122,
                        7.5
                    ],
                    [
                        8.5536,
                        62.672768,
                        9
                    ],
                    [
                        8.552233,
                        62.672271,
                        9
                    ],
                    [
                        8.548993,
                        62.670896,
                        7
                    ],
                    [
                        8.548803,
                        62.670815,
                        7
                    ],
                    [
                        8.548169,
                        62.670542,
                        11
                    ],
                    [
                        8.547921,
                        62.670435,
                        11
                    ],
                    [
                        8.547265,
                        62.670155,
                        10
                    ],
                    [
                        8.541539,
                        62.667701,
                        8.8
                    ],
                    [
                        8.541033,
                        62.667504,
                        9.7
                    ],
                    [
                        8.540194,
                        62.667239,
                        8.8
                    ],
                    [
                        8.539691,
                        62.667117,
                        8.6
                    ],
                    [
                        8.539046,
                        62.666988,
                        8
                    ],
                    [
                        8.538414,
                        62.666891,
                        6.3
                    ],
                    [
                        8.5379,
                        62.666832,
                        6.3
                    ],
                    [
                        8.53708,
                        62.666775,
                        5.1
                    ],
                    [
                        8.53656,
                        62.666761,
                        4.2
                    ],
                    [
                        8.535589,
                        62.666785,
                        2
                    ],
                    [
                        8.534907,
                        62.666838,
                        2.9
                    ],
                    [
                        8.534041,
                        62.666946,
                        3.1
                    ],
                    [
                        8.533372,
                        62.667065,
                        3.1
                    ],
                    [
                        8.532798,
                        62.66719,
                        3.2
                    ],
                    [
                        8.532154,
                        62.66736,
                        3.6
                    ],
                    [
                        8.531567,
                        62.667545,
                        4
                    ],
                    [
                        8.531278,
                        62.667306,
                        4
                    ],
                    [
                        8.531203,
                        62.667101,
                        4
                    ],
                    [
                        8.531208,
                        62.665896,
                        9
                    ],
                    [
                        8.531212,
                        62.665786,
                        9
                    ],
                    [
                        8.531252,
                        62.665271,
                        9
                    ],
                    [
                        8.531259,
                        62.665043,
                        11.3
                    ],
                    [
                        8.531185,
                        62.664772,
                        11.6
                    ],
                    [
                        8.531034,
                        62.664513,
                        12
                    ],
                    [
                        8.530842,
                        62.664252,
                        12.3
                    ],
                    [
                        8.530734,
                        62.664123,
                        12
                    ],
                    [
                        8.530571,
                        62.663981,
                        14
                    ],
                    [
                        8.530388,
                        62.663802,
                        14
                    ],
                    [
                        8.530326,
                        62.663701,
                        14
                    ],
                    [
                        8.530111,
                        62.66327,
                        14
                    ],
                    [
                        8.53001,
                        62.66312,
                        14
                    ],
                    [
                        8.529749,
                        62.662837,
                        14
                    ],
                    [
                        8.529482,
                        62.662561,
                        16.3
                    ],
                    [
                        8.529169,
                        62.662151,
                        16.5
                    ],
                    [
                        8.529029,
                        62.661798,
                        16.3
                    ],
                    [
                        8.529006,
                        62.661458,
                        17
                    ],
                    [
                        8.529067,
                        62.660737,
                        17.5
                    ],
                    [
                        8.529032,
                        62.660548,
                        17.6
                    ],
                    [
                        8.52885,
                        62.660007,
                        19
                    ],
                    [
                        8.52872,
                        62.65965,
                        19.9
                    ],
                    [
                        8.528702,
                        62.659398,
                        20.1
                    ],
                    [
                        8.528797,
                        62.659207,
                        20.9
                    ],
                    [
                        8.529002,
                        62.659034,
                        21.7
                    ],
                    [
                        8.529299,
                        62.658893,
                        22.8
                    ],
                    [
                        8.529638,
                        62.658803,
                        22.9
                    ],
                    [
                        8.529878,
                        62.65876,
                        23
                    ],
                    [
                        8.530813,
                        62.658646,
                        23.3
                    ],
                    [
                        8.531296,
                        62.65853,
                        23.8
                    ],
                    [
                        8.531715,
                        62.65837,
                        23.3
                    ],
                    [
                        8.532049,
                        62.658172,
                        22.6
                    ],
                    [
                        8.532181,
                        62.658062,
                        22.5
                    ],
                    [
                        8.532286,
                        62.657946,
                        22.5
                    ],
                    [
                        8.53241,
                        62.657702,
                        22.6
                    ],
                    [
                        8.532419,
                        62.657451,
                        22.6
                    ],
                    [
                        8.53231,
                        62.657205,
                        22.5
                    ],
                    [
                        8.532212,
                        62.657088,
                        22.5
                    ],
                    [
                        8.532089,
                        62.656975,
                        22.5
                    ],
                    [
                        8.531855,
                        62.656822,
                        22
                    ],
                    [
                        8.531772,
                        62.656773,
                        22
                    ],
                    [
                        8.531176,
                        62.656538,
                        22
                    ],
                    [
                        8.530287,
                        62.65625,
                        31.1
                    ],
                    [
                        8.529986,
                        62.656134,
                        32.5
                    ],
                    [
                        8.529522,
                        62.655905,
                        33.4
                    ],
                    [
                        8.529327,
                        62.655777,
                        33.4
                    ],
                    [
                        8.529007,
                        62.655499,
                        33.9
                    ],
                    [
                        8.528799,
                        62.655201,
                        33.7
                    ],
                    [
                        8.528603,
                        62.654513,
                        35
                    ],
                    [
                        8.528608,
                        62.654306,
                        41.2
                    ],
                    [
                        8.528659,
                        62.654185,
                        42.8
                    ],
                    [
                        8.529263,
                        62.653614,
                        44.7
                    ],
                    [
                        8.530788,
                        62.652036,
                        48.2
                    ],
                    [
                        8.530958,
                        62.651882,
                        48
                    ],
                    [
                        8.531683,
                        62.651392,
                        46.7
                    ],
                    [
                        8.531877,
                        62.651152,
                        46.7
                    ],
                    [
                        8.532148,
                        62.650693,
                        45.8
                    ],
                    [
                        8.532486,
                        62.650315,
                        44.6
                    ],
                    [
                        8.532858,
                        62.650063,
                        43.3
                    ],
                    [
                        8.534109,
                        62.649493,
                        42
                    ],
                    [
                        8.534289,
                        62.649372,
                        41.9
                    ],
                    [
                        8.534496,
                        62.649183,
                        41.8
                    ],
                    [
                        8.534721,
                        62.648879,
                        42.5
                    ],
                    [
                        8.534825,
                        62.648689,
                        42.6
                    ],
                    [
                        8.5349,
                        62.648468,
                        42.7
                    ],
                    [
                        8.534914,
                        62.648259,
                        43.1
                    ],
                    [
                        8.534793,
                        62.647722,
                        56
                    ],
                    [
                        8.534706,
                        62.6474,
                        56
                    ],
                    [
                        8.534505,
                        62.646646,
                        56.4
                    ],
                    [
                        8.534353,
                        62.646391,
                        57
                    ],
                    [
                        8.534134,
                        62.646164,
                        57.8
                    ],
                    [
                        8.533694,
                        62.645803,
                        59.1
                    ],
                    [
                        8.533114,
                        62.645226,
                        60.1
                    ],
                    [
                        8.532867,
                        62.644917,
                        60.5
                    ],
                    [
                        8.532787,
                        62.644742,
                        60.8
                    ],
                    [
                        8.532776,
                        62.644638,
                        61.1
                    ],
                    [
                        8.532826,
                        62.644439,
                        61.6
                    ],
                    [
                        8.532971,
                        62.644258,
                        61.9
                    ],
                    [
                        8.533236,
                        62.644072,
                        62.6
                    ],
                    [
                        8.533842,
                        62.643721,
                        63.3
                    ],
                    [
                        8.53416,
                        62.643458,
                        64.2
                    ],
                    [
                        8.534305,
                        62.643271,
                        64.7
                    ],
                    [
                        8.534408,
                        62.643076,
                        65.1
                    ],
                    [
                        8.534469,
                        62.642842,
                        65.3
                    ],
                    [
                        8.534617,
                        62.641675,
                        67
                    ],
                    [
                        8.534693,
                        62.640979,
                        63.3
                    ],
                    [
                        8.534659,
                        62.640856,
                        63.2
                    ],
                    [
                        8.534608,
                        62.64076,
                        63.2
                    ],
                    [
                        8.534471,
                        62.640627,
                        63.2
                    ],
                    [
                        8.534018,
                        62.640304,
                        62.9
                    ],
                    [
                        8.533685,
                        62.640109,
                        63
                    ],
                    [
                        8.533302,
                        62.639936,
                        63
                    ],
                    [
                        8.532772,
                        62.63975,
                        62.8
                    ],
                    [
                        8.531947,
                        62.639505,
                        62.7
                    ],
                    [
                        8.531721,
                        62.639423,
                        62.7
                    ],
                    [
                        8.531237,
                        62.639228,
                        62.5
                    ],
                    [
                        8.530483,
                        62.638861,
                        61
                    ],
                    [
                        8.530184,
                        62.638663,
                        61
                    ],
                    [
                        8.530081,
                        62.638561,
                        61.5
                    ],
                    [
                        8.530003,
                        62.638451,
                        61.6
                    ],
                    [
                        8.529946,
                        62.638258,
                        62.1
                    ],
                    [
                        8.529957,
                        62.63805,
                        62.7
                    ],
                    [
                        8.530013,
                        62.637812,
                        63
                    ],
                    [
                        8.530174,
                        62.637569,
                        63.3
                    ],
                    [
                        8.530475,
                        62.637293,
                        64
                    ],
                    [
                        8.531192,
                        62.636732,
                        63.7
                    ],
                    [
                        8.531596,
                        62.6365,
                        63.9
                    ],
                    [
                        8.532173,
                        62.636206,
                        65.3
                    ],
                    [
                        8.53249,
                        62.635988,
                        65.6
                    ],
                    [
                        8.532618,
                        62.635851,
                        65.7
                    ],
                    [
                        8.532718,
                        62.63569,
                        65.8
                    ],
                    [
                        8.532912,
                        62.635229,
                        66.3
                    ],
                    [
                        8.53298,
                        62.635138,
                        66.1
                    ],
                    [
                        8.533177,
                        62.634968,
                        65.6
                    ],
                    [
                        8.533326,
                        62.634876,
                        65.4
                    ],
                    [
                        8.533759,
                        62.634664,
                        65.4
                    ],
                    [
                        8.53406,
                        62.634464,
                        65.4
                    ],
                    [
                        8.534218,
                        62.634282,
                        65.8
                    ],
                    [
                        8.534312,
                        62.633912,
                        66.7
                    ],
                    [
                        8.534269,
                        62.633549,
                        68.3
                    ],
                    [
                        8.534098,
                        62.632969,
                        70.4
                    ],
                    [
                        8.533976,
                        62.632664,
                        71.8
                    ],
                    [
                        8.533793,
                        62.632428,
                        72.5
                    ],
                    [
                        8.533345,
                        62.632059,
                        76.3
                    ],
                    [
                        8.53318,
                        62.631896,
                        77.5
                    ],
                    [
                        8.533051,
                        62.631688,
                        79.2
                    ],
                    [
                        8.533032,
                        62.631583,
                        79.4
                    ],
                    [
                        8.533075,
                        62.631341,
                        82.2
                    ],
                    [
                        8.533298,
                        62.630714,
                        87.6
                    ],
                    [
                        8.533272,
                        62.630513,
                        90
                    ],
                    [
                        8.532816,
                        62.629848,
                        94.3
                    ],
                    [
                        8.532575,
                        62.629616,
                        93.5
                    ],
                    [
                        8.532056,
                        62.629272,
                        92.9
                    ],
                    [
                        8.531938,
                        62.62917,
                        92.5
                    ],
                    [
                        8.531679,
                        62.628862,
                        90.7
                    ],
                    [
                        8.531584,
                        62.628658,
                        90.3
                    ],
                    [
                        8.531418,
                        62.628195,
                        89.9
                    ],
                    [
                        8.531388,
                        62.628027,
                        89.9
                    ],
                    [
                        8.531318,
                        62.626632,
                        79
                    ],
                    [
                        8.531322,
                        62.626282,
                        79.6
                    ],
                    [
                        8.531232,
                        62.625917,
                        79.7
                    ],
                    [
                        8.531067,
                        62.625629,
                        80
                    ],
                    [
                        8.53093,
                        62.625476,
                        81
                    ],
                    [
                        8.530824,
                        62.6254,
                        81
                    ],
                    [
                        8.530605,
                        62.62526,
                        81
                    ],
                    [
                        8.530404,
                        62.625102,
                        80.8
                    ],
                    [
                        8.530275,
                        62.624913,
                        80.7
                    ],
                    [
                        8.530212,
                        62.624746,
                        80
                    ],
                    [
                        8.530221,
                        62.624585,
                        80
                    ],
                    [
                        8.530597,
                        62.623911,
                        80
                    ],
                    [
                        8.531407,
                        62.622509,
                        81
                    ],
                    [
                        8.531463,
                        62.62232,
                        81
                    ],
                    [
                        8.531566,
                        62.621993,
                        81
                    ],
                    [
                        8.531664,
                        62.621544,
                        84.6
                    ],
                    [
                        8.531603,
                        62.620943,
                        85.3
                    ],
                    [
                        8.531232,
                        62.620293,
                        85
                    ],
                    [
                        8.529167,
                        62.618669,
                        100
                    ],
                    [
                        8.527566,
                        62.617509,
                        106
                    ],
                    [
                        8.52564,
                        62.616302,
                        119
                    ],
                    [
                        8.524828,
                        62.61556,
                        118.3
                    ],
                    [
                        8.524573,
                        62.614972,
                        118.1
                    ],
                    [
                        8.523993,
                        62.612868,
                        122.5
                    ],
                    [
                        8.524086,
                        62.612103,
                        122
                    ],
                    [
                        8.524268,
                        62.611512,
                        122
                    ],
                    [
                        8.524312,
                        62.610577,
                        125.5
                    ],
                    [
                        8.524615,
                        62.609828,
                        128.1
                    ],
                    [
                        8.524597,
                        62.60957,
                        127.9
                    ],
                    [
                        8.523706,
                        62.608224,
                        130.6
                    ],
                    [
                        8.523484,
                        62.607823,
                        130.9
                    ],
                    [
                        8.523514,
                        62.607617,
                        132
                    ],
                    [
                        8.523706,
                        62.607396,
                        132
                    ],
                    [
                        8.523795,
                        62.607191,
                        132
                    ],
                    [
                        8.523983,
                        62.60695,
                        132
                    ],
                    [
                        8.524409,
                        62.606114,
                        133.4
                    ],
                    [
                        8.52459,
                        62.605119,
                        144.1
                    ],
                    [
                        8.525002,
                        62.604083,
                        168.3
                    ],
                    [
                        8.525083,
                        62.603641,
                        172.5
                    ],
                    [
                        8.524952,
                        62.603108,
                        175.6
                    ],
                    [
                        8.525012,
                        62.602937,
                        175.8
                    ],
                    [
                        8.525223,
                        62.602887,
                        176
                    ],
                    [
                        8.525837,
                        62.603017,
                        176.3
                    ],
                    [
                        8.52641,
                        62.603047,
                        176.5
                    ],
                    [
                        8.526521,
                        62.602957,
                        176.8
                    ],
                    [
                        8.52646,
                        62.602866,
                        178
                    ],
                    [
                        8.526289,
                        62.602746,
                        178.4
                    ],
                    [
                        8.526159,
                        62.602384,
                        182.2
                    ],
                    [
                        8.526199,
                        62.601911,
                        185.2
                    ],
                    [
                        8.526531,
                        62.601338,
                        198.9
                    ],
                    [
                        8.526319,
                        62.600765,
                        200.5
                    ],
                    [
                        8.526038,
                        62.600433,
                        210.6
                    ],
                    [
                        8.52452,
                        62.599649,
                        229.3
                    ],
                    [
                        8.524168,
                        62.599237,
                        232.8
                    ],
                    [
                        8.524178,
                        62.598955,
                        232.5
                    ],
                    [
                        8.52457,
                        62.598483,
                        234
                    ],
                    [
                        8.524771,
                        62.598081,
                        236.5
                    ],
                    [
                        8.524691,
                        62.597829,
                        236.9
                    ],
                    [
                        8.525103,
                        62.597447,
                        237.4
                    ],
                    [
                        8.525857,
                        62.597045,
                        238
                    ],
                    [
                        8.525998,
                        62.596874,
                        237.8
                    ],
                    [
                        8.525776,
                        62.595879,
                        234.6
                    ],
                    [
                        8.525927,
                        62.595105,
                        230.1
                    ],
                    [
                        8.525857,
                        62.594803,
                        234.4
                    ],
                    [
                        8.526088,
                        62.594471,
                        235.5
                    ],
                    [
                        8.52649,
                        62.59418,
                        237.7
                    ],
                    [
                        8.527657,
                        62.593797,
                        241.1
                    ],
                    [
                        8.528109,
                        62.593214,
                        240.7
                    ],
                    [
                        8.527988,
                        62.592651,
                        237.7
                    ],
                    [
                        8.526842,
                        62.591656,
                        240.9
                    ],
                    [
                        8.525636,
                        62.590952,
                        240.9
                    ],
                    [
                        8.523625,
                        62.589605,
                        246.3
                    ],
                    [
                        8.522318,
                        62.589293,
                        247.1
                    ],
                    [
                        8.521916,
                        62.589152,
                        243.2
                    ],
                    [
                        8.521192,
                        62.588851,
                        238.9
                    ],
                    [
                        8.520599,
                        62.588469,
                        235.6
                    ],
                    [
                        8.520357,
                        62.588177,
                        236.7
                    ],
                    [
                        8.519412,
                        62.587795,
                        238.4
                    ],
                    [
                        8.518909,
                        62.587745,
                        239.8
                    ],
                    [
                        8.518065,
                        62.587343,
                        242.6
                    ],
                    [
                        8.517582,
                        62.58687,
                        243.8
                    ],
                    [
                        8.517401,
                        62.585995,
                        249.6
                    ],
                    [
                        8.516416,
                        62.58507,
                        254.4
                    ],
                    [
                        8.515642,
                        62.584196,
                        255.6
                    ],
                    [
                        8.514506,
                        62.583814,
                        261
                    ],
                    [
                        8.513118,
                        62.58317,
                        261.3
                    ],
                    [
                        8.512501,
                        62.582796,
                        245.7
                    ],
                    [
                        8.512093,
                        62.58176,
                        237.9
                    ],
                    [
                        8.511529,
                        62.581157,
                        243.9
                    ],
                    [
                        8.510983,
                        62.580776,
                        248.1
                    ],
                    [
                        8.510571,
                        62.580279,
                        254
                    ],
                    [
                        8.510483,
                        62.580114,
                        254
                    ],
                    [
                        8.510371,
                        62.579496,
                        247.7
                    ],
                    [
                        8.510343,
                        62.579018,
                        241.7
                    ],
                    [
                        8.510102,
                        62.578555,
                        231.4
                    ],
                    [
                        8.510082,
                        62.578215,
                        231
                    ],
                    [
                        8.51015,
                        62.577892,
                        233.5
                    ],
                    [
                        8.510112,
                        62.577732,
                        234.1
                    ],
                    [
                        8.509833,
                        62.577565,
                        235.5
                    ],
                    [
                        8.509691,
                        62.577435,
                        237.5
                    ],
                    [
                        8.509458,
                        62.577024,
                        242.6
                    ],
                    [
                        8.509281,
                        62.576891,
                        244.7
                    ],
                    [
                        8.509152,
                        62.576736,
                        243.1
                    ],
                    [
                        8.509086,
                        62.576177,
                        244.1
                    ],
                    [
                        8.509014,
                        62.576072,
                        244
                    ],
                    [
                        8.508899,
                        62.576013,
                        243.4
                    ],
                    [
                        8.508369,
                        62.575906,
                        242.3
                    ],
                    [
                        8.507484,
                        62.575794,
                        240.5
                    ],
                    [
                        8.507245,
                        62.575725,
                        240.9
                    ],
                    [
                        8.506053,
                        62.575238,
                        242.6
                    ],
                    [
                        8.505664,
                        62.574905,
                        243.6
                    ],
                    [
                        8.505044,
                        62.574584,
                        245.4
                    ],
                    [
                        8.504893,
                        62.57443,
                        245.4
                    ],
                    [
                        8.504836,
                        62.574308,
                        245.3
                    ],
                    [
                        8.504866,
                        62.574145,
                        245.2
                    ],
                    [
                        8.505025,
                        62.574,
                        245.1
                    ],
                    [
                        8.505615,
                        62.573589,
                        246.9
                    ],
                    [
                        8.505732,
                        62.573383,
                        248.7
                    ],
                    [
                        8.505748,
                        62.573186,
                        249.4
                    ],
                    [
                        8.505695,
                        62.57248,
                        255.6
                    ],
                    [
                        8.505532,
                        62.572223,
                        256.1
                    ],
                    [
                        8.504394,
                        62.571462,
                        262.4
                    ],
                    [
                        8.503983,
                        62.57094,
                        268.5
                    ],
                    [
                        8.503229,
                        62.570615,
                        271.3
                    ],
                    [
                        8.503003,
                        62.57017,
                        265.9
                    ],
                    [
                        8.502858,
                        62.570073,
                        264.9
                    ],
                    [
                        8.502497,
                        62.569874,
                        261.4
                    ],
                    [
                        8.501055,
                        62.569476,
                        261.1
                    ],
                    [
                        8.500904,
                        62.56939,
                        263.4
                    ],
                    [
                        8.500557,
                        62.569141,
                        264
                    ],
                    [
                        8.499917,
                        62.568522,
                        263.2
                    ],
                    [
                        8.49857,
                        62.567901,
                        255.1
                    ],
                    [
                        8.498251,
                        62.567679,
                        255.8
                    ],
                    [
                        8.498073,
                        62.567509,
                        256.4
                    ],
                    [
                        8.497969,
                        62.567331,
                        256.4
                    ],
                    [
                        8.497922,
                        62.566807,
                        257.5
                    ],
                    [
                        8.497807,
                        62.566683,
                        257.8
                    ],
                    [
                        8.497447,
                        62.56651,
                        258.6
                    ],
                    [
                        8.497015,
                        62.566354,
                        258.6
                    ],
                    [
                        8.496817,
                        62.566218,
                        258.8
                    ],
                    [
                        8.496124,
                        62.565307,
                        261.9
                    ],
                    [
                        8.495935,
                        62.565,
                        266.1
                    ],
                    [
                        8.495907,
                        62.56491,
                        268.6
                    ],
                    [
                        8.49591,
                        62.564701,
                        271.4
                    ],
                    [
                        8.495991,
                        62.564477,
                        272.4
                    ],
                    [
                        8.496195,
                        62.564179,
                        273.5
                    ],
                    [
                        8.496505,
                        62.563829,
                        274.2
                    ],
                    [
                        8.496554,
                        62.563699,
                        273.7
                    ],
                    [
                        8.49649,
                        62.563624,
                        274
                    ],
                    [
                        8.496376,
                        62.563564,
                        279
                    ],
                    [
                        8.496122,
                        62.563454,
                        279
                    ],
                    [
                        8.496045,
                        62.563418,
                        280.9
                    ],
                    [
                        8.496003,
                        62.563365,
                        281.1
                    ],
                    [
                        8.496076,
                        62.563252,
                        282.8
                    ],
                    [
                        8.496366,
                        62.56295,
                        287
                    ],
                    [
                        8.49636,
                        62.562789,
                        287.6
                    ],
                    [
                        8.496149,
                        62.562575,
                        290.5
                    ],
                    [
                        8.495946,
                        62.562431,
                        294.7
                    ],
                    [
                        8.495871,
                        62.562012,
                        302
                    ],
                    [
                        8.495789,
                        62.561838,
                        303.9
                    ],
                    [
                        8.495665,
                        62.56173,
                        304.5
                    ],
                    [
                        8.49495,
                        62.561329,
                        309.6
                    ],
                    [
                        8.494849,
                        62.56119,
                        309
                    ],
                    [
                        8.4949,
                        62.560774,
                        311.6
                    ],
                    [
                        8.49466,
                        62.560425,
                        316.9
                    ],
                    [
                        8.494315,
                        62.560197,
                        319.3
                    ],
                    [
                        8.493771,
                        62.559692,
                        327.4
                    ],
                    [
                        8.493512,
                        62.559413,
                        330.6
                    ],
                    [
                        8.493354,
                        62.559186,
                        331.5
                    ],
                    [
                        8.4934,
                        62.558804,
                        340
                    ],
                    [
                        8.493346,
                        62.558517,
                        334.5
                    ],
                    [
                        8.493164,
                        62.558268,
                        332.9
                    ],
                    [
                        8.492774,
                        62.557867,
                        338.2
                    ],
                    [
                        8.492002,
                        62.557568,
                        341.4
                    ],
                    [
                        8.491654,
                        62.557271,
                        345.5
                    ],
                    [
                        8.491365,
                        62.557074,
                        349.7
                    ],
                    [
                        8.490906,
                        62.556882,
                        348.2
                    ],
                    [
                        8.490191,
                        62.556654,
                        360
                    ],
                    [
                        8.489157,
                        62.556312,
                        351.3
                    ],
                    [
                        8.488777,
                        62.556042,
                        343.9
                    ],
                    [
                        8.4884,
                        62.555903,
                        344.4
                    ],
                    [
                        8.488034,
                        62.555823,
                        344.9
                    ],
                    [
                        8.48783,
                        62.555729,
                        350.1
                    ],
                    [
                        8.487635,
                        62.555563,
                        351.3
                    ],
                    [
                        8.487203,
                        62.554513,
                        373.8
                    ],
                    [
                        8.487132,
                        62.553896,
                        383.9
                    ],
                    [
                        8.48713,
                        62.553581,
                        383.8
                    ],
                    [
                        8.487072,
                        62.553434,
                        383.8
                    ],
                    [
                        8.486876,
                        62.55328,
                        383.7
                    ],
                    [
                        8.486431,
                        62.553058,
                        387.1
                    ],
                    [
                        8.486326,
                        62.552969,
                        387.2
                    ],
                    [
                        8.486249,
                        62.552818,
                        387.4
                    ],
                    [
                        8.486181,
                        62.552268,
                        393.2
                    ],
                    [
                        8.486335,
                        62.551197,
                        430
                    ],
                    [
                        8.486195,
                        62.550918,
                        416.7
                    ],
                    [
                        8.486215,
                        62.550746,
                        415
                    ],
                    [
                        8.486297,
                        62.550541,
                        412.7
                    ],
                    [
                        8.486389,
                        62.550374,
                        410.5
                    ],
                    [
                        8.486684,
                        62.550301,
                        410.4
                    ],
                    [
                        8.487065,
                        62.550293,
                        410.3
                    ],
                    [
                        8.487648,
                        62.55032,
                        407.2
                    ],
                    [
                        8.4877,
                        62.550274,
                        408.4
                    ],
                    [
                        8.487619,
                        62.550143,
                        410.9
                    ],
                    [
                        8.487371,
                        62.550129,
                        412.4
                    ],
                    [
                        8.487076,
                        62.550145,
                        413.8
                    ],
                    [
                        8.486637,
                        62.550187,
                        416.5
                    ],
                    [
                        8.486236,
                        62.550254,
                        416.7
                    ],
                    [
                        8.485538,
                        62.550634,
                        420.9
                    ],
                    [
                        8.485421,
                        62.550758,
                        422.8
                    ],
                    [
                        8.485428,
                        62.551066,
                        453.8
                    ],
                    [
                        8.485274,
                        62.55131,
                        455.7
                    ],
                    [
                        8.484902,
                        62.551607,
                        458.2
                    ],
                    [
                        8.484614,
                        62.552003,
                        460.4
                    ],
                    [
                        8.484465,
                        62.552059,
                        463
                    ],
                    [
                        8.484353,
                        62.552048,
                        463.1
                    ],
                    [
                        8.484266,
                        62.551997,
                        463.3
                    ],
                    [
                        8.484271,
                        62.551946,
                        461.3
                    ],
                    [
                        8.48453,
                        62.551673,
                        459.6
                    ],
                    [
                        8.484812,
                        62.551083,
                        456.7
                    ],
                    [
                        8.484771,
                        62.550932,
                        457.5
                    ],
                    [
                        8.484662,
                        62.550772,
                        461.3
                    ],
                    [
                        8.484632,
                        62.55061,
                        484.9
                    ],
                    [
                        8.484908,
                        62.550009,
                        492.1
                    ],
                    [
                        8.484947,
                        62.549776,
                        495.2
                    ],
                    [
                        8.485098,
                        62.549634,
                        496.3
                    ],
                    [
                        8.485245,
                        62.54957,
                        497.5
                    ],
                    [
                        8.485556,
                        62.549537,
                        495.9
                    ],
                    [
                        8.485898,
                        62.549527,
                        497.5
                    ],
                    [
                        8.485962,
                        62.549503,
                        498.9
                    ],
                    [
                        8.485981,
                        62.549463,
                        499.1
                    ],
                    [
                        8.485913,
                        62.549398,
                        499.2
                    ],
                    [
                        8.485782,
                        62.549364,
                        500.2
                    ],
                    [
                        8.485555,
                        62.549363,
                        499.6
                    ],
                    [
                        8.484874,
                        62.54949,
                        495.1
                    ],
                    [
                        8.484647,
                        62.54961,
                        490.8
                    ],
                    [
                        8.484466,
                        62.549796,
                        486.4
                    ],
                    [
                        8.484289,
                        62.550196,
                        486.1
                    ],
                    [
                        8.484121,
                        62.55037,
                        506.1
                    ],
                    [
                        8.483865,
                        62.550493,
                        520
                    ],
                    [
                        8.483527,
                        62.55071,
                        523.6
                    ],
                    [
                        8.483461,
                        62.550844,
                        526.9
                    ],
                    [
                        8.483477,
                        62.550988,
                        529.1
                    ],
                    [
                        8.483147,
                        62.551292,
                        530.5
                    ],
                    [
                        8.482973,
                        62.551501,
                        534.3
                    ],
                    [
                        8.482934,
                        62.55153,
                        534.1
                    ],
                    [
                        8.482843,
                        62.551539,
                        533.9
                    ],
                    [
                        8.482767,
                        62.551522,
                        533.6
                    ],
                    [
                        8.482741,
                        62.551488,
                        533.4
                    ],
                    [
                        8.48276,
                        62.551322,
                        530.4
                    ],
                    [
                        8.483099,
                        62.551032,
                        530.6
                    ],
                    [
                        8.483068,
                        62.550905,
                        528.5
                    ],
                    [
                        8.482968,
                        62.550728,
                        528.1
                    ],
                    [
                        8.483,
                        62.550554,
                        526.4
                    ],
                    [
                        8.483113,
                        62.550398,
                        524.8
                    ],
                    [
                        8.48316,
                        62.550236,
                        523.7
                    ],
                    [
                        8.483121,
                        62.549897,
                        535.3
                    ],
                    [
                        8.483182,
                        62.549724,
                        535.6
                    ],
                    [
                        8.483723,
                        62.548956,
                        541.8
                    ],
                    [
                        8.48418,
                        62.548206,
                        551.5
                    ],
                    [
                        8.484326,
                        62.548035,
                        555.8
                    ],
                    [
                        8.484789,
                        62.547714,
                        596
                    ],
                    [
                        8.48503,
                        62.54757,
                        575.2
                    ],
                    [
                        8.485207,
                        62.547493,
                        573.3
                    ],
                    [
                        8.485388,
                        62.547447,
                        571.5
                    ],
                    [
                        8.486067,
                        62.547454,
                        571.8
                    ],
                    [
                        8.486184,
                        62.547442,
                        572
                    ],
                    [
                        8.48626,
                        62.547409,
                        572.2
                    ],
                    [
                        8.486596,
                        62.547025,
                        572.7
                    ],
                    [
                        8.486799,
                        62.546868,
                        572.9
                    ],
                    [
                        8.486839,
                        62.546592,
                        571.7
                    ],
                    [
                        8.486782,
                        62.546381,
                        571.7
                    ],
                    [
                        8.486813,
                        62.546313,
                        569
                    ],
                    [
                        8.486944,
                        62.546091,
                        569
                    ],
                    [
                        8.48709,
                        62.545832,
                        569
                    ],
                    [
                        8.488262,
                        62.544147,
                        578.8
                    ],
                    [
                        8.488678,
                        62.543588,
                        583.8
                    ],
                    [
                        8.489103,
                        62.543334,
                        586.7
                    ],
                    [
                        8.48953,
                        62.543129,
                        585.8
                    ],
                    [
                        8.489854,
                        62.54286,
                        585.1
                    ],
                    [
                        8.489987,
                        62.542685,
                        590.4
                    ],
                    [
                        8.490009,
                        62.542503,
                        596.4
                    ],
                    [
                        8.489937,
                        62.542356,
                        597.9
                    ],
                    [
                        8.48978,
                        62.542206,
                        603.2
                    ],
                    [
                        8.489271,
                        62.541911,
                        613.2
                    ],
                    [
                        8.489148,
                        62.541815,
                        615.4
                    ],
                    [
                        8.489055,
                        62.541428,
                        624.6
                    ],
                    [
                        8.488831,
                        62.541283,
                        623.6
                    ],
                    [
                        8.488327,
                        62.541111,
                        624.9
                    ],
                    [
                        8.487978,
                        62.541065,
                        623.8
                    ],
                    [
                        8.487168,
                        62.540996,
                        617.5
                    ],
                    [
                        8.487049,
                        62.540954,
                        618.5
                    ],
                    [
                        8.486766,
                        62.540808,
                        619.5
                    ],
                    [
                        8.486622,
                        62.540616,
                        611
                    ],
                    [
                        8.486236,
                        62.540065,
                        617.8
                    ],
                    [
                        8.486166,
                        62.539741,
                        619.2
                    ],
                    [
                        8.486174,
                        62.53943,
                        622
                    ],
                    [
                        8.486246,
                        62.539068,
                        623
                    ],
                    [
                        8.486584,
                        62.538321,
                        622.5
                    ],
                    [
                        8.4875,
                        62.535172,
                        694.9
                    ],
                    [
                        8.487375,
                        62.534523,
                        695.1
                    ],
                    [
                        8.48758,
                        62.533802,
                        700.9
                    ],
                    [
                        8.487927,
                        62.533464,
                        704
                    ],
                    [
                        8.488294,
                        62.533238,
                        707
                    ],
                    [
                        8.488499,
                        62.533048,
                        708.4
                    ],
                    [
                        8.488754,
                        62.532761,
                        708.4
                    ],
                    [
                        8.488831,
                        62.532532,
                        709
                    ],
                    [
                        8.488816,
                        62.532317,
                        714.8
                    ],
                    [
                        8.488701,
                        62.53196,
                        716.7
                    ],
                    [
                        8.488541,
                        62.531658,
                        738.2
                    ],
                    [
                        8.488114,
                        62.531071,
                        753.7
                    ],
                    [
                        8.487722,
                        62.530662,
                        757.5
                    ],
                    [
                        8.487549,
                        62.530569,
                        756.2
                    ],
                    [
                        8.487355,
                        62.530515,
                        754.5
                    ],
                    [
                        8.487135,
                        62.530487,
                        753.4
                    ],
                    [
                        8.486762,
                        62.53052,
                        752.4
                    ],
                    [
                        8.486287,
                        62.53065,
                        751.7
                    ],
                    [
                        8.485668,
                        62.530873,
                        750.9
                    ],
                    [
                        8.485217,
                        62.530975,
                        750.1
                    ],
                    [
                        8.485026,
                        62.531,
                        749.9
                    ],
                    [
                        8.484911,
                        62.531001,
                        750.1
                    ],
                    [
                        8.484795,
                        62.530963,
                        749.9
                    ],
                    [
                        8.484353,
                        62.530626,
                        749.9
                    ],
                    [
                        8.484203,
                        62.530466,
                        750
                    ],
                    [
                        8.483733,
                        62.529812,
                        754.5
                    ],
                    [
                        8.483086,
                        62.528537,
                        757.2
                    ],
                    [
                        8.482293,
                        62.527621,
                        768
                    ],
                    [
                        8.482154,
                        62.527412,
                        771.4
                    ],
                    [
                        8.482065,
                        62.52672,
                        780.2
                    ],
                    [
                        8.482103,
                        62.526457,
                        780.3
                    ],
                    [
                        8.482052,
                        62.526305,
                        780.4
                    ],
                    [
                        8.48188,
                        62.526082,
                        781.3
                    ],
                    [
                        8.481658,
                        62.52586,
                        782.2
                    ],
                    [
                        8.481455,
                        62.525749,
                        782.1
                    ],
                    [
                        8.481068,
                        62.525591,
                        782.1
                    ],
                    [
                        8.480883,
                        62.52547,
                        783.2
                    ],
                    [
                        8.480671,
                        62.525257,
                        783.4
                    ],
                    [
                        8.480173,
                        62.524208,
                        792
                    ],
                    [
                        8.479992,
                        62.523359,
                        792.9
                    ],
                    [
                        8.479147,
                        62.522923,
                        797.2
                    ],
                    [
                        8.478605,
                        62.522852,
                        798.7
                    ],
                    [
                        8.477822,
                        62.52255,
                        802.6
                    ],
                    [
                        8.477306,
                        62.522209,
                        803.3
                    ],
                    [
                        8.477167,
                        62.522075,
                        809
                    ],
                    [
                        8.476649,
                        62.521695,
                        799.3
                    ],
                    [
                        8.476382,
                        62.521526,
                        799.5
                    ],
                    [
                        8.476194,
                        62.521322,
                        800.1
                    ],
                    [
                        8.475776,
                        62.520228,
                        798.4
                    ],
                    [
                        8.475758,
                        62.51985,
                        798.3
                    ],
                    [
                        8.475877,
                        62.519663,
                        798.4
                    ],
                    [
                        8.476158,
                        62.519472,
                        798.6
                    ],
                    [
                        8.476615,
                        62.519351,
                        798.8
                    ],
                    [
                        8.47693,
                        62.519322,
                        799
                    ],
                    [
                        8.477315,
                        62.519345,
                        800
                    ],
                    [
                        8.477678,
                        62.519439,
                        801.1
                    ],
                    [
                        8.478044,
                        62.519614,
                        801.2
                    ],
                    [
                        8.478503,
                        62.520017,
                        801.4
                    ],
                    [
                        8.47876,
                        62.520171,
                        802.6
                    ],
                    [
                        8.479069,
                        62.520252,
                        803.4
                    ],
                    [
                        8.479394,
                        62.520255,
                        803.3
                    ],
                    [
                        8.479608,
                        62.520234,
                        807.5
                    ],
                    [
                        8.479847,
                        62.520189,
                        807.7
                    ],
                    [
                        8.480101,
                        62.520112,
                        810.9
                    ],
                    [
                        8.480366,
                        62.519917,
                        811.3
                    ],
                    [
                        8.480994,
                        62.519382,
                        811.3
                    ],
                    [
                        8.481155,
                        62.519097,
                        815.4
                    ],
                    [
                        8.481151,
                        62.518965,
                        811.1
                    ],
                    [
                        8.480679,
                        62.518348,
                        804.5
                    ],
                    [
                        8.480632,
                        62.518166,
                        804.5
                    ],
                    [
                        8.480602,
                        62.517761,
                        802.3
                    ],
                    [
                        8.480804,
                        62.517085,
                        800.9
                    ],
                    [
                        8.480772,
                        62.516859,
                        800.8
                    ],
                    [
                        8.480575,
                        62.516588,
                        798
                    ],
                    [
                        8.479932,
                        62.51605,
                        813
                    ],
                    [
                        8.47982,
                        62.515846,
                        813
                    ],
                    [
                        8.47978,
                        62.515639,
                        813
                    ],
                    [
                        8.479886,
                        62.515401,
                        813
                    ],
                    [
                        8.480152,
                        62.515149,
                        815.6
                    ],
                    [
                        8.481068,
                        62.514654,
                        818.5
                    ],
                    [
                        8.481644,
                        62.514096,
                        824
                    ],
                    [
                        8.482303,
                        62.513571,
                        831
                    ],
                    [
                        8.482995,
                        62.512987,
                        836.2
                    ],
                    [
                        8.483914,
                        62.512119,
                        838.8
                    ],
                    [
                        8.484292,
                        62.511914,
                        840.9
                    ],
                    [
                        8.484751,
                        62.511697,
                        843.9
                    ],
                    [
                        8.4864,
                        62.511152,
                        850.2
                    ],
                    [
                        8.487917,
                        62.510478,
                        860
                    ],
                    [
                        8.488464,
                        62.510304,
                        860
                    ],
                    [
                        8.489194,
                        62.510135,
                        853
                    ],
                    [
                        8.490013,
                        62.510003,
                        853.8
                    ],
                    [
                        8.491118,
                        62.509772,
                        854.9
                    ],
                    [
                        8.492775,
                        62.509464,
                        854.7
                    ],
                    [
                        8.497144,
                        62.509088,
                        870.3
                    ],
                    [
                        8.498411,
                        62.509028,
                        869.2
                    ],
                    [
                        8.498725,
                        62.508983,
                        868.9
                    ],
                    [
                        8.498974,
                        62.508904,
                        868.8
                    ],
                    [
                        8.499069,
                        62.508829,
                        867.6
                    ],
                    [
                        8.499129,
                        62.508744,
                        867.2
                    ],
                    [
                        8.499136,
                        62.508619,
                        866.1
                    ],
                    [
                        8.499283,
                        62.508377,
                        865.1
                    ],
                    [
                        8.500112,
                        62.507417,
                        860.9
                    ],
                    [
                        8.500331,
                        62.507234,
                        860.5
                    ],
                    [
                        8.500481,
                        62.507142,
                        860.2
                    ],
                    [
                        8.500955,
                        62.506937,
                        859.6
                    ],
                    [
                        8.501544,
                        62.506622,
                        858.6
                    ],
                    [
                        8.501753,
                        62.50645,
                        858.1
                    ],
                    [
                        8.502144,
                        62.505945,
                        855.9
                    ],
                    [
                        8.502368,
                        62.505597,
                        855.7
                    ],
                    [
                        8.50272,
                        62.505124,
                        855.3
                    ],
                    [
                        8.502854,
                        62.505014,
                        855.8
                    ],
                    [
                        8.50417,
                        62.504385,
                        854.8
                    ],
                    [
                        8.505135,
                        62.503986,
                        851.3
                    ],
                    [
                        8.508389,
                        62.503176,
                        856.2
                    ],
                    [
                        8.509103,
                        62.50295,
                        857.8
                    ],
                    [
                        8.510213,
                        62.50257,
                        860.2
                    ],
                    [
                        8.51131,
                        62.502252,
                        858
                    ],
                    [
                        8.513023,
                        62.501873,
                        853.3
                    ],
                    [
                        8.513561,
                        62.501724,
                        853.8
                    ],
                    [
                        8.514002,
                        62.50157,
                        854.1
                    ],
                    [
                        8.516074,
                        62.500754,
                        858.4
                    ],
                    [
                        8.516779,
                        62.500443,
                        857.9
                    ],
                    [
                        8.518582,
                        62.499577,
                        849
                    ],
                    [
                        8.519434,
                        62.499199,
                        849
                    ],
                    [
                        8.521852,
                        62.498256,
                        862
                    ],
                    [
                        8.522984,
                        62.497242,
                        858
                    ],
                    [
                        8.523421,
                        62.496068,
                        857.3
                    ],
                    [
                        8.523859,
                        62.495791,
                        857.1
                    ],
                    [
                        8.52767,
                        62.494478,
                        862.9
                    ],
                    [
                        8.528972,
                        62.494243,
                        864.6
                    ],
                    [
                        8.530146,
                        62.493784,
                        865.6
                    ],
                    [
                        8.531128,
                        62.492567,
                        867.7
                    ],
                    [
                        8.532217,
                        62.491499,
                        868.3
                    ],
                    [
                        8.534309,
                        62.490272,
                        871.5
                    ],
                    [
                        8.536359,
                        62.489397,
                        868.6
                    ],
                    [
                        8.536808,
                        62.48913,
                        868.1
                    ],
                    [
                        8.536978,
                        62.489004,
                        868.1
                    ],
                    [
                        8.537082,
                        62.488891,
                        868.1
                    ],
                    [
                        8.537598,
                        62.488208,
                        868.2
                    ],
                    [
                        8.537736,
                        62.488081,
                        868.1
                    ],
                    [
                        8.539721,
                        62.486984,
                        862
                    ],
                    [
                        8.542623,
                        62.485583,
                        862
                    ],
                    [
                        8.543487,
                        62.485145,
                        859
                    ],
                    [
                        8.544332,
                        62.484731,
                        861.4
                    ],
                    [
                        8.544808,
                        62.48447,
                        862.5
                    ],
                    [
                        8.545923,
                        62.483792,
                        863.5
                    ],
                    [
                        8.546399,
                        62.483541,
                        863.2
                    ],
                    [
                        8.546889,
                        62.483379,
                        862.4
                    ],
                    [
                        8.548446,
                        62.482979,
                        861.6
                    ],
                    [
                        8.548924,
                        62.482822,
                        861.4
                    ],
                    [
                        8.549286,
                        62.482661,
                        861.4
                    ],
                    [
                        8.549577,
                        62.482511,
                        861.6
                    ],
                    [
                        8.550827,
                        62.481646,
                        861
                    ],
                    [
                        8.551134,
                        62.48148,
                        860.8
                    ],
                    [
                        8.551803,
                        62.481217,
                        860.4
                    ],
                    [
                        8.552343,
                        62.481076,
                        860
                    ],
                    [
                        8.553128,
                        62.480962,
                        859
                    ],
                    [
                        8.554462,
                        62.480819,
                        864
                    ],
                    [
                        8.554775,
                        62.480785,
                        864
                    ],
                    [
                        8.556296,
                        62.480622,
                        870
                    ],
                    [
                        8.556712,
                        62.480573,
                        870
                    ],
                    [
                        8.557055,
                        62.480533,
                        870
                    ],
                    [
                        8.557254,
                        62.480506,
                        870
                    ],
                    [
                        8.557464,
                        62.480474,
                        871.4
                    ],
                    [
                        8.557666,
                        62.480419,
                        871.6
                    ],
                    [
                        8.558621,
                        62.479931,
                        872.9
                    ],
                    [
                        8.558865,
                        62.479838,
                        872.6
                    ],
                    [
                        8.559924,
                        62.479542,
                        875
                    ],
                    [
                        8.560959,
                        62.479246,
                        875.9
                    ],
                    [
                        8.56188,
                        62.478918,
                        870
                    ],
                    [
                        8.562304,
                        62.478761,
                        870
                    ],
                    [
                        8.563216,
                        62.478441,
                        869
                    ],
                    [
                        8.564635,
                        62.477729,
                        865.7
                    ],
                    [
                        8.565818,
                        62.475884,
                        858.6
                    ],
                    [
                        8.566596,
                        62.475321,
                        853.8
                    ],
                    [
                        8.566885,
                        62.475064,
                        853.3
                    ],
                    [
                        8.566979,
                        62.474971,
                        852.9
                    ],
                    [
                        8.567168,
                        62.474519,
                        851
                    ],
                    [
                        8.567481,
                        62.474251,
                        851
                    ],
                    [
                        8.56774,
                        62.474109,
                        851.1
                    ],
                    [
                        8.57063,
                        62.472909,
                        850.4
                    ],
                    [
                        8.572009,
                        62.472231,
                        856.9
                    ],
                    [
                        8.575421,
                        62.470801,
                        876.1
                    ],
                    [
                        8.577522,
                        62.469954,
                        877
                    ],
                    [
                        8.579302,
                        62.468768,
                        871.4
                    ],
                    [
                        8.579501,
                        62.468667,
                        870.8
                    ],
                    [
                        8.579711,
                        62.468585,
                        870.7
                    ],
                    [
                        8.580644,
                        62.4684,
                        873
                    ],
                    [
                        8.580798,
                        62.468356,
                        873.4
                    ],
                    [
                        8.581155,
                        62.468196,
                        874.4
                    ],
                    [
                        8.581302,
                        62.468118,
                        874.3
                    ],
                    [
                        8.581437,
                        62.467989,
                        874.3
                    ],
                    [
                        8.581825,
                        62.467463,
                        873.7
                    ],
                    [
                        8.586256,
                        62.464644,
                        883.5
                    ],
                    [
                        8.586599,
                        62.46453,
                        879.9
                    ],
                    [
                        8.587099,
                        62.464442,
                        874.9
                    ],
                    [
                        8.588843,
                        62.464298,
                        876.9
                    ],
                    [
                        8.589283,
                        62.464223,
                        877.2
                    ],
                    [
                        8.594008,
                        62.462737,
                        892
                    ],
                    [
                        8.594474,
                        62.462553,
                        892
                    ],
                    [
                        8.595038,
                        62.462072,
                        890
                    ],
                    [
                        8.595679,
                        62.461309,
                        888
                    ],
                    [
                        8.595799,
                        62.461156,
                        900
                    ],
                    [
                        8.595844,
                        62.461099,
                        900
                    ],
                    [
                        8.596013,
                        62.460817,
                        898.7
                    ],
                    [
                        8.596272,
                        62.459989,
                        896
                    ],
                    [
                        8.596444,
                        62.459382,
                        896
                    ],
                    [
                        8.596392,
                        62.45918,
                        896
                    ],
                    [
                        8.596264,
                        62.459027,
                        896
                    ],
                    [
                        8.596043,
                        62.458839,
                        896
                    ],
                    [
                        8.595664,
                        62.458503,
                        903.7
                    ],
                    [
                        8.595592,
                        62.458375,
                        904.8
                    ],
                    [
                        8.59563,
                        62.458169,
                        907.5
                    ],
                    [
                        8.595742,
                        62.457996,
                        906.3
                    ],
                    [
                        8.596311,
                        62.457386,
                        908.4
                    ],
                    [
                        8.596851,
                        62.456721,
                        917.9
                    ],
                    [
                        8.597043,
                        62.456402,
                        925
                    ],
                    [
                        8.597305,
                        62.45562,
                        929.5
                    ],
                    [
                        8.597555,
                        62.455231,
                        929
                    ],
                    [
                        8.598173,
                        62.454775,
                        929.6
                    ],
                    [
                        8.60027,
                        62.452682,
                        933.1
                    ],
                    [
                        8.60071,
                        62.452265,
                        933.2
                    ],
                    [
                        8.601451,
                        62.451672,
                        933
                    ],
                    [
                        8.60158,
                        62.45153,
                        933
                    ],
                    [
                        8.601668,
                        62.451392,
                        933
                    ],
                    [
                        8.601709,
                        62.451253,
                        931.8
                    ],
                    [
                        8.601772,
                        62.450355,
                        930
                    ],
                    [
                        8.601855,
                        62.45009,
                        928.6
                    ],
                    [
                        8.602087,
                        62.449772,
                        927.6
                    ],
                    [
                        8.603427,
                        62.448622,
                        924.9
                    ],
                    [
                        8.603521,
                        62.448497,
                        924.3
                    ],
                    [
                        8.603561,
                        62.448291,
                        923.3
                    ],
                    [
                        8.603452,
                        62.4474,
                        922.2
                    ],
                    [
                        8.603512,
                        62.447181,
                        922
                    ],
                    [
                        8.603725,
                        62.446985,
                        921.5
                    ],
                    [
                        8.603874,
                        62.446901,
                        921.2
                    ],
                    [
                        8.604787,
                        62.446508,
                        915
                    ],
                    [
                        8.604912,
                        62.446456,
                        915
                    ],
                    [
                        8.605251,
                        62.4463,
                        913.3
                    ],
                    [
                        8.60561,
                        62.44607,
                        912.9
                    ],
                    [
                        8.605897,
                        62.445743,
                        912.7
                    ],
                    [
                        8.606035,
                        62.44564,
                        912.5
                    ],
                    [
                        8.606164,
                        62.445564,
                        912.8
                    ],
                    [
                        8.606859,
                        62.445252,
                        912
                    ],
                    [
                        8.607396,
                        62.445023,
                        914.8
                    ],
                    [
                        8.607656,
                        62.444839,
                        915.4
                    ],
                    [
                        8.60976,
                        62.442628,
                        925.5
                    ],
                    [
                        8.61049,
                        62.441663,
                        919.5
                    ],
                    [
                        8.610554,
                        62.441169,
                        919.5
                    ],
                    [
                        8.610383,
                        62.43971,
                        899.5
                    ],
                    [
                        8.610498,
                        62.439203,
                        896
                    ],
                    [
                        8.61059,
                        62.438802,
                        896
                    ],
                    [
                        8.610662,
                        62.438486,
                        896
                    ],
                    [
                        8.611241,
                        62.436898,
                        885.5
                    ],
                    [
                        8.612014,
                        62.436276,
                        885.6
                    ],
                    [
                        8.614482,
                        62.434988,
                        885.2
                    ],
                    [
                        8.615297,
                        62.434516,
                        885.2
                    ],
                    [
                        8.616584,
                        62.433068,
                        886
                    ],
                    [
                        8.618023,
                        62.431447,
                        889.8
                    ],
                    [
                        8.618666,
                        62.430289,
                        897.3
                    ],
                    [
                        8.618755,
                        62.430065,
                        901
                    ],
                    [
                        8.618833,
                        62.429904,
                        898.5
                    ],
                    [
                        8.618883,
                        62.429591,
                        894.5
                    ],
                    [
                        8.618733,
                        62.428686,
                        891.6
                    ],
                    [
                        8.618782,
                        62.428272,
                        886
                    ],
                    [
                        8.61875,
                        62.428067,
                        886
                    ],
                    [
                        8.618692,
                        62.427927,
                        886
                    ],
                    [
                        8.618139,
                        62.426766,
                        868
                    ],
                    [
                        8.617893,
                        62.426307,
                        868
                    ],
                    [
                        8.616318,
                        62.424015,
                        864
                    ],
                    [
                        8.616125,
                        62.423689,
                        867.9
                    ],
                    [
                        8.616071,
                        62.423402,
                        869.5
                    ],
                    [
                        8.616105,
                        62.423162,
                        870.3
                    ],
                    [
                        8.616247,
                        62.4228,
                        871.6
                    ],
                    [
                        8.616257,
                        62.422711,
                        872.1
                    ],
                    [
                        8.616224,
                        62.42262,
                        872.5
                    ],
                    [
                        8.616147,
                        62.422511,
                        872.5
                    ],
                    [
                        8.616003,
                        62.422402,
                        872.8
                    ],
                    [
                        8.615482,
                        62.42212,
                        873.4
                    ],
                    [
                        8.615245,
                        62.421954,
                        873.4
                    ],
                    [
                        8.615044,
                        62.421575,
                        873.2
                    ],
                    [
                        8.615083,
                        62.421255,
                        873
                    ],
                    [
                        8.615246,
                        62.42103,
                        872.8
                    ],
                    [
                        8.615533,
                        62.420797,
                        872.6
                    ],
                    [
                        8.615645,
                        62.420658,
                        872.3
                    ],
                    [
                        8.615677,
                        62.420542,
                        872.3
                    ],
                    [
                        8.615174,
                        62.418248,
                        867.7
                    ],
                    [
                        8.614938,
                        62.416598,
                        866
                    ],
                    [
                        8.614924,
                        62.416534,
                        866
                    ],
                    [
                        8.614885,
                        62.416347,
                        870.7
                    ],
                    [
                        8.614807,
                        62.416184,
                        873
                    ],
                    [
                        8.614762,
                        62.416116,
                        873
                    ],
                    [
                        8.614566,
                        62.415848,
                        873
                    ],
                    [
                        8.614085,
                        62.415462,
                        870.4
                    ],
                    [
                        8.6139,
                        62.41523,
                        870.6
                    ],
                    [
                        8.61392,
                        62.414786,
                        870.8
                    ],
                    [
                        8.613885,
                        62.413874,
                        870.9
                    ],
                    [
                        8.613845,
                        62.41374,
                        871
                    ],
                    [
                        8.61376,
                        62.413614,
                        871
                    ],
                    [
                        8.613622,
                        62.413499,
                        870.6
                    ],
                    [
                        8.61312,
                        62.413176,
                        869.7
                    ],
                    [
                        8.612969,
                        62.413045,
                        869.3
                    ],
                    [
                        8.612895,
                        62.412941,
                        869.2
                    ],
                    [
                        8.612845,
                        62.412806,
                        869
                    ],
                    [
                        8.612694,
                        62.412267,
                        868.1
                    ],
                    [
                        8.612671,
                        62.41205,
                        868
                    ],
                    [
                        8.61269,
                        62.411925,
                        868.2
                    ],
                    [
                        8.613476,
                        62.410399,
                        866
                    ],
                    [
                        8.614503,
                        62.408463,
                        875.8
                    ],
                    [
                        8.61519,
                        62.40797,
                        876
                    ],
                    [
                        8.615406,
                        62.407777,
                        876
                    ],
                    [
                        8.615475,
                        62.407467,
                        875.9
                    ],
                    [
                        8.615385,
                        62.40697,
                        876
                    ],
                    [
                        8.615243,
                        62.406643,
                        876.8
                    ],
                    [
                        8.614865,
                        62.405438,
                        879.4
                    ],
                    [
                        8.614736,
                        62.404878,
                        879.9
                    ],
                    [
                        8.614764,
                        62.404463,
                        880.1
                    ],
                    [
                        8.614947,
                        62.403715,
                        880.5
                    ],
                    [
                        8.614948,
                        62.403524,
                        880.8
                    ],
                    [
                        8.614899,
                        62.403441,
                        880.8
                    ],
                    [
                        8.61482,
                        62.403376,
                        880.8
                    ],
                    [
                        8.614441,
                        62.403224,
                        881.4
                    ],
                    [
                        8.614194,
                        62.403081,
                        882.1
                    ],
                    [
                        8.614073,
                        62.402893,
                        882.6
                    ],
                    [
                        8.613855,
                        62.402296,
                        883.6
                    ],
                    [
                        8.613327,
                        62.401732,
                        884.2
                    ],
                    [
                        8.613145,
                        62.40139,
                        884.3
                    ],
                    [
                        8.61295,
                        62.401158,
                        884.4
                    ],
                    [
                        8.612746,
                        62.401012,
                        884.2
                    ],
                    [
                        8.612636,
                        62.40097,
                        884.2
                    ],
                    [
                        8.612129,
                        62.400883,
                        884.4
                    ],
                    [
                        8.611998,
                        62.400845,
                        884.5
                    ],
                    [
                        8.611558,
                        62.400664,
                        885.3
                    ],
                    [
                        8.611399,
                        62.400623,
                        885.7
                    ],
                    [
                        8.611217,
                        62.400601,
                        885.8
                    ],
                    [
                        8.610982,
                        62.400592,
                        885.9
                    ],
                    [
                        8.610785,
                        62.400603,
                        886.1
                    ],
                    [
                        8.61063,
                        62.400639,
                        886.4
                    ],
                    [
                        8.610186,
                        62.400837,
                        886.9
                    ],
                    [
                        8.609789,
                        62.400954,
                        887.7
                    ],
                    [
                        8.609246,
                        62.401045,
                        888.3
                    ],
                    [
                        8.608757,
                        62.401082,
                        888.4
                    ],
                    [
                        8.608469,
                        62.401085,
                        888.5
                    ],
                    [
                        8.607901,
                        62.401039,
                        888.8
                    ],
                    [
                        8.607312,
                        62.400927,
                        889
                    ],
                    [
                        8.607039,
                        62.400843,
                        889.2
                    ],
                    [
                        8.606708,
                        62.400704,
                        889.3
                    ],
                    [
                        8.606231,
                        62.400391,
                        889.5
                    ],
                    [
                        8.606063,
                        62.400354,
                        889.2
                    ],
                    [
                        8.605893,
                        62.400338,
                        889.2
                    ],
                    [
                        8.605434,
                        62.400348,
                        888.8
                    ],
                    [
                        8.603747,
                        62.400611,
                        886.7
                    ],
                    [
                        8.603323,
                        62.400752,
                        885.4
                    ],
                    [
                        8.602534,
                        62.401073,
                        884.3
                    ],
                    [
                        8.602099,
                        62.401226,
                        884.1
                    ],
                    [
                        8.601765,
                        62.401304,
                        883.9
                    ],
                    [
                        8.601097,
                        62.40142,
                        883.6
                    ],
                    [
                        8.600149,
                        62.401659,
                        883.6
                    ],
                    [
                        8.599809,
                        62.401693,
                        883.8
                    ],
                    [
                        8.599634,
                        62.40168,
                        884.2
                    ],
                    [
                        8.599455,
                        62.401641,
                        884.1
                    ],
                    [
                        8.598972,
                        62.401479,
                        884.8
                    ],
                    [
                        8.598091,
                        62.40136,
                        886
                    ],
                    [
                        8.597593,
                        62.401254,
                        887.3
                    ],
                    [
                        8.59741,
                        62.401199,
                        887.9
                    ],
                    [
                        8.597275,
                        62.401136,
                        888.3
                    ],
                    [
                        8.597194,
                        62.401075,
                        888.9
                    ],
                    [
                        8.597002,
                        62.400724,
                        890.2
                    ],
                    [
                        8.596769,
                        62.400526,
                        891.3
                    ],
                    [
                        8.596442,
                        62.400375,
                        891.9
                    ],
                    [
                        8.596267,
                        62.400327,
                        892.4
                    ],
                    [
                        8.595831,
                        62.40026,
                        893.6
                    ],
                    [
                        8.595415,
                        62.400273,
                        894.2
                    ],
                    [
                        8.594887,
                        62.400336,
                        894.8
                    ],
                    [
                        8.594253,
                        62.400437,
                        895.3
                    ],
                    [
                        8.593861,
                        62.400474,
                        895.8
                    ],
                    [
                        8.593695,
                        62.400472,
                        896.2
                    ],
                    [
                        8.593513,
                        62.400449,
                        896.4
                    ],
                    [
                        8.592753,
                        62.40029,
                        896.9
                    ],
                    [
                        8.592426,
                        62.400267,
                        896.6
                    ],
                    [
                        8.592281,
                        62.400276,
                        896.6
                    ],
                    [
                        8.591971,
                        62.400339,
                        896.4
                    ],
                    [
                        8.590887,
                        62.400658,
                        895.6
                    ],
                    [
                        8.590281,
                        62.400793,
                        894.9
                    ],
                    [
                        8.589737,
                        62.400862,
                        894.5
                    ],
                    [
                        8.589421,
                        62.400851,
                        894.4
                    ],
                    [
                        8.589219,
                        62.400816,
                        894.4
                    ],
                    [
                        8.589004,
                        62.400759,
                        894.5
                    ],
                    [
                        8.588427,
                        62.400541,
                        894.2
                    ],
                    [
                        8.588122,
                        62.400404,
                        892.9
                    ],
                    [
                        8.588028,
                        62.400338,
                        893.1
                    ],
                    [
                        8.587937,
                        62.400175,
                        893.1
                    ],
                    [
                        8.587932,
                        62.400083,
                        893.3
                    ],
                    [
                        8.588008,
                        62.399725,
                        892.2
                    ],
                    [
                        8.587897,
                        62.399589,
                        890.2
                    ],
                    [
                        8.587629,
                        62.399458,
                        888.2
                    ],
                    [
                        8.587418,
                        62.399384,
                        887.3
                    ],
                    [
                        8.586968,
                        62.399278,
                        885.2
                    ],
                    [
                        8.58673,
                        62.399262,
                        882.9
                    ],
                    [
                        8.584314,
                        62.399433,
                        874.4
                    ],
                    [
                        8.583898,
                        62.399493,
                        874.4
                    ],
                    [
                        8.583585,
                        62.399561,
                        873.7
                    ],
                    [
                        8.583301,
                        62.399672,
                        873.7
                    ],
                    [
                        8.582505,
                        62.400051,
                        876.5
                    ],
                    [
                        8.582084,
                        62.400211,
                        878.5
                    ],
                    [
                        8.581653,
                        62.400318,
                        881.4
                    ],
                    [
                        8.580714,
                        62.400495,
                        881.4
                    ],
                    [
                        8.579666,
                        62.400784,
                        873.1
                    ],
                    [
                        8.578983,
                        62.401006,
                        865.8
                    ],
                    [
                        8.577833,
                        62.401448,
                        862.2
                    ],
                    [
                        8.577415,
                        62.401592,
                        862
                    ],
                    [
                        8.577196,
                        62.401653,
                        861.2
                    ],
                    [
                        8.576677,
                        62.401763,
                        860.7
                    ],
                    [
                        8.571112,
                        62.402582,
                        864.9
                    ],
                    [
                        8.568603,
                        62.403053,
                        859
                    ],
                    [
                        8.567732,
                        62.403185,
                        857.9
                    ],
                    [
                        8.567142,
                        62.403231,
                        857.9
                    ],
                    [
                        8.565156,
                        62.403237,
                        857.5
                    ],
                    [
                        8.564038,
                        62.403337,
                        857.2
                    ],
                    [
                        8.562987,
                        62.40339,
                        856.9
                    ],
                    [
                        8.562345,
                        62.403475,
                        856.5
                    ],
                    [
                        8.559509,
                        62.404158,
                        860
                    ],
                    [
                        8.557494,
                        62.404678,
                        861
                    ],
                    [
                        8.554313,
                        62.405463,
                        858.8
                    ],
                    [
                        8.553727,
                        62.405601,
                        858.1
                    ],
                    [
                        8.552942,
                        62.405754,
                        856
                    ],
                    [
                        8.552827,
                        62.405773,
                        856
                    ],
                    [
                        8.549444,
                        62.406362,
                        867.2
                    ],
                    [
                        8.549101,
                        62.406433,
                        867.3
                    ],
                    [
                        8.548476,
                        62.406596,
                        868
                    ],
                    [
                        8.547116,
                        62.407034,
                        865.3
                    ],
                    [
                        8.546507,
                        62.407198,
                        864.8
                    ],
                    [
                        8.546088,
                        62.407283,
                        864.7
                    ],
                    [
                        8.544891,
                        62.407476,
                        863.8
                    ],
                    [
                        8.544533,
                        62.407512,
                        863.7
                    ],
                    [
                        8.544037,
                        62.407563,
                        863.7
                    ],
                    [
                        8.543865,
                        62.407559,
                        863.5
                    ],
                    [
                        8.54372,
                        62.407539,
                        863.5
                    ],
                    [
                        8.543536,
                        62.407475,
                        863.5
                    ],
                    [
                        8.543158,
                        62.407289,
                        863.4
                    ],
                    [
                        8.542925,
                        62.407196,
                        863.5
                    ],
                    [
                        8.542003,
                        62.406955,
                        864
                    ],
                    [
                        8.541925,
                        62.406917,
                        864
                    ],
                    [
                        8.541836,
                        62.406866,
                        864
                    ],
                    [
                        8.541598,
                        62.406478,
                        863.4
                    ],
                    [
                        8.541486,
                        62.406371,
                        863.3
                    ],
                    [
                        8.541247,
                        62.40623,
                        863
                    ],
                    [
                        8.54109,
                        62.40618,
                        862
                    ],
                    [
                        8.540863,
                        62.406128,
                        859.8
                    ],
                    [
                        8.540038,
                        62.405995,
                        856
                    ],
                    [
                        8.539676,
                        62.405923,
                        848.2
                    ],
                    [
                        8.539372,
                        62.405819,
                        848.2
                    ],
                    [
                        8.539231,
                        62.405788,
                        848.2
                    ],
                    [
                        8.538903,
                        62.405746,
                        848.2
                    ],
                    [
                        8.538528,
                        62.405734,
                        847.2
                    ],
                    [
                        8.537342,
                        62.405744,
                        841.4
                    ],
                    [
                        8.535357,
                        62.405665,
                        833
                    ],
                    [
                        8.535128,
                        62.405642,
                        833
                    ],
                    [
                        8.534805,
                        62.405584,
                        832.9
                    ],
                    [
                        8.534631,
                        62.405525,
                        832.4
                    ],
                    [
                        8.534492,
                        62.405452,
                        832.5
                    ],
                    [
                        8.534358,
                        62.405331,
                        832.5
                    ],
                    [
                        8.53431,
                        62.40523,
                        832.5
                    ],
                    [
                        8.534299,
                        62.40512,
                        832.6
                    ],
                    [
                        8.534383,
                        62.404944,
                        832.5
                    ],
                    [
                        8.535113,
                        62.404153,
                        831.8
                    ],
                    [
                        8.535734,
                        62.403554,
                        827.9
                    ],
                    [
                        8.536369,
                        62.403007,
                        826.5
                    ],
                    [
                        8.536666,
                        62.402797,
                        825.4
                    ],
                    [
                        8.53685,
                        62.40271,
                        825
                    ],
                    [
                        8.537282,
                        62.4026,
                        824.5
                    ],
                    [
                        8.537488,
                        62.402512,
                        848
                    ],
                    [
                        8.537616,
                        62.402387,
                        847.6
                    ],
                    [
                        8.537621,
                        62.402248,
                        847.6
                    ],
                    [
                        8.53722,
                        62.401177,
                        845.7
                    ],
                    [
                        8.53667,
                        62.398996,
                        842
                    ],
                    [
                        8.536434,
                        62.398287,
                        843
                    ],
                    [
                        8.53634,
                        62.398181,
                        843
                    ],
                    [
                        8.536155,
                        62.397955,
                        843
                    ],
                    [
                        8.535901,
                        62.397625,
                        849.2
                    ],
                    [
                        8.535624,
                        62.397406,
                        849.8
                    ],
                    [
                        8.535394,
                        62.397314,
                        850.6
                    ],
                    [
                        8.535147,
                        62.397294,
                        850.5
                    ],
                    [
                        8.534911,
                        62.39733,
                        850.3
                    ],
                    [
                        8.534607,
                        62.397462,
                        850
                    ],
                    [
                        8.533988,
                        62.39787,
                        849.3
                    ],
                    [
                        8.533673,
                        62.398046,
                        837
                    ],
                    [
                        8.533159,
                        62.398251,
                        834.2
                    ],
                    [
                        8.532432,
                        62.3985,
                        832.6
                    ],
                    [
                        8.530594,
                        62.399071,
                        829.1
                    ],
                    [
                        8.529804,
                        62.399303,
                        829
                    ],
                    [
                        8.529571,
                        62.399348,
                        828.9
                    ],
                    [
                        8.529389,
                        62.399361,
                        828.9
                    ],
                    [
                        8.52922,
                        62.39935,
                        828.9
                    ],
                    [
                        8.528248,
                        62.399207,
                        828.9
                    ],
                    [
                        8.527767,
                        62.399154,
                        828.9
                    ],
                    [
                        8.527511,
                        62.399104,
                        828.9
                    ],
                    [
                        8.527425,
                        62.399054,
                        828.9
                    ],
                    [
                        8.527374,
                        62.398984,
                        828.9
                    ],
                    [
                        8.527365,
                        62.398907,
                        828.9
                    ],
                    [
                        8.527434,
                        62.39867,
                        828.9
                    ],
                    [
                        8.527404,
                        62.398596,
                        828.9
                    ],
                    [
                        8.527263,
                        62.398424,
                        828.8
                    ],
                    [
                        8.527041,
                        62.39833,
                        828.8
                    ],
                    [
                        8.525858,
                        62.398088,
                        828.6
                    ],
                    [
                        8.525573,
                        62.398066,
                        828.5
                    ],
                    [
                        8.525022,
                        62.398055,
                        828.4
                    ],
                    [
                        8.5245,
                        62.397981,
                        828.2
                    ],
                    [
                        8.52418,
                        62.39796,
                        828.3
                    ],
                    [
                        8.524011,
                        62.397973,
                        828.2
                    ],
                    [
                        8.523873,
                        62.398004,
                        828.3
                    ],
                    [
                        8.523179,
                        62.398251,
                        828.3
                    ],
                    [
                        8.522443,
                        62.398421,
                        827.3
                    ],
                    [
                        8.52146,
                        62.398551,
                        824.7
                    ],
                    [
                        8.520284,
                        62.398745,
                        820.3
                    ],
                    [
                        8.519341,
                        62.398859,
                        818.2
                    ],
                    [
                        8.517134,
                        62.39893,
                        813.9
                    ],
                    [
                        8.513963,
                        62.399191,
                        813.2
                    ],
                    [
                        8.51361,
                        62.399239,
                        813.6
                    ],
                    [
                        8.512809,
                        62.399402,
                        813.3
                    ],
                    [
                        8.512521,
                        62.39944,
                        813.6
                    ],
                    [
                        8.511835,
                        62.39951,
                        813.4
                    ],
                    [
                        8.511357,
                        62.399532,
                        813
                    ],
                    [
                        8.510923,
                        62.399576,
                        812.1
                    ],
                    [
                        8.50916,
                        62.399689,
                        807.2
                    ],
                    [
                        8.507055,
                        62.399944,
                        799.4
                    ],
                    [
                        8.506529,
                        62.399962,
                        798.6
                    ],
                    [
                        8.50584,
                        62.399956,
                        795.8
                    ],
                    [
                        8.504857,
                        62.399991,
                        793.6
                    ],
                    [
                        8.50339,
                        62.400011,
                        792.7
                    ],
                    [
                        8.503044,
                        62.400001,
                        792.6
                    ],
                    [
                        8.50258,
                        62.399959,
                        792.5
                    ],
                    [
                        8.501965,
                        62.399933,
                        792.4
                    ],
                    [
                        8.501816,
                        62.399911,
                        792.1
                    ],
                    [
                        8.501531,
                        62.399837,
                        792.5
                    ],
                    [
                        8.500642,
                        62.399552,
                        793.4
                    ],
                    [
                        8.500152,
                        62.399425,
                        794
                    ],
                    [
                        8.498953,
                        62.399206,
                        794.4
                    ],
                    [
                        8.498304,
                        62.399127,
                        793.3
                    ],
                    [
                        8.495794,
                        62.398941,
                        788.2
                    ],
                    [
                        8.494983,
                        62.398831,
                        786.5
                    ],
                    [
                        8.494403,
                        62.398695,
                        786.1
                    ],
                    [
                        8.49404,
                        62.398593,
                        785.8
                    ],
                    [
                        8.493444,
                        62.398396,
                        785.3
                    ],
                    [
                        8.492707,
                        62.398179,
                        784.9
                    ],
                    [
                        8.492375,
                        62.398104,
                        785
                    ],
                    [
                        8.4918,
                        62.398013,
                        785.3
                    ],
                    [
                        8.491477,
                        62.397925,
                        785.2
                    ],
                    [
                        8.491195,
                        62.397825,
                        785.1
                    ],
                    [
                        8.490731,
                        62.397625,
                        786.9
                    ],
                    [
                        8.490166,
                        62.397452,
                        788.8
                    ],
                    [
                        8.489812,
                        62.397281,
                        790.2
                    ],
                    [
                        8.489436,
                        62.397059,
                        791.9
                    ],
                    [
                        8.48909,
                        62.396796,
                        793.9
                    ],
                    [
                        8.488263,
                        62.396096,
                        793.9
                    ],
                    [
                        8.487395,
                        62.395288,
                        798.5
                    ],
                    [
                        8.487066,
                        62.395026,
                        799.6
                    ],
                    [
                        8.486583,
                        62.394432,
                        800.2
                    ],
                    [
                        8.486435,
                        62.394337,
                        800
                    ],
                    [
                        8.486286,
                        62.394279,
                        799.5
                    ],
                    [
                        8.485596,
                        62.394086,
                        798.7
                    ],
                    [
                        8.485069,
                        62.393871,
                        797.8
                    ],
                    [
                        8.484689,
                        62.393784,
                        797.4
                    ],
                    [
                        8.484054,
                        62.393682,
                        796.7
                    ],
                    [
                        8.48385,
                        62.39367,
                        796.3
                    ],
                    [
                        8.483093,
                        62.393666,
                        794.8
                    ],
                    [
                        8.48283,
                        62.39365,
                        792
                    ],
                    [
                        8.482685,
                        62.393635,
                        816.3
                    ],
                    [
                        8.482325,
                        62.393561,
                        817.6
                    ],
                    [
                        8.481925,
                        62.393436,
                        818.8
                    ],
                    [
                        8.481798,
                        62.393364,
                        819.3
                    ],
                    [
                        8.48158,
                        62.393089,
                        820.3
                    ],
                    [
                        8.481492,
                        62.393029,
                        820.7
                    ],
                    [
                        8.481391,
                        62.392989,
                        820.8
                    ],
                    [
                        8.481182,
                        62.392955,
                        820.9
                    ],
                    [
                        8.480946,
                        62.392944,
                        821.1
                    ],
                    [
                        8.480414,
                        62.392945,
                        821.4
                    ],
                    [
                        8.479674,
                        62.39298,
                        824.1
                    ],
                    [
                        8.479147,
                        62.392969,
                        824.2
                    ],
                    [
                        8.478916,
                        62.392943,
                        824.3
                    ],
                    [
                        8.477862,
                        62.392696,
                        824.6
                    ],
                    [
                        8.477358,
                        62.392544,
                        824.8
                    ],
                    [
                        8.476619,
                        62.392357,
                        825.2
                    ],
                    [
                        8.476196,
                        62.392189,
                        826
                    ],
                    [
                        8.475838,
                        62.392018,
                        830.6
                    ],
                    [
                        8.475515,
                        62.391805,
                        830.2
                    ],
                    [
                        8.475357,
                        62.391768,
                        830.5
                    ],
                    [
                        8.475194,
                        62.391761,
                        830.3
                    ],
                    [
                        8.474987,
                        62.391777,
                        830.7
                    ],
                    [
                        8.474553,
                        62.391849,
                        831.5
                    ],
                    [
                        8.474118,
                        62.391884,
                        832.4
                    ],
                    [
                        8.47348,
                        62.391885,
                        834.2
                    ],
                    [
                        8.473169,
                        62.391855,
                        835.5
                    ],
                    [
                        8.472587,
                        62.391744,
                        840.1
                    ],
                    [
                        8.471881,
                        62.391583,
                        845
                    ],
                    [
                        8.471212,
                        62.391401,
                        853
                    ],
                    [
                        8.470062,
                        62.391278,
                        861.2
                    ],
                    [
                        8.469814,
                        62.391213,
                        862.6
                    ],
                    [
                        8.469637,
                        62.39114,
                        862.8
                    ],
                    [
                        8.469265,
                        62.390853,
                        865.4
                    ],
                    [
                        8.469049,
                        62.390722,
                        865.4
                    ],
                    [
                        8.468956,
                        62.390692,
                        865.5
                    ],
                    [
                        8.468807,
                        62.390681,
                        865.4
                    ],
                    [
                        8.468464,
                        62.390721,
                        865.8
                    ],
                    [
                        8.468149,
                        62.390739,
                        865.9
                    ],
                    [
                        8.467797,
                        62.390791,
                        866.1
                    ],
                    [
                        8.466794,
                        62.390888,
                        866.5
                    ],
                    [
                        8.466429,
                        62.390891,
                        866.5
                    ],
                    [
                        8.465394,
                        62.390856,
                        866.3
                    ],
                    [
                        8.465178,
                        62.390857,
                        866.1
                    ],
                    [
                        8.464749,
                        62.390884,
                        865.8
                    ],
                    [
                        8.463256,
                        62.391125,
                        866.3
                    ],
                    [
                        8.462863,
                        62.391158,
                        866.5
                    ],
                    [
                        8.461975,
                        62.39117,
                        867.7
                    ],
                    [
                        8.461198,
                        62.391237,
                        869.2
                    ],
                    [
                        8.460517,
                        62.391253,
                        870.4
                    ],
                    [
                        8.458905,
                        62.391257,
                        872.1
                    ],
                    [
                        8.457949,
                        62.391295,
                        872.6
                    ],
                    [
                        8.457224,
                        62.391261,
                        872.8
                    ],
                    [
                        8.456799,
                        62.391262,
                        872.6
                    ],
                    [
                        8.456399,
                        62.391285,
                        871.9
                    ],
                    [
                        8.45591,
                        62.391343,
                        871.9
                    ],
                    [
                        8.454604,
                        62.391396,
                        869.3
                    ],
                    [
                        8.453623,
                        62.39142,
                        865
                    ],
                    [
                        8.452018,
                        62.391561,
                        858.1
                    ],
                    [
                        8.449167,
                        62.391851,
                        843.5
                    ],
                    [
                        8.448342,
                        62.391819,
                        844
                    ],
                    [
                        8.447951,
                        62.391833,
                        844.2
                    ],
                    [
                        8.447542,
                        62.391898,
                        844.4
                    ],
                    [
                        8.446922,
                        62.392024,
                        844.8
                    ],
                    [
                        8.446543,
                        62.392058,
                        844.9
                    ],
                    [
                        8.444676,
                        62.392085,
                        845.7
                    ],
                    [
                        8.444032,
                        62.392082,
                        846
                    ],
                    [
                        8.443588,
                        62.392036,
                        846.4
                    ],
                    [
                        8.442849,
                        62.391891,
                        846.7
                    ],
                    [
                        8.442254,
                        62.391746,
                        847.1
                    ],
                    [
                        8.441628,
                        62.391638,
                        847.4
                    ],
                    [
                        8.441252,
                        62.391627,
                        847.4
                    ],
                    [
                        8.440554,
                        62.391676,
                        848.4
                    ],
                    [
                        8.440083,
                        62.391666,
                        848
                    ],
                    [
                        8.439455,
                        62.391615,
                        850
                    ],
                    [
                        8.437986,
                        62.391461,
                        869.5
                    ],
                    [
                        8.437064,
                        62.391408,
                        888.5
                    ],
                    [
                        8.435824,
                        62.391314,
                        900
                    ],
                    [
                        8.435074,
                        62.391299,
                        899
                    ],
                    [
                        8.434918,
                        62.391311,
                        898.6
                    ],
                    [
                        8.43451,
                        62.391376,
                        898.9
                    ],
                    [
                        8.433151,
                        62.391645,
                        887.5
                    ],
                    [
                        8.432672,
                        62.3917,
                        882
                    ],
                    [
                        8.432285,
                        62.391716,
                        877.5
                    ],
                    [
                        8.431206,
                        62.391649,
                        866.6
                    ],
                    [
                        8.430634,
                        62.391636,
                        868
                    ],
                    [
                        8.430384,
                        62.391644,
                        868.7
                    ],
                    [
                        8.430127,
                        62.391674,
                        870.1
                    ],
                    [
                        8.428686,
                        62.391888,
                        875.9
                    ],
                    [
                        8.428502,
                        62.391892,
                        876.7
                    ],
                    [
                        8.427487,
                        62.391837,
                        880.4
                    ],
                    [
                        8.42692,
                        62.391876,
                        882.1
                    ],
                    [
                        8.426095,
                        62.39187,
                        883.5
                    ],
                    [
                        8.425541,
                        62.391882,
                        884.4
                    ],
                    [
                        8.425272,
                        62.391901,
                        884.4
                    ],
                    [
                        8.42479,
                        62.391961,
                        885.2
                    ],
                    [
                        8.423469,
                        62.392176,
                        887.7
                    ],
                    [
                        8.422318,
                        62.392331,
                        890.1
                    ],
                    [
                        8.422097,
                        62.392369,
                        890.9
                    ],
                    [
                        8.421739,
                        62.392458,
                        891.8
                    ],
                    [
                        8.421053,
                        62.392693,
                        892.8
                    ],
                    [
                        8.419826,
                        62.392958,
                        895.5
                    ],
                    [
                        8.419366,
                        62.39308,
                        895.4
                    ],
                    [
                        8.417235,
                        62.393865,
                        882.8
                    ],
                    [
                        8.416815,
                        62.393982,
                        880.3
                    ],
                    [
                        8.416551,
                        62.394032,
                        878.3
                    ],
                    [
                        8.41589,
                        62.394254,
                        876.4
                    ],
                    [
                        8.415725,
                        62.394295,
                        876.6
                    ],
                    [
                        8.415278,
                        62.394333,
                        876.8
                    ],
                    [
                        8.41446,
                        62.394345,
                        877
                    ],
                    [
                        8.414158,
                        62.394362,
                        877.8
                    ],
                    [
                        8.413729,
                        62.394416,
                        879.1
                    ],
                    [
                        8.413237,
                        62.394512,
                        881.2
                    ],
                    [
                        8.411839,
                        62.394951,
                        886.2
                    ],
                    [
                        8.411366,
                        62.395061,
                        886.6
                    ],
                    [
                        8.411013,
                        62.395105,
                        887.4
                    ],
                    [
                        8.410185,
                        62.395126,
                        890.4
                    ],
                    [
                        8.409951,
                        62.395146,
                        890.8
                    ],
                    [
                        8.409413,
                        62.395228,
                        892.2
                    ],
                    [
                        8.408151,
                        62.395533,
                        893.9
                    ],
                    [
                        8.407846,
                        62.395591,
                        895.4
                    ],
                    [
                        8.407363,
                        62.395639,
                        896.5
                    ],
                    [
                        8.406782,
                        62.395662,
                        901
                    ],
                    [
                        8.405993,
                        62.395627,
                        905.5
                    ],
                    [
                        8.40563,
                        62.395591,
                        906.2
                    ],
                    [
                        8.405505,
                        62.395558,
                        906.8
                    ],
                    [
                        8.403351,
                        62.394741,
                        914.3
                    ],
                    [
                        8.403191,
                        62.394699,
                        916
                    ],
                    [
                        8.403042,
                        62.394688,
                        916
                    ],
                    [
                        8.402845,
                        62.394701,
                        916.9
                    ],
                    [
                        8.40185,
                        62.394793,
                        920.5
                    ],
                    [
                        8.401518,
                        62.394837,
                        921.9
                    ],
                    [
                        8.400155,
                        62.39506,
                        928.6
                    ],
                    [
                        8.398917,
                        62.395337,
                        930.9
                    ],
                    [
                        8.397906,
                        62.395627,
                        930
                    ],
                    [
                        8.396932,
                        62.395964,
                        923.1
                    ],
                    [
                        8.395849,
                        62.396296,
                        914.6
                    ],
                    [
                        8.395325,
                        62.396423,
                        914.2
                    ],
                    [
                        8.394616,
                        62.396535,
                        916
                    ],
                    [
                        8.394429,
                        62.396581,
                        915.8
                    ],
                    [
                        8.393491,
                        62.396957,
                        919.4
                    ],
                    [
                        8.392967,
                        62.397203,
                        923.9
                    ],
                    [
                        8.390778,
                        62.397792,
                        923.3
                    ],
                    [
                        8.38997,
                        62.398047,
                        917.4
                    ],
                    [
                        8.389316,
                        62.398298,
                        912.4
                    ],
                    [
                        8.389102,
                        62.398358,
                        912.9
                    ],
                    [
                        8.388641,
                        62.398424,
                        911.1
                    ],
                    [
                        8.388399,
                        62.398435,
                        911.3
                    ],
                    [
                        8.387321,
                        62.398431,
                        913.8
                    ],
                    [
                        8.386767,
                        62.398463,
                        916.1
                    ],
                    [
                        8.386605,
                        62.398489,
                        917.9
                    ],
                    [
                        8.385982,
                        62.39866,
                        920.4
                    ],
                    [
                        8.384722,
                        62.398952,
                        924.3
                    ],
                    [
                        8.384035,
                        62.39908,
                        927.3
                    ],
                    [
                        8.383821,
                        62.3991,
                        928.3
                    ],
                    [
                        8.383586,
                        62.399101,
                        928.9
                    ],
                    [
                        8.383035,
                        62.399009,
                        930.6
                    ],
                    [
                        8.382485,
                        62.398964,
                        931.6
                    ],
                    [
                        8.38217,
                        62.398954,
                        932.7
                    ],
                    [
                        8.38179,
                        62.398977,
                        933.8
                    ],
                    [
                        8.379947,
                        62.399216,
                        937.5
                    ],
                    [
                        8.379564,
                        62.399251,
                        937.9
                    ],
                    [
                        8.379395,
                        62.399243,
                        938.1
                    ],
                    [
                        8.37894,
                        62.399172,
                        938.8
                    ],
                    [
                        8.378442,
                        62.399142,
                        939.4
                    ],
                    [
                        8.377718,
                        62.39919,
                        941.2
                    ],
                    [
                        8.376955,
                        62.399284,
                        942.1
                    ],
                    [
                        8.376611,
                        62.399313,
                        943.7
                    ],
                    [
                        8.375441,
                        62.399337,
                        946.7
                    ],
                    [
                        8.374859,
                        62.399327,
                        947.3
                    ],
                    [
                        8.374098,
                        62.399244,
                        948.4
                    ],
                    [
                        8.373596,
                        62.399171,
                        949.2
                    ],
                    [
                        8.37322,
                        62.399143,
                        949
                    ],
                    [
                        8.372555,
                        62.399128,
                        947.9
                    ],
                    [
                        8.370567,
                        62.398969,
                        943.3
                    ],
                    [
                        8.370058,
                        62.398922,
                        941.7
                    ],
                    [
                        8.368149,
                        62.398676,
                        935.3
                    ],
                    [
                        8.36668,
                        62.398582,
                        932.8
                    ],
                    [
                        8.366569,
                        62.398552,
                        932.6
                    ],
                    [
                        8.366385,
                        62.398435,
                        930
                    ],
                    [
                        8.366239,
                        62.398137,
                        929.1
                    ],
                    [
                        8.366128,
                        62.398077,
                        928
                    ],
                    [
                        8.365977,
                        62.398049,
                        927.8
                    ],
                    [
                        8.365798,
                        62.398055,
                        927.1
                    ],
                    [
                        8.36545,
                        62.398107,
                        926.3
                    ],
                    [
                        8.365274,
                        62.398111,
                        926.1
                    ],
                    [
                        8.364596,
                        62.397991,
                        925.2
                    ],
                    [
                        8.36413,
                        62.397865,
                        921.5
                    ],
                    [
                        8.364006,
                        62.397806,
                        904
                    ],
                    [
                        8.363322,
                        62.397409,
                        952.7
                    ],
                    [
                        8.362874,
                        62.397216,
                        953.5
                    ],
                    [
                        8.362645,
                        62.397147,
                        954.5
                    ],
                    [
                        8.362005,
                        62.397059,
                        951.3
                    ],
                    [
                        8.361785,
                        62.397012,
                        950.4
                    ],
                    [
                        8.361555,
                        62.396935,
                        949
                    ],
                    [
                        8.360549,
                        62.396572,
                        933.7
                    ],
                    [
                        8.35928,
                        62.395996,
                        909.1
                    ],
                    [
                        8.358851,
                        62.39585,
                        896
                    ],
                    [
                        8.35708,
                        62.39544,
                        904.5
                    ],
                    [
                        8.356644,
                        62.395285,
                        904.3
                    ],
                    [
                        8.356222,
                        62.3951,
                        902.7
                    ],
                    [
                        8.355685,
                        62.394805,
                        900.9
                    ],
                    [
                        8.355488,
                        62.394721,
                        899.2
                    ],
                    [
                        8.354797,
                        62.394481,
                        895.5
                    ],
                    [
                        8.354609,
                        62.39444,
                        893.5
                    ],
                    [
                        8.354294,
                        62.394404,
                        891
                    ],
                    [
                        8.354079,
                        62.394415,
                        890.6
                    ],
                    [
                        8.353995,
                        62.394441,
                        892
                    ],
                    [
                        8.353935,
                        62.394506,
                        892
                    ],
                    [
                        8.353952,
                        62.394557,
                        892
                    ],
                    [
                        8.354013,
                        62.394588,
                        892
                    ],
                    [
                        8.35416,
                        62.394659,
                        880.3
                    ],
                    [
                        8.354347,
                        62.394828,
                        879.7
                    ],
                    [
                        8.354398,
                        62.394911,
                        880.3
                    ],
                    [
                        8.354508,
                        62.39546,
                        878.1
                    ],
                    [
                        8.354507,
                        62.395576,
                        877.3
                    ],
                    [
                        8.354467,
                        62.395671,
                        877.9
                    ],
                    [
                        8.354352,
                        62.395817,
                        874.8
                    ],
                    [
                        8.353768,
                        62.396291,
                        860.9
                    ],
                    [
                        8.353453,
                        62.396609,
                        856.4
                    ],
                    [
                        8.353228,
                        62.396898,
                        848.9
                    ],
                    [
                        8.353064,
                        62.397201,
                        847.2
                    ],
                    [
                        8.35304,
                        62.397398,
                        846.2
                    ],
                    [
                        8.353203,
                        62.397959,
                        840.4
                    ],
                    [
                        8.353461,
                        62.398467,
                        831.8
                    ],
                    [
                        8.353438,
                        62.39855,
                        829.8
                    ],
                    [
                        8.353273,
                        62.398757,
                        825.4
                    ],
                    [
                        8.352389,
                        62.399449,
                        817.9
                    ],
                    [
                        8.351565,
                        62.40014,
                        796
                    ],
                    [
                        8.350988,
                        62.400613,
                        790.1
                    ],
                    [
                        8.350848,
                        62.400759,
                        789.7
                    ],
                    [
                        8.350774,
                        62.400888,
                        790.2
                    ],
                    [
                        8.350588,
                        62.401378,
                        785.9
                    ],
                    [
                        8.350518,
                        62.401489,
                        784.9
                    ],
                    [
                        8.350264,
                        62.401748,
                        783
                    ],
                    [
                        8.350087,
                        62.402041,
                        779.7
                    ],
                    [
                        8.349973,
                        62.402475,
                        770.7
                    ],
                    [
                        8.34991,
                        62.402582,
                        769.6
                    ],
                    [
                        8.349599,
                        62.402862,
                        768.3
                    ],
                    [
                        8.349185,
                        62.403337,
                        767.5
                    ],
                    [
                        8.348946,
                        62.403566,
                        769.9
                    ],
                    [
                        8.348889,
                        62.403677,
                        771.2
                    ],
                    [
                        8.348899,
                        62.403818,
                        772.3
                    ],
                    [
                        8.348957,
                        62.403983,
                        773.3
                    ],
                    [
                        8.349006,
                        62.404326,
                        768.4
                    ],
                    [
                        8.348914,
                        62.404595,
                        764.6
                    ],
                    [
                        8.348697,
                        62.404915,
                        760.3
                    ],
                    [
                        8.348226,
                        62.405362,
                        755.2
                    ],
                    [
                        8.347466,
                        62.405746,
                        756.5
                    ],
                    [
                        8.346891,
                        62.406119,
                        753.7
                    ],
                    [
                        8.344686,
                        62.40742,
                        725.1
                    ],
                    [
                        8.34449,
                        62.407553,
                        724.5
                    ],
                    [
                        8.344399,
                        62.407647,
                        723.6
                    ],
                    [
                        8.344355,
                        62.407763,
                        723.1
                    ],
                    [
                        8.344274,
                        62.408396,
                        712.1
                    ],
                    [
                        8.344258,
                        62.408838,
                        698
                    ],
                    [
                        8.344132,
                        62.409078,
                        689.5
                    ],
                    [
                        8.344031,
                        62.409204,
                        675.7
                    ],
                    [
                        8.343889,
                        62.409357,
                        675.6
                    ],
                    [
                        8.3433,
                        62.409849,
                        684.1
                    ],
                    [
                        8.343095,
                        62.409954,
                        684.9
                    ],
                    [
                        8.342878,
                        62.410025,
                        685.9
                    ],
                    [
                        8.342455,
                        62.410115,
                        687.4
                    ],
                    [
                        8.342372,
                        62.41017,
                        688.8
                    ],
                    [
                        8.342385,
                        62.410256,
                        689.2
                    ],
                    [
                        8.342523,
                        62.410322,
                        687
                    ],
                    [
                        8.342723,
                        62.410348,
                        684
                    ],
                    [
                        8.342945,
                        62.41034,
                        682.1
                    ],
                    [
                        8.343177,
                        62.410302,
                        680.3
                    ],
                    [
                        8.343643,
                        62.410127,
                        681.3
                    ],
                    [
                        8.344502,
                        62.409735,
                        681.6
                    ],
                    [
                        8.344945,
                        62.409477,
                        668.2
                    ],
                    [
                        8.345296,
                        62.409186,
                        672
                    ],
                    [
                        8.345387,
                        62.409062,
                        673.2
                    ],
                    [
                        8.34553,
                        62.408763,
                        674
                    ],
                    [
                        8.345631,
                        62.40864,
                        674.5
                    ],
                    [
                        8.345745,
                        62.408558,
                        673.8
                    ],
                    [
                        8.345891,
                        62.408526,
                        671.6
                    ],
                    [
                        8.346058,
                        62.408556,
                        670.3
                    ],
                    [
                        8.346107,
                        62.408602,
                        669
                    ],
                    [
                        8.346099,
                        62.408668,
                        668.3
                    ],
                    [
                        8.345884,
                        62.40895,
                        665.8
                    ],
                    [
                        8.345736,
                        62.409335,
                        664.6
                    ],
                    [
                        8.345437,
                        62.409633,
                        665
                    ],
                    [
                        8.345208,
                        62.41003,
                        662.8
                    ],
                    [
                        8.344757,
                        62.410457,
                        656.4
                    ],
                    [
                        8.34454,
                        62.410748,
                        648.7
                    ],
                    [
                        8.344312,
                        62.411406,
                        625.4
                    ],
                    [
                        8.344145,
                        62.411733,
                        620
                    ],
                    [
                        8.343892,
                        62.412004,
                        615.3
                    ],
                    [
                        8.343594,
                        62.412196,
                        613.9
                    ],
                    [
                        8.343277,
                        62.412304,
                        615.2
                    ],
                    [
                        8.34283,
                        62.412359,
                        615.5
                    ],
                    [
                        8.342367,
                        62.412449,
                        612.2
                    ],
                    [
                        8.342039,
                        62.412493,
                        609.7
                    ],
                    [
                        8.341688,
                        62.412494,
                        605.4
                    ],
                    [
                        8.341414,
                        62.412442,
                        601.6
                    ],
                    [
                        8.341217,
                        62.412322,
                        599.1
                    ],
                    [
                        8.340893,
                        62.412162,
                        599.1
                    ],
                    [
                        8.340812,
                        62.412094,
                        598.6
                    ],
                    [
                        8.340717,
                        62.411854,
                        597.6
                    ],
                    [
                        8.340701,
                        62.41137,
                        593.2
                    ],
                    [
                        8.340566,
                        62.411093,
                        603.5
                    ],
                    [
                        8.340402,
                        62.410997,
                        603.6
                    ],
                    [
                        8.340271,
                        62.41095,
                        603
                    ],
                    [
                        8.340011,
                        62.410893,
                        603.1
                    ],
                    [
                        8.33971,
                        62.410895,
                        602.1
                    ],
                    [
                        8.339029,
                        62.410972,
                        600.1
                    ],
                    [
                        8.336026,
                        62.411251,
                        576.1
                    ],
                    [
                        8.334769,
                        62.411347,
                        575.3
                    ],
                    [
                        8.334514,
                        62.411355,
                        574
                    ],
                    [
                        8.333934,
                        62.411343,
                        573.3
                    ],
                    [
                        8.333717,
                        62.411397,
                        574
                    ],
                    [
                        8.333612,
                        62.411469,
                        574.2
                    ],
                    [
                        8.333518,
                        62.411609,
                        574.3
                    ],
                    [
                        8.333484,
                        62.411793,
                        575.4
                    ],
                    [
                        8.333563,
                        62.411951,
                        575.5
                    ],
                    [
                        8.333971,
                        62.412404,
                        574
                    ],
                    [
                        8.334013,
                        62.412484,
                        571.4
                    ],
                    [
                        8.333996,
                        62.412559,
                        568.2
                    ],
                    [
                        8.333891,
                        62.412617,
                        566
                    ],
                    [
                        8.333767,
                        62.412639,
                        562.5
                    ],
                    [
                        8.333572,
                        62.412629,
                        560.6
                    ],
                    [
                        8.332984,
                        62.41253,
                        558.6
                    ],
                    [
                        8.332801,
                        62.412538,
                        556.7
                    ],
                    [
                        8.332649,
                        62.412593,
                        553
                    ],
                    [
                        8.33222,
                        62.413076,
                        539
                    ],
                    [
                        8.332027,
                        62.413338,
                        530.6
                    ],
                    [
                        8.331931,
                        62.413501,
                        530.1
                    ],
                    [
                        8.331819,
                        62.41379,
                        527.4
                    ],
                    [
                        8.331543,
                        62.414124,
                        522.8
                    ],
                    [
                        8.331323,
                        62.414509,
                        511.9
                    ],
                    [
                        8.331086,
                        62.414718,
                        505.8
                    ],
                    [
                        8.330859,
                        62.414861,
                        501.6
                    ],
                    [
                        8.330663,
                        62.414943,
                        498.6
                    ],
                    [
                        8.329682,
                        62.415213,
                        486.7
                    ],
                    [
                        8.329524,
                        62.415233,
                        486.2
                    ],
                    [
                        8.329387,
                        62.415233,
                        483.1
                    ],
                    [
                        8.32925,
                        62.415213,
                        482.6
                    ],
                    [
                        8.328004,
                        62.414927,
                        475.8
                    ],
                    [
                        8.327647,
                        62.414858,
                        480.7
                    ],
                    [
                        8.326815,
                        62.414651,
                        471.2
                    ],
                    [
                        8.326307,
                        62.414601,
                        460.7
                    ],
                    [
                        8.325466,
                        62.414486,
                        453.6
                    ],
                    [
                        8.325305,
                        62.414426,
                        465.3
                    ],
                    [
                        8.325137,
                        62.41424,
                        641
                    ],
                    [
                        8.325048,
                        62.414133,
                        633
                    ],
                    [
                        8.325011,
                        62.414016,
                        627
                    ],
                    [
                        8.325049,
                        62.41394,
                        624.3
                    ],
                    [
                        8.325137,
                        62.413875,
                        621.5
                    ],
                    [
                        8.325316,
                        62.413797,
                        615.5
                    ],
                    [
                        8.325532,
                        62.413751,
                        607.3
                    ],
                    [
                        8.32578,
                        62.413757,
                        597.5
                    ],
                    [
                        8.325931,
                        62.413793,
                        591.2
                    ],
                    [
                        8.326089,
                        62.413886,
                        584.1
                    ],
                    [
                        8.326498,
                        62.41428,
                        559
                    ],
                    [
                        8.326736,
                        62.414546,
                        540.1
                    ],
                    [
                        8.327041,
                        62.414824,
                        515.7
                    ],
                    [
                        8.327151,
                        62.414879,
                        508
                    ],
                    [
                        8.32749,
                        62.414995,
                        486.4
                    ],
                    [
                        8.327587,
                        62.415048,
                        479.9
                    ],
                    [
                        8.327671,
                        62.415117,
                        473.4
                    ],
                    [
                        8.327732,
                        62.415237,
                        465
                    ],
                    [
                        8.327898,
                        62.415359,
                        467.5
                    ],
                    [
                        8.328104,
                        62.415449,
                        467.3
                    ],
                    [
                        8.328678,
                        62.415616,
                        467.7
                    ],
                    [
                        8.329439,
                        62.415888,
                        468
                    ],
                    [
                        8.329653,
                        62.415929,
                        468.5
                    ],
                    [
                        8.330324,
                        62.416005,
                        469.1
                    ],
                    [
                        8.331004,
                        62.416134,
                        471.3
                    ],
                    [
                        8.331307,
                        62.416134,
                        470.6
                    ],
                    [
                        8.33154,
                        62.416104,
                        468.2
                    ],
                    [
                        8.331799,
                        62.416022,
                        465.1
                    ],
                    [
                        8.332087,
                        62.415809,
                        459.1
                    ],
                    [
                        8.332306,
                        62.415687,
                        455.8
                    ],
                    [
                        8.333605,
                        62.41506,
                        421
                    ],
                    [
                        8.334119,
                        62.414861,
                        404.6
                    ],
                    [
                        8.334244,
                        62.414834,
                        398.4
                    ],
                    [
                        8.334933,
                        62.414764,
                        387.5
                    ],
                    [
                        8.335665,
                        62.41472,
                        382.6
                    ],
                    [
                        8.336534,
                        62.414685,
                        379.4
                    ],
                    [
                        8.336885,
                        62.414685,
                        378
                    ],
                    [
                        8.336994,
                        62.4147,
                        377.4
                    ],
                    [
                        8.337182,
                        62.414756,
                        375.9
                    ],
                    [
                        8.337811,
                        62.41505,
                        375.1
                    ],
                    [
                        8.338182,
                        62.415148,
                        375.7
                    ],
                    [
                        8.338429,
                        62.415178,
                        377.8
                    ],
                    [
                        8.339156,
                        62.415214,
                        380.7
                    ],
                    [
                        8.339721,
                        62.415274,
                        397.7
                    ],
                    [
                        8.340721,
                        62.415475,
                        405.8
                    ],
                    [
                        8.342124,
                        62.415874,
                        420.1
                    ],
                    [
                        8.342202,
                        62.41591,
                        420.7
                    ],
                    [
                        8.342209,
                        62.415945,
                        421.3
                    ],
                    [
                        8.342165,
                        62.415987,
                        421.8
                    ],
                    [
                        8.342087,
                        62.416012,
                        422.3
                    ],
                    [
                        8.341894,
                        62.416005,
                        421.6
                    ],
                    [
                        8.341472,
                        62.415826,
                        418.9
                    ],
                    [
                        8.341239,
                        62.415755,
                        417.6
                    ],
                    [
                        8.340983,
                        62.415701,
                        413.4
                    ],
                    [
                        8.340816,
                        62.415682,
                        412.6
                    ],
                    [
                        8.340306,
                        62.415668,
                        408.1
                    ],
                    [
                        8.339437,
                        62.415714,
                        398.5
                    ],
                    [
                        8.338636,
                        62.415834,
                        379
                    ],
                    [
                        8.338336,
                        62.415917,
                        370.9
                    ],
                    [
                        8.338215,
                        62.415973,
                        371.1
                    ],
                    [
                        8.337719,
                        62.416292,
                        350.7
                    ],
                    [
                        8.337461,
                        62.416513,
                        346.5
                    ],
                    [
                        8.337273,
                        62.416605,
                        334.2
                    ],
                    [
                        8.337028,
                        62.41668,
                        327.9
                    ],
                    [
                        8.335651,
                        62.417017,
                        297.3
                    ],
                    [
                        8.334762,
                        62.417029,
                        284.9
                    ],
                    [
                        8.334457,
                        62.417075,
                        288.5
                    ],
                    [
                        8.334214,
                        62.417136,
                        289.6
                    ],
                    [
                        8.333937,
                        62.417231,
                        290.5
                    ],
                    [
                        8.333227,
                        62.417553,
                        292.1
                    ],
                    [
                        8.332914,
                        62.417644,
                        293.9
                    ],
                    [
                        8.332638,
                        62.41769,
                        295.9
                    ],
                    [
                        8.332477,
                        62.417698,
                        296.1
                    ],
                    [
                        8.332188,
                        62.417675,
                        296.4
                    ],
                    [
                        8.331791,
                        62.417607,
                        296.7
                    ],
                    [
                        8.331335,
                        62.417571,
                        297.1
                    ],
                    [
                        8.330908,
                        62.417605,
                        298.3
                    ],
                    [
                        8.330073,
                        62.417764,
                        297
                    ],
                    [
                        8.329629,
                        62.417776,
                        296.3
                    ],
                    [
                        8.329112,
                        62.417743,
                        295.3
                    ],
                    [
                        8.327577,
                        62.41773,
                        284.4
                    ],
                    [
                        8.326813,
                        62.417664,
                        278.6
                    ],
                    [
                        8.325957,
                        62.417623,
                        273.3
                    ],
                    [
                        8.325802,
                        62.417627,
                        272.2
                    ],
                    [
                        8.324952,
                        62.417757,
                        269
                    ],
                    [
                        8.324632,
                        62.417783,
                        267.4
                    ],
                    [
                        8.323286,
                        62.418,
                        259.4
                    ],
                    [
                        8.322419,
                        62.41822,
                        255.4
                    ],
                    [
                        8.321067,
                        62.418646,
                        246.5
                    ],
                    [
                        8.32077,
                        62.418772,
                        230.4
                    ],
                    [
                        8.319999,
                        62.419178,
                        220
                    ],
                    [
                        8.319247,
                        62.419708,
                        210.9
                    ],
                    [
                        8.319088,
                        62.419853,
                        212.4
                    ],
                    [
                        8.318954,
                        62.420071,
                        213.7
                    ],
                    [
                        8.318868,
                        62.420296,
                        213.8
                    ],
                    [
                        8.318619,
                        62.42067,
                        213.6
                    ],
                    [
                        8.318601,
                        62.420823,
                        186
                    ],
                    [
                        8.318504,
                        62.42092,
                        186
                    ],
                    [
                        8.318425,
                        62.420971,
                        186
                    ],
                    [
                        8.318195,
                        62.421137,
                        186
                    ],
                    [
                        8.318141,
                        62.421226,
                        186
                    ],
                    [
                        8.318145,
                        62.421496,
                        186
                    ],
                    [
                        8.318268,
                        62.421868,
                        186
                    ],
                    [
                        8.318242,
                        62.421908,
                        184.1
                    ],
                    [
                        8.318249,
                        62.421999,
                        184.2
                    ],
                    [
                        8.318532,
                        62.422444,
                        183.9
                    ],
                    [
                        8.318575,
                        62.4226,
                        184
                    ],
                    [
                        8.318568,
                        62.422711,
                        184.2
                    ],
                    [
                        8.318481,
                        62.422912,
                        183.7
                    ],
                    [
                        8.318247,
                        62.423161,
                        183.2
                    ],
                    [
                        8.318059,
                        62.423298,
                        182.8
                    ],
                    [
                        8.317734,
                        62.423466,
                        182.3
                    ],
                    [
                        8.317176,
                        62.42366,
                        181.5
                    ],
                    [
                        8.316314,
                        62.423878,
                        181.6
                    ],
                    [
                        8.315135,
                        62.42414,
                        183.1
                    ],
                    [
                        8.314242,
                        62.424426,
                        184.8
                    ],
                    [
                        8.313838,
                        62.424582,
                        185.8
                    ],
                    [
                        8.312454,
                        62.425205,
                        185.1
                    ],
                    [
                        8.311631,
                        62.42554,
                        182.4
                    ],
                    [
                        8.31107,
                        62.425713,
                        181.9
                    ],
                    [
                        8.309933,
                        62.425966,
                        183.5
                    ],
                    [
                        8.30946,
                        62.426108,
                        185
                    ],
                    [
                        8.308917,
                        62.4263,
                        186.4
                    ],
                    [
                        8.305305,
                        62.427799,
                        186
                    ],
                    [
                        8.303865,
                        62.428377,
                        195.2
                    ],
                    [
                        8.301834,
                        62.429223,
                        191.7
                    ],
                    [
                        8.301165,
                        62.429457,
                        185.8
                    ],
                    [
                        8.300545,
                        62.429648,
                        183.3
                    ],
                    [
                        8.299433,
                        62.430142,
                        180.6
                    ],
                    [
                        8.298598,
                        62.430541,
                        182.8
                    ],
                    [
                        8.29782,
                        62.430984,
                        184.9
                    ],
                    [
                        8.296786,
                        62.431488,
                        181.6
                    ],
                    [
                        8.29543,
                        62.432364,
                        169
                    ],
                    [
                        8.295322,
                        62.432436,
                        169
                    ],
                    [
                        8.29449,
                        62.433018,
                        166.7
                    ],
                    [
                        8.293655,
                        62.433555,
                        164.2
                    ],
                    [
                        8.291663,
                        62.434904,
                        161.5
                    ],
                    [
                        8.291413,
                        62.435103,
                        161.9
                    ],
                    [
                        8.29104,
                        62.435488,
                        161.6
                    ],
                    [
                        8.290355,
                        62.436445,
                        159.2
                    ],
                    [
                        8.289677,
                        62.437265,
                        157.7
                    ],
                    [
                        8.289346,
                        62.437609,
                        157
                    ],
                    [
                        8.289079,
                        62.437837,
                        156.4
                    ],
                    [
                        8.286251,
                        62.439931,
                        151.6
                    ],
                    [
                        8.284137,
                        62.441325,
                        154
                    ],
                    [
                        8.28377,
                        62.441606,
                        152
                    ],
                    [
                        8.283651,
                        62.441672,
                        152
                    ],
                    [
                        8.283337,
                        62.44183,
                        154.6
                    ],
                    [
                        8.282726,
                        62.442263,
                        155.5
                    ],
                    [
                        8.282329,
                        62.442495,
                        155.9
                    ],
                    [
                        8.28131,
                        62.443035,
                        156
                    ],
                    [
                        8.28023,
                        62.443522,
                        155.9
                    ],
                    [
                        8.279964,
                        62.443662,
                        154.9
                    ],
                    [
                        8.279664,
                        62.44386,
                        152.8
                    ],
                    [
                        8.279524,
                        62.443989,
                        152
                    ],
                    [
                        8.27934,
                        62.444254,
                        143
                    ],
                    [
                        8.279115,
                        62.444611,
                        145.9
                    ],
                    [
                        8.278967,
                        62.444794,
                        146
                    ],
                    [
                        8.278781,
                        62.444973,
                        146.5
                    ],
                    [
                        8.278546,
                        62.445136,
                        149
                    ],
                    [
                        8.278306,
                        62.445252,
                        149
                    ],
                    [
                        8.27789,
                        62.445403,
                        149.6
                    ],
                    [
                        8.277272,
                        62.445558,
                        149.4
                    ],
                    [
                        8.276735,
                        62.445631,
                        150.5
                    ],
                    [
                        8.275524,
                        62.445742,
                        149.9
                    ],
                    [
                        8.274912,
                        62.445821,
                        149
                    ],
                    [
                        8.274359,
                        62.44592,
                        148.9
                    ],
                    [
                        8.273565,
                        62.446099,
                        148.4
                    ],
                    [
                        8.27313,
                        62.446233,
                        147.8
                    ],
                    [
                        8.271995,
                        62.446637,
                        153.3
                    ],
                    [
                        8.271408,
                        62.446827,
                        157.4
                    ],
                    [
                        8.268536,
                        62.447572,
                        172.8
                    ],
                    [
                        8.265817,
                        62.448407,
                        158.4
                    ],
                    [
                        8.26484,
                        62.448722,
                        156.4
                    ],
                    [
                        8.26437,
                        62.448916,
                        159.9
                    ],
                    [
                        8.262961,
                        62.449597,
                        164.6
                    ],
                    [
                        8.262354,
                        62.449827,
                        170.5
                    ],
                    [
                        8.261898,
                        62.449931,
                        164.6
                    ],
                    [
                        8.259384,
                        62.450364,
                        149.8
                    ],
                    [
                        8.258493,
                        62.450502,
                        150.8
                    ],
                    [
                        8.257683,
                        62.450586,
                        152.1
                    ],
                    [
                        8.25723,
                        62.450672,
                        153.6
                    ],
                    [
                        8.257022,
                        62.450736,
                        154.3
                    ],
                    [
                        8.256611,
                        62.450896,
                        155.1
                    ],
                    [
                        8.255473,
                        62.451419,
                        158.5
                    ],
                    [
                        8.254924,
                        62.451645,
                        159.8
                    ],
                    [
                        8.25423,
                        62.451876,
                        160.4
                    ],
                    [
                        8.25361,
                        62.452031,
                        159.9
                    ],
                    [
                        8.252788,
                        62.452185,
                        154.7
                    ],
                    [
                        8.252003,
                        62.452294,
                        150.3
                    ],
                    [
                        8.246155,
                        62.452963,
                        158.4
                    ],
                    [
                        8.245821,
                        62.452986,
                        158.5
                    ],
                    [
                        8.245572,
                        62.452985,
                        158.6
                    ],
                    [
                        8.24474,
                        62.452912,
                        159
                    ],
                    [
                        8.244308,
                        62.452895,
                        159
                    ],
                    [
                        8.243911,
                        62.452926,
                        159
                    ],
                    [
                        8.243659,
                        62.452964,
                        159
                    ],
                    [
                        8.243376,
                        62.453029,
                        159.3
                    ],
                    [
                        8.242957,
                        62.453173,
                        159.6
                    ],
                    [
                        8.242676,
                        62.453342,
                        159.4
                    ],
                    [
                        8.242475,
                        62.453507,
                        159.1
                    ],
                    [
                        8.241609,
                        62.454333,
                        154
                    ],
                    [
                        8.241362,
                        62.454525,
                        149.5
                    ],
                    [
                        8.241087,
                        62.454699,
                        146.1
                    ],
                    [
                        8.240706,
                        62.454893,
                        145.7
                    ],
                    [
                        8.237742,
                        62.456253,
                        141.6
                    ],
                    [
                        8.237534,
                        62.456331,
                        141.4
                    ],
                    [
                        8.237248,
                        62.456407,
                        141.1
                    ],
                    [
                        8.236922,
                        62.45646,
                        141
                    ],
                    [
                        8.23662,
                        62.456489,
                        140.9
                    ],
                    [
                        8.235999,
                        62.456502,
                        140
                    ],
                    [
                        8.228336,
                        62.456329,
                        141
                    ],
                    [
                        8.226744,
                        62.45629,
                        139.8
                    ],
                    [
                        8.226136,
                        62.456289,
                        139.7
                    ],
                    [
                        8.225628,
                        62.456318,
                        139.6
                    ],
                    [
                        8.224918,
                        62.456427,
                        139.5
                    ],
                    [
                        8.224351,
                        62.456554,
                        138.8
                    ],
                    [
                        8.223922,
                        62.456673,
                        138.5
                    ],
                    [
                        8.221526,
                        62.457405,
                        138.5
                    ],
                    [
                        8.220842,
                        62.457667,
                        139.2
                    ],
                    [
                        8.218612,
                        62.458605,
                        135.8
                    ],
                    [
                        8.218207,
                        62.458727,
                        134
                    ],
                    [
                        8.21767,
                        62.458805,
                        131.8
                    ],
                    [
                        8.216887,
                        62.458864,
                        129.4
                    ],
                    [
                        8.215067,
                        62.458925,
                        126.3
                    ],
                    [
                        8.214207,
                        62.458968,
                        124.8
                    ],
                    [
                        8.213624,
                        62.459044,
                        123.7
                    ],
                    [
                        8.212774,
                        62.459235,
                        122.7
                    ],
                    [
                        8.207193,
                        62.460731,
                        102.2
                    ],
                    [
                        8.206777,
                        62.460869,
                        102
                    ],
                    [
                        8.20654,
                        62.460978,
                        102
                    ],
                    [
                        8.206319,
                        62.461122,
                        102
                    ],
                    [
                        8.206123,
                        62.461315,
                        101.8
                    ],
                    [
                        8.205766,
                        62.461799,
                        101.7
                    ],
                    [
                        8.205599,
                        62.461934,
                        101.6
                    ],
                    [
                        8.205389,
                        62.462051,
                        101.5
                    ],
                    [
                        8.204968,
                        62.462208,
                        101
                    ],
                    [
                        8.204489,
                        62.462351,
                        101
                    ],
                    [
                        8.202982,
                        62.462828,
                        79
                    ],
                    [
                        8.202337,
                        62.463012,
                        79.4
                    ],
                    [
                        8.201636,
                        62.463152,
                        81
                    ],
                    [
                        8.200346,
                        62.463345,
                        81
                    ],
                    [
                        8.200028,
                        62.463396,
                        81
                    ],
                    [
                        8.199506,
                        62.463517,
                        85.4
                    ],
                    [
                        8.19786,
                        62.464117,
                        86.2
                    ],
                    [
                        8.197619,
                        62.464176,
                        87.2
                    ],
                    [
                        8.197138,
                        62.464264,
                        88.4
                    ],
                    [
                        8.196546,
                        62.464339,
                        89.4
                    ],
                    [
                        8.19624,
                        62.464399,
                        92
                    ],
                    [
                        8.195219,
                        62.464617,
                        72.6
                    ],
                    [
                        8.194935,
                        62.464697,
                        72
                    ],
                    [
                        8.194258,
                        62.464907,
                        71.1
                    ],
                    [
                        8.193642,
                        62.46515,
                        68
                    ],
                    [
                        8.193036,
                        62.465325,
                        69.5
                    ],
                    [
                        8.192785,
                        62.465449,
                        70.7
                    ],
                    [
                        8.192303,
                        62.465776,
                        75
                    ],
                    [
                        8.191654,
                        62.466177,
                        70.2
                    ],
                    [
                        8.191392,
                        62.466302,
                        69.4
                    ],
                    [
                        8.190954,
                        62.466473,
                        68.5
                    ],
                    [
                        8.190817,
                        62.466512,
                        68.4
                    ],
                    [
                        8.190174,
                        62.466624,
                        65.9
                    ],
                    [
                        8.189109,
                        62.466851,
                        61.6
                    ],
                    [
                        8.188708,
                        62.466967,
                        60.5
                    ],
                    [
                        8.188597,
                        62.467018,
                        60.4
                    ],
                    [
                        8.188412,
                        62.46716,
                        58.3
                    ],
                    [
                        8.188195,
                        62.467433,
                        56.6
                    ],
                    [
                        8.187674,
                        62.467878,
                        56.8
                    ],
                    [
                        8.187235,
                        62.468328,
                        56.2
                    ],
                    [
                        8.186813,
                        62.468617,
                        46
                    ],
                    [
                        8.186253,
                        62.468892,
                        46
                    ],
                    [
                        8.185873,
                        62.469115,
                        46
                    ],
                    [
                        8.184472,
                        62.469921,
                        47.5
                    ],
                    [
                        8.184117,
                        62.470116,
                        47.5
                    ],
                    [
                        8.183793,
                        62.470264,
                        47.5
                    ],
                    [
                        8.183467,
                        62.470389,
                        47.4
                    ],
                    [
                        8.183006,
                        62.470523,
                        47.6
                    ],
                    [
                        8.181931,
                        62.470731,
                        47.1
                    ],
                    [
                        8.181622,
                        62.470805,
                        46.3
                    ],
                    [
                        8.18137,
                        62.470886,
                        45.3
                    ],
                    [
                        8.181064,
                        62.471012,
                        44.8
                    ],
                    [
                        8.180601,
                        62.471278,
                        44.1
                    ],
                    [
                        8.179634,
                        62.47199,
                        44.3
                    ],
                    [
                        8.179126,
                        62.472262,
                        44.5
                    ],
                    [
                        8.17838,
                        62.472543,
                        45.5
                    ],
                    [
                        8.176557,
                        62.473104,
                        40
                    ],
                    [
                        8.176265,
                        62.473187,
                        40
                    ],
                    [
                        8.175446,
                        62.473402,
                        42.1
                    ],
                    [
                        8.174667,
                        62.473673,
                        42.3
                    ],
                    [
                        8.17416,
                        62.473933,
                        42.8
                    ],
                    [
                        8.173949,
                        62.474143,
                        45
                    ],
                    [
                        8.173846,
                        62.474395,
                        41.4
                    ],
                    [
                        8.173716,
                        62.474918,
                        30
                    ],
                    [
                        8.173701,
                        62.474998,
                        30
                    ],
                    [
                        8.173059,
                        62.474982,
                        30.4
                    ],
                    [
                        8.172601,
                        62.475005,
                        31
                    ],
                    [
                        8.172444,
                        62.475024,
                        31
                    ],
                    [
                        8.171169,
                        62.475215,
                        43.3
                    ],
                    [
                        8.170927,
                        62.475267,
                        44.2
                    ],
                    [
                        8.170753,
                        62.47534,
                        46.6
                    ],
                    [
                        8.170514,
                        62.475546,
                        47.7
                    ],
                    [
                        8.170135,
                        62.476054,
                        45.3
                    ],
                    [
                        8.17001,
                        62.476175,
                        44.2
                    ],
                    [
                        8.169469,
                        62.476537,
                        42.5
                    ],
                    [
                        8.169339,
                        62.476653,
                        40.8
                    ],
                    [
                        8.169178,
                        62.476937,
                        37.6
                    ],
                    [
                        8.169025,
                        62.477092,
                        37.2
                    ],
                    [
                        8.168006,
                        62.477668,
                        39.6
                    ],
                    [
                        8.167887,
                        62.47771,
                        39.6
                    ],
                    [
                        8.167684,
                        62.477746,
                        40.3
                    ],
                    [
                        8.167463,
                        62.477751,
                        40.8
                    ],
                    [
                        8.167684,
                        62.477746,
                        40.3
                    ],
                    [
                        8.167887,
                        62.47771,
                        39.6
                    ],
                    [
                        8.168006,
                        62.477668,
                        39.6
                    ],
                    [
                        8.169025,
                        62.477092,
                        37.2
                    ],
                    [
                        8.169178,
                        62.476937,
                        37.6
                    ],
                    [
                        8.169339,
                        62.476653,
                        40.8
                    ],
                    [
                        8.169469,
                        62.476537,
                        42.5
                    ],
                    [
                        8.17001,
                        62.476175,
                        44.2
                    ],
                    [
                        8.170135,
                        62.476054,
                        45.3
                    ],
                    [
                        8.170514,
                        62.475546,
                        47.7
                    ],
                    [
                        8.170753,
                        62.47534,
                        46.6
                    ],
                    [
                        8.170927,
                        62.475267,
                        44.2
                    ],
                    [
                        8.171169,
                        62.475215,
                        43.3
                    ],
                    [
                        8.172444,
                        62.475024,
                        31
                    ],
                    [
                        8.172601,
                        62.475005,
                        31
                    ],
                    [
                        8.173059,
                        62.474982,
                        30.4
                    ],
                    [
                        8.173701,
                        62.474998,
                        30
                    ],
                    [
                        8.173539,
                        62.475773,
                        30
                    ],
                    [
                        8.173609,
                        62.475861,
                        30
                    ],
                    [
                        8.173755,
                        62.475928,
                        30.8
                    ],
                    [
                        8.175001,
                        62.47611,
                        34
                    ],
                    [
                        8.177053,
                        62.476414,
                        34.7
                    ],
                    [
                        8.177461,
                        62.476493,
                        35
                    ],
                    [
                        8.177906,
                        62.476621,
                        33.9
                    ],
                    [
                        8.178234,
                        62.476746,
                        33.9
                    ],
                    [
                        8.178718,
                        62.47699,
                        33.4
                    ],
                    [
                        8.17916,
                        62.477326,
                        33.1
                    ],
                    [
                        8.179647,
                        62.477805,
                        32.7
                    ],
                    [
                        8.179931,
                        62.47804,
                        32.6
                    ],
                    [
                        8.180294,
                        62.478254,
                        32.8
                    ],
                    [
                        8.180816,
                        62.478465,
                        33
                    ],
                    [
                        8.181263,
                        62.478616,
                        37
                    ],
                    [
                        8.181505,
                        62.47872,
                        37
                    ],
                    [
                        8.181627,
                        62.478831,
                        37
                    ],
                    [
                        8.181683,
                        62.479002,
                        37
                    ],
                    [
                        8.1816,
                        62.479147,
                        34.3
                    ],
                    [
                        8.181502,
                        62.479222,
                        34.4
                    ],
                    [
                        8.181288,
                        62.479323,
                        34.5
                    ],
                    [
                        8.179698,
                        62.479744,
                        31
                    ],
                    [
                        8.179227,
                        62.479911,
                        30.2
                    ],
                    [
                        8.178813,
                        62.480117,
                        30
                    ],
                    [
                        8.178513,
                        62.480326,
                        29.9
                    ],
                    [
                        8.178376,
                        62.480452,
                        29.8
                    ],
                    [
                        8.178082,
                        62.48079,
                        29
                    ],
                    [
                        8.17795,
                        62.481097,
                        26.7
                    ],
                    [
                        8.177906,
                        62.4813,
                        26.4
                    ],
                    [
                        8.177915,
                        62.481509,
                        26
                    ],
                    [
                        8.178005,
                        62.481946,
                        24
                    ],
                    [
                        8.177995,
                        62.482117,
                        31.9
                    ],
                    [
                        8.177933,
                        62.482256,
                        32.2
                    ],
                    [
                        8.177214,
                        62.483028,
                        36.7
                    ],
                    [
                        8.177058,
                        62.483245,
                        38
                    ],
                    [
                        8.177015,
                        62.48347,
                        42.5
                    ],
                    [
                        8.177078,
                        62.483881,
                        45.8
                    ],
                    [
                        8.177012,
                        62.484059,
                        45.9
                    ],
                    [
                        8.176838,
                        62.484248,
                        43.8
                    ],
                    [
                        8.176651,
                        62.484371,
                        43
                    ],
                    [
                        8.176277,
                        62.484562,
                        41.7
                    ],
                    [
                        8.175335,
                        62.484979,
                        37.3
                    ],
                    [
                        8.174786,
                        62.485186,
                        34.2
                    ],
                    [
                        8.174068,
                        62.485396,
                        39
                    ],
                    [
                        8.173811,
                        62.485491,
                        43.6
                    ],
                    [
                        8.172619,
                        62.486179,
                        49.8
                    ],
                    [
                        8.17195,
                        62.486472,
                        41.7
                    ],
                    [
                        8.170753,
                        62.486953,
                        27.8
                    ],
                    [
                        8.170601,
                        62.487039,
                        25.3
                    ],
                    [
                        8.170502,
                        62.487128,
                        24.9
                    ],
                    [
                        8.170204,
                        62.487687,
                        24.3
                    ],
                    [
                        8.170188,
                        62.487779,
                        24.3
                    ],
                    [
                        8.170214,
                        62.487877,
                        24.2
                    ],
                    [
                        8.170461,
                        62.48821,
                        24
                    ],
                    [
                        8.170511,
                        62.488332,
                        23.8
                    ],
                    [
                        8.170516,
                        62.488478,
                        24
                    ],
                    [
                        8.170462,
                        62.488677,
                        24.1
                    ],
                    [
                        8.169773,
                        62.490135,
                        25
                    ],
                    [
                        8.169632,
                        62.490822,
                        26.4
                    ],
                    [
                        8.169325,
                        62.491868,
                        30.2
                    ],
                    [
                        8.169269,
                        62.492201,
                        31.4
                    ],
                    [
                        8.169302,
                        62.492457,
                        31.8
                    ],
                    [
                        8.169466,
                        62.492888,
                        32.9
                    ],
                    [
                        8.169523,
                        62.493187,
                        32.9
                    ],
                    [
                        8.16947,
                        62.493678,
                        32.8
                    ],
                    [
                        8.169503,
                        62.494291,
                        32.7
                    ],
                    [
                        8.169426,
                        62.494989,
                        31.7
                    ],
                    [
                        8.169473,
                        62.495154,
                        31.8
                    ],
                    [
                        8.169843,
                        62.495792,
                        29.3
                    ],
                    [
                        8.169887,
                        62.495981,
                        28.4
                    ],
                    [
                        8.16969,
                        62.496845,
                        24.6
                    ],
                    [
                        8.169717,
                        62.498133,
                        23.7
                    ],
                    [
                        8.169905,
                        62.49864,
                        23.8
                    ],
                    [
                        8.170185,
                        62.499173,
                        24.3
                    ],
                    [
                        8.170515,
                        62.499745,
                        25.3
                    ],
                    [
                        8.170785,
                        62.500093,
                        25.8
                    ],
                    [
                        8.170959,
                        62.500248,
                        26
                    ],
                    [
                        8.171198,
                        62.500409,
                        26.5
                    ],
                    [
                        8.171415,
                        62.500524,
                        27
                    ],
                    [
                        8.171687,
                        62.500646,
                        27.2
                    ],
                    [
                        8.172589,
                        62.500996,
                        29
                    ],
                    [
                        8.172931,
                        62.501146,
                        29.8
                    ],
                    [
                        8.173385,
                        62.501402,
                        30.7
                    ],
                    [
                        8.173742,
                        62.501691,
                        31.4
                    ],
                    [
                        8.173878,
                        62.501844,
                        31.7
                    ],
                    [
                        8.17399,
                        62.502002,
                        32
                    ],
                    [
                        8.174124,
                        62.502327,
                        32.5
                    ],
                    [
                        8.174148,
                        62.502493,
                        32.7
                    ],
                    [
                        8.174103,
                        62.502869,
                        33.2
                    ],
                    [
                        8.174018,
                        62.503117,
                        33.5
                    ],
                    [
                        8.173263,
                        62.504836,
                        36.3
                    ],
                    [
                        8.172948,
                        62.505419,
                        37.5
                    ],
                    [
                        8.172617,
                        62.505816,
                        38.4
                    ],
                    [
                        8.172402,
                        62.506013,
                        38.9
                    ],
                    [
                        8.172112,
                        62.506241,
                        39.6
                    ],
                    [
                        8.171657,
                        62.506549,
                        40.7
                    ],
                    [
                        8.171142,
                        62.50695,
                        42
                    ],
                    [
                        8.171013,
                        62.507082,
                        41.1
                    ],
                    [
                        8.170878,
                        62.507286,
                        41.2
                    ],
                    [
                        8.170809,
                        62.507554,
                        41.1
                    ],
                    [
                        8.170824,
                        62.507724,
                        40.8
                    ],
                    [
                        8.170883,
                        62.507892,
                        40.7
                    ],
                    [
                        8.171148,
                        62.508512,
                        40.2
                    ],
                    [
                        8.17118,
                        62.508648,
                        40.1
                    ],
                    [
                        8.171172,
                        62.508893,
                        38.7
                    ],
                    [
                        8.171071,
                        62.509214,
                        38.8
                    ],
                    [
                        8.170684,
                        62.510028,
                        22
                    ],
                    [
                        8.170542,
                        62.510491,
                        22.7
                    ],
                    [
                        8.170576,
                        62.510856,
                        23
                    ],
                    [
                        8.170747,
                        62.511191,
                        31
                    ],
                    [
                        8.171769,
                        62.512651,
                        25.9
                    ],
                    [
                        8.171941,
                        62.512821,
                        25.7
                    ],
                    [
                        8.172503,
                        62.513229,
                        25.5
                    ],
                    [
                        8.17263,
                        62.513389,
                        26.3
                    ],
                    [
                        8.172676,
                        62.513489,
                        26.2
                    ],
                    [
                        8.172722,
                        62.513746,
                        26
                    ],
                    [
                        8.172817,
                        62.515365,
                        44.6
                    ],
                    [
                        8.172938,
                        62.515662,
                        45.1
                    ],
                    [
                        8.173314,
                        62.516278,
                        47.2
                    ],
                    [
                        8.173374,
                        62.51645,
                        47.2
                    ],
                    [
                        8.17338,
                        62.516617,
                        47.4
                    ],
                    [
                        8.173231,
                        62.517365,
                        47.7
                    ],
                    [
                        8.1728,
                        62.518652,
                        45.8
                    ],
                    [
                        8.172512,
                        62.519243,
                        38.3
                    ],
                    [
                        8.172238,
                        62.519706,
                        34.3
                    ],
                    [
                        8.17204,
                        62.519938,
                        32.9
                    ],
                    [
                        8.171869,
                        62.520061,
                        29.1
                    ],
                    [
                        8.171544,
                        62.520221,
                        29
                    ],
                    [
                        8.170786,
                        62.520548,
                        28.8
                    ],
                    [
                        8.170422,
                        62.520767,
                        28.1
                    ],
                    [
                        8.170072,
                        62.521101,
                        27.6
                    ],
                    [
                        8.169948,
                        62.521259,
                        27.3
                    ],
                    [
                        8.169829,
                        62.521479,
                        27.1
                    ],
                    [
                        8.169733,
                        62.52171,
                        27.2
                    ],
                    [
                        8.169684,
                        62.521931,
                        27.1
                    ],
                    [
                        8.169684,
                        62.522467,
                        27.3
                    ],
                    [
                        8.169731,
                        62.52271,
                        27.4
                    ],
                    [
                        8.169834,
                        62.523008,
                        27.5
                    ],
                    [
                        8.169987,
                        62.523343,
                        27.7
                    ],
                    [
                        8.170017,
                        62.523557,
                        27.7
                    ],
                    [
                        8.169967,
                        62.523753,
                        27.7
                    ],
                    [
                        8.169722,
                        62.524129,
                        27.8
                    ],
                    [
                        8.169761,
                        62.524437,
                        28.1
                    ],
                    [
                        8.169843,
                        62.524589,
                        28.3
                    ],
                    [
                        8.169986,
                        62.524741,
                        28.6
                    ],
                    [
                        8.170583,
                        62.525184,
                        28.4
                    ],
                    [
                        8.170784,
                        62.525393,
                        31.3
                    ],
                    [
                        8.170987,
                        62.525725,
                        35.9
                    ],
                    [
                        8.171326,
                        62.526503,
                        44
                    ],
                    [
                        8.171489,
                        62.526952,
                        42.9
                    ],
                    [
                        8.171639,
                        62.527718,
                        37.5
                    ],
                    [
                        8.171784,
                        62.528232,
                        35
                    ],
                    [
                        8.172,
                        62.528787,
                        35
                    ],
                    [
                        8.172223,
                        62.530235,
                        36.7
                    ],
                    [
                        8.172317,
                        62.530632,
                        37.2
                    ],
                    [
                        8.172396,
                        62.530787,
                        37.1
                    ],
                    [
                        8.172642,
                        62.53094,
                        37.2
                    ],
                    [
                        8.173436,
                        62.531225,
                        38.5
                    ],
                    [
                        8.173556,
                        62.531291,
                        39
                    ],
                    [
                        8.1737,
                        62.531426,
                        40.1
                    ],
                    [
                        8.174068,
                        62.531987,
                        42.7
                    ],
                    [
                        8.174205,
                        62.53212,
                        44.1
                    ],
                    [
                        8.174609,
                        62.532418,
                        44.4
                    ],
                    [
                        8.176414,
                        62.533647,
                        35
                    ],
                    [
                        8.176904,
                        62.533926,
                        34.6
                    ],
                    [
                        8.17793,
                        62.534462,
                        40.5
                    ],
                    [
                        8.17906,
                        62.535156,
                        56.2
                    ],
                    [
                        8.18121,
                        62.536585,
                        44.5
                    ],
                    [
                        8.181905,
                        62.537071,
                        46.4
                    ],
                    [
                        8.182439,
                        62.537471,
                        43.3
                    ],
                    [
                        8.182902,
                        62.537857,
                        34.7
                    ],
                    [
                        8.184217,
                        62.539002,
                        35.9
                    ],
                    [
                        8.184531,
                        62.539342,
                        38.4
                    ],
                    [
                        8.18465,
                        62.539528,
                        37.5
                    ],
                    [
                        8.184722,
                        62.53971,
                        35.4
                    ],
                    [
                        8.184775,
                        62.540021,
                        32
                    ],
                    [
                        8.184745,
                        62.540202,
                        30.5
                    ],
                    [
                        8.18456,
                        62.540502,
                        27.7
                    ],
                    [
                        8.183942,
                        62.54111,
                        25.4
                    ],
                    [
                        8.183823,
                        62.541265,
                        25.5
                    ],
                    [
                        8.183762,
                        62.54146,
                        25.4
                    ],
                    [
                        8.183792,
                        62.541646,
                        25.9
                    ],
                    [
                        8.184589,
                        62.543135,
                        29.2
                    ],
                    [
                        8.18509,
                        62.543937,
                        29.5
                    ],
                    [
                        8.185281,
                        62.544143,
                        29.1
                    ],
                    [
                        8.185962,
                        62.544621,
                        30.5
                    ],
                    [
                        8.186124,
                        62.544765,
                        30.8
                    ],
                    [
                        8.18631,
                        62.545006,
                        31.2
                    ],
                    [
                        8.186402,
                        62.545247,
                        32
                    ],
                    [
                        8.1864,
                        62.54548,
                        33.2
                    ],
                    [
                        8.186322,
                        62.545728,
                        33.7
                    ],
                    [
                        8.186177,
                        62.545974,
                        34.2
                    ],
                    [
                        8.185658,
                        62.546534,
                        35.4
                    ],
                    [
                        8.18552,
                        62.54677,
                        36
                    ],
                    [
                        8.185513,
                        62.547015,
                        36.7
                    ],
                    [
                        8.185792,
                        62.547563,
                        36.7
                    ],
                    [
                        8.185846,
                        62.547825,
                        36.9
                    ],
                    [
                        8.185814,
                        62.547998,
                        37.4
                    ],
                    [
                        8.185622,
                        62.548336,
                        41
                    ],
                    [
                        8.184658,
                        62.549431,
                        30.3
                    ],
                    [
                        8.184238,
                        62.550024,
                        27.3
                    ],
                    [
                        8.183793,
                        62.550812,
                        30.8
                    ],
                    [
                        8.183495,
                        62.551542,
                        32
                    ],
                    [
                        8.183271,
                        62.552125,
                        37.7
                    ],
                    [
                        8.183058,
                        62.552435,
                        36.3
                    ],
                    [
                        8.181882,
                        62.553309,
                        32.5
                    ],
                    [
                        8.181359,
                        62.553815,
                        31.2
                    ],
                    [
                        8.18118,
                        62.55411,
                        33.5
                    ],
                    [
                        8.180982,
                        62.554636,
                        35.2
                    ],
                    [
                        8.18082,
                        62.554845,
                        34.9
                    ],
                    [
                        8.18061,
                        62.554992,
                        34.8
                    ],
                    [
                        8.179655,
                        62.555424,
                        33.9
                    ],
                    [
                        8.179437,
                        62.555563,
                        32.2
                    ],
                    [
                        8.179306,
                        62.55568,
                        32.3
                    ],
                    [
                        8.179203,
                        62.555811,
                        32.3
                    ],
                    [
                        8.179126,
                        62.555977,
                        32.5
                    ],
                    [
                        8.179012,
                        62.556544,
                        34.9
                    ],
                    [
                        8.178929,
                        62.556792,
                        34.3
                    ],
                    [
                        8.178763,
                        62.55704,
                        34.1
                    ],
                    [
                        8.178518,
                        62.557279,
                        33.5
                    ],
                    [
                        8.17805,
                        62.557609,
                        28.4
                    ],
                    [
                        8.177686,
                        62.557819,
                        28.9
                    ],
                    [
                        8.171515,
                        62.561129,
                        37.5
                    ],
                    [
                        8.170938,
                        62.561525,
                        35.5
                    ],
                    [
                        8.170782,
                        62.561722,
                        35.6
                    ],
                    [
                        8.170797,
                        62.561888,
                        35.6
                    ],
                    [
                        8.170867,
                        62.561984,
                        35.6
                    ],
                    [
                        8.170995,
                        62.562078,
                        35.7
                    ],
                    [
                        8.17127,
                        62.562201,
                        35.7
                    ],
                    [
                        8.171809,
                        62.562371,
                        35.1
                    ],
                    [
                        8.172321,
                        62.562478,
                        33.9
                    ],
                    [
                        8.174997,
                        62.562818,
                        45
                    ],
                    [
                        8.175767,
                        62.562935,
                        48.3
                    ],
                    [
                        8.176109,
                        62.563011,
                        48.1
                    ],
                    [
                        8.17648,
                        62.563127,
                        48.2
                    ],
                    [
                        8.176704,
                        62.563228,
                        48.3
                    ],
                    [
                        8.176987,
                        62.5634,
                        50.7
                    ],
                    [
                        8.178204,
                        62.564283,
                        59
                    ],
                    [
                        8.178527,
                        62.564635,
                        57
                    ],
                    [
                        8.178703,
                        62.564925,
                        50.4
                    ],
                    [
                        8.179517,
                        62.566493,
                        56.3
                    ],
                    [
                        8.17991,
                        62.567488,
                        52.4
                    ],
                    [
                        8.180258,
                        62.568001,
                        44
                    ],
                    [
                        8.180369,
                        62.568177,
                        44
                    ],
                    [
                        8.180767,
                        62.568753,
                        51
                    ],
                    [
                        8.181301,
                        62.569647,
                        72
                    ],
                    [
                        8.18142,
                        62.569836,
                        71.7
                    ],
                    [
                        8.181775,
                        62.570648,
                        71.8
                    ],
                    [
                        8.181997,
                        62.570895,
                        71
                    ],
                    [
                        8.182119,
                        62.570998,
                        71
                    ],
                    [
                        8.182216,
                        62.571073,
                        71
                    ],
                    [
                        8.182416,
                        62.571206,
                        71
                    ],
                    [
                        8.18273,
                        62.571384,
                        71.1
                    ],
                    [
                        8.183706,
                        62.571854,
                        71.2
                    ],
                    [
                        8.184417,
                        62.572272,
                        71.3
                    ],
                    [
                        8.184922,
                        62.57265,
                        71.4
                    ],
                    [
                        8.185384,
                        62.573115,
                        71.4
                    ],
                    [
                        8.185609,
                        62.573417,
                        71.5
                    ],
                    [
                        8.18578,
                        62.573726,
                        71.5
                    ],
                    [
                        8.185938,
                        62.574205,
                        71.6
                    ],
                    [
                        8.185962,
                        62.574617,
                        71.6
                    ],
                    [
                        8.185878,
                        62.575138,
                        71.7
                    ],
                    [
                        8.185206,
                        62.576659,
                        71.8
                    ],
                    [
                        8.182852,
                        62.581733,
                        72.4
                    ],
                    [
                        8.175466,
                        62.597538,
                        74.6
                    ],
                    [
                        8.174481,
                        62.599688,
                        74.9
                    ],
                    [
                        8.174402,
                        62.599923,
                        75
                    ],
                    [
                        8.174359,
                        62.600313,
                        75
                    ],
                    [
                        8.174433,
                        62.600696,
                        75.1
                    ],
                    [
                        8.174516,
                        62.600886,
                        75.1
                    ],
                    [
                        8.174768,
                        62.601253,
                        75.1
                    ],
                    [
                        8.175137,
                        62.601604,
                        75.2
                    ],
                    [
                        8.176407,
                        62.602481,
                        75.2
                    ],
                    [
                        8.176628,
                        62.602661,
                        75.2
                    ],
                    [
                        8.176957,
                        62.603015,
                        75.2
                    ],
                    [
                        8.177081,
                        62.603199,
                        75.2
                    ],
                    [
                        8.17724,
                        62.603577,
                        75.3
                    ],
                    [
                        8.177276,
                        62.603769,
                        75.3
                    ],
                    [
                        8.177282,
                        62.603962,
                        75.3
                    ],
                    [
                        8.177202,
                        62.604346,
                        75.3
                    ],
                    [
                        8.177006,
                        62.604721,
                        75.4
                    ],
                    [
                        8.176862,
                        62.604902,
                        75.4
                    ],
                    [
                        8.176497,
                        62.605249,
                        75.5
                    ],
                    [
                        8.176275,
                        62.605413,
                        75.5
                    ],
                    [
                        8.175713,
                        62.605739,
                        75.6
                    ],
                    [
                        8.174635,
                        62.606275,
                        75.7
                    ],
                    [
                        8.174345,
                        62.606439,
                        75.8
                    ],
                    [
                        8.173892,
                        62.606762,
                        75.8
                    ],
                    [
                        8.173543,
                        62.607114,
                        75.9
                    ],
                    [
                        8.173411,
                        62.607297,
                        75.9
                    ],
                    [
                        8.173244,
                        62.607642,
                        76
                    ],
                    [
                        8.173192,
                        62.607877,
                        76
                    ],
                    [
                        8.173192,
                        62.608601,
                        67.4
                    ],
                    [
                        8.173132,
                        62.608756,
                        62
                    ],
                    [
                        8.172921,
                        62.609096,
                        62
                    ],
                    [
                        8.172696,
                        62.609437,
                        30.6
                    ],
                    [
                        8.172393,
                        62.609771,
                        28.3
                    ],
                    [
                        8.172329,
                        62.610109,
                        27.7
                    ],
                    [
                        8.172087,
                        62.610503,
                        26.3
                    ],
                    [
                        8.172003,
                        62.610807,
                        26.6
                    ],
                    [
                        8.172009,
                        62.610927,
                        26.8
                    ],
                    [
                        8.172085,
                        62.611063,
                        27.3
                    ],
                    [
                        8.172213,
                        62.611154,
                        27.6
                    ],
                    [
                        8.172557,
                        62.611336,
                        28
                    ],
                    [
                        8.17268,
                        62.611483,
                        29
                    ],
                    [
                        8.1727,
                        62.611549,
                        29
                    ],
                    [
                        8.172678,
                        62.611678,
                        29
                    ],
                    [
                        8.172522,
                        62.61194,
                        29
                    ],
                    [
                        8.172137,
                        62.612533,
                        32.8
                    ],
                    [
                        8.171958,
                        62.612733,
                        33.5
                    ],
                    [
                        8.17058,
                        62.613809,
                        30.9
                    ],
                    [
                        8.1703,
                        62.614055,
                        28.2
                    ],
                    [
                        8.170169,
                        62.614271,
                        26.4
                    ],
                    [
                        8.170047,
                        62.614618,
                        25.2
                    ],
                    [
                        8.169881,
                        62.615208,
                        23.6
                    ],
                    [
                        8.170006,
                        62.615897,
                        24.4
                    ],
                    [
                        8.170011,
                        62.616468,
                        25.2
                    ],
                    [
                        8.170211,
                        62.616819,
                        26.9
                    ],
                    [
                        8.170832,
                        62.617507,
                        31
                    ],
                    [
                        8.170971,
                        62.617769,
                        34.2
                    ],
                    [
                        8.171006,
                        62.617906,
                        34.8
                    ],
                    [
                        8.170968,
                        62.618178,
                        37.3
                    ],
                    [
                        8.170891,
                        62.618311,
                        37.5
                    ],
                    [
                        8.170608,
                        62.618651,
                        39.3
                    ],
                    [
                        8.170353,
                        62.619108,
                        38.3
                    ],
                    [
                        8.170238,
                        62.61923,
                        37.9
                    ],
                    [
                        8.170093,
                        62.619337,
                        37.5
                    ],
                    [
                        8.168577,
                        62.620073,
                        37.7
                    ],
                    [
                        8.168097,
                        62.620248,
                        37.7
                    ],
                    [
                        8.167229,
                        62.620528,
                        40.5
                    ],
                    [
                        8.166446,
                        62.620918,
                        45
                    ],
                    [
                        8.166006,
                        62.621097,
                        51.6
                    ],
                    [
                        8.165498,
                        62.621256,
                        56.6
                    ],
                    [
                        8.165102,
                        62.621351,
                        74
                    ],
                    [
                        8.164205,
                        62.621582,
                        46
                    ],
                    [
                        8.162781,
                        62.621912,
                        41.5
                    ],
                    [
                        8.16199,
                        62.621954,
                        39.4
                    ],
                    [
                        8.16077,
                        62.621932,
                        35.9
                    ],
                    [
                        8.159785,
                        62.62197,
                        33.2
                    ],
                    [
                        8.159068,
                        62.622047,
                        31.5
                    ],
                    [
                        8.15855,
                        62.622147,
                        31
                    ],
                    [
                        8.158388,
                        62.622202,
                        30.7
                    ],
                    [
                        8.158251,
                        62.622278,
                        31
                    ],
                    [
                        8.157913,
                        62.622698,
                        30.8
                    ],
                    [
                        8.157657,
                        62.623114,
                        33.7
                    ],
                    [
                        8.157469,
                        62.623236,
                        35.4
                    ],
                    [
                        8.157162,
                        62.6235,
                        38.7
                    ],
                    [
                        8.156985,
                        62.623598,
                        40
                    ],
                    [
                        8.156714,
                        62.623701,
                        40.4
                    ],
                    [
                        8.155974,
                        62.623922,
                        40.7
                    ],
                    [
                        8.155208,
                        62.624232,
                        35.5
                    ],
                    [
                        8.154666,
                        62.624423,
                        32.7
                    ],
                    [
                        8.154141,
                        62.62456,
                        30.9
                    ],
                    [
                        8.153092,
                        62.624763,
                        31.7
                    ],
                    [
                        8.152471,
                        62.624843,
                        32.1
                    ],
                    [
                        8.15176,
                        62.624846,
                        33.6
                    ],
                    [
                        8.151347,
                        62.624877,
                        36.4
                    ],
                    [
                        8.150739,
                        62.625017,
                        41.9
                    ],
                    [
                        8.150027,
                        62.625236,
                        46.8
                    ],
                    [
                        8.149702,
                        62.625319,
                        51.1
                    ],
                    [
                        8.149228,
                        62.625407,
                        56.2
                    ],
                    [
                        8.148807,
                        62.625451,
                        62.5
                    ],
                    [
                        8.147957,
                        62.625501,
                        59.4
                    ],
                    [
                        8.146874,
                        62.625531,
                        55.3
                    ],
                    [
                        8.144772,
                        62.625526,
                        46.6
                    ],
                    [
                        8.144452,
                        62.625549,
                        46.2
                    ],
                    [
                        8.143944,
                        62.625623,
                        45.1
                    ],
                    [
                        8.143299,
                        62.625796,
                        42.7
                    ],
                    [
                        8.14305,
                        62.625828,
                        42.2
                    ],
                    [
                        8.142147,
                        62.62584,
                        39.5
                    ],
                    [
                        8.140895,
                        62.625822,
                        36.7
                    ],
                    [
                        8.140385,
                        62.625842,
                        35.5
                    ],
                    [
                        8.139894,
                        62.625883,
                        35.1
                    ],
                    [
                        8.139431,
                        62.625945,
                        34.9
                    ],
                    [
                        8.138889,
                        62.626071,
                        34.2
                    ],
                    [
                        8.138193,
                        62.626272,
                        33.4
                    ],
                    [
                        8.137582,
                        62.626507,
                        31
                    ],
                    [
                        8.137143,
                        62.626619,
                        27
                    ],
                    [
                        8.136588,
                        62.626693,
                        22
                    ],
                    [
                        8.135378,
                        62.626794,
                        23.3
                    ],
                    [
                        8.134691,
                        62.626827,
                        23.2
                    ],
                    [
                        8.13416,
                        62.626828,
                        23.1
                    ],
                    [
                        8.132732,
                        62.626773,
                        24.3
                    ],
                    [
                        8.132124,
                        62.626763,
                        25.8
                    ],
                    [
                        8.130433,
                        62.626786,
                        26.4
                    ],
                    [
                        8.130209,
                        62.626807,
                        26.4
                    ],
                    [
                        8.129995,
                        62.626854,
                        26.4
                    ],
                    [
                        8.129786,
                        62.626942,
                        26.4
                    ],
                    [
                        8.129688,
                        62.627004,
                        26.7
                    ],
                    [
                        8.129626,
                        62.627134,
                        27.5
                    ],
                    [
                        8.129696,
                        62.627271,
                        28
                    ],
                    [
                        8.130085,
                        62.627575,
                        28.4
                    ],
                    [
                        8.13022,
                        62.627748,
                        28.6
                    ],
                    [
                        8.130228,
                        62.627854,
                        29
                    ],
                    [
                        8.130172,
                        62.627996,
                        29.2
                    ],
                    [
                        8.130081,
                        62.628083,
                        29.5
                    ],
                    [
                        8.129956,
                        62.628158,
                        30.6
                    ],
                    [
                        8.129584,
                        62.628317,
                        31.8
                    ],
                    [
                        8.123394,
                        62.63064,
                        23
                    ],
                    [
                        8.12222,
                        62.631025,
                        22.5
                    ],
                    [
                        8.121767,
                        62.631136,
                        22.7
                    ],
                    [
                        8.121246,
                        62.631231,
                        25
                    ],
                    [
                        8.120381,
                        62.631339,
                        26.5
                    ],
                    [
                        8.119952,
                        62.631362,
                        27
                    ],
                    [
                        8.119948,
                        62.631641,
                        27
                    ],
                    [
                        8.119744,
                        62.632116,
                        27
                    ],
                    [
                        8.119616,
                        62.632528,
                        27
                    ],
                    [
                        8.119572,
                        62.632871,
                        27
                    ],
                    [
                        8.119575,
                        62.633194,
                        27
                    ],
                    [
                        8.119568,
                        62.633536,
                        40
                    ],
                    [
                        8.119506,
                        62.634273,
                        40
                    ],
                    [
                        8.119504,
                        62.634365,
                        40
                    ],
                    [
                        8.119483,
                        62.634633,
                        44
                    ],
                    [
                        8.119517,
                        62.634839,
                        43.3
                    ],
                    [
                        8.119677,
                        62.635246,
                        42.8
                    ],
                    [
                        8.119809,
                        62.635467,
                        58
                    ],
                    [
                        8.119837,
                        62.635493,
                        58
                    ],
                    [
                        8.120215,
                        62.636004,
                        58
                    ],
                    [
                        8.120496,
                        62.636515,
                        58
                    ],
                    [
                        8.121169,
                        62.637726,
                        63.8
                    ],
                    [
                        8.121358,
                        62.638414,
                        66.3
                    ],
                    [
                        8.121398,
                        62.638839,
                        67.1
                    ],
                    [
                        8.121388,
                        62.639085,
                        68.5
                    ],
                    [
                        8.121335,
                        62.639355,
                        68.2
                    ],
                    [
                        8.121135,
                        62.639832,
                        69.2
                    ],
                    [
                        8.121053,
                        62.639951,
                        69.9
                    ],
                    [
                        8.120917,
                        62.640079,
                        70.4
                    ],
                    [
                        8.12076,
                        62.640172,
                        71.3
                    ],
                    [
                        8.12058,
                        62.640242,
                        82
                    ],
                    [
                        8.120035,
                        62.640402,
                        83.6
                    ],
                    [
                        8.119498,
                        62.640641,
                        83.2
                    ],
                    [
                        8.119334,
                        62.640722,
                        83.1
                    ],
                    [
                        8.118568,
                        62.641192,
                        91
                    ],
                    [
                        8.11769,
                        62.641748,
                        91
                    ],
                    [
                        8.11707,
                        62.6421,
                        91
                    ],
                    [
                        8.116915,
                        62.642204,
                        86.8
                    ],
                    [
                        8.116774,
                        62.642335,
                        87.1
                    ],
                    [
                        8.11668,
                        62.642511,
                        87.3
                    ],
                    [
                        8.116682,
                        62.642598,
                        87.7
                    ],
                    [
                        8.116733,
                        62.642688,
                        87.4
                    ],
                    [
                        8.116855,
                        62.642789,
                        86.9
                    ],
                    [
                        8.118127,
                        62.643367,
                        83.7
                    ],
                    [
                        8.118446,
                        62.643584,
                        81.7
                    ],
                    [
                        8.118781,
                        62.643768,
                        76.5
                    ],
                    [
                        8.119409,
                        62.643981,
                        72
                    ],
                    [
                        8.120023,
                        62.644274,
                        70.6
                    ],
                    [
                        8.120422,
                        62.644484,
                        68.6
                    ],
                    [
                        8.121043,
                        62.64488,
                        71.2
                    ],
                    [
                        8.121246,
                        62.644978,
                        73
                    ],
                    [
                        8.121618,
                        62.64511,
                        74.7
                    ],
                    [
                        8.121714,
                        62.64517,
                        75.7
                    ],
                    [
                        8.121762,
                        62.645233,
                        76.1
                    ],
                    [
                        8.121764,
                        62.645302,
                        75.8
                    ],
                    [
                        8.121662,
                        62.645553,
                        75.9
                    ],
                    [
                        8.121653,
                        62.645667,
                        76.8
                    ],
                    [
                        8.121724,
                        62.646076,
                        72.6
                    ],
                    [
                        8.121712,
                        62.646516,
                        62.8
                    ],
                    [
                        8.121577,
                        62.646898,
                        53.3
                    ],
                    [
                        8.121528,
                        62.64718,
                        48.2
                    ],
                    [
                        8.121714,
                        62.648169,
                        48
                    ],
                    [
                        8.121758,
                        62.648248,
                        47
                    ],
                    [
                        8.121884,
                        62.648371,
                        45.3
                    ],
                    [
                        8.122213,
                        62.648594,
                        43.9
                    ],
                    [
                        8.123011,
                        62.649037,
                        68
                    ],
                    [
                        8.123897,
                        62.649426,
                        68
                    ],
                    [
                        8.124056,
                        62.649514,
                        68
                    ],
                    [
                        8.124202,
                        62.649621,
                        68
                    ],
                    [
                        8.124296,
                        62.649749,
                        68
                    ],
                    [
                        8.124442,
                        62.650256,
                        41
                    ],
                    [
                        8.124524,
                        62.65051,
                        40.6
                    ],
                    [
                        8.124555,
                        62.65072,
                        40.6
                    ],
                    [
                        8.124479,
                        62.650914,
                        40.6
                    ],
                    [
                        8.123965,
                        62.651735,
                        40.3
                    ],
                    [
                        8.123861,
                        62.651984,
                        40.2
                    ],
                    [
                        8.123827,
                        62.652206,
                        39.6
                    ],
                    [
                        8.12387,
                        62.652602,
                        39.2
                    ],
                    [
                        8.123808,
                        62.652955,
                        39
                    ],
                    [
                        8.123704,
                        62.653172,
                        38.9
                    ],
                    [
                        8.123247,
                        62.653757,
                        38.5
                    ],
                    [
                        8.122846,
                        62.65457,
                        34
                    ],
                    [
                        8.122743,
                        62.654837,
                        31
                    ],
                    [
                        8.122724,
                        62.655085,
                        30.2
                    ],
                    [
                        8.123004,
                        62.656684,
                        34
                    ],
                    [
                        8.123243,
                        62.658233,
                        32
                    ],
                    [
                        8.123355,
                        62.658694,
                        32
                    ],
                    [
                        8.12345,
                        62.658884,
                        32
                    ],
                    [
                        8.123907,
                        62.659311,
                        29.6
                    ],
                    [
                        8.124089,
                        62.659563,
                        30
                    ],
                    [
                        8.124295,
                        62.660456,
                        28.3
                    ],
                    [
                        8.12436,
                        62.660633,
                        21
                    ],
                    [
                        8.124376,
                        62.660661,
                        21
                    ],
                    [
                        8.123503,
                        62.660845,
                        21
                    ],
                    [
                        8.122711,
                        62.661036,
                        20.1
                    ],
                    [
                        8.121483,
                        62.661395,
                        20.1
                    ],
                    [
                        8.121263,
                        62.661432,
                        20.1
                    ],
                    [
                        8.121035,
                        62.661443,
                        20.1
                    ],
                    [
                        8.120608,
                        62.661425,
                        20.1
                    ],
                    [
                        8.119809,
                        62.66133,
                        20
                    ],
                    [
                        8.118814,
                        62.661192,
                        20.1
                    ],
                    [
                        8.117159,
                        62.660937,
                        20.4
                    ],
                    [
                        8.115482,
                        62.660792,
                        21
                    ],
                    [
                        8.114552,
                        62.66072,
                        21.8
                    ],
                    [
                        8.114147,
                        62.660707,
                        21.8
                    ],
                    [
                        8.113784,
                        62.66072,
                        21.8
                    ],
                    [
                        8.113034,
                        62.660792,
                        22
                    ],
                    [
                        8.111889,
                        62.66091,
                        23
                    ],
                    [
                        8.110866,
                        62.661019,
                        23
                    ],
                    [
                        8.111526,
                        62.662541,
                        21.4
                    ],
                    [
                        8.111577,
                        62.662901,
                        20
                    ],
                    [
                        8.111495,
                        62.663681,
                        20
                    ],
                    [
                        8.111387,
                        62.664053,
                        20
                    ],
                    [
                        8.111198,
                        62.664511,
                        20
                    ],
                    [
                        8.110956,
                        62.664935,
                        20
                    ],
                    [
                        8.110748,
                        62.665189,
                        20
                    ],
                    [
                        8.110427,
                        62.665504,
                        20
                    ],
                    [
                        8.109883,
                        62.666027,
                        20
                    ],
                    [
                        8.10971,
                        62.666265,
                        20
                    ],
                    [
                        8.109575,
                        62.666559,
                        20
                    ],
                    [
                        8.109752,
                        62.666535,
                        20
                    ],
                    [
                        8.112076,
                        62.665764,
                        20
                    ],
                    [
                        8.11222,
                        62.665756,
                        19.4
                    ],
                    [
                        8.112362,
                        62.665813,
                        19.3
                    ],
                    [
                        8.112754,
                        62.666226,
                        19
                    ],
                    [
                        8.112362,
                        62.665813,
                        19.3
                    ],
                    [
                        8.11222,
                        62.665756,
                        19.4
                    ],
                    [
                        8.112076,
                        62.665764,
                        20
                    ],
                    [
                        8.109752,
                        62.666535,
                        20
                    ],
                    [
                        8.109575,
                        62.666559,
                        20
                    ],
                    [
                        8.10955,
                        62.666672,
                        20
                    ],
                    [
                        8.10954,
                        62.666927,
                        20
                    ],
                    [
                        8.109596,
                        62.667515,
                        20
                    ],
                    [
                        8.109657,
                        62.668401,
                        20
                    ],
                    [
                        8.109414,
                        62.669701,
                        20
                    ],
                    [
                        8.109417,
                        62.669925,
                        20
                    ],
                    [
                        8.109439,
                        62.670256,
                        19.5
                    ],
                    [
                        8.109523,
                        62.670533,
                        19.2
                    ],
                    [
                        8.109661,
                        62.670809,
                        19
                    ],
                    [
                        8.109833,
                        62.671054,
                        19
                    ],
                    [
                        8.110009,
                        62.671258,
                        18.9
                    ],
                    [
                        8.110412,
                        62.671616,
                        18.6
                    ],
                    [
                        8.111388,
                        62.672347,
                        17.7
                    ],
                    [
                        8.111739,
                        62.672648,
                        17.2
                    ],
                    [
                        8.112057,
                        62.672976,
                        17
                    ],
                    [
                        8.112241,
                        62.673253,
                        16.8
                    ],
                    [
                        8.11237,
                        62.673534,
                        16.8
                    ],
                    [
                        8.112455,
                        62.673825,
                        16.6
                    ],
                    [
                        8.112676,
                        62.675346,
                        15.4
                    ],
                    [
                        8.112829,
                        62.675938,
                        15
                    ],
                    [
                        8.113036,
                        62.676384,
                        15
                    ],
                    [
                        8.113434,
                        62.676929,
                        15
                    ],
                    [
                        8.113765,
                        62.677248,
                        17.2
                    ],
                    [
                        8.114094,
                        62.677522,
                        17.1
                    ],
                    [
                        8.114649,
                        62.677896,
                        16.9
                    ],
                    [
                        8.115164,
                        62.678188,
                        16.9
                    ],
                    [
                        8.11567,
                        62.678431,
                        16.9
                    ],
                    [
                        8.11656,
                        62.678783,
                        16
                    ],
                    [
                        8.117083,
                        62.678954,
                        15.6
                    ],
                    [
                        8.117973,
                        62.679192,
                        15.4
                    ],
                    [
                        8.118435,
                        62.679295,
                        15.2
                    ],
                    [
                        8.119224,
                        62.679437,
                        13
                    ],
                    [
                        8.120205,
                        62.679573,
                        12.5
                    ],
                    [
                        8.120984,
                        62.679649,
                        11
                    ],
                    [
                        8.121192,
                        62.679665,
                        11
                    ],
                    [
                        8.12207,
                        62.679728,
                        11
                    ],
                    [
                        8.123573,
                        62.679834,
                        15
                    ],
                    [
                        8.124939,
                        62.679929,
                        17
                    ],
                    [
                        8.12532,
                        62.67996,
                        17
                    ],
                    [
                        8.127202,
                        62.68009,
                        16.3
                    ],
                    [
                        8.128113,
                        62.680194,
                        16
                    ],
                    [
                        8.12875,
                        62.680298,
                        16.5
                    ],
                    [
                        8.130008,
                        62.680557,
                        17
                    ],
                    [
                        8.130314,
                        62.680617,
                        17
                    ],
                    [
                        8.131712,
                        62.680919,
                        19
                    ],
                    [
                        8.132134,
                        62.681008,
                        19
                    ],
                    [
                        8.134419,
                        62.681494,
                        10
                    ],
                    [
                        8.134975,
                        62.681616,
                        10
                    ],
                    [
                        8.141993,
                        62.683118,
                        24.8
                    ],
                    [
                        8.143584,
                        62.68351,
                        18.5
                    ],
                    [
                        8.143891,
                        62.683606,
                        19.3
                    ],
                    [
                        8.144114,
                        62.683702,
                        19.3
                    ],
                    [
                        8.14434,
                        62.683855,
                        19.4
                    ],
                    [
                        8.144496,
                        62.684027,
                        19.1
                    ],
                    [
                        8.144563,
                        62.684167,
                        19.1
                    ],
                    [
                        8.144613,
                        62.684402,
                        19.1
                    ],
                    [
                        8.144595,
                        62.684579,
                        19.1
                    ],
                    [
                        8.144453,
                        62.685228,
                        19
                    ],
                    [
                        8.144439,
                        62.685504,
                        2.5
                    ],
                    [
                        8.144475,
                        62.685677,
                        2.6
                    ],
                    [
                        8.14456,
                        62.685854,
                        2.9
                    ],
                    [
                        8.144765,
                        62.686092,
                        3.3
                    ],
                    [
                        8.145004,
                        62.686264,
                        3.7
                    ],
                    [
                        8.145248,
                        62.686401,
                        1
                    ],
                    [
                        8.145968,
                        62.686809,
                        25
                    ],
                    [
                        8.146311,
                        62.687044,
                        19.9
                    ],
                    [
                        8.146643,
                        62.687384,
                        12.7
                    ],
                    [
                        8.146756,
                        62.687561,
                        13.9
                    ],
                    [
                        8.14682,
                        62.687729,
                        14.2
                    ],
                    [
                        8.146851,
                        62.687899,
                        14.6
                    ],
                    [
                        8.146825,
                        62.688218,
                        14
                    ],
                    [
                        8.146371,
                        62.689581,
                        9.4
                    ],
                    [
                        8.146333,
                        62.689839,
                        9.4
                    ],
                    [
                        8.146741,
                        62.691561,
                        18.4
                    ],
                    [
                        8.146801,
                        62.691942,
                        18.4
                    ],
                    [
                        8.146802,
                        62.692215,
                        18.4
                    ],
                    [
                        8.146748,
                        62.692454,
                        18.8
                    ],
                    [
                        8.146651,
                        62.692677,
                        18.8
                    ],
                    [
                        8.146263,
                        62.693256,
                        21.2
                    ],
                    [
                        8.146162,
                        62.693467,
                        22.3
                    ],
                    [
                        8.146031,
                        62.694305,
                        26
                    ],
                    [
                        8.145727,
                        62.694953,
                        33.3
                    ],
                    [
                        8.145732,
                        62.695239,
                        30.7
                    ],
                    [
                        8.145943,
                        62.695641,
                        28.6
                    ],
                    [
                        8.145971,
                        62.695859,
                        27
                    ],
                    [
                        8.145916,
                        62.696037,
                        24.7
                    ],
                    [
                        8.145664,
                        62.696442,
                        17.6
                    ],
                    [
                        8.145547,
                        62.696689,
                        17.1
                    ],
                    [
                        8.145485,
                        62.696891,
                        17.6
                    ],
                    [
                        8.145358,
                        62.697584,
                        13
                    ],
                    [
                        8.145238,
                        62.697835,
                        14.4
                    ],
                    [
                        8.145128,
                        62.697992,
                        14.1
                    ],
                    [
                        8.144372,
                        62.698844,
                        13
                    ],
                    [
                        8.144303,
                        62.698926,
                        13
                    ],
                    [
                        8.144198,
                        62.699096,
                        13
                    ],
                    [
                        8.144147,
                        62.699233,
                        13.1
                    ],
                    [
                        8.144143,
                        62.699423,
                        13.4
                    ],
                    [
                        8.144659,
                        62.700578,
                        13.8
                    ],
                    [
                        8.14471,
                        62.700772,
                        13.9
                    ],
                    [
                        8.144683,
                        62.701056,
                        13.9
                    ],
                    [
                        8.144587,
                        62.70124,
                        12.8
                    ],
                    [
                        8.144331,
                        62.701529,
                        11.6
                    ],
                    [
                        8.143173,
                        62.702513,
                        1
                    ],
                    [
                        8.142877,
                        62.702866,
                        1
                    ],
                    [
                        8.142526,
                        62.70359,
                        11
                    ],
                    [
                        8.142223,
                        62.704033,
                        13.4
                    ],
                    [
                        8.141853,
                        62.704427,
                        11.2
                    ],
                    [
                        8.140844,
                        62.705318,
                        2
                    ],
                    [
                        8.14024,
                        62.705836,
                        2
                    ],
                    [
                        8.139537,
                        62.706464,
                        9.7
                    ],
                    [
                        8.139358,
                        62.706671,
                        5.2
                    ],
                    [
                        8.139236,
                        62.706866,
                        5
                    ],
                    [
                        8.139047,
                        62.707318,
                        6.1
                    ],
                    [
                        8.139021,
                        62.707577,
                        6
                    ],
                    [
                        8.139052,
                        62.708051,
                        6
                    ],
                    [
                        8.139026,
                        62.708159,
                        6.2
                    ],
                    [
                        8.138932,
                        62.708305,
                        6.4
                    ],
                    [
                        8.138451,
                        62.708755,
                        6.2
                    ],
                    [
                        8.138121,
                        62.70923,
                        5
                    ],
                    [
                        8.137883,
                        62.709513,
                        4.5
                    ],
                    [
                        8.137723,
                        62.709653,
                        4.2
                    ],
                    [
                        8.137066,
                        62.710069,
                        3.5
                    ],
                    [
                        8.136854,
                        62.710253,
                        3.8
                    ],
                    [
                        8.136698,
                        62.710462,
                        4
                    ],
                    [
                        8.136458,
                        62.711026,
                        3.9
                    ],
                    [
                        8.136019,
                        62.711497,
                        3
                    ],
                    [
                        8.13523,
                        62.712279,
                        0.8
                    ],
                    [
                        8.134815,
                        62.713029,
                        0.5
                    ],
                    [
                        8.134566,
                        62.713328,
                        0.4
                    ],
                    [
                        8.134264,
                        62.713601,
                        3.3
                    ],
                    [
                        8.133221,
                        62.71432,
                        9.1
                    ],
                    [
                        8.132664,
                        62.714764,
                        30
                    ],
                    [
                        8.132366,
                        62.715017,
                        30
                    ],
                    [
                        8.132117,
                        62.715155,
                        30
                    ],
                    [
                        8.131715,
                        62.715295,
                        30
                    ],
                    [
                        8.131156,
                        62.715397,
                        30
                    ],
                    [
                        8.130689,
                        62.715502,
                        11.8
                    ],
                    [
                        8.130279,
                        62.715669,
                        6
                    ],
                    [
                        8.129525,
                        62.716092,
                        36.8
                    ],
                    [
                        8.128794,
                        62.716596,
                        43.2
                    ],
                    [
                        8.128474,
                        62.716747,
                        44.3
                    ],
                    [
                        8.128264,
                        62.716811,
                        44.1
                    ],
                    [
                        8.127962,
                        62.716856,
                        44.3
                    ],
                    [
                        8.127603,
                        62.716866,
                        43
                    ],
                    [
                        8.127337,
                        62.716843,
                        42.1
                    ],
                    [
                        8.126352,
                        62.716678,
                        38
                    ],
                    [
                        8.126079,
                        62.71667,
                        37.1
                    ],
                    [
                        8.125651,
                        62.716684,
                        35.1
                    ],
                    [
                        8.125045,
                        62.716739,
                        32.1
                    ],
                    [
                        8.124392,
                        62.716849,
                        29.3
                    ],
                    [
                        8.123806,
                        62.716987,
                        29.3
                    ],
                    [
                        8.123377,
                        62.717147,
                        28.4
                    ],
                    [
                        8.123048,
                        62.717353,
                        25.6
                    ],
                    [
                        8.122867,
                        62.717578,
                        25.3
                    ],
                    [
                        8.122831,
                        62.717734,
                        25
                    ],
                    [
                        8.122855,
                        62.718344,
                        23.7
                    ],
                    [
                        8.12282,
                        62.718451,
                        23.5
                    ],
                    [
                        8.122702,
                        62.718602,
                        23.9
                    ],
                    [
                        8.12253,
                        62.718724,
                        24.8
                    ],
                    [
                        8.122297,
                        62.718838,
                        24.7
                    ],
                    [
                        8.12139,
                        62.719149,
                        24.7
                    ],
                    [
                        8.121096,
                        62.719332,
                        24.7
                    ],
                    [
                        8.120981,
                        62.719451,
                        26.1
                    ],
                    [
                        8.120921,
                        62.719599,
                        27.6
                    ],
                    [
                        8.120915,
                        62.719714,
                        28.7
                    ],
                    [
                        8.121063,
                        62.720288,
                        30.7
                    ],
                    [
                        8.121069,
                        62.72042,
                        31.4
                    ],
                    [
                        8.121008,
                        62.720585,
                        32.8
                    ],
                    [
                        8.120794,
                        62.720767,
                        34.3
                    ],
                    [
                        8.120638,
                        62.720842,
                        33.7
                    ],
                    [
                        8.12044,
                        62.720908,
                        32.9
                    ],
                    [
                        8.120052,
                        62.720981,
                        32.4
                    ],
                    [
                        8.117188,
                        62.721143,
                        24.4
                    ],
                    [
                        8.116668,
                        62.721215,
                        22.4
                    ],
                    [
                        8.116045,
                        62.721359,
                        21.6
                    ],
                    [
                        8.115744,
                        62.721456,
                        21.7
                    ],
                    [
                        8.115389,
                        62.721602,
                        21.5
                    ],
                    [
                        8.115139,
                        62.72173,
                        23
                    ],
                    [
                        8.114844,
                        62.72192,
                        23.1
                    ],
                    [
                        8.114601,
                        62.722143,
                        23.5
                    ],
                    [
                        8.114486,
                        62.722283,
                        23.9
                    ],
                    [
                        8.114099,
                        62.722872,
                        45
                    ],
                    [
                        8.113877,
                        62.723209,
                        45
                    ],
                    [
                        8.113725,
                        62.723438,
                        45
                    ],
                    [
                        8.113633,
                        62.723587,
                        45
                    ],
                    [
                        8.113344,
                        62.724023,
                        45
                    ],
                    [
                        8.113068,
                        62.724471,
                        62.9
                    ],
                    [
                        8.112949,
                        62.724863,
                        67.6
                    ],
                    [
                        8.11296,
                        62.725141,
                        67.1
                    ],
                    [
                        8.11309,
                        62.725797,
                        71.9
                    ],
                    [
                        8.113083,
                        62.726054,
                        76.8
                    ],
                    [
                        8.112984,
                        62.726342,
                        80.4
                    ],
                    [
                        8.112629,
                        62.726966,
                        87.3
                    ],
                    [
                        8.11254,
                        62.727178,
                        88.6
                    ],
                    [
                        8.112542,
                        62.727416,
                        90.5
                    ],
                    [
                        8.112767,
                        62.727995,
                        86.3
                    ],
                    [
                        8.112759,
                        62.728197,
                        85
                    ],
                    [
                        8.112661,
                        62.728417,
                        83.7
                    ],
                    [
                        8.112217,
                        62.72892,
                        80.3
                    ],
                    [
                        8.11198,
                        62.729145,
                        73.7
                    ],
                    [
                        8.111775,
                        62.7293,
                        66.5
                    ],
                    [
                        8.111454,
                        62.729465,
                        58.6
                    ],
                    [
                        8.110631,
                        62.729767,
                        48.9
                    ],
                    [
                        8.110246,
                        62.729927,
                        44.6
                    ],
                    [
                        8.11001,
                        62.73007,
                        45.2
                    ],
                    [
                        8.109892,
                        62.730179,
                        44.5
                    ],
                    [
                        8.109768,
                        62.730346,
                        44
                    ],
                    [
                        8.109714,
                        62.730577,
                        44.4
                    ],
                    [
                        8.109965,
                        62.731853,
                        63.3
                    ],
                    [
                        8.109961,
                        62.732271,
                        76.5
                    ],
                    [
                        8.109887,
                        62.732478,
                        79.4
                    ],
                    [
                        8.109709,
                        62.7327,
                        81.4
                    ],
                    [
                        8.109542,
                        62.732836,
                        82.1
                    ],
                    [
                        8.109163,
                        62.733065,
                        84.5
                    ],
                    [
                        8.108864,
                        62.733184,
                        87.5
                    ],
                    [
                        8.10865,
                        62.733248,
                        89.9
                    ],
                    [
                        8.108366,
                        62.733318,
                        87.4
                    ],
                    [
                        8.107987,
                        62.733388,
                        87
                    ],
                    [
                        8.107592,
                        62.733434,
                        87
                    ],
                    [
                        8.106861,
                        62.733523,
                        87
                    ],
                    [
                        8.106737,
                        62.733552,
                        87
                    ],
                    [
                        8.106446,
                        62.733654,
                        87
                    ],
                    [
                        8.106295,
                        62.733749,
                        87
                    ],
                    [
                        8.106206,
                        62.733873,
                        85.3
                    ],
                    [
                        8.106172,
                        62.734,
                        85.2
                    ],
                    [
                        8.106054,
                        62.735147,
                        65
                    ],
                    [
                        8.105992,
                        62.735711,
                        84.3
                    ],
                    [
                        8.105889,
                        62.736014,
                        84.2
                    ],
                    [
                        8.105736,
                        62.736201,
                        84
                    ],
                    [
                        8.105403,
                        62.73645,
                        82.2
                    ],
                    [
                        8.10481,
                        62.736778,
                        83.8
                    ],
                    [
                        8.104426,
                        62.736962,
                        84.5
                    ],
                    [
                        8.101359,
                        62.73808,
                        91
                    ],
                    [
                        8.100615,
                        62.738353,
                        91
                    ],
                    [
                        8.099822,
                        62.738632,
                        82
                    ],
                    [
                        8.099562,
                        62.738704,
                        82.6
                    ],
                    [
                        8.099279,
                        62.738757,
                        80
                    ],
                    [
                        8.099086,
                        62.738777,
                        80
                    ],
                    [
                        8.098737,
                        62.738787,
                        81.3
                    ],
                    [
                        8.098312,
                        62.738757,
                        81.6
                    ],
                    [
                        8.097223,
                        62.738596,
                        88
                    ],
                    [
                        8.09656,
                        62.738521,
                        88
                    ],
                    [
                        8.095919,
                        62.738508,
                        88
                    ],
                    [
                        8.094406,
                        62.738564,
                        92.7
                    ],
                    [
                        8.093815,
                        62.738609,
                        92.9
                    ],
                    [
                        8.093375,
                        62.738665,
                        96
                    ],
                    [
                        8.092616,
                        62.738822,
                        96.3
                    ],
                    [
                        8.09131,
                        62.739174,
                        97
                    ],
                    [
                        8.090872,
                        62.739293,
                        97
                    ],
                    [
                        8.089511,
                        62.739657,
                        104.1
                    ],
                    [
                        8.088798,
                        62.739823,
                        102.9
                    ],
                    [
                        8.088072,
                        62.739963,
                        102.8
                    ],
                    [
                        8.087173,
                        62.74009,
                        95
                    ],
                    [
                        8.086672,
                        62.740148,
                        93.4
                    ],
                    [
                        8.085843,
                        62.740215,
                        93
                    ],
                    [
                        8.085292,
                        62.740242,
                        93.3
                    ],
                    [
                        8.084716,
                        62.740246,
                        93.8
                    ],
                    [
                        8.083752,
                        62.740198,
                        95.9
                    ],
                    [
                        8.081896,
                        62.740015,
                        98.4
                    ],
                    [
                        8.081127,
                        62.739985,
                        99.2
                    ],
                    [
                        8.080493,
                        62.740016,
                        99.5
                    ],
                    [
                        8.079101,
                        62.740155,
                        102
                    ],
                    [
                        8.078695,
                        62.740199,
                        97
                    ],
                    [
                        8.07827,
                        62.740245,
                        97
                    ],
                    [
                        8.07579,
                        62.740501,
                        93.4
                    ],
                    [
                        8.074521,
                        62.740589,
                        89.4
                    ],
                    [
                        8.068736,
                        62.74078,
                        70.9
                    ],
                    [
                        8.067757,
                        62.740774,
                        70.8
                    ],
                    [
                        8.066525,
                        62.74072,
                        70
                    ],
                    [
                        8.065972,
                        62.74071,
                        69.6
                    ],
                    [
                        8.065572,
                        62.740737,
                        69.5
                    ],
                    [
                        8.0653,
                        62.740773,
                        69.5
                    ],
                    [
                        8.064839,
                        62.740872,
                        69.4
                    ],
                    [
                        8.063937,
                        62.741126,
                        66
                    ],
                    [
                        8.06249,
                        62.741532,
                        110.7
                    ],
                    [
                        8.061926,
                        62.741648,
                        109.3
                    ],
                    [
                        8.061539,
                        62.741691,
                        108
                    ],
                    [
                        8.061113,
                        62.741711,
                        110.5
                    ],
                    [
                        8.05994,
                        62.741701,
                        113
                    ],
                    [
                        8.05796,
                        62.741682,
                        117.4
                    ],
                    [
                        8.057088,
                        62.74169,
                        120
                    ],
                    [
                        8.054651,
                        62.741712,
                        125
                    ],
                    [
                        8.054406,
                        62.741718,
                        125
                    ],
                    [
                        8.053889,
                        62.741745,
                        127.9
                    ],
                    [
                        8.053459,
                        62.74179,
                        129
                    ],
                    [
                        8.052692,
                        62.741909,
                        123.1
                    ],
                    [
                        8.051939,
                        62.742049,
                        117.2
                    ],
                    [
                        8.051268,
                        62.742199,
                        111.9
                    ],
                    [
                        8.050775,
                        62.742328,
                        108
                    ],
                    [
                        8.05024,
                        62.742503,
                        108
                    ],
                    [
                        8.049387,
                        62.742836,
                        64.2
                    ],
                    [
                        8.048293,
                        62.74335,
                        75.9
                    ],
                    [
                        8.04651,
                        62.744348,
                        88
                    ],
                    [
                        8.046145,
                        62.744528,
                        82.4
                    ],
                    [
                        8.045795,
                        62.744644,
                        72.7
                    ],
                    [
                        8.04346,
                        62.745232,
                        22
                    ],
                    [
                        8.043147,
                        62.745304,
                        35.5
                    ],
                    [
                        8.042397,
                        62.745434,
                        73
                    ],
                    [
                        8.04112,
                        62.745632,
                        91.9
                    ],
                    [
                        8.040261,
                        62.745739,
                        110.1
                    ],
                    [
                        8.039584,
                        62.745766,
                        106.5
                    ],
                    [
                        8.038434,
                        62.745718,
                        103
                    ],
                    [
                        8.037888,
                        62.745722,
                        98.2
                    ],
                    [
                        8.036701,
                        62.745772,
                        90.6
                    ],
                    [
                        8.036221,
                        62.745808,
                        86.3
                    ],
                    [
                        8.03588,
                        62.745852,
                        85.1
                    ],
                    [
                        8.035589,
                        62.745911,
                        82.4
                    ],
                    [
                        8.035259,
                        62.746017,
                        76.9
                    ],
                    [
                        8.034388,
                        62.746458,
                        69.7
                    ],
                    [
                        8.034006,
                        62.746593,
                        65.3
                    ],
                    [
                        8.033506,
                        62.746697,
                        59.9
                    ],
                    [
                        8.032221,
                        62.746867,
                        44
                    ],
                    [
                        8.031889,
                        62.746949,
                        42.6
                    ],
                    [
                        8.031581,
                        62.747089,
                        43.3
                    ],
                    [
                        8.031133,
                        62.747419,
                        42.2
                    ],
                    [
                        8.030885,
                        62.747563,
                        43.1
                    ],
                    [
                        8.029575,
                        62.74806,
                        48.6
                    ],
                    [
                        8.029023,
                        62.748292,
                        44.9
                    ],
                    [
                        8.028669,
                        62.74849,
                        43.3
                    ],
                    [
                        8.028176,
                        62.748805,
                        42.8
                    ],
                    [
                        8.027811,
                        62.748986,
                        42.3
                    ],
                    [
                        8.027292,
                        62.749152,
                        36.8
                    ],
                    [
                        8.025014,
                        62.74972,
                        40.5
                    ],
                    [
                        8.024645,
                        62.749842,
                        46.5
                    ],
                    [
                        8.024366,
                        62.749976,
                        50.3
                    ],
                    [
                        8.024109,
                        62.750144,
                        50.3
                    ],
                    [
                        8.023898,
                        62.750337,
                        50.3
                    ],
                    [
                        8.023702,
                        62.750602,
                        50.1
                    ],
                    [
                        8.023605,
                        62.750812,
                        50
                    ],
                    [
                        8.023569,
                        62.751048,
                        50.6
                    ],
                    [
                        8.023612,
                        62.751238,
                        50.8
                    ],
                    [
                        8.023704,
                        62.751413,
                        50.7
                    ],
                    [
                        8.0239,
                        62.751656,
                        52
                    ],
                    [
                        8.024113,
                        62.751835,
                        43.8
                    ],
                    [
                        8.024396,
                        62.752003,
                        41.7
                    ],
                    [
                        8.024731,
                        62.75215,
                        43.7
                    ],
                    [
                        8.025054,
                        62.752268,
                        48
                    ],
                    [
                        8.025801,
                        62.75252,
                        48
                    ],
                    [
                        8.02631,
                        62.752729,
                        48
                    ],
                    [
                        8.026668,
                        62.752926,
                        48
                    ],
                    [
                        8.026918,
                        62.753106,
                        48
                    ],
                    [
                        8.027189,
                        62.753408,
                        63.5
                    ],
                    [
                        8.027462,
                        62.753875,
                        68
                    ],
                    [
                        8.027695,
                        62.754232,
                        46.2
                    ],
                    [
                        8.027862,
                        62.754435,
                        46.6
                    ],
                    [
                        8.028207,
                        62.754745,
                        48.4
                    ],
                    [
                        8.028515,
                        62.754971,
                        48.9
                    ],
                    [
                        8.028859,
                        62.755187,
                        48.5
                    ],
                    [
                        8.029777,
                        62.755676,
                        52
                    ],
                    [
                        8.030109,
                        62.755872,
                        42.7
                    ],
                    [
                        8.030481,
                        62.756157,
                        40.6
                    ],
                    [
                        8.030663,
                        62.756337,
                        42
                    ],
                    [
                        8.031344,
                        62.757123,
                        42.4
                    ],
                    [
                        8.031842,
                        62.757611,
                        42.7
                    ],
                    [
                        8.032135,
                        62.757859,
                        43
                    ],
                    [
                        8.032435,
                        62.758086,
                        43
                    ],
                    [
                        8.033076,
                        62.758494,
                        31.8
                    ],
                    [
                        8.033561,
                        62.758744,
                        33.8
                    ],
                    [
                        8.03423,
                        62.759035,
                        34.6
                    ],
                    [
                        8.034819,
                        62.759247,
                        34.8
                    ],
                    [
                        8.035407,
                        62.759428,
                        35.9
                    ],
                    [
                        8.035932,
                        62.759567,
                        35.9
                    ],
                    [
                        8.039525,
                        62.760465,
                        19.3
                    ],
                    [
                        8.040805,
                        62.76086,
                        20.6
                    ],
                    [
                        8.042092,
                        62.761312,
                        25.7
                    ],
                    [
                        8.043159,
                        62.761741,
                        22.9
                    ],
                    [
                        8.044182,
                        62.762204,
                        18.3
                    ],
                    [
                        8.045145,
                        62.762696,
                        14.5
                    ],
                    [
                        8.046278,
                        62.763335,
                        15
                    ],
                    [
                        8.047712,
                        62.764152,
                        15.3
                    ],
                    [
                        8.048451,
                        62.764542,
                        3
                    ],
                    [
                        8.049171,
                        62.764866,
                        5.9
                    ],
                    [
                        8.049618,
                        62.765046,
                        6.4
                    ],
                    [
                        8.050822,
                        62.765464,
                        9
                    ],
                    [
                        8.052065,
                        62.765805,
                        16.3
                    ],
                    [
                        8.052817,
                        62.765978,
                        17.3
                    ],
                    [
                        8.053478,
                        62.766111,
                        18.3
                    ],
                    [
                        8.054586,
                        62.766298,
                        17.7
                    ],
                    [
                        8.05769,
                        62.76675,
                        4.4
                    ],
                    [
                        8.058562,
                        62.766912,
                        3.7
                    ],
                    [
                        8.05912,
                        62.767034,
                        3
                    ],
                    [
                        8.06084,
                        62.767421,
                        8
                    ],
                    [
                        8.061855,
                        62.76767,
                        11.3
                    ],
                    [
                        8.062431,
                        62.767846,
                        12.1
                    ],
                    [
                        8.062764,
                        62.767968,
                        11.8
                    ],
                    [
                        8.063482,
                        62.76827,
                        14
                    ],
                    [
                        8.064388,
                        62.768678,
                        0
                    ],
                    [
                        8.064425,
                        62.768694,
                        0
                    ],
                    [
                        8.064944,
                        62.768916,
                        1.6
                    ],
                    [
                        8.065636,
                        62.769153,
                        2
                    ],
                    [
                        8.066616,
                        62.769408,
                        5.1
                    ],
                    [
                        8.068391,
                        62.76975,
                        7.3
                    ],
                    [
                        8.068819,
                        62.769845,
                        7.9
                    ],
                    [
                        8.069478,
                        62.770035,
                        8.3
                    ],
                    [
                        8.069991,
                        62.770225,
                        11
                    ],
                    [
                        8.070561,
                        62.770489,
                        9.8
                    ],
                    [
                        8.070998,
                        62.770765,
                        8.9
                    ],
                    [
                        8.071457,
                        62.771179,
                        9.1
                    ],
                    [
                        8.071754,
                        62.771579,
                        8
                    ],
                    [
                        8.071848,
                        62.771805,
                        7.7
                    ],
                    [
                        8.071894,
                        62.772072,
                        7.6
                    ],
                    [
                        8.071888,
                        62.772397,
                        7.5
                    ],
                    [
                        8.071818,
                        62.772947,
                        5
                    ],
                    [
                        8.071748,
                        62.773706,
                        4.6
                    ],
                    [
                        8.071751,
                        62.774248,
                        3.9
                    ],
                    [
                        8.071827,
                        62.774898,
                        3.2
                    ],
                    [
                        8.071965,
                        62.775491,
                        2
                    ],
                    [
                        8.072059,
                        62.775783,
                        2
                    ],
                    [
                        8.072264,
                        62.776388,
                        2
                    ],
                    [
                        8.072325,
                        62.77678,
                        2
                    ],
                    [
                        8.072371,
                        62.776851,
                        2
                    ],
                    [
                        8.072352,
                        62.776904,
                        2
                    ],
                    [
                        8.072274,
                        62.776936,
                        2
                    ],
                    [
                        8.071969,
                        62.776915,
                        2.7
                    ],
                    [
                        8.071711,
                        62.776914,
                        2.6
                    ],
                    [
                        8.071298,
                        62.776946,
                        2.9
                    ],
                    [
                        8.071135,
                        62.776973,
                        5
                    ],
                    [
                        8.070505,
                        62.777058,
                        8
                    ],
                    [
                        8.070127,
                        62.777093,
                        6.8
                    ],
                    [
                        8.069876,
                        62.777096,
                        7
                    ],
                    [
                        8.069309,
                        62.77705,
                        7.2
                    ],
                    [
                        8.068425,
                        62.776937,
                        1
                    ],
                    [
                        8.06726,
                        62.776777,
                        1
                    ],
                    [
                        8.066736,
                        62.776706,
                        1
                    ],
                    [
                        8.065504,
                        62.776538,
                        2
                    ],
                    [
                        8.063509,
                        62.776247,
                        2
                    ],
                    [
                        8.061448,
                        62.775909,
                        6
                    ],
                    [
                        8.060504,
                        62.775747,
                        6
                    ],
                    [
                        8.05966,
                        62.775606,
                        13
                    ],
                    [
                        8.058137,
                        62.775339,
                        19
                    ],
                    [
                        8.055477,
                        62.77492,
                        25
                    ],
                    [
                        8.055112,
                        62.774854,
                        1
                    ],
                    [
                        8.054358,
                        62.774718,
                        1
                    ],
                    [
                        8.053729,
                        62.774624,
                        1
                    ],
                    [
                        8.052922,
                        62.774528,
                        1
                    ],
                    [
                        8.052122,
                        62.774459,
                        1
                    ],
                    [
                        8.051991,
                        62.774718,
                        1
                    ],
                    [
                        8.051894,
                        62.774798,
                        1
                    ],
                    [
                        8.051754,
                        62.774807,
                        1
                    ],
                    [
                        8.051211,
                        62.774757,
                        1
                    ],
                    [
                        8.051754,
                        62.774807,
                        1
                    ],
                    [
                        8.051894,
                        62.774798,
                        1
                    ],
                    [
                        8.051991,
                        62.774718,
                        1
                    ],
                    [
                        8.052122,
                        62.774459,
                        1
                    ],
                    [
                        8.052922,
                        62.774528,
                        1
                    ],
                    [
                        8.053729,
                        62.774624,
                        1
                    ],
                    [
                        8.054358,
                        62.774718,
                        1
                    ],
                    [
                        8.055112,
                        62.774854,
                        1
                    ],
                    [
                        8.055477,
                        62.77492,
                        25
                    ],
                    [
                        8.058137,
                        62.775339,
                        19
                    ],
                    [
                        8.05966,
                        62.775606,
                        13
                    ],
                    [
                        8.060504,
                        62.775747,
                        6
                    ],
                    [
                        8.061448,
                        62.775909,
                        6
                    ],
                    [
                        8.063509,
                        62.776247,
                        2
                    ],
                    [
                        8.065504,
                        62.776538,
                        2
                    ],
                    [
                        8.066736,
                        62.776706,
                        1
                    ],
                    [
                        8.06726,
                        62.776777,
                        1
                    ],
                    [
                        8.068425,
                        62.776937,
                        1
                    ],
                    [
                        8.069309,
                        62.77705,
                        7.2
                    ],
                    [
                        8.069876,
                        62.777096,
                        7
                    ],
                    [
                        8.070127,
                        62.777093,
                        6.8
                    ],
                    [
                        8.070505,
                        62.777058,
                        8
                    ],
                    [
                        8.071135,
                        62.776973,
                        5
                    ],
                    [
                        8.071298,
                        62.776946,
                        2.9
                    ],
                    [
                        8.071711,
                        62.776914,
                        2.6
                    ],
                    [
                        8.071969,
                        62.776915,
                        2.7
                    ],
                    [
                        8.072274,
                        62.776936,
                        2
                    ],
                    [
                        8.073956,
                        62.777168,
                        5
                    ],
                    [
                        8.074216,
                        62.777206,
                        5
                    ],
                    [
                        8.078315,
                        62.777795,
                        13
                    ],
                    [
                        8.079793,
                        62.778008,
                        16
                    ],
                    [
                        8.080194,
                        62.778066,
                        16
                    ],
                    [
                        8.081108,
                        62.778195,
                        16
                    ],
                    [
                        8.081228,
                        62.778212,
                        18
                    ],
                    [
                        8.082356,
                        62.778371,
                        18
                    ],
                    [
                        8.082721,
                        62.77842,
                        18
                    ],
                    [
                        8.083409,
                        62.778516,
                        21
                    ],
                    [
                        8.08464,
                        62.778692,
                        21
                    ],
                    [
                        8.085522,
                        62.778842,
                        22
                    ],
                    [
                        8.086405,
                        62.779037,
                        21.2
                    ],
                    [
                        8.087096,
                        62.779228,
                        21.8
                    ],
                    [
                        8.088491,
                        62.779663,
                        22.3
                    ],
                    [
                        8.089493,
                        62.779914,
                        26
                    ],
                    [
                        8.089953,
                        62.780022,
                        26
                    ],
                    [
                        8.091437,
                        62.780363,
                        30.7
                    ],
                    [
                        8.094735,
                        62.781059,
                        36.9
                    ],
                    [
                        8.095217,
                        62.781193,
                        38
                    ],
                    [
                        8.095732,
                        62.781379,
                        39.5
                    ],
                    [
                        8.096362,
                        62.781691,
                        39.8
                    ],
                    [
                        8.096657,
                        62.78189,
                        39.9
                    ],
                    [
                        8.096848,
                        62.782051,
                        40
                    ],
                    [
                        8.097051,
                        62.782281,
                        40.2
                    ],
                    [
                        8.097165,
                        62.782453,
                        40.2
                    ],
                    [
                        8.097235,
                        62.782597,
                        40.2
                    ],
                    [
                        8.097322,
                        62.782914,
                        41
                    ],
                    [
                        8.097418,
                        62.783499,
                        46.2
                    ],
                    [
                        8.097498,
                        62.783779,
                        46.5
                    ],
                    [
                        8.097623,
                        62.784001,
                        46.8
                    ],
                    [
                        8.097888,
                        62.784257,
                        53
                    ],
                    [
                        8.098173,
                        62.784433,
                        53.9
                    ],
                    [
                        8.098846,
                        62.784744,
                        55.3
                    ],
                    [
                        8.10023,
                        62.785294,
                        56.6
                    ],
                    [
                        8.100934,
                        62.785541,
                        59
                    ],
                    [
                        8.1017,
                        62.785756,
                        59.3
                    ],
                    [
                        8.103066,
                        62.786078,
                        60
                    ],
                    [
                        8.105075,
                        62.786549,
                        61.5
                    ],
                    [
                        8.107788,
                        62.787257,
                        62
                    ],
                    [
                        8.107872,
                        62.787278,
                        62
                    ],
                    [
                        8.108651,
                        62.787476,
                        60
                    ],
                    [
                        8.10884,
                        62.787525,
                        60
                    ],
                    [
                        8.109975,
                        62.787807,
                        60
                    ],
                    [
                        8.110966,
                        62.788075,
                        60
                    ],
                    [
                        8.112902,
                        62.78865,
                        62
                    ],
                    [
                        8.114818,
                        62.789232,
                        66.6
                    ],
                    [
                        8.115649,
                        62.789518,
                        66
                    ],
                    [
                        8.116515,
                        62.789842,
                        67.5
                    ],
                    [
                        8.117043,
                        62.790067,
                        69.1
                    ],
                    [
                        8.118089,
                        62.790587,
                        70
                    ],
                    [
                        8.118992,
                        62.790998,
                        72.7
                    ],
                    [
                        8.120557,
                        62.791657,
                        75.7
                    ],
                    [
                        8.121605,
                        62.792125,
                        79
                    ],
                    [
                        8.123619,
                        62.79303,
                        83
                    ],
                    [
                        8.123793,
                        62.793109,
                        83
                    ],
                    [
                        8.124004,
                        62.793195,
                        83
                    ],
                    [
                        8.125164,
                        62.7937,
                        95
                    ],
                    [
                        8.126333,
                        62.794202,
                        99.9
                    ],
                    [
                        8.127139,
                        62.794466,
                        101.8
                    ],
                    [
                        8.127542,
                        62.794572,
                        102.6
                    ],
                    [
                        8.128264,
                        62.794724,
                        102.5
                    ],
                    [
                        8.128817,
                        62.794817,
                        102.6
                    ],
                    [
                        8.129468,
                        62.794906,
                        105
                    ],
                    [
                        8.130895,
                        62.795075,
                        105
                    ],
                    [
                        8.131696,
                        62.79517,
                        101
                    ],
                    [
                        8.13321,
                        62.795347,
                        100.3
                    ],
                    [
                        8.134172,
                        62.795443,
                        100
                    ],
                    [
                        8.134291,
                        62.795454,
                        100
                    ],
                    [
                        8.135403,
                        62.795514,
                        103
                    ],
                    [
                        8.13629,
                        62.795529,
                        103.4
                    ],
                    [
                        8.137034,
                        62.795518,
                        103.5
                    ],
                    [
                        8.140372,
                        62.795395,
                        107
                    ],
                    [
                        8.143987,
                        62.795253,
                        106
                    ],
                    [
                        8.15075,
                        62.794998,
                        90.9
                    ],
                    [
                        8.151606,
                        62.794999,
                        89.5
                    ],
                    [
                        8.152358,
                        62.795035,
                        89.5
                    ],
                    [
                        8.152911,
                        62.795086,
                        89.7
                    ],
                    [
                        8.153377,
                        62.795148,
                        88.6
                    ],
                    [
                        8.153962,
                        62.795247,
                        88.5
                    ],
                    [
                        8.15448,
                        62.795363,
                        88.2
                    ],
                    [
                        8.155299,
                        62.795593,
                        85.1
                    ],
                    [
                        8.156941,
                        62.796167,
                        65
                    ],
                    [
                        8.158923,
                        62.796869,
                        68.2
                    ],
                    [
                        8.1595,
                        62.797056,
                        69.1
                    ],
                    [
                        8.160568,
                        62.797365,
                        61.6
                    ],
                    [
                        8.162433,
                        62.797845,
                        55
                    ],
                    [
                        8.163103,
                        62.798043,
                        46
                    ],
                    [
                        8.163207,
                        62.798078,
                        46
                    ],
                    [
                        8.163699,
                        62.798267,
                        46.6
                    ],
                    [
                        8.164221,
                        62.79852,
                        47.1
                    ],
                    [
                        8.165642,
                        62.799443,
                        38.2
                    ],
                    [
                        8.166201,
                        62.799737,
                        33.1
                    ],
                    [
                        8.166648,
                        62.799924,
                        29.8
                    ],
                    [
                        8.167014,
                        62.800051,
                        30.1
                    ],
                    [
                        8.167766,
                        62.800255,
                        29.1
                    ],
                    [
                        8.168535,
                        62.800397,
                        28.4
                    ],
                    [
                        8.169378,
                        62.800496,
                        28.1
                    ],
                    [
                        8.17401,
                        62.800772,
                        25.5
                    ],
                    [
                        8.17511,
                        62.800855,
                        25
                    ],
                    [
                        8.176197,
                        62.800954,
                        25
                    ],
                    [
                        8.177684,
                        62.801093,
                        20
                    ],
                    [
                        8.178145,
                        62.801126,
                        18.2
                    ],
                    [
                        8.178681,
                        62.801142,
                        16.9
                    ],
                    [
                        8.179236,
                        62.801137,
                        16.5
                    ],
                    [
                        8.179658,
                        62.801117,
                        16.4
                    ],
                    [
                        8.180543,
                        62.801028,
                        16.2
                    ],
                    [
                        8.180917,
                        62.800971,
                        15.8
                    ],
                    [
                        8.181429,
                        62.800866,
                        10
                    ],
                    [
                        8.182159,
                        62.800675,
                        6.4
                    ],
                    [
                        8.184197,
                        62.799954,
                        2
                    ],
                    [
                        8.184905,
                        62.799762,
                        45.6
                    ],
                    [
                        8.185466,
                        62.799642,
                        41.7
                    ],
                    [
                        8.186662,
                        62.799411,
                        40.6
                    ],
                    [
                        8.187499,
                        62.799283,
                        41.7
                    ],
                    [
                        8.188571,
                        62.799195,
                        41
                    ],
                    [
                        8.190874,
                        62.799138,
                        39
                    ],
                    [
                        8.191483,
                        62.799099,
                        36.3
                    ],
                    [
                        8.194657,
                        62.798802,
                        24
                    ],
                    [
                        8.195489,
                        62.798698,
                        20.9
                    ],
                    [
                        8.196887,
                        62.798407,
                        16.2
                    ],
                    [
                        8.197363,
                        62.798341,
                        15.4
                    ],
                    [
                        8.198048,
                        62.798291,
                        12.8
                    ],
                    [
                        8.199319,
                        62.798259,
                        10.7
                    ],
                    [
                        8.201678,
                        62.797996,
                        14
                    ],
                    [
                        8.202337,
                        62.797868,
                        16.8
                    ],
                    [
                        8.203128,
                        62.797651,
                        35
                    ],
                    [
                        8.203617,
                        62.797469,
                        26.7
                    ],
                    [
                        8.203919,
                        62.797314,
                        23.9
                    ],
                    [
                        8.204216,
                        62.797084,
                        23.9
                    ],
                    [
                        8.204638,
                        62.796673,
                        12
                    ],
                    [
                        8.205365,
                        62.796025,
                        27.5
                    ],
                    [
                        8.206102,
                        62.795528,
                        27.2
                    ],
                    [
                        8.206707,
                        62.795212,
                        22.8
                    ],
                    [
                        8.207573,
                        62.794828,
                        19.4
                    ],
                    [
                        8.208157,
                        62.794593,
                        14.3
                    ],
                    [
                        8.208691,
                        62.794412,
                        9.9
                    ],
                    [
                        8.209567,
                        62.794158,
                        9.2
                    ],
                    [
                        8.210466,
                        62.793931,
                        12.1
                    ],
                    [
                        8.211147,
                        62.793792,
                        15
                    ],
                    [
                        8.21261,
                        62.793527,
                        18.7
                    ],
                    [
                        8.213143,
                        62.793411,
                        18.3
                    ],
                    [
                        8.218308,
                        62.79188,
                        15.7
                    ],
                    [
                        8.224762,
                        62.789927,
                        4.7
                    ],
                    [
                        8.225517,
                        62.789749,
                        2.7
                    ],
                    [
                        8.226132,
                        62.789652,
                        2.9
                    ],
                    [
                        8.226522,
                        62.789608,
                        2
                    ],
                    [
                        8.228448,
                        62.789441,
                        29.6
                    ],
                    [
                        8.229572,
                        62.789302,
                        27.5
                    ],
                    [
                        8.230393,
                        62.78915,
                        27.3
                    ],
                    [
                        8.230922,
                        62.788995,
                        26.8
                    ],
                    [
                        8.231191,
                        62.78889,
                        18
                    ],
                    [
                        8.232709,
                        62.788231,
                        18
                    ],
                    [
                        8.233701,
                        62.787792,
                        6
                    ],
                    [
                        8.233872,
                        62.787716,
                        6
                    ],
                    [
                        8.23637,
                        62.786594,
                        24
                    ],
                    [
                        8.238147,
                        62.7858,
                        22.3
                    ],
                    [
                        8.238847,
                        62.785459,
                        29.6
                    ],
                    [
                        8.239654,
                        62.784998,
                        30.4
                    ],
                    [
                        8.240523,
                        62.784435,
                        28.3
                    ],
                    [
                        8.240741,
                        62.784338,
                        27.9
                    ],
                    [
                        8.241165,
                        62.784186,
                        27.1
                    ],
                    [
                        8.242066,
                        62.783935,
                        15
                    ],
                    [
                        8.243079,
                        62.783727,
                        8.6
                    ],
                    [
                        8.244098,
                        62.783576,
                        7.6
                    ],
                    [
                        8.24502,
                        62.783483,
                        6
                    ],
                    [
                        8.246307,
                        62.783383,
                        4.6
                    ],
                    [
                        8.247601,
                        62.783293,
                        3.5
                    ],
                    [
                        8.248201,
                        62.783272,
                        3.7
                    ],
                    [
                        8.250253,
                        62.783317,
                        13.6
                    ],
                    [
                        8.250868,
                        62.783311,
                        16.7
                    ],
                    [
                        8.251125,
                        62.783298,
                        18
                    ],
                    [
                        8.251665,
                        62.783228,
                        22.2
                    ],
                    [
                        8.252295,
                        62.783089,
                        22.1
                    ],
                    [
                        8.252833,
                        62.782904,
                        22
                    ],
                    [
                        8.253531,
                        62.782575,
                        22
                    ],
                    [
                        8.254699,
                        62.781975,
                        15
                    ],
                    [
                        8.254931,
                        62.781857,
                        15
                    ],
                    [
                        8.255092,
                        62.781776,
                        15
                    ],
                    [
                        8.255267,
                        62.781686,
                        15
                    ],
                    [
                        8.256341,
                        62.781133,
                        6
                    ],
                    [
                        8.25661,
                        62.780994,
                        39
                    ],
                    [
                        8.257368,
                        62.780617,
                        39
                    ],
                    [
                        8.257803,
                        62.78044,
                        35.7
                    ],
                    [
                        8.258155,
                        62.780317,
                        35.3
                    ],
                    [
                        8.259777,
                        62.779816,
                        19
                    ],
                    [
                        8.260453,
                        62.779616,
                        8.5
                    ],
                    [
                        8.261111,
                        62.779465,
                        7.7
                    ],
                    [
                        8.262169,
                        62.779313,
                        6.3
                    ],
                    [
                        8.263066,
                        62.779235,
                        4.2
                    ],
                    [
                        8.264106,
                        62.779206,
                        3.6
                    ],
                    [
                        8.268735,
                        62.779181,
                        2.4
                    ],
                    [
                        8.270261,
                        62.779117,
                        15.2
                    ],
                    [
                        8.271777,
                        62.779025,
                        70
                    ],
                    [
                        8.271933,
                        62.779015,
                        70
                    ],
                    [
                        8.275575,
                        62.778805,
                        70
                    ],
                    [
                        8.277283,
                        62.778743,
                        70.9
                    ],
                    [
                        8.278076,
                        62.778735,
                        71
                    ],
                    [
                        8.279514,
                        62.77875,
                        72.3
                    ],
                    [
                        8.280365,
                        62.778786,
                        72.7
                    ],
                    [
                        8.281196,
                        62.778832,
                        77.6
                    ],
                    [
                        8.283465,
                        62.778992,
                        95
                    ],
                    [
                        8.284852,
                        62.779083,
                        38.8
                    ],
                    [
                        8.28576,
                        62.779114,
                        27
                    ],
                    [
                        8.28647,
                        62.779126,
                        26.8
                    ],
                    [
                        8.286808,
                        62.779117,
                        26.8
                    ],
                    [
                        8.287328,
                        62.779096,
                        26.6
                    ],
                    [
                        8.288348,
                        62.779007,
                        26.4
                    ],
                    [
                        8.288847,
                        62.778942,
                        26.3
                    ],
                    [
                        8.289814,
                        62.778773,
                        26.1
                    ],
                    [
                        8.290282,
                        62.778669,
                        26
                    ],
                    [
                        8.291187,
                        62.778419,
                        25.7
                    ],
                    [
                        8.322951,
                        62.767609,
                        18
                    ],
                    [
                        8.323946,
                        62.767273,
                        18
                    ],
                    [
                        8.324856,
                        62.766978,
                        15.8
                    ],
                    [
                        8.325291,
                        62.766863,
                        11
                    ],
                    [
                        8.325523,
                        62.766805,
                        11
                    ],
                    [
                        8.325733,
                        62.766756,
                        11
                    ],
                    [
                        8.325916,
                        62.766715,
                        11
                    ],
                    [
                        8.326779,
                        62.766527,
                        28
                    ],
                    [
                        8.328843,
                        62.766079,
                        29
                    ],
                    [
                        8.329003,
                        62.766046,
                        29
                    ],
                    [
                        8.329325,
                        62.765976,
                        27
                    ],
                    [
                        8.330617,
                        62.765698,
                        16.7
                    ],
                    [
                        8.331365,
                        62.765512,
                        14.3
                    ],
                    [
                        8.331824,
                        62.765351,
                        15.8
                    ],
                    [
                        8.332172,
                        62.765188,
                        8
                    ],
                    [
                        8.333418,
                        62.764413,
                        55
                    ],
                    [
                        8.333768,
                        62.764234,
                        52.4
                    ],
                    [
                        8.33405,
                        62.764127,
                        52.1
                    ],
                    [
                        8.334541,
                        62.763989,
                        51.6
                    ],
                    [
                        8.334825,
                        62.763934,
                        51.3
                    ],
                    [
                        8.335371,
                        62.763862,
                        50.6
                    ],
                    [
                        8.336475,
                        62.763829,
                        46
                    ],
                    [
                        8.337264,
                        62.763799,
                        35.8
                    ],
                    [
                        8.337752,
                        62.763753,
                        33.3
                    ],
                    [
                        8.339383,
                        62.763491,
                        30.5
                    ],
                    [
                        8.340182,
                        62.763401,
                        29.3
                    ],
                    [
                        8.340654,
                        62.763372,
                        28.6
                    ],
                    [
                        8.340953,
                        62.763367,
                        28.6
                    ],
                    [
                        8.341611,
                        62.763385,
                        29
                    ],
                    [
                        8.342662,
                        62.763446,
                        29
                    ],
                    [
                        8.343486,
                        62.763477,
                        29.3
                    ],
                    [
                        8.34437,
                        62.76346,
                        29.7
                    ],
                    [
                        8.34495,
                        62.76343,
                        31
                    ],
                    [
                        8.347568,
                        62.763304,
                        29.9
                    ],
                    [
                        8.34796,
                        62.763272,
                        29.4
                    ],
                    [
                        8.348436,
                        62.763198,
                        29.4
                    ],
                    [
                        8.348676,
                        62.763133,
                        29.5
                    ],
                    [
                        8.349101,
                        62.762944,
                        29.4
                    ],
                    [
                        8.349357,
                        62.762753,
                        29.5
                    ],
                    [
                        8.349557,
                        62.76252,
                        29
                    ],
                    [
                        8.35003,
                        62.761886,
                        30.8
                    ],
                    [
                        8.350363,
                        62.761544,
                        30.7
                    ],
                    [
                        8.35151,
                        62.760699,
                        62.6
                    ],
                    [
                        8.351841,
                        62.760494,
                        69.6
                    ],
                    [
                        8.352153,
                        62.760341,
                        74.1
                    ],
                    [
                        8.352606,
                        62.760182,
                        78.8
                    ],
                    [
                        8.352877,
                        62.760117,
                        77.1
                    ],
                    [
                        8.354045,
                        62.759913,
                        70.7
                    ],
                    [
                        8.354534,
                        62.759801,
                        66.2
                    ],
                    [
                        8.356851,
                        62.75903,
                        46.5
                    ],
                    [
                        8.358816,
                        62.758562,
                        38.5
                    ],
                    [
                        8.359659,
                        62.758301,
                        41.6
                    ],
                    [
                        8.360191,
                        62.758118,
                        48.4
                    ],
                    [
                        8.360848,
                        62.757869,
                        44.1
                    ],
                    [
                        8.361323,
                        62.757663,
                        46
                    ],
                    [
                        8.362508,
                        62.757079,
                        28
                    ],
                    [
                        8.362885,
                        62.756907,
                        28
                    ],
                    [
                        8.362999,
                        62.756858,
                        28
                    ],
                    [
                        8.363239,
                        62.756755,
                        28
                    ],
                    [
                        8.363611,
                        62.756629,
                        28
                    ],
                    [
                        8.36384,
                        62.756561,
                        28
                    ],
                    [
                        8.364211,
                        62.756463,
                        28
                    ],
                    [
                        8.364832,
                        62.756329,
                        31.8
                    ],
                    [
                        8.365459,
                        62.756219,
                        35.2
                    ],
                    [
                        8.37107,
                        62.755396,
                        47
                    ],
                    [
                        8.372243,
                        62.755204,
                        45.4
                    ],
                    [
                        8.373055,
                        62.755022,
                        40
                    ],
                    [
                        8.3748,
                        62.754513,
                        40
                    ],
                    [
                        8.375504,
                        62.75433,
                        35.9
                    ],
                    [
                        8.376149,
                        62.754188,
                        34
                    ],
                    [
                        8.376958,
                        62.754061,
                        25
                    ],
                    [
                        8.378746,
                        62.753791,
                        51.4
                    ],
                    [
                        8.379568,
                        62.753641,
                        46.7
                    ],
                    [
                        8.380288,
                        62.753477,
                        48.1
                    ],
                    [
                        8.381545,
                        62.753132,
                        34
                    ],
                    [
                        8.384572,
                        62.752314,
                        19
                    ],
                    [
                        8.386531,
                        62.751798,
                        47.6
                    ],
                    [
                        8.388221,
                        62.751489,
                        42.7
                    ],
                    [
                        8.388458,
                        62.751432,
                        42.6
                    ],
                    [
                        8.388792,
                        62.751331,
                        39
                    ],
                    [
                        8.389038,
                        62.751236,
                        37.9
                    ],
                    [
                        8.389265,
                        62.751121,
                        36.7
                    ],
                    [
                        8.389605,
                        62.750912,
                        33.1
                    ],
                    [
                        8.391109,
                        62.749929,
                        37.5
                    ],
                    [
                        8.391616,
                        62.749631,
                        36.3
                    ],
                    [
                        8.394812,
                        62.748007,
                        47.5
                    ],
                    [
                        8.395594,
                        62.74765,
                        56.8
                    ],
                    [
                        8.396361,
                        62.747362,
                        59
                    ],
                    [
                        8.397783,
                        62.746896,
                        36.3
                    ],
                    [
                        8.39969,
                        62.7464,
                        23.2
                    ],
                    [
                        8.400108,
                        62.746277,
                        19.7
                    ],
                    [
                        8.400642,
                        62.746087,
                        17.4
                    ],
                    [
                        8.40089,
                        62.74598,
                        20.8
                    ],
                    [
                        8.402697,
                        62.745021,
                        29.2
                    ],
                    [
                        8.403198,
                        62.744731,
                        23.5
                    ],
                    [
                        8.403548,
                        62.74447,
                        21.6
                    ],
                    [
                        8.404385,
                        62.743764,
                        21.2
                    ],
                    [
                        8.404596,
                        62.743558,
                        22.8
                    ],
                    [
                        8.404876,
                        62.743183,
                        22.7
                    ],
                    [
                        8.405739,
                        62.741683,
                        19.8
                    ],
                    [
                        8.406445,
                        62.74062,
                        11.3
                    ],
                    [
                        8.407455,
                        62.739206,
                        36.9
                    ],
                    [
                        8.407855,
                        62.738748,
                        26.8
                    ],
                    [
                        8.409012,
                        62.737712,
                        25.8
                    ],
                    [
                        8.409923,
                        62.736854,
                        26.7
                    ],
                    [
                        8.410793,
                        62.735994,
                        13.1
                    ],
                    [
                        8.411321,
                        62.735427,
                        16.4
                    ],
                    [
                        8.411937,
                        62.734695,
                        20.1
                    ],
                    [
                        8.412359,
                        62.734135,
                        16.5
                    ],
                    [
                        8.414053,
                        62.731587,
                        9.1
                    ],
                    [
                        8.414294,
                        62.731287,
                        7.9
                    ],
                    [
                        8.415138,
                        62.730445,
                        6.1
                    ],
                    [
                        8.415394,
                        62.730146,
                        5.6
                    ],
                    [
                        8.415548,
                        62.729878,
                        5.4
                    ],
                    [
                        8.415621,
                        62.72968,
                        4
                    ],
                    [
                        8.415706,
                        62.728772,
                        9.2
                    ],
                    [
                        8.415797,
                        62.728244,
                        8.4
                    ],
                    [
                        8.416648,
                        62.725008,
                        2.3
                    ],
                    [
                        8.416838,
                        62.724427,
                        2.6
                    ],
                    [
                        8.417372,
                        62.723074,
                        9.7
                    ],
                    [
                        8.417754,
                        62.721887,
                        13
                    ],
                    [
                        8.418326,
                        62.719486,
                        18
                    ],
                    [
                        8.418461,
                        62.718878,
                        11.9
                    ],
                    [
                        8.418615,
                        62.718554,
                        10.5
                    ],
                    [
                        8.418742,
                        62.718388,
                        10.7
                    ],
                    [
                        8.418945,
                        62.718198,
                        11
                    ],
                    [
                        8.419357,
                        62.717927,
                        8
                    ],
                    [
                        8.419729,
                        62.717747,
                        8
                    ],
                    [
                        8.42004,
                        62.717634,
                        8
                    ],
                    [
                        8.420661,
                        62.717471,
                        8
                    ],
                    [
                        8.421206,
                        62.71736,
                        6
                    ],
                    [
                        8.421612,
                        62.7173,
                        6
                    ],
                    [
                        8.422327,
                        62.717223,
                        6
                    ],
                    [
                        8.422845,
                        62.717196,
                        6.7
                    ],
                    [
                        8.423562,
                        62.717192,
                        6.5
                    ],
                    [
                        8.428727,
                        62.717288,
                        9
                    ],
                    [
                        8.429687,
                        62.717304,
                        11
                    ],
                    [
                        8.429957,
                        62.71731,
                        11
                    ],
                    [
                        8.430236,
                        62.717318,
                        11
                    ],
                    [
                        8.430692,
                        62.717325,
                        11
                    ],
                    [
                        8.431257,
                        62.717337,
                        12
                    ],
                    [
                        8.432086,
                        62.717353,
                        12
                    ],
                    [
                        8.433274,
                        62.717367,
                        16.5
                    ],
                    [
                        8.434503,
                        62.717348,
                        19.9
                    ],
                    [
                        8.435683,
                        62.717273,
                        22.6
                    ],
                    [
                        8.436469,
                        62.71719,
                        27
                    ],
                    [
                        8.437409,
                        62.71706,
                        26.9
                    ],
                    [
                        8.437967,
                        62.716962,
                        26.9
                    ],
                    [
                        8.439043,
                        62.716729,
                        26.8
                    ],
                    [
                        8.43956,
                        62.716593,
                        26.7
                    ],
                    [
                        8.440549,
                        62.716287,
                        26.6
                    ],
                    [
                        8.441463,
                        62.715936,
                        26.5
                    ],
                    [
                        8.44189,
                        62.715745,
                        26.5
                    ],
                    [
                        8.442369,
                        62.715509,
                        26.5
                    ],
                    [
                        8.450305,
                        62.711329,
                        25.6
                    ],
                    [
                        8.45496,
                        62.708943,
                        25.2
                    ],
                    [
                        8.459701,
                        62.706596,
                        24.7
                    ],
                    [
                        8.463403,
                        62.70482,
                        24.3
                    ],
                    [
                        8.468084,
                        62.702642,
                        23.9
                    ],
                    [
                        8.473071,
                        62.700402,
                        23.4
                    ],
                    [
                        8.484303,
                        62.695536,
                        22.3
                    ],
                    [
                        8.48906,
                        62.693421,
                        21.8
                    ],
                    [
                        8.491409,
                        62.692348,
                        21.6
                    ],
                    [
                        8.496032,
                        62.690172,
                        21.1
                    ],
                    [
                        8.500566,
                        62.687956,
                        20.7
                    ],
                    [
                        8.505007,
                        62.685701,
                        20.3
                    ],
                    [
                        8.509089,
                        62.683552,
                        19.8
                    ],
                    [
                        8.514574,
                        62.680583,
                        19.3
                    ],
                    [
                        8.515348,
                        62.68011,
                        19.2
                    ],
                    [
                        8.515963,
                        62.67964,
                        19.1
                    ],
                    [
                        8.51647,
                        62.679146,
                        19.1
                    ],
                    [
                        8.516683,
                        62.678891,
                        19
                    ],
                    [
                        8.516926,
                        62.678523,
                        19
                    ],
                    [
                        8.517399,
                        62.677549,
                        19
                    ],
                    [
                        8.517616,
                        62.677206,
                        19
                    ],
                    [
                        8.517835,
                        62.676955,
                        20.7
                    ],
                    [
                        8.518035,
                        62.676777,
                        22
                    ],
                    [
                        8.518511,
                        62.676437,
                        24.9
                    ],
                    [
                        8.519139,
                        62.676106,
                        28.4
                    ],
                    [
                        8.520553,
                        62.675509,
                        36
                    ],
                    [
                        8.521267,
                        62.675221,
                        20.4
                    ],
                    [
                        8.521549,
                        62.675091,
                        22
                    ],
                    [
                        8.521951,
                        62.674849,
                        23.7
                    ],
                    [
                        8.522113,
                        62.674716,
                        23.5
                    ],
                    [
                        8.522392,
                        62.6744,
                        21.7
                    ],
                    [
                        8.522517,
                        62.674197,
                        21.3
                    ],
                    [
                        8.522784,
                        62.673599,
                        2
                    ],
                    [
                        8.522916,
                        62.673074,
                        2.2
                    ],
                    [
                        8.522926,
                        62.672744,
                        3
                    ],
                    [
                        8.522752,
                        62.67151,
                        19.9
                    ],
                    [
                        8.522765,
                        62.671306,
                        19.9
                    ],
                    [
                        8.522892,
                        62.670998,
                        18.5
                    ],
                    [
                        8.523084,
                        62.670746,
                        21.1
                    ],
                    [
                        8.523345,
                        62.670512,
                        23.1
                    ],
                    [
                        8.523688,
                        62.670288,
                        22.9
                    ],
                    [
                        8.524194,
                        62.670038,
                        23.3
                    ],
                    [
                        8.524808,
                        62.669816,
                        27
                    ],
                    [
                        8.524948,
                        62.669768,
                        12
                    ],
                    [
                        8.526107,
                        62.669379,
                        12
                    ],
                    [
                        8.531567,
                        62.667545,
                        4
                    ],
                    [
                        8.532154,
                        62.66736,
                        3.6
                    ],
                    [
                        8.532798,
                        62.66719,
                        3.2
                    ],
                    [
                        8.533372,
                        62.667065,
                        3.1
                    ],
                    [
                        8.534041,
                        62.666946,
                        3.1
                    ],
                    [
                        8.534907,
                        62.666838,
                        2.9
                    ],
                    [
                        8.535589,
                        62.666785,
                        2
                    ],
                    [
                        8.53656,
                        62.666761,
                        4.2
                    ],
                    [
                        8.53708,
                        62.666775,
                        5.1
                    ],
                    [
                        8.5379,
                        62.666832,
                        6.3
                    ],
                    [
                        8.538414,
                        62.666891,
                        6.3
                    ],
                    [
                        8.539046,
                        62.666988,
                        8
                    ],
                    [
                        8.539691,
                        62.667117,
                        8.6
                    ],
                    [
                        8.540194,
                        62.667239,
                        8.8
                    ],
                    [
                        8.541033,
                        62.667504,
                        9.7
                    ],
                    [
                        8.541539,
                        62.667701,
                        8.8
                    ],
                    [
                        8.547265,
                        62.670155,
                        10
                    ],
                    [
                        8.547921,
                        62.670435,
                        11
                    ],
                    [
                        8.548169,
                        62.670542,
                        11
                    ],
                    [
                        8.548803,
                        62.670815,
                        7
                    ],
                    [
                        8.548993,
                        62.670896,
                        7
                    ],
                    [
                        8.552233,
                        62.672271,
                        9
                    ],
                    [
                        8.5536,
                        62.672768,
                        9
                    ],
                    [
                        8.554727,
                        62.673122,
                        7.5
                    ],
                    [
                        8.555293,
                        62.673277,
                        7
                    ],
                    [
                        8.557431,
                        62.673816,
                        9
                    ],
                    [
                        8.558008,
                        62.673969,
                        9
                    ],
                    [
                        8.559454,
                        62.674341,
                        9
                    ],
                    [
                        8.560281,
                        62.674555,
                        11
                    ],
                    [
                        8.560506,
                        62.674586,
                        11
                    ],
                    [
                        8.561208,
                        62.674741,
                        11
                    ],
                    [
                        8.561465,
                        62.674532,
                        11
                    ]
                ]
            }
        },
        {
            "type": "Feature",
            "properties": {
                "label": "Sunndal, MR,Norway"
            },
            "geometry": {
                "type": "Point",
                "coordinates": [
                    8.56188,
                    62.67464
                ]
            }
        },
        {
            "type": "Feature",
            "properties": {
                "label": "Statkraft, lager,Molde,MR,Norway"
            },
            "geometry": {
                "type": "Point",
                "coordinates": [
                    8.544530868530275,
                    62.40750876724246
                ]
            }
        },
        {
            "type": "Feature",
            "properties": {
                "label": "Eikesdal, MR,Norway"
            },
            "geometry": {
                "type": "Point",
                "coordinates": [
                    8.167476,
                    62.477877
                ]
            }
        },
        {
            "type": "Feature",
            "properties": {
                "label": "Eresfjord kyrkje, Molde,MR,Norway"
            },
            "geometry": {
                "type": "Point",
                "coordinates": [
                    8.1135,
                    62.66627
                ]
            }
        },
        {
            "type": "Feature",
            "properties": {
                "label": "Eidsvåg, MR,Norway"
            },
            "geometry": {
                "type": "Point",
                "coordinates": [
                    8.051026,
                    62.774934
                ]
            }
        },
        {
            "type": "Feature",
            "properties": {
                "label": "Sunndal, MR,Norway"
            },
            "geometry": {
                "type": "Point",
                "coordinates": [
                    8.56188,
                    62.67464
                ]
            }
        }
    ]
}