{
    "type": "FeatureCollection",
    "features": [
        {
            "type": "Feature",
            "properties": {
                "_gpxType": "trk",
                "name": "Day 3: Turko to Savonlinna</br>652.2 km, 9 h 39 min",
                "coordinateProperties": {}
            },
            "geometry": {
                "type": "LineString",
                "coordinates": [
                    [
                        22.22147,
                        60.435487,
                        7
                    ],
                    [
                        22.221556,
                        60.435472,
                        7
                    ],
                    [
                        22.221855,
                        60.435421,
                        7
                    ],
                    [
                        22.222183,
                        60.435365,
                        7
                    ],
                    [
                        22.222505,
                        60.435309,
                        7
                    ],
                    [
                        22.222844,
                        60.435251,
                        5
                    ],
                    [
                        22.223165,
                        60.435196,
                        5
                    ],
                    [
                        22.223278,
                        60.435338,
                        9
                    ],
                    [
                        22.223381,
                        60.435381,
                        9
                    ],
                    [
                        22.223557,
                        60.435549,
                        9
                    ],
                    [
                        22.223715,
                        60.435598,
                        9
                    ],
                    [
                        22.223762,
                        60.435674,
                        9
                    ],
                    [
                        22.223705,
                        60.435748,
                        9
                    ],
                    [
                        22.223566,
                        60.43579,
                        9
                    ],
                    [
                        22.223682,
                        60.435977,
                        9
                    ],
                    [
                        22.223893,
                        60.436096,
                        9
                    ],
                    [
                        22.224136,
                        60.436154,
                        9
                    ],
                    [
                        22.224697,
                        60.436255,
                        9
                    ],
                    [
                        22.225156,
                        60.436322,
                        9
                    ],
                    [
                        22.225965,
                        60.436441,
                        9
                    ],
                    [
                        22.226649,
                        60.436349,
                        9
                    ],
                    [
                        22.226809,
                        60.436366,
                        9
                    ],
                    [
                        22.227041,
                        60.436548,
                        8
                    ],
                    [
                        22.227134,
                        60.436602,
                        8
                    ],
                    [
                        22.227451,
                        60.436766,
                        8
                    ],
                    [
                        22.227701,
                        60.436891,
                        8
                    ],
                    [
                        22.228839,
                        60.437458,
                        9
                    ],
                    [
                        22.228972,
                        60.437291,
                        7.3
                    ],
                    [
                        22.229073,
                        60.43723,
                        7.1
                    ],
                    [
                        22.229246,
                        60.437176,
                        6
                    ],
                    [
                        22.229753,
                        60.4368,
                        6
                    ],
                    [
                        22.230008,
                        60.436613,
                        6
                    ],
                    [
                        22.230079,
                        60.436563,
                        6
                    ],
                    [
                        22.230182,
                        60.436487,
                        6
                    ],
                    [
                        22.230195,
                        60.436433,
                        6
                    ],
                    [
                        22.230733,
                        60.436033,
                        6
                    ],
                    [
                        22.230963,
                        60.435894,
                        6
                    ],
                    [
                        22.231109,
                        60.435943,
                        6
                    ],
                    [
                        22.231281,
                        60.436002,
                        5
                    ],
                    [
                        22.232278,
                        60.436335,
                        5
                    ],
                    [
                        22.232776,
                        60.436503,
                        5
                    ],
                    [
                        22.234303,
                        60.437014,
                        6
                    ],
                    [
                        22.234612,
                        60.437118,
                        6
                    ],
                    [
                        22.235926,
                        60.437556,
                        13
                    ],
                    [
                        22.236331,
                        60.43769,
                        13
                    ],
                    [
                        22.237659,
                        60.438139,
                        13
                    ],
                    [
                        22.238005,
                        60.438259,
                        13
                    ],
                    [
                        22.238563,
                        60.438447,
                        13
                    ],
                    [
                        22.239202,
                        60.438665,
                        13
                    ],
                    [
                        22.239804,
                        60.438892,
                        10.7
                    ],
                    [
                        22.240127,
                        60.439037,
                        10
                    ],
                    [
                        22.241215,
                        60.43951,
                        22
                    ],
                    [
                        22.241511,
                        60.439642,
                        22
                    ],
                    [
                        22.242659,
                        60.440161,
                        15
                    ],
                    [
                        22.243705,
                        60.440635,
                        10
                    ],
                    [
                        22.245233,
                        60.44131,
                        10
                    ],
                    [
                        22.245757,
                        60.441548,
                        21
                    ],
                    [
                        22.246325,
                        60.441804,
                        21
                    ],
                    [
                        22.246407,
                        60.441842,
                        21
                    ],
                    [
                        22.246464,
                        60.441868,
                        21
                    ],
                    [
                        22.247969,
                        60.442542,
                        15
                    ],
                    [
                        22.248804,
                        60.442903,
                        15
                    ],
                    [
                        22.250124,
                        60.443479,
                        12
                    ],
                    [
                        22.25042,
                        60.443607,
                        12
                    ],
                    [
                        22.250558,
                        60.443669,
                        29
                    ],
                    [
                        22.250655,
                        60.443707,
                        29
                    ],
                    [
                        22.250696,
                        60.443722,
                        29
                    ],
                    [
                        22.251534,
                        60.444005,
                        29
                    ],
                    [
                        22.25264,
                        60.444384,
                        19
                    ],
                    [
                        22.253024,
                        60.444506,
                        19
                    ],
                    [
                        22.253987,
                        60.444835,
                        19
                    ],
                    [
                        22.254401,
                        60.444977,
                        13
                    ],
                    [
                        22.254686,
                        60.445074,
                        13
                    ],
                    [
                        22.255005,
                        60.444847,
                        13
                    ],
                    [
                        22.256092,
                        60.444075,
                        13
                    ],
                    [
                        22.256222,
                        60.44397,
                        13
                    ],
                    [
                        22.256462,
                        60.444051,
                        13
                    ],
                    [
                        22.256506,
                        60.444066,
                        13
                    ],
                    [
                        22.256634,
                        60.444108,
                        13
                    ],
                    [
                        22.257353,
                        60.44435,
                        13
                    ],
                    [
                        22.258016,
                        60.444574,
                        13
                    ],
                    [
                        22.258176,
                        60.444597,
                        16.6
                    ],
                    [
                        22.258545,
                        60.444721,
                        19
                    ],
                    [
                        22.259512,
                        60.445053,
                        19
                    ],
                    [
                        22.261098,
                        60.445599,
                        22.3
                    ],
                    [
                        22.262667,
                        60.446071,
                        22
                    ],
                    [
                        22.264472,
                        60.446567,
                        25
                    ],
                    [
                        22.267277,
                        60.447412,
                        31.4
                    ],
                    [
                        22.267893,
                        60.447563,
                        33
                    ],
                    [
                        22.268686,
                        60.447695,
                        40
                    ],
                    [
                        22.269567,
                        60.447846,
                        15
                    ],
                    [
                        22.269643,
                        60.447843,
                        15
                    ],
                    [
                        22.269772,
                        60.447854,
                        15
                    ],
                    [
                        22.270016,
                        60.447906,
                        15
                    ],
                    [
                        22.270388,
                        60.448006,
                        15
                    ],
                    [
                        22.270552,
                        60.448054,
                        15
                    ],
                    [
                        22.270872,
                        60.448163,
                        21
                    ],
                    [
                        22.270877,
                        60.448211,
                        21
                    ],
                    [
                        22.270955,
                        60.448233,
                        21
                    ],
                    [
                        22.271474,
                        60.448397,
                        21
                    ],
                    [
                        22.272367,
                        60.44869,
                        21
                    ],
                    [
                        22.272861,
                        60.448863,
                        30
                    ],
                    [
                        22.272947,
                        60.448865,
                        30
                    ],
                    [
                        22.273139,
                        60.448923,
                        30
                    ],
                    [
                        22.273345,
                        60.448986,
                        30
                    ],
                    [
                        22.273381,
                        60.449028,
                        30
                    ],
                    [
                        22.27372,
                        60.449133,
                        30
                    ],
                    [
                        22.274079,
                        60.449249,
                        30
                    ],
                    [
                        22.27427,
                        60.449311,
                        30
                    ],
                    [
                        22.274688,
                        60.449446,
                        30
                    ],
                    [
                        22.274863,
                        60.449503,
                        37
                    ],
                    [
                        22.274978,
                        60.44954,
                        37
                    ],
                    [
                        22.275974,
                        60.449853,
                        37
                    ],
                    [
                        22.276195,
                        60.449923,
                        20
                    ],
                    [
                        22.276735,
                        60.450092,
                        20
                    ],
                    [
                        22.276964,
                        60.450164,
                        31
                    ],
                    [
                        22.277717,
                        60.450407,
                        31
                    ],
                    [
                        22.277973,
                        60.450413,
                        31
                    ],
                    [
                        22.278973,
                        60.450745,
                        31
                    ],
                    [
                        22.279574,
                        60.450941,
                        39
                    ],
                    [
                        22.280204,
                        60.451149,
                        39
                    ],
                    [
                        22.281594,
                        60.451602,
                        43
                    ],
                    [
                        22.28242,
                        60.451868,
                        43
                    ],
                    [
                        22.282784,
                        60.451987,
                        36.8
                    ],
                    [
                        22.282971,
                        60.452105,
                        34
                    ],
                    [
                        22.283756,
                        60.452367,
                        34
                    ],
                    [
                        22.284556,
                        60.452634,
                        34
                    ],
                    [
                        22.285317,
                        60.452887,
                        31
                    ],
                    [
                        22.286154,
                        60.453166,
                        31
                    ],
                    [
                        22.286423,
                        60.453223,
                        31
                    ],
                    [
                        22.286788,
                        60.453342,
                        31
                    ],
                    [
                        22.287601,
                        60.453605,
                        28
                    ],
                    [
                        22.288313,
                        60.453797,
                        28
                    ],
                    [
                        22.289654,
                        60.454056,
                        24
                    ],
                    [
                        22.290587,
                        60.454229,
                        24
                    ],
                    [
                        22.291592,
                        60.454413,
                        25
                    ],
                    [
                        22.292154,
                        60.454518,
                        25.1
                    ],
                    [
                        22.293072,
                        60.454648,
                        25
                    ],
                    [
                        22.293476,
                        60.454695,
                        25
                    ],
                    [
                        22.294814,
                        60.454818,
                        32
                    ],
                    [
                        22.295709,
                        60.454903,
                        37.4
                    ],
                    [
                        22.296184,
                        60.454977,
                        40
                    ],
                    [
                        22.297113,
                        60.455178,
                        40
                    ],
                    [
                        22.297521,
                        60.455283,
                        40
                    ],
                    [
                        22.297709,
                        60.455339,
                        40
                    ],
                    [
                        22.299065,
                        60.455765,
                        44
                    ],
                    [
                        22.299729,
                        60.455976,
                        44
                    ],
                    [
                        22.300118,
                        60.456091,
                        43
                    ],
                    [
                        22.301617,
                        60.45652,
                        39
                    ],
                    [
                        22.302615,
                        60.456801,
                        29
                    ],
                    [
                        22.302779,
                        60.456848,
                        29
                    ],
                    [
                        22.305288,
                        60.457559,
                        23
                    ],
                    [
                        22.306066,
                        60.457783,
                        23
                    ],
                    [
                        22.30661,
                        60.457941,
                        26
                    ],
                    [
                        22.308653,
                        60.458526,
                        33
                    ],
                    [
                        22.308842,
                        60.458583,
                        33
                    ],
                    [
                        22.309379,
                        60.458745,
                        39
                    ],
                    [
                        22.310932,
                        60.459255,
                        45
                    ],
                    [
                        22.312274,
                        60.459691,
                        45
                    ],
                    [
                        22.316766,
                        60.461004,
                        36.6
                    ],
                    [
                        22.317519,
                        60.461207,
                        37.1
                    ],
                    [
                        22.318307,
                        60.461376,
                        37.2
                    ],
                    [
                        22.319511,
                        60.461574,
                        37.5
                    ],
                    [
                        22.320254,
                        60.461661,
                        37.4
                    ],
                    [
                        22.322198,
                        60.461876,
                        37.1
                    ],
                    [
                        22.324848,
                        60.462134,
                        37
                    ],
                    [
                        22.326305,
                        60.462259,
                        40
                    ],
                    [
                        22.327187,
                        60.462339,
                        46
                    ],
                    [
                        22.327404,
                        60.462362,
                        33
                    ],
                    [
                        22.328407,
                        60.462496,
                        33
                    ],
                    [
                        22.328911,
                        60.462585,
                        33
                    ],
                    [
                        22.329284,
                        60.462667,
                        35
                    ],
                    [
                        22.33036,
                        60.462927,
                        35
                    ],
                    [
                        22.332341,
                        60.46343,
                        33
                    ],
                    [
                        22.332797,
                        60.463547,
                        33
                    ],
                    [
                        22.332912,
                        60.463577,
                        33
                    ],
                    [
                        22.333196,
                        60.463649,
                        28
                    ],
                    [
                        22.334286,
                        60.463928,
                        28
                    ],
                    [
                        22.338238,
                        60.4649,
                        14.4
                    ],
                    [
                        22.339636,
                        60.465217,
                        12.5
                    ],
                    [
                        22.344951,
                        60.46632,
                        16
                    ],
                    [
                        22.347466,
                        60.466848,
                        10
                    ],
                    [
                        22.348518,
                        60.467084,
                        12.8
                    ],
                    [
                        22.349425,
                        60.467338,
                        13.4
                    ],
                    [
                        22.3497,
                        60.467432,
                        13.5
                    ],
                    [
                        22.351173,
                        60.468033,
                        15
                    ],
                    [
                        22.351963,
                        60.468391,
                        14.3
                    ],
                    [
                        22.352844,
                        60.468819,
                        11
                    ],
                    [
                        22.352994,
                        60.468892,
                        11
                    ],
                    [
                        22.35389,
                        60.469301,
                        11
                    ],
                    [
                        22.355352,
                        60.469846,
                        11.3
                    ],
                    [
                        22.356403,
                        60.470153,
                        11.9
                    ],
                    [
                        22.358389,
                        60.470691,
                        14
                    ],
                    [
                        22.358693,
                        60.470775,
                        11
                    ],
                    [
                        22.359501,
                        60.471022,
                        11
                    ],
                    [
                        22.360126,
                        60.471243,
                        11
                    ],
                    [
                        22.360685,
                        60.471458,
                        10
                    ],
                    [
                        22.361472,
                        60.471792,
                        10
                    ],
                    [
                        22.362027,
                        60.472082,
                        11
                    ],
                    [
                        22.362649,
                        60.472464,
                        13
                    ],
                    [
                        22.36327,
                        60.47286,
                        10
                    ],
                    [
                        22.364253,
                        60.473589,
                        10
                    ],
                    [
                        22.3651,
                        60.474253,
                        10
                    ],
                    [
                        22.365846,
                        60.474782,
                        12.8
                    ],
                    [
                        22.367141,
                        60.475601,
                        15
                    ],
                    [
                        22.36776,
                        60.475955,
                        16.5
                    ],
                    [
                        22.369365,
                        60.476742,
                        21
                    ],
                    [
                        22.371821,
                        60.477738,
                        30.3
                    ],
                    [
                        22.37283,
                        60.478121,
                        34
                    ],
                    [
                        22.37341,
                        60.47832,
                        34.5
                    ],
                    [
                        22.374501,
                        60.478643,
                        34.8
                    ],
                    [
                        22.375952,
                        60.478991,
                        35.5
                    ],
                    [
                        22.378997,
                        60.479646,
                        35
                    ],
                    [
                        22.383344,
                        60.480587,
                        35
                    ],
                    [
                        22.383556,
                        60.480633,
                        35
                    ],
                    [
                        22.385418,
                        60.481044,
                        28.1
                    ],
                    [
                        22.386722,
                        60.481383,
                        23.7
                    ],
                    [
                        22.387701,
                        60.481693,
                        18.7
                    ],
                    [
                        22.389625,
                        60.482372,
                        13
                    ],
                    [
                        22.391642,
                        60.483096,
                        16
                    ],
                    [
                        22.397135,
                        60.485078,
                        16
                    ],
                    [
                        22.397683,
                        60.485276,
                        16
                    ],
                    [
                        22.398018,
                        60.485376,
                        11
                    ],
                    [
                        22.398767,
                        60.485637,
                        11
                    ],
                    [
                        22.399767,
                        60.486,
                        11
                    ],
                    [
                        22.401807,
                        60.486734,
                        12.6
                    ],
                    [
                        22.402132,
                        60.486872,
                        15
                    ],
                    [
                        22.41058,
                        60.48992,
                        24
                    ],
                    [
                        22.411342,
                        60.490259,
                        24
                    ],
                    [
                        22.412148,
                        60.490687,
                        24
                    ],
                    [
                        22.412862,
                        60.491187,
                        23.4
                    ],
                    [
                        22.414153,
                        60.492264,
                        21
                    ],
                    [
                        22.414379,
                        60.492459,
                        21
                    ],
                    [
                        22.414836,
                        60.492855,
                        24
                    ],
                    [
                        22.415645,
                        60.49354,
                        24
                    ],
                    [
                        22.416071,
                        60.493904,
                        26.6
                    ],
                    [
                        22.41645,
                        60.494187,
                        26.5
                    ],
                    [
                        22.41726,
                        60.494704,
                        30.4
                    ],
                    [
                        22.417946,
                        60.495087,
                        32.9
                    ],
                    [
                        22.418604,
                        60.495417,
                        34.3
                    ],
                    [
                        22.41955,
                        60.495835,
                        34.8
                    ],
                    [
                        22.420577,
                        60.496215,
                        34.4
                    ],
                    [
                        22.421158,
                        60.496404,
                        35.2
                    ],
                    [
                        22.422176,
                        60.496702,
                        35.7
                    ],
                    [
                        22.423103,
                        60.496936,
                        39.1
                    ],
                    [
                        22.425532,
                        60.497504,
                        42
                    ],
                    [
                        22.428408,
                        60.498181,
                        26
                    ],
                    [
                        22.429099,
                        60.498298,
                        22
                    ],
                    [
                        22.429477,
                        60.498384,
                        20
                    ],
                    [
                        22.43103,
                        60.498737,
                        20
                    ],
                    [
                        22.433066,
                        60.499236,
                        18.9
                    ],
                    [
                        22.43338,
                        60.499355,
                        20
                    ],
                    [
                        22.438298,
                        60.500518,
                        32.1
                    ],
                    [
                        22.439966,
                        60.500868,
                        32.1
                    ],
                    [
                        22.44215,
                        60.501295,
                        41
                    ],
                    [
                        22.442957,
                        60.501449,
                        41
                    ],
                    [
                        22.44648,
                        60.502151,
                        24
                    ],
                    [
                        22.447938,
                        60.502391,
                        28
                    ],
                    [
                        22.449027,
                        60.502512,
                        28.4
                    ],
                    [
                        22.449681,
                        60.502556,
                        28.3
                    ],
                    [
                        22.450007,
                        60.502563,
                        30
                    ],
                    [
                        22.451327,
                        60.50259,
                        28.7
                    ],
                    [
                        22.452733,
                        60.502586,
                        26
                    ],
                    [
                        22.455244,
                        60.502557,
                        23.4
                    ],
                    [
                        22.456121,
                        60.502593,
                        22
                    ],
                    [
                        22.456722,
                        60.502676,
                        22
                    ],
                    [
                        22.457047,
                        60.502702,
                        22
                    ],
                    [
                        22.457605,
                        60.502829,
                        22
                    ],
                    [
                        22.459253,
                        60.503266,
                        21
                    ],
                    [
                        22.45943,
                        60.503314,
                        21
                    ],
                    [
                        22.460113,
                        60.5035,
                        22.4
                    ],
                    [
                        22.460813,
                        60.503712,
                        22.6
                    ],
                    [
                        22.461516,
                        60.504029,
                        22.5
                    ],
                    [
                        22.461703,
                        60.504153,
                        23
                    ],
                    [
                        22.462288,
                        60.504486,
                        21.9
                    ],
                    [
                        22.462712,
                        60.504763,
                        21.5
                    ],
                    [
                        22.462944,
                        60.504966,
                        20
                    ],
                    [
                        22.46413,
                        60.5061,
                        20
                    ],
                    [
                        22.464793,
                        60.506748,
                        20
                    ],
                    [
                        22.465668,
                        60.507587,
                        20
                    ],
                    [
                        22.466243,
                        60.508068,
                        20
                    ],
                    [
                        22.467352,
                        60.508831,
                        17.6
                    ],
                    [
                        22.468271,
                        60.5094,
                        16
                    ],
                    [
                        22.469442,
                        60.51008,
                        13.9
                    ],
                    [
                        22.470244,
                        60.5105,
                        13
                    ],
                    [
                        22.470973,
                        60.51081,
                        12.3
                    ],
                    [
                        22.472015,
                        60.511171,
                        13
                    ],
                    [
                        22.481756,
                        60.51432,
                        30
                    ],
                    [
                        22.484328,
                        60.515124,
                        32
                    ],
                    [
                        22.485677,
                        60.515502,
                        32
                    ],
                    [
                        22.486953,
                        60.515826,
                        32.3
                    ],
                    [
                        22.489561,
                        60.516394,
                        34
                    ],
                    [
                        22.493614,
                        60.517212,
                        29.6
                    ],
                    [
                        22.495362,
                        60.517616,
                        29.8
                    ],
                    [
                        22.496681,
                        60.517944,
                        26
                    ],
                    [
                        22.500687,
                        60.518913,
                        37
                    ],
                    [
                        22.502685,
                        60.519387,
                        37
                    ],
                    [
                        22.504684,
                        60.519786,
                        31
                    ],
                    [
                        22.507924,
                        60.520423,
                        23
                    ],
                    [
                        22.507966,
                        60.520431,
                        23
                    ],
                    [
                        22.509297,
                        60.520716,
                        27.2
                    ],
                    [
                        22.510082,
                        60.520925,
                        28.6
                    ],
                    [
                        22.510941,
                        60.521194,
                        29
                    ],
                    [
                        22.511998,
                        60.521575,
                        28.5
                    ],
                    [
                        22.512606,
                        60.521837,
                        26.9
                    ],
                    [
                        22.513148,
                        60.522093,
                        25.8
                    ],
                    [
                        22.513711,
                        60.522399,
                        25
                    ],
                    [
                        22.514173,
                        60.522663,
                        24
                    ],
                    [
                        22.516345,
                        60.523995,
                        29
                    ],
                    [
                        22.519021,
                        60.525614,
                        40
                    ],
                    [
                        22.520012,
                        60.526153,
                        41.7
                    ],
                    [
                        22.521627,
                        60.526902,
                        47
                    ],
                    [
                        22.524385,
                        60.52815,
                        51
                    ],
                    [
                        22.52691,
                        60.529295,
                        44
                    ],
                    [
                        22.530802,
                        60.531055,
                        51
                    ],
                    [
                        22.536143,
                        60.533476,
                        51
                    ],
                    [
                        22.53722,
                        60.533941,
                        50.3
                    ],
                    [
                        22.539257,
                        60.534773,
                        49
                    ],
                    [
                        22.539464,
                        60.534861,
                        51
                    ],
                    [
                        22.545663,
                        60.537421,
                        38
                    ],
                    [
                        22.546837,
                        60.537903,
                        39.6
                    ],
                    [
                        22.547962,
                        60.538308,
                        40.3
                    ],
                    [
                        22.5492,
                        60.538669,
                        41.5
                    ],
                    [
                        22.550384,
                        60.538952,
                        44
                    ],
                    [
                        22.55108,
                        60.539094,
                        44
                    ],
                    [
                        22.552392,
                        60.539319,
                        51.1
                    ],
                    [
                        22.553604,
                        60.539488,
                        53.2
                    ],
                    [
                        22.554639,
                        60.539587,
                        59.3
                    ],
                    [
                        22.556647,
                        60.539688,
                        66
                    ],
                    [
                        22.557595,
                        60.539699,
                        63.7
                    ],
                    [
                        22.55888,
                        60.539682,
                        62.4
                    ],
                    [
                        22.562514,
                        60.539511,
                        48
                    ],
                    [
                        22.562709,
                        60.539501,
                        48
                    ],
                    [
                        22.563202,
                        60.539483,
                        48
                    ],
                    [
                        22.565113,
                        60.539457,
                        51.4
                    ],
                    [
                        22.566023,
                        60.539475,
                        52.5
                    ],
                    [
                        22.567493,
                        60.539559,
                        54.5
                    ],
                    [
                        22.569315,
                        60.539747,
                        55.7
                    ],
                    [
                        22.577354,
                        60.540719,
                        33
                    ],
                    [
                        22.579941,
                        60.541032,
                        31
                    ],
                    [
                        22.581587,
                        60.541227,
                        28
                    ],
                    [
                        22.583731,
                        60.541481,
                        26
                    ],
                    [
                        22.584547,
                        60.541577,
                        27.6
                    ],
                    [
                        22.58655,
                        60.541746,
                        27
                    ],
                    [
                        22.587212,
                        60.541783,
                        26.3
                    ],
                    [
                        22.587834,
                        60.541797,
                        25
                    ],
                    [
                        22.588324,
                        60.541805,
                        25
                    ],
                    [
                        22.595299,
                        60.541939,
                        39
                    ],
                    [
                        22.597691,
                        60.541958,
                        43
                    ],
                    [
                        22.599046,
                        60.541951,
                        46
                    ],
                    [
                        22.60004,
                        60.541931,
                        47
                    ],
                    [
                        22.604926,
                        60.541775,
                        50
                    ],
                    [
                        22.60561,
                        60.54175,
                        50
                    ],
                    [
                        22.613686,
                        60.541462,
                        68
                    ],
                    [
                        22.615394,
                        60.541437,
                        63.9
                    ],
                    [
                        22.616036,
                        60.541445,
                        63.4
                    ],
                    [
                        22.616948,
                        60.541473,
                        62
                    ],
                    [
                        22.61856,
                        60.541597,
                        63
                    ],
                    [
                        22.622866,
                        60.541981,
                        58
                    ],
                    [
                        22.623839,
                        60.542068,
                        58
                    ],
                    [
                        22.629859,
                        60.542605,
                        62
                    ],
                    [
                        22.642957,
                        60.543793,
                        56
                    ],
                    [
                        22.647515,
                        60.544208,
                        60.4
                    ],
                    [
                        22.648851,
                        60.544342,
                        60.4
                    ],
                    [
                        22.649627,
                        60.544429,
                        60.5
                    ],
                    [
                        22.65138,
                        60.544665,
                        58
                    ],
                    [
                        22.652643,
                        60.544862,
                        59
                    ],
                    [
                        22.660552,
                        60.546213,
                        58.6
                    ],
                    [
                        22.662436,
                        60.546524,
                        58.6
                    ],
                    [
                        22.663626,
                        60.546695,
                        57.6
                    ],
                    [
                        22.664974,
                        60.546852,
                        54.9
                    ],
                    [
                        22.666369,
                        60.546983,
                        52.3
                    ],
                    [
                        22.667532,
                        60.547071,
                        51
                    ],
                    [
                        22.66894,
                        60.54716,
                        51
                    ],
                    [
                        22.673794,
                        60.547405,
                        40
                    ],
                    [
                        22.674683,
                        60.54747,
                        40
                    ],
                    [
                        22.67629,
                        60.547635,
                        40
                    ],
                    [
                        22.677161,
                        60.547756,
                        43.1
                    ],
                    [
                        22.678512,
                        60.547971,
                        44
                    ],
                    [
                        22.679884,
                        60.548239,
                        40
                    ],
                    [
                        22.68035,
                        60.54833,
                        40
                    ],
                    [
                        22.681239,
                        60.548511,
                        36
                    ],
                    [
                        22.684177,
                        60.549084,
                        41.5
                    ],
                    [
                        22.68552,
                        60.549324,
                        41.5
                    ],
                    [
                        22.687505,
                        60.549625,
                        43.5
                    ],
                    [
                        22.688791,
                        60.549803,
                        43.6
                    ],
                    [
                        22.689807,
                        60.54993,
                        43.4
                    ],
                    [
                        22.692411,
                        60.550214,
                        44
                    ],
                    [
                        22.693948,
                        60.550345,
                        46.4
                    ],
                    [
                        22.696118,
                        60.550501,
                        48
                    ],
                    [
                        22.698287,
                        60.550628,
                        45
                    ],
                    [
                        22.698741,
                        60.550655,
                        45
                    ],
                    [
                        22.706515,
                        60.551106,
                        37
                    ],
                    [
                        22.710216,
                        60.551393,
                        41
                    ],
                    [
                        22.712979,
                        60.551661,
                        50
                    ],
                    [
                        22.715258,
                        60.551904,
                        47
                    ],
                    [
                        22.717289,
                        60.552156,
                        44
                    ],
                    [
                        22.720218,
                        60.552559,
                        40
                    ],
                    [
                        22.723364,
                        60.553044,
                        48
                    ],
                    [
                        22.727784,
                        60.553834,
                        63.4
                    ],
                    [
                        22.731129,
                        60.554529,
                        72
                    ],
                    [
                        22.732079,
                        60.554733,
                        72
                    ],
                    [
                        22.735558,
                        60.55556,
                        78.5
                    ],
                    [
                        22.736998,
                        60.555924,
                        78.5
                    ],
                    [
                        22.739329,
                        60.556554,
                        81.5
                    ],
                    [
                        22.741147,
                        60.557071,
                        83
                    ],
                    [
                        22.748623,
                        60.55932,
                        59
                    ],
                    [
                        22.755583,
                        60.561422,
                        75
                    ],
                    [
                        22.758338,
                        60.562253,
                        78
                    ],
                    [
                        22.762762,
                        60.563591,
                        73
                    ],
                    [
                        22.765866,
                        60.56453,
                        77
                    ],
                    [
                        22.775455,
                        60.567431,
                        74
                    ],
                    [
                        22.778801,
                        60.56844,
                        77
                    ],
                    [
                        22.780114,
                        60.568836,
                        58
                    ],
                    [
                        22.781456,
                        60.569237,
                        57
                    ],
                    [
                        22.78354,
                        60.569861,
                        53
                    ],
                    [
                        22.784198,
                        60.570054,
                        53
                    ],
                    [
                        22.785141,
                        60.570337,
                        53
                    ],
                    [
                        22.786417,
                        60.570719,
                        59
                    ],
                    [
                        22.789971,
                        60.571786,
                        62
                    ],
                    [
                        22.791595,
                        60.572263,
                        60
                    ],
                    [
                        22.795672,
                        60.573494,
                        61
                    ],
                    [
                        22.806867,
                        60.57684,
                        56
                    ],
                    [
                        22.807601,
                        60.577057,
                        50
                    ],
                    [
                        22.811319,
                        60.57817,
                        55
                    ],
                    [
                        22.813491,
                        60.578815,
                        55
                    ],
                    [
                        22.813647,
                        60.578862,
                        55
                    ],
                    [
                        22.817255,
                        60.579943,
                        57
                    ],
                    [
                        22.823841,
                        60.581909,
                        55
                    ],
                    [
                        22.825752,
                        60.582479,
                        58.5
                    ],
                    [
                        22.828348,
                        60.583291,
                        52
                    ],
                    [
                        22.833301,
                        60.58492,
                        55
                    ],
                    [
                        22.836709,
                        60.586058,
                        60
                    ],
                    [
                        22.83896,
                        60.586803,
                        63
                    ],
                    [
                        22.841101,
                        60.587525,
                        61
                    ],
                    [
                        22.841593,
                        60.58769,
                        62
                    ],
                    [
                        22.84326,
                        60.588247,
                        62
                    ],
                    [
                        22.844711,
                        60.588731,
                        69
                    ],
                    [
                        22.845458,
                        60.58898,
                        69
                    ],
                    [
                        22.86214,
                        60.594556,
                        80
                    ],
                    [
                        22.871647,
                        60.597724,
                        76
                    ],
                    [
                        22.874861,
                        60.598809,
                        68
                    ],
                    [
                        22.87927,
                        60.600215,
                        63
                    ],
                    [
                        22.882132,
                        60.601092,
                        66
                    ],
                    [
                        22.882357,
                        60.601163,
                        66
                    ],
                    [
                        22.886136,
                        60.602256,
                        68
                    ],
                    [
                        22.889441,
                        60.603167,
                        68
                    ],
                    [
                        22.89147,
                        60.6037,
                        65
                    ],
                    [
                        22.893582,
                        60.60426,
                        65
                    ],
                    [
                        22.898292,
                        60.605508,
                        72
                    ],
                    [
                        22.898466,
                        60.605553,
                        72
                    ],
                    [
                        22.898788,
                        60.605641,
                        72
                    ],
                    [
                        22.899249,
                        60.605762,
                        72
                    ],
                    [
                        22.905164,
                        60.607324,
                        63
                    ],
                    [
                        22.906599,
                        60.607715,
                        64.6
                    ],
                    [
                        22.908289,
                        60.608206,
                        65.4
                    ],
                    [
                        22.910603,
                        60.608938,
                        68.3
                    ],
                    [
                        22.911804,
                        60.609357,
                        70
                    ],
                    [
                        22.912848,
                        60.609749,
                        74
                    ],
                    [
                        22.915233,
                        60.61069,
                        71.3
                    ],
                    [
                        22.916936,
                        60.611435,
                        69
                    ],
                    [
                        22.919289,
                        60.612546,
                        73
                    ],
                    [
                        22.920479,
                        60.613202,
                        75
                    ],
                    [
                        22.920648,
                        60.613295,
                        75
                    ],
                    [
                        22.921327,
                        60.613669,
                        73.9
                    ],
                    [
                        22.922135,
                        60.614151,
                        73.7
                    ],
                    [
                        22.927501,
                        60.617524,
                        75
                    ],
                    [
                        22.932276,
                        60.620541,
                        74
                    ],
                    [
                        22.934368,
                        60.621833,
                        73
                    ],
                    [
                        22.935745,
                        60.62267,
                        73.9
                    ],
                    [
                        22.937769,
                        60.623782,
                        76.5
                    ],
                    [
                        22.940173,
                        60.625013,
                        77
                    ],
                    [
                        22.940993,
                        60.625411,
                        77
                    ],
                    [
                        22.942372,
                        60.626052,
                        76.5
                    ],
                    [
                        22.94484,
                        60.627126,
                        66.7
                    ],
                    [
                        22.946347,
                        60.627737,
                        66.7
                    ],
                    [
                        22.947503,
                        60.62817,
                        66
                    ],
                    [
                        22.949528,
                        60.628895,
                        67
                    ],
                    [
                        22.952337,
                        60.629819,
                        66
                    ],
                    [
                        22.954247,
                        60.630419,
                        65
                    ],
                    [
                        22.955974,
                        60.630933,
                        65
                    ],
                    [
                        22.957685,
                        60.631387,
                        65
                    ],
                    [
                        22.960351,
                        60.632042,
                        67
                    ],
                    [
                        22.962595,
                        60.632575,
                        68
                    ],
                    [
                        22.962749,
                        60.632611,
                        68
                    ],
                    [
                        22.963739,
                        60.632847,
                        68
                    ],
                    [
                        22.968216,
                        60.633914,
                        67
                    ],
                    [
                        22.972719,
                        60.63499,
                        70
                    ],
                    [
                        22.972819,
                        60.635015,
                        73
                    ],
                    [
                        22.974133,
                        60.635354,
                        68
                    ],
                    [
                        22.975177,
                        60.635627,
                        69
                    ],
                    [
                        22.978723,
                        60.63657,
                        67
                    ],
                    [
                        22.98088,
                        60.637177,
                        67
                    ],
                    [
                        22.983642,
                        60.637979,
                        66
                    ],
                    [
                        22.988532,
                        60.639401,
                        68
                    ],
                    [
                        22.990141,
                        60.639869,
                        70
                    ],
                    [
                        22.991928,
                        60.640391,
                        68
                    ],
                    [
                        22.996856,
                        60.641831,
                        67
                    ],
                    [
                        22.998335,
                        60.642263,
                        63
                    ],
                    [
                        22.999968,
                        60.642739,
                        62
                    ],
                    [
                        23.000612,
                        60.642928,
                        62
                    ],
                    [
                        23.006672,
                        60.644703,
                        76
                    ],
                    [
                        23.008895,
                        60.645372,
                        76
                    ],
                    [
                        23.01066,
                        60.645929,
                        74.2
                    ],
                    [
                        23.012283,
                        60.646481,
                        73.7
                    ],
                    [
                        23.013351,
                        60.646865,
                        75
                    ],
                    [
                        23.01557,
                        60.647681,
                        75.6
                    ],
                    [
                        23.016979,
                        60.648224,
                        76.7
                    ],
                    [
                        23.018892,
                        60.648995,
                        78
                    ],
                    [
                        23.020497,
                        60.649684,
                        78
                    ],
                    [
                        23.021216,
                        60.649999,
                        82
                    ],
                    [
                        23.022548,
                        60.650583,
                        82
                    ],
                    [
                        23.024385,
                        60.651399,
                        87
                    ],
                    [
                        23.026654,
                        60.652401,
                        89
                    ],
                    [
                        23.029555,
                        60.653683,
                        91
                    ],
                    [
                        23.03147,
                        60.654528,
                        83
                    ],
                    [
                        23.034952,
                        60.656065,
                        76
                    ],
                    [
                        23.046725,
                        60.661227,
                        79
                    ],
                    [
                        23.051099,
                        60.663156,
                        84.7
                    ],
                    [
                        23.052114,
                        60.663577,
                        84.7
                    ],
                    [
                        23.055511,
                        60.664908,
                        89
                    ],
                    [
                        23.059224,
                        60.666217,
                        91
                    ],
                    [
                        23.061263,
                        60.666872,
                        85
                    ],
                    [
                        23.063826,
                        60.66765,
                        81
                    ],
                    [
                        23.067562,
                        60.668687,
                        80.1
                    ],
                    [
                        23.070088,
                        60.669334,
                        83
                    ],
                    [
                        23.070251,
                        60.669374,
                        83
                    ],
                    [
                        23.072185,
                        60.669821,
                        87
                    ],
                    [
                        23.079781,
                        60.671519,
                        85
                    ],
                    [
                        23.083626,
                        60.672385,
                        91
                    ],
                    [
                        23.085492,
                        60.672788,
                        86.5
                    ],
                    [
                        23.089057,
                        60.673616,
                        85
                    ],
                    [
                        23.090242,
                        60.673921,
                        86
                    ],
                    [
                        23.09269,
                        60.674548,
                        82
                    ],
                    [
                        23.094734,
                        60.675148,
                        82
                    ],
                    [
                        23.095697,
                        60.675431,
                        80
                    ],
                    [
                        23.097262,
                        60.675928,
                        80
                    ],
                    [
                        23.09996,
                        60.676855,
                        82
                    ],
                    [
                        23.101008,
                        60.677214,
                        84
                    ],
                    [
                        23.104104,
                        60.678336,
                        85
                    ],
                    [
                        23.104982,
                        60.678687,
                        85
                    ],
                    [
                        23.108851,
                        60.680299,
                        95
                    ],
                    [
                        23.111839,
                        60.681668,
                        88
                    ],
                    [
                        23.113971,
                        60.682722,
                        87
                    ],
                    [
                        23.117216,
                        60.684477,
                        90
                    ],
                    [
                        23.119153,
                        60.685618,
                        80
                    ],
                    [
                        23.12216,
                        60.687476,
                        86
                    ],
                    [
                        23.122243,
                        60.687533,
                        86
                    ],
                    [
                        23.127694,
                        60.690915,
                        81
                    ],
                    [
                        23.128347,
                        60.691291,
                        81
                    ],
                    [
                        23.128499,
                        60.691378,
                        81
                    ],
                    [
                        23.129933,
                        60.692186,
                        73
                    ],
                    [
                        23.132372,
                        60.693506,
                        71
                    ],
                    [
                        23.134426,
                        60.694534,
                        80
                    ],
                    [
                        23.13711,
                        60.695821,
                        84.5
                    ],
                    [
                        23.139185,
                        60.696709,
                        84.5
                    ],
                    [
                        23.142295,
                        60.697938,
                        91
                    ],
                    [
                        23.143721,
                        60.698459,
                        91
                    ],
                    [
                        23.143843,
                        60.698509,
                        91
                    ],
                    [
                        23.145017,
                        60.698944,
                        91
                    ],
                    [
                        23.147602,
                        60.699851,
                        84.5
                    ],
                    [
                        23.149292,
                        60.700385,
                        84
                    ],
                    [
                        23.153495,
                        60.701639,
                        80
                    ],
                    [
                        23.154481,
                        60.701909,
                        79
                    ],
                    [
                        23.157272,
                        60.702628,
                        82.7
                    ],
                    [
                        23.159081,
                        60.703059,
                        84
                    ],
                    [
                        23.16224,
                        60.703758,
                        87
                    ],
                    [
                        23.164616,
                        60.704284,
                        90
                    ],
                    [
                        23.166373,
                        60.704679,
                        90
                    ],
                    [
                        23.167651,
                        60.704961,
                        88
                    ],
                    [
                        23.171902,
                        60.70589,
                        85
                    ],
                    [
                        23.173003,
                        60.70613,
                        82
                    ],
                    [
                        23.181577,
                        60.707996,
                        90
                    ],
                    [
                        23.186584,
                        60.709111,
                        92
                    ],
                    [
                        23.187878,
                        60.709434,
                        92
                    ],
                    [
                        23.188653,
                        60.70962,
                        92
                    ],
                    [
                        23.189822,
                        60.709898,
                        95
                    ],
                    [
                        23.190016,
                        60.709948,
                        95
                    ],
                    [
                        23.191501,
                        60.710312,
                        93
                    ],
                    [
                        23.192111,
                        60.710469,
                        97
                    ],
                    [
                        23.195597,
                        60.711374,
                        99
                    ],
                    [
                        23.197589,
                        60.711911,
                        98
                    ],
                    [
                        23.197623,
                        60.711921,
                        98
                    ],
                    [
                        23.202081,
                        60.713207,
                        91
                    ],
                    [
                        23.204768,
                        60.714016,
                        93
                    ],
                    [
                        23.209213,
                        60.715414,
                        101
                    ],
                    [
                        23.211068,
                        60.716035,
                        109
                    ],
                    [
                        23.215331,
                        60.717488,
                        108.8
                    ],
                    [
                        23.218316,
                        60.71856,
                        109
                    ],
                    [
                        23.220269,
                        60.71929,
                        103
                    ],
                    [
                        23.22168,
                        60.719828,
                        102
                    ],
                    [
                        23.221803,
                        60.719876,
                        102
                    ],
                    [
                        23.224154,
                        60.7208,
                        96.6
                    ],
                    [
                        23.227194,
                        60.722048,
                        97
                    ],
                    [
                        23.231228,
                        60.723773,
                        82
                    ],
                    [
                        23.234286,
                        60.725165,
                        81
                    ],
                    [
                        23.237898,
                        60.726842,
                        83
                    ],
                    [
                        23.242321,
                        60.728895,
                        93
                    ],
                    [
                        23.244611,
                        60.729957,
                        99.5
                    ],
                    [
                        23.246338,
                        60.730729,
                        99.5
                    ],
                    [
                        23.24838,
                        60.731582,
                        97.5
                    ],
                    [
                        23.250024,
                        60.732233,
                        93
                    ],
                    [
                        23.250372,
                        60.732366,
                        93
                    ],
                    [
                        23.252066,
                        60.732999,
                        93
                    ],
                    [
                        23.258384,
                        60.735251,
                        84
                    ],
                    [
                        23.262588,
                        60.736761,
                        102
                    ],
                    [
                        23.268493,
                        60.739052,
                        94
                    ],
                    [
                        23.269725,
                        60.739562,
                        94
                    ],
                    [
                        23.272237,
                        60.740611,
                        102
                    ],
                    [
                        23.274567,
                        60.741623,
                        99
                    ],
                    [
                        23.277444,
                        60.742905,
                        106
                    ],
                    [
                        23.279523,
                        60.743883,
                        99
                    ],
                    [
                        23.280373,
                        60.744282,
                        99
                    ],
                    [
                        23.288138,
                        60.748206,
                        94
                    ],
                    [
                        23.294085,
                        60.751238,
                        101
                    ],
                    [
                        23.298375,
                        60.753414,
                        100
                    ],
                    [
                        23.301506,
                        60.754964,
                        91
                    ],
                    [
                        23.303615,
                        60.755988,
                        89
                    ],
                    [
                        23.30874,
                        60.758465,
                        93
                    ],
                    [
                        23.310592,
                        60.75937,
                        93
                    ],
                    [
                        23.310754,
                        60.759449,
                        93
                    ],
                    [
                        23.316646,
                        60.762303,
                        94
                    ],
                    [
                        23.316823,
                        60.762383,
                        96
                    ],
                    [
                        23.324776,
                        60.766238,
                        107
                    ],
                    [
                        23.327481,
                        60.76753,
                        130.1
                    ],
                    [
                        23.328263,
                        60.767858,
                        130.6
                    ],
                    [
                        23.329228,
                        60.768244,
                        131.8
                    ],
                    [
                        23.331558,
                        60.769074,
                        131.6
                    ],
                    [
                        23.332827,
                        60.769481,
                        129.7
                    ],
                    [
                        23.334133,
                        60.769857,
                        125.2
                    ],
                    [
                        23.336455,
                        60.770424,
                        117.5
                    ],
                    [
                        23.337826,
                        60.770717,
                        113.6
                    ],
                    [
                        23.339386,
                        60.771026,
                        112
                    ],
                    [
                        23.340103,
                        60.771163,
                        106
                    ],
                    [
                        23.340699,
                        60.771276,
                        106
                    ],
                    [
                        23.343205,
                        60.771758,
                        102
                    ],
                    [
                        23.345269,
                        60.772152,
                        103
                    ],
                    [
                        23.347579,
                        60.772584,
                        104
                    ],
                    [
                        23.348574,
                        60.772757,
                        107
                    ],
                    [
                        23.350286,
                        60.773046,
                        112.5
                    ],
                    [
                        23.352873,
                        60.773438,
                        117
                    ],
                    [
                        23.354405,
                        60.773647,
                        117.5
                    ],
                    [
                        23.358295,
                        60.774135,
                        99
                    ],
                    [
                        23.359337,
                        60.774247,
                        99
                    ],
                    [
                        23.365665,
                        60.774871,
                        78
                    ],
                    [
                        23.369768,
                        60.775284,
                        82
                    ],
                    [
                        23.372137,
                        60.775516,
                        88
                    ],
                    [
                        23.372722,
                        60.77558,
                        88
                    ],
                    [
                        23.374646,
                        60.775767,
                        90
                    ],
                    [
                        23.377831,
                        60.77608,
                        94
                    ],
                    [
                        23.380162,
                        60.776277,
                        98
                    ],
                    [
                        23.382358,
                        60.776453,
                        101
                    ],
                    [
                        23.389763,
                        60.777032,
                        88
                    ],
                    [
                        23.390036,
                        60.777057,
                        88
                    ],
                    [
                        23.391294,
                        60.777165,
                        88
                    ],
                    [
                        23.395863,
                        60.77766,
                        99
                    ],
                    [
                        23.398959,
                        60.778084,
                        101
                    ],
                    [
                        23.400429,
                        60.778293,
                        99
                    ],
                    [
                        23.402383,
                        60.778575,
                        98
                    ],
                    [
                        23.40465,
                        60.778904,
                        101
                    ],
                    [
                        23.405038,
                        60.778958,
                        101
                    ],
                    [
                        23.407793,
                        60.779341,
                        100.3
                    ],
                    [
                        23.41159,
                        60.779789,
                        102
                    ],
                    [
                        23.412401,
                        60.779882,
                        101
                    ],
                    [
                        23.414867,
                        60.780155,
                        100
                    ],
                    [
                        23.415069,
                        60.780179,
                        100
                    ],
                    [
                        23.415289,
                        60.780203,
                        100
                    ],
                    [
                        23.417421,
                        60.780452,
                        101
                    ],
                    [
                        23.418176,
                        60.780491,
                        101.6
                    ],
                    [
                        23.420645,
                        60.780771,
                        102
                    ],
                    [
                        23.423213,
                        60.78106,
                        98
                    ],
                    [
                        23.423743,
                        60.781151,
                        94
                    ],
                    [
                        23.425093,
                        60.7813,
                        94
                    ],
                    [
                        23.427564,
                        60.781578,
                        95
                    ],
                    [
                        23.428123,
                        60.781642,
                        95
                    ],
                    [
                        23.43483,
                        60.782388,
                        97
                    ],
                    [
                        23.44128,
                        60.783105,
                        94
                    ],
                    [
                        23.447346,
                        60.783778,
                        93
                    ],
                    [
                        23.450734,
                        60.784153,
                        93
                    ],
                    [
                        23.451872,
                        60.78428,
                        93
                    ],
                    [
                        23.454322,
                        60.784555,
                        86
                    ],
                    [
                        23.458759,
                        60.785052,
                        79
                    ],
                    [
                        23.459028,
                        60.785082,
                        79
                    ],
                    [
                        23.459585,
                        60.785144,
                        79
                    ],
                    [
                        23.469511,
                        60.786261,
                        115
                    ],
                    [
                        23.476569,
                        60.787065,
                        116
                    ],
                    [
                        23.482215,
                        60.787691,
                        115
                    ],
                    [
                        23.484207,
                        60.787927,
                        115
                    ],
                    [
                        23.486007,
                        60.788158,
                        116
                    ],
                    [
                        23.487368,
                        60.788344,
                        114.6
                    ],
                    [
                        23.488892,
                        60.788601,
                        114
                    ],
                    [
                        23.489097,
                        60.788638,
                        114
                    ],
                    [
                        23.490742,
                        60.788965,
                        113
                    ],
                    [
                        23.491881,
                        60.789219,
                        116.2
                    ],
                    [
                        23.493198,
                        60.789557,
                        117.5
                    ],
                    [
                        23.494647,
                        60.789955,
                        122
                    ],
                    [
                        23.4958,
                        60.790308,
                        125.1
                    ],
                    [
                        23.49742,
                        60.790867,
                        125.4
                    ],
                    [
                        23.499233,
                        60.791595,
                        125.3
                    ],
                    [
                        23.500335,
                        60.792099,
                        124.3
                    ],
                    [
                        23.501354,
                        60.792589,
                        123
                    ],
                    [
                        23.503818,
                        60.793876,
                        129
                    ],
                    [
                        23.509876,
                        60.797073,
                        126
                    ],
                    [
                        23.51613,
                        60.800374,
                        109
                    ],
                    [
                        23.51889,
                        60.801856,
                        106
                    ],
                    [
                        23.5224,
                        60.803728,
                        115
                    ],
                    [
                        23.52412,
                        60.804646,
                        114
                    ],
                    [
                        23.52537,
                        60.805303,
                        115
                    ],
                    [
                        23.526901,
                        60.806123,
                        114
                    ],
                    [
                        23.52758,
                        60.806489,
                        116
                    ],
                    [
                        23.528315,
                        60.806881,
                        116
                    ],
                    [
                        23.529113,
                        60.807316,
                        118
                    ],
                    [
                        23.530736,
                        60.808256,
                        119
                    ],
                    [
                        23.531427,
                        60.808686,
                        122
                    ],
                    [
                        23.532105,
                        60.809094,
                        122
                    ],
                    [
                        23.534981,
                        60.810921,
                        123
                    ],
                    [
                        23.535193,
                        60.811037,
                        123
                    ],
                    [
                        23.540037,
                        60.814054,
                        128
                    ],
                    [
                        23.541584,
                        60.815067,
                        129
                    ],
                    [
                        23.543072,
                        60.815947,
                        129.3
                    ],
                    [
                        23.544431,
                        60.816793,
                        130
                    ],
                    [
                        23.546823,
                        60.818232,
                        120.9
                    ],
                    [
                        23.547276,
                        60.818481,
                        123.3
                    ],
                    [
                        23.548192,
                        60.81893,
                        116
                    ],
                    [
                        23.550663,
                        60.820057,
                        112
                    ],
                    [
                        23.552116,
                        60.820651,
                        110
                    ],
                    [
                        23.553256,
                        60.821102,
                        109
                    ],
                    [
                        23.555063,
                        60.821702,
                        104
                    ],
                    [
                        23.556374,
                        60.822113,
                        102.1
                    ],
                    [
                        23.557385,
                        60.822407,
                        101.1
                    ],
                    [
                        23.559656,
                        60.823006,
                        99.5
                    ],
                    [
                        23.561042,
                        60.823337,
                        99
                    ],
                    [
                        23.561392,
                        60.823416,
                        99
                    ],
                    [
                        23.562107,
                        60.823572,
                        100.1
                    ],
                    [
                        23.563956,
                        60.823931,
                        102
                    ],
                    [
                        23.566054,
                        60.824294,
                        105.1
                    ],
                    [
                        23.567318,
                        60.824479,
                        107
                    ],
                    [
                        23.569188,
                        60.824713,
                        111
                    ],
                    [
                        23.569975,
                        60.824804,
                        111
                    ],
                    [
                        23.570848,
                        60.824884,
                        111
                    ],
                    [
                        23.572436,
                        60.825019,
                        111
                    ],
                    [
                        23.57408,
                        60.82512,
                        112
                    ],
                    [
                        23.57562,
                        60.825201,
                        114
                    ],
                    [
                        23.575877,
                        60.825169,
                        114
                    ],
                    [
                        23.576097,
                        60.825173,
                        114
                    ],
                    [
                        23.576073,
                        60.82527,
                        114
                    ],
                    [
                        23.575992,
                        60.825502,
                        114
                    ],
                    [
                        23.575952,
                        60.825759,
                        114
                    ],
                    [
                        23.575978,
                        60.825822,
                        114
                    ],
                    [
                        23.576079,
                        60.825892,
                        114
                    ],
                    [
                        23.576264,
                        60.825951,
                        114
                    ],
                    [
                        23.576495,
                        60.825981,
                        114
                    ],
                    [
                        23.576642,
                        60.825852,
                        114
                    ],
                    [
                        23.577011,
                        60.825821,
                        117
                    ],
                    [
                        23.577355,
                        60.825967,
                        117
                    ],
                    [
                        23.578656,
                        60.82592,
                        117
                    ],
                    [
                        23.578653,
                        60.825903,
                        117
                    ],
                    [
                        23.578656,
                        60.82592,
                        117
                    ],
                    [
                        23.577355,
                        60.825967,
                        117
                    ],
                    [
                        23.577011,
                        60.825821,
                        117
                    ],
                    [
                        23.576642,
                        60.825852,
                        114
                    ],
                    [
                        23.576495,
                        60.825981,
                        114
                    ],
                    [
                        23.576478,
                        60.826119,
                        114
                    ],
                    [
                        23.576014,
                        60.825994,
                        114
                    ],
                    [
                        23.575892,
                        60.825928,
                        114
                    ],
                    [
                        23.575818,
                        60.825863,
                        114
                    ],
                    [
                        23.575797,
                        60.825744,
                        114
                    ],
                    [
                        23.575865,
                        60.825263,
                        114
                    ],
                    [
                        23.575877,
                        60.825169,
                        114
                    ],
                    [
                        23.576097,
                        60.825173,
                        114
                    ],
                    [
                        23.578723,
                        60.825238,
                        117
                    ],
                    [
                        23.580947,
                        60.825288,
                        120
                    ],
                    [
                        23.584157,
                        60.825386,
                        127
                    ],
                    [
                        23.586867,
                        60.825459,
                        131
                    ],
                    [
                        23.588207,
                        60.825509,
                        131.7
                    ],
                    [
                        23.588684,
                        60.825559,
                        132
                    ],
                    [
                        23.592421,
                        60.825646,
                        126
                    ],
                    [
                        23.595002,
                        60.825689,
                        122
                    ],
                    [
                        23.595647,
                        60.825644,
                        120.7
                    ],
                    [
                        23.597227,
                        60.825646,
                        120
                    ],
                    [
                        23.597469,
                        60.825646,
                        120
                    ],
                    [
                        23.598014,
                        60.825688,
                        120.6
                    ],
                    [
                        23.598431,
                        60.825755,
                        121
                    ],
                    [
                        23.600243,
                        60.825793,
                        122
                    ],
                    [
                        23.604083,
                        60.825843,
                        114
                    ],
                    [
                        23.606421,
                        60.825901,
                        111.3
                    ],
                    [
                        23.608147,
                        60.825984,
                        110
                    ],
                    [
                        23.609457,
                        60.826047,
                        110
                    ],
                    [
                        23.613691,
                        60.826318,
                        108
                    ],
                    [
                        23.619747,
                        60.826773,
                        99
                    ],
                    [
                        23.621668,
                        60.826918,
                        100
                    ],
                    [
                        23.62335,
                        60.82705,
                        110
                    ],
                    [
                        23.624483,
                        60.827144,
                        110
                    ],
                    [
                        23.62572,
                        60.827231,
                        115
                    ],
                    [
                        23.628033,
                        60.827411,
                        118
                    ],
                    [
                        23.631014,
                        60.827618,
                        120.8
                    ],
                    [
                        23.634325,
                        60.827817,
                        121.3
                    ],
                    [
                        23.638963,
                        60.828055,
                        131
                    ],
                    [
                        23.646375,
                        60.828361,
                        148
                    ],
                    [
                        23.648143,
                        60.828424,
                        148
                    ],
                    [
                        23.651085,
                        60.828558,
                        148
                    ],
                    [
                        23.653655,
                        60.828662,
                        151
                    ],
                    [
                        23.655533,
                        60.828733,
                        152.5
                    ],
                    [
                        23.659048,
                        60.82891,
                        144
                    ],
                    [
                        23.663312,
                        60.829151,
                        144
                    ],
                    [
                        23.663474,
                        60.82916,
                        144
                    ],
                    [
                        23.665796,
                        60.829274,
                        136
                    ],
                    [
                        23.669123,
                        60.829399,
                        144
                    ],
                    [
                        23.669328,
                        60.829405,
                        144
                    ],
                    [
                        23.671642,
                        60.829471,
                        139
                    ],
                    [
                        23.674055,
                        60.829541,
                        133
                    ],
                    [
                        23.676796,
                        60.829617,
                        131
                    ],
                    [
                        23.676957,
                        60.829622,
                        131
                    ],
                    [
                        23.679788,
                        60.829711,
                        131
                    ],
                    [
                        23.692458,
                        60.830057,
                        123
                    ],
                    [
                        23.6948,
                        60.830126,
                        125
                    ],
                    [
                        23.698774,
                        60.830244,
                        130
                    ],
                    [
                        23.702573,
                        60.83035,
                        130
                    ],
                    [
                        23.708549,
                        60.830489,
                        123
                    ],
                    [
                        23.711097,
                        60.830491,
                        120
                    ],
                    [
                        23.712442,
                        60.830472,
                        119
                    ],
                    [
                        23.713177,
                        60.830452,
                        119
                    ],
                    [
                        23.716468,
                        60.830335,
                        120
                    ],
                    [
                        23.716776,
                        60.830314,
                        125
                    ],
                    [
                        23.720997,
                        60.830072,
                        135
                    ],
                    [
                        23.723642,
                        60.829916,
                        140
                    ],
                    [
                        23.72484,
                        60.829823,
                        140
                    ],
                    [
                        23.725542,
                        60.829767,
                        139.5
                    ],
                    [
                        23.727225,
                        60.829568,
                        139.4
                    ],
                    [
                        23.728676,
                        60.829366,
                        139.7
                    ],
                    [
                        23.730465,
                        60.829071,
                        141
                    ],
                    [
                        23.731233,
                        60.828937,
                        126
                    ],
                    [
                        23.733661,
                        60.828429,
                        127.3
                    ],
                    [
                        23.736851,
                        60.827696,
                        129
                    ],
                    [
                        23.738242,
                        60.827395,
                        131
                    ],
                    [
                        23.739176,
                        60.827218,
                        132
                    ],
                    [
                        23.740278,
                        60.827025,
                        134.6
                    ],
                    [
                        23.742381,
                        60.826709,
                        137
                    ],
                    [
                        23.744312,
                        60.826484,
                        140
                    ],
                    [
                        23.746555,
                        60.826311,
                        134.4
                    ],
                    [
                        23.747937,
                        60.82622,
                        129.3
                    ],
                    [
                        23.7496,
                        60.826147,
                        127
                    ],
                    [
                        23.75518,
                        60.826053,
                        117
                    ],
                    [
                        23.759833,
                        60.825992,
                        116
                    ],
                    [
                        23.766064,
                        60.825894,
                        120
                    ],
                    [
                        23.772333,
                        60.825818,
                        120
                    ],
                    [
                        23.779064,
                        60.825715,
                        124
                    ],
                    [
                        23.78513,
                        60.825641,
                        119.6
                    ],
                    [
                        23.78701,
                        60.825633,
                        119
                    ],
                    [
                        23.790094,
                        60.825684,
                        115.9
                    ],
                    [
                        23.791706,
                        60.825726,
                        114.6
                    ],
                    [
                        23.79487,
                        60.825859,
                        113
                    ],
                    [
                        23.798171,
                        60.826079,
                        113
                    ],
                    [
                        23.798992,
                        60.826147,
                        113
                    ],
                    [
                        23.803485,
                        60.826532,
                        117
                    ],
                    [
                        23.803694,
                        60.82655,
                        117
                    ],
                    [
                        23.812383,
                        60.827326,
                        132
                    ],
                    [
                        23.814854,
                        60.827544,
                        128
                    ],
                    [
                        23.817171,
                        60.827748,
                        129
                    ],
                    [
                        23.820263,
                        60.828018,
                        126
                    ],
                    [
                        23.822916,
                        60.828251,
                        121
                    ],
                    [
                        23.826806,
                        60.828522,
                        110.6
                    ],
                    [
                        23.83227,
                        60.828793,
                        110
                    ],
                    [
                        23.837887,
                        60.82906,
                        112
                    ],
                    [
                        23.839774,
                        60.829151,
                        115
                    ],
                    [
                        23.840245,
                        60.829172,
                        115
                    ],
                    [
                        23.840806,
                        60.829196,
                        115
                    ],
                    [
                        23.842067,
                        60.829265,
                        119
                    ],
                    [
                        23.844325,
                        60.829375,
                        133
                    ],
                    [
                        23.846693,
                        60.829489,
                        127
                    ],
                    [
                        23.850469,
                        60.829653,
                        136
                    ],
                    [
                        23.85316,
                        60.829759,
                        139.2
                    ],
                    [
                        23.855194,
                        60.829821,
                        141.5
                    ],
                    [
                        23.858036,
                        60.829869,
                        144
                    ],
                    [
                        23.86185,
                        60.829895,
                        151
                    ],
                    [
                        23.862825,
                        60.829899,
                        156
                    ],
                    [
                        23.867467,
                        60.829916,
                        157.9
                    ],
                    [
                        23.870871,
                        60.829887,
                        154.1
                    ],
                    [
                        23.873631,
                        60.829788,
                        152.3
                    ],
                    [
                        23.875891,
                        60.829672,
                        150.7
                    ],
                    [
                        23.878909,
                        60.829455,
                        146.3
                    ],
                    [
                        23.880909,
                        60.829283,
                        146.3
                    ],
                    [
                        23.883451,
                        60.829017,
                        147
                    ],
                    [
                        23.885197,
                        60.828825,
                        148
                    ],
                    [
                        23.895893,
                        60.827564,
                        136
                    ],
                    [
                        23.899646,
                        60.827136,
                        138.4
                    ],
                    [
                        23.902183,
                        60.826902,
                        138.5
                    ],
                    [
                        23.905685,
                        60.826698,
                        140.5
                    ],
                    [
                        23.907076,
                        60.826646,
                        145
                    ],
                    [
                        23.910309,
                        60.826623,
                        153
                    ],
                    [
                        23.911071,
                        60.826637,
                        153
                    ],
                    [
                        23.913432,
                        60.826704,
                        153.5
                    ],
                    [
                        23.917787,
                        60.826881,
                        153
                    ],
                    [
                        23.918609,
                        60.826912,
                        153
                    ],
                    [
                        23.922081,
                        60.827029,
                        136.1
                    ],
                    [
                        23.923591,
                        60.827055,
                        132.4
                    ],
                    [
                        23.925479,
                        60.827067,
                        131.3
                    ],
                    [
                        23.927729,
                        60.827042,
                        131.9
                    ],
                    [
                        23.931176,
                        60.826933,
                        127
                    ],
                    [
                        23.934181,
                        60.826815,
                        132
                    ],
                    [
                        23.948676,
                        60.826145,
                        134.7
                    ],
                    [
                        23.95142,
                        60.826033,
                        135
                    ],
                    [
                        23.954902,
                        60.82585,
                        143
                    ],
                    [
                        23.962857,
                        60.825489,
                        123
                    ],
                    [
                        23.96547,
                        60.82539,
                        120
                    ],
                    [
                        23.968509,
                        60.825311,
                        113
                    ],
                    [
                        23.970688,
                        60.825295,
                        113
                    ],
                    [
                        23.975055,
                        60.825326,
                        132
                    ],
                    [
                        23.977005,
                        60.825369,
                        138.2
                    ],
                    [
                        23.980886,
                        60.825515,
                        142.4
                    ],
                    [
                        23.982615,
                        60.825611,
                        142.2
                    ],
                    [
                        23.986101,
                        60.82585,
                        136
                    ],
                    [
                        23.992564,
                        60.82638,
                        133
                    ],
                    [
                        24.000537,
                        60.827015,
                        145
                    ],
                    [
                        24.003742,
                        60.827264,
                        147
                    ],
                    [
                        24.006023,
                        60.827437,
                        149
                    ],
                    [
                        24.01102,
                        60.827816,
                        148
                    ],
                    [
                        24.013196,
                        60.827981,
                        145
                    ],
                    [
                        24.016534,
                        60.828234,
                        149
                    ],
                    [
                        24.017103,
                        60.828281,
                        149
                    ],
                    [
                        24.03055,
                        60.829267,
                        142
                    ],
                    [
                        24.038766,
                        60.829846,
                        140
                    ],
                    [
                        24.041736,
                        60.830075,
                        127.3
                    ],
                    [
                        24.045597,
                        60.830448,
                        126
                    ],
                    [
                        24.048748,
                        60.830817,
                        123
                    ],
                    [
                        24.049565,
                        60.830924,
                        122.9
                    ],
                    [
                        24.055145,
                        60.831734,
                        125
                    ],
                    [
                        24.055874,
                        60.83186,
                        125
                    ],
                    [
                        24.056088,
                        60.831895,
                        125
                    ],
                    [
                        24.058716,
                        60.832362,
                        134
                    ],
                    [
                        24.072293,
                        60.835084,
                        142
                    ],
                    [
                        24.073453,
                        60.835315,
                        144
                    ],
                    [
                        24.078225,
                        60.836263,
                        149
                    ],
                    [
                        24.08154,
                        60.836903,
                        143
                    ],
                    [
                        24.097874,
                        60.839997,
                        147
                    ],
                    [
                        24.10077,
                        60.840569,
                        151
                    ],
                    [
                        24.102397,
                        60.840873,
                        151
                    ],
                    [
                        24.103731,
                        60.841121,
                        151
                    ],
                    [
                        24.115573,
                        60.843355,
                        139
                    ],
                    [
                        24.128568,
                        60.845839,
                        128
                    ],
                    [
                        24.134103,
                        60.846896,
                        130
                    ],
                    [
                        24.137006,
                        60.847451,
                        133
                    ],
                    [
                        24.140019,
                        60.848026,
                        133
                    ],
                    [
                        24.14348,
                        60.848734,
                        135
                    ],
                    [
                        24.146574,
                        60.849448,
                        132
                    ],
                    [
                        24.149573,
                        60.850201,
                        124
                    ],
                    [
                        24.152341,
                        60.850962,
                        126
                    ],
                    [
                        24.154879,
                        60.851698,
                        125
                    ],
                    [
                        24.157244,
                        60.852452,
                        126
                    ],
                    [
                        24.160209,
                        60.853476,
                        126
                    ],
                    [
                        24.164496,
                        60.854983,
                        130
                    ],
                    [
                        24.17166,
                        60.857518,
                        130
                    ],
                    [
                        24.175613,
                        60.858884,
                        120
                    ],
                    [
                        24.178702,
                        60.859981,
                        117
                    ],
                    [
                        24.17999,
                        60.860439,
                        124
                    ],
                    [
                        24.180627,
                        60.860665,
                        124
                    ],
                    [
                        24.181745,
                        60.861061,
                        125
                    ],
                    [
                        24.181974,
                        60.861134,
                        125
                    ],
                    [
                        24.183716,
                        60.861756,
                        123
                    ],
                    [
                        24.186277,
                        60.862659,
                        127
                    ],
                    [
                        24.192725,
                        60.864883,
                        127
                    ],
                    [
                        24.195948,
                        60.86602,
                        133
                    ],
                    [
                        24.200823,
                        60.86774,
                        129
                    ],
                    [
                        24.200966,
                        60.86779,
                        129
                    ],
                    [
                        24.206163,
                        60.869608,
                        119
                    ],
                    [
                        24.21034,
                        60.871055,
                        122
                    ],
                    [
                        24.211811,
                        60.871582,
                        122
                    ],
                    [
                        24.214841,
                        60.872718,
                        122
                    ],
                    [
                        24.220078,
                        60.874763,
                        123
                    ],
                    [
                        24.230954,
                        60.878989,
                        115
                    ],
                    [
                        24.232989,
                        60.879779,
                        117
                    ],
                    [
                        24.241113,
                        60.882969,
                        116
                    ],
                    [
                        24.244201,
                        60.884148,
                        124
                    ],
                    [
                        24.251055,
                        60.886851,
                        122
                    ],
                    [
                        24.254066,
                        60.888039,
                        120
                    ],
                    [
                        24.259672,
                        60.89025,
                        117
                    ],
                    [
                        24.260483,
                        60.89057,
                        115
                    ],
                    [
                        24.262057,
                        60.891191,
                        115
                    ],
                    [
                        24.267857,
                        60.893443,
                        112
                    ],
                    [
                        24.270879,
                        60.894579,
                        120.2
                    ],
                    [
                        24.273741,
                        60.895618,
                        118
                    ],
                    [
                        24.276984,
                        60.896814,
                        108
                    ],
                    [
                        24.277083,
                        60.89685,
                        108
                    ],
                    [
                        24.277173,
                        60.896882,
                        108
                    ],
                    [
                        24.279358,
                        60.897682,
                        108
                    ],
                    [
                        24.280383,
                        60.898058,
                        109
                    ],
                    [
                        24.281195,
                        60.898355,
                        113
                    ],
                    [
                        24.281556,
                        60.898486,
                        113
                    ],
                    [
                        24.284614,
                        60.899588,
                        117
                    ],
                    [
                        24.289242,
                        60.901204,
                        116
                    ],
                    [
                        24.290571,
                        60.901667,
                        120
                    ],
                    [
                        24.290809,
                        60.901749,
                        120
                    ],
                    [
                        24.292694,
                        60.902411,
                        130
                    ],
                    [
                        24.294388,
                        60.903006,
                        132
                    ],
                    [
                        24.294731,
                        60.903124,
                        132
                    ],
                    [
                        24.296583,
                        60.903765,
                        131
                    ],
                    [
                        24.301474,
                        60.905458,
                        135
                    ],
                    [
                        24.302484,
                        60.905807,
                        138
                    ],
                    [
                        24.305863,
                        60.906986,
                        142
                    ],
                    [
                        24.307556,
                        60.907626,
                        142
                    ],
                    [
                        24.311382,
                        60.909073,
                        147
                    ],
                    [
                        24.313013,
                        60.909741,
                        147
                    ],
                    [
                        24.315301,
                        60.910778,
                        157
                    ],
                    [
                        24.319622,
                        60.912737,
                        156
                    ],
                    [
                        24.321104,
                        60.913492,
                        156
                    ],
                    [
                        24.325647,
                        60.915824,
                        148.5
                    ],
                    [
                        24.327364,
                        60.916784,
                        148.5
                    ],
                    [
                        24.33056,
                        60.918617,
                        148
                    ],
                    [
                        24.331398,
                        60.919097,
                        146
                    ],
                    [
                        24.334216,
                        60.920672,
                        146
                    ],
                    [
                        24.33702,
                        60.92222,
                        143
                    ],
                    [
                        24.337941,
                        60.922698,
                        143
                    ],
                    [
                        24.338762,
                        60.923125,
                        141
                    ],
                    [
                        24.342496,
                        60.924806,
                        135
                    ],
                    [
                        24.343273,
                        60.925111,
                        135
                    ],
                    [
                        24.345015,
                        60.925793,
                        131
                    ],
                    [
                        24.353591,
                        60.929024,
                        137
                    ],
                    [
                        24.359766,
                        60.931351,
                        134
                    ],
                    [
                        24.362449,
                        60.932363,
                        136
                    ],
                    [
                        24.365524,
                        60.933522,
                        130
                    ],
                    [
                        24.370104,
                        60.935249,
                        134
                    ],
                    [
                        24.372923,
                        60.936312,
                        130
                    ],
                    [
                        24.377407,
                        60.938002,
                        127.5
                    ],
                    [
                        24.380177,
                        60.939017,
                        127
                    ],
                    [
                        24.382929,
                        60.940085,
                        126.7
                    ],
                    [
                        24.384306,
                        60.940665,
                        126
                    ],
                    [
                        24.385997,
                        60.941426,
                        121
                    ],
                    [
                        24.386595,
                        60.941708,
                        116
                    ],
                    [
                        24.389659,
                        60.943231,
                        115
                    ],
                    [
                        24.389818,
                        60.943309,
                        115
                    ],
                    [
                        24.389912,
                        60.943356,
                        115
                    ],
                    [
                        24.392534,
                        60.944644,
                        114
                    ],
                    [
                        24.396021,
                        60.946357,
                        116
                    ],
                    [
                        24.398887,
                        60.947773,
                        116
                    ],
                    [
                        24.399953,
                        60.9483,
                        117
                    ],
                    [
                        24.401914,
                        60.949302,
                        117
                    ],
                    [
                        24.403002,
                        60.949936,
                        111
                    ],
                    [
                        24.404126,
                        60.950602,
                        117
                    ],
                    [
                        24.404766,
                        60.950986,
                        117
                    ],
                    [
                        24.404961,
                        60.951098,
                        117
                    ],
                    [
                        24.406025,
                        60.951755,
                        117
                    ],
                    [
                        24.407059,
                        60.952342,
                        119
                    ],
                    [
                        24.407857,
                        60.952768,
                        120
                    ],
                    [
                        24.408931,
                        60.953305,
                        124
                    ],
                    [
                        24.410347,
                        60.953949,
                        129
                    ],
                    [
                        24.412128,
                        60.954648,
                        126
                    ],
                    [
                        24.412624,
                        60.954828,
                        127
                    ],
                    [
                        24.414065,
                        60.955321,
                        126.7
                    ],
                    [
                        24.415315,
                        60.955709,
                        126.4
                    ],
                    [
                        24.416302,
                        60.955996,
                        126
                    ],
                    [
                        24.41779,
                        60.956384,
                        115
                    ],
                    [
                        24.419815,
                        60.956839,
                        112
                    ],
                    [
                        24.42696,
                        60.958206,
                        130
                    ],
                    [
                        24.429136,
                        60.958618,
                        137
                    ],
                    [
                        24.433528,
                        60.959463,
                        142
                    ],
                    [
                        24.434277,
                        60.959618,
                        142
                    ],
                    [
                        24.43509,
                        60.959786,
                        140.8
                    ],
                    [
                        24.436351,
                        60.96008,
                        138.5
                    ],
                    [
                        24.438201,
                        60.960567,
                        134
                    ],
                    [
                        24.439301,
                        60.960886,
                        134
                    ],
                    [
                        24.44,
                        60.961096,
                        134
                    ],
                    [
                        24.441525,
                        60.96161,
                        134
                    ],
                    [
                        24.442873,
                        60.962067,
                        135
                    ],
                    [
                        24.444706,
                        60.962702,
                        129
                    ],
                    [
                        24.448614,
                        60.964092,
                        132
                    ],
                    [
                        24.453776,
                        60.96588,
                        125
                    ],
                    [
                        24.456102,
                        60.966651,
                        112.9
                    ],
                    [
                        24.457506,
                        60.967083,
                        113.3
                    ],
                    [
                        24.465957,
                        60.969382,
                        116
                    ],
                    [
                        24.467191,
                        60.969717,
                        113
                    ],
                    [
                        24.469594,
                        60.970368,
                        109
                    ],
                    [
                        24.470185,
                        60.970536,
                        109
                    ],
                    [
                        24.470668,
                        60.970669,
                        109
                    ],
                    [
                        24.472552,
                        60.971183,
                        112
                    ],
                    [
                        24.474527,
                        60.971743,
                        106.7
                    ],
                    [
                        24.475188,
                        60.971906,
                        101
                    ],
                    [
                        24.475602,
                        60.972023,
                        101
                    ],
                    [
                        24.475913,
                        60.972103,
                        101
                    ],
                    [
                        24.476826,
                        60.972347,
                        101
                    ],
                    [
                        24.477663,
                        60.972589,
                        97
                    ],
                    [
                        24.478504,
                        60.972811,
                        87
                    ],
                    [
                        24.481661,
                        60.973664,
                        86
                    ],
                    [
                        24.483393,
                        60.97413,
                        90
                    ],
                    [
                        24.485736,
                        60.974659,
                        87
                    ],
                    [
                        24.487648,
                        60.975084,
                        84
                    ],
                    [
                        24.488735,
                        60.97532,
                        84
                    ],
                    [
                        24.493028,
                        60.976249,
                        85.5
                    ],
                    [
                        24.494307,
                        60.976578,
                        85.4
                    ],
                    [
                        24.495577,
                        60.976949,
                        84.4
                    ],
                    [
                        24.496333,
                        60.977245,
                        84.4
                    ],
                    [
                        24.497371,
                        60.977703,
                        84.2
                    ],
                    [
                        24.498289,
                        60.978177,
                        85.6
                    ],
                    [
                        24.499028,
                        60.978623,
                        86.4
                    ],
                    [
                        24.501245,
                        60.980063,
                        90
                    ],
                    [
                        24.50221,
                        60.980728,
                        91
                    ],
                    [
                        24.502408,
                        60.980865,
                        91
                    ],
                    [
                        24.502626,
                        60.981017,
                        91
                    ],
                    [
                        24.503223,
                        60.981388,
                        91
                    ],
                    [
                        24.50376,
                        60.98171,
                        91
                    ],
                    [
                        24.504035,
                        60.981879,
                        93
                    ],
                    [
                        24.504961,
                        60.982421,
                        93
                    ],
                    [
                        24.505139,
                        60.982524,
                        93
                    ],
                    [
                        24.505442,
                        60.982662,
                        93
                    ],
                    [
                        24.505964,
                        60.982867,
                        92.9
                    ],
                    [
                        24.506731,
                        60.983126,
                        92.2
                    ],
                    [
                        24.507017,
                        60.983289,
                        91.8
                    ],
                    [
                        24.50713,
                        60.98338,
                        91.9
                    ],
                    [
                        24.507303,
                        60.98358,
                        92.1
                    ],
                    [
                        24.507441,
                        60.983666,
                        91
                    ],
                    [
                        24.507466,
                        60.983671,
                        91
                    ],
                    [
                        24.507623,
                        60.983708,
                        91
                    ],
                    [
                        24.507754,
                        60.983766,
                        91
                    ],
                    [
                        24.50783,
                        60.983855,
                        91
                    ],
                    [
                        24.507828,
                        60.983905,
                        91
                    ],
                    [
                        24.507817,
                        60.983938,
                        91
                    ],
                    [
                        24.507738,
                        60.984009,
                        91
                    ],
                    [
                        24.50756,
                        60.984071,
                        91
                    ],
                    [
                        24.507545,
                        60.984074,
                        91
                    ],
                    [
                        24.5072,
                        60.984176,
                        90.8
                    ],
                    [
                        24.506838,
                        60.984343,
                        90.7
                    ],
                    [
                        24.505939,
                        60.984939,
                        90
                    ],
                    [
                        24.505317,
                        60.985366,
                        90
                    ],
                    [
                        24.50464,
                        60.986008,
                        90
                    ],
                    [
                        24.50309,
                        60.987616,
                        91
                    ],
                    [
                        24.501806,
                        60.988827,
                        90
                    ],
                    [
                        24.499559,
                        60.99092,
                        89.5
                    ],
                    [
                        24.49837,
                        60.991966,
                        90
                    ],
                    [
                        24.495654,
                        60.994261,
                        86.9
                    ],
                    [
                        24.49411,
                        60.995481,
                        87
                    ],
                    [
                        24.493853,
                        60.995714,
                        88.4
                    ],
                    [
                        24.493839,
                        60.995835,
                        89
                    ],
                    [
                        24.493886,
                        60.995882,
                        89
                    ],
                    [
                        24.494316,
                        60.996165,
                        89
                    ],
                    [
                        24.49476,
                        60.996402,
                        89
                    ],
                    [
                        24.496506,
                        60.997218,
                        93
                    ],
                    [
                        24.497267,
                        60.997635,
                        91.5
                    ],
                    [
                        24.498056,
                        60.998143,
                        91.1
                    ],
                    [
                        24.498518,
                        60.998513,
                        90
                    ],
                    [
                        24.498843,
                        60.998792,
                        90
                    ],
                    [
                        24.499978,
                        60.999927,
                        88.4
                    ],
                    [
                        24.500532,
                        61.000438,
                        88.4
                    ],
                    [
                        24.500949,
                        61.000763,
                        88.6
                    ],
                    [
                        24.501332,
                        61.001027,
                        88.7
                    ],
                    [
                        24.501718,
                        61.001272,
                        89.2
                    ],
                    [
                        24.502119,
                        61.001487,
                        89.9
                    ],
                    [
                        24.502617,
                        61.001749,
                        90.3
                    ],
                    [
                        24.504327,
                        61.00257,
                        91.5
                    ],
                    [
                        24.504893,
                        61.002867,
                        91.7
                    ],
                    [
                        24.505259,
                        61.003098,
                        92
                    ],
                    [
                        24.505647,
                        61.003358,
                        90.8
                    ],
                    [
                        24.505965,
                        61.003602,
                        90.5
                    ],
                    [
                        24.506258,
                        61.003876,
                        90.3
                    ],
                    [
                        24.506614,
                        61.004265,
                        90.5
                    ],
                    [
                        24.506839,
                        61.004588,
                        90
                    ],
                    [
                        24.507055,
                        61.004908,
                        90
                    ],
                    [
                        24.507561,
                        61.005567,
                        90
                    ],
                    [
                        24.50761,
                        61.005625,
                        90
                    ],
                    [
                        24.507772,
                        61.005813,
                        90
                    ],
                    [
                        24.507917,
                        61.005982,
                        92
                    ],
                    [
                        24.508428,
                        61.006398,
                        93
                    ],
                    [
                        24.50887,
                        61.006684,
                        93
                    ],
                    [
                        24.509403,
                        61.006989,
                        93
                    ],
                    [
                        24.510251,
                        61.007411,
                        92.6
                    ],
                    [
                        24.513934,
                        61.008852,
                        93
                    ],
                    [
                        24.514726,
                        61.009162,
                        90
                    ],
                    [
                        24.515807,
                        61.00955,
                        89
                    ],
                    [
                        24.51693,
                        61.009898,
                        86
                    ],
                    [
                        24.517994,
                        61.010178,
                        86.5
                    ],
                    [
                        24.519529,
                        61.010509,
                        87.1
                    ],
                    [
                        24.520409,
                        61.010663,
                        87.2
                    ],
                    [
                        24.521259,
                        61.010804,
                        87.1
                    ],
                    [
                        24.530467,
                        61.012164,
                        98
                    ],
                    [
                        24.530934,
                        61.012221,
                        98
                    ],
                    [
                        24.532291,
                        61.012415,
                        101
                    ],
                    [
                        24.532479,
                        61.012441,
                        101
                    ],
                    [
                        24.534183,
                        61.012704,
                        101
                    ],
                    [
                        24.534686,
                        61.012795,
                        101
                    ],
                    [
                        24.53548,
                        61.012881,
                        101
                    ],
                    [
                        24.537395,
                        61.013089,
                        100.7
                    ],
                    [
                        24.539953,
                        61.013247,
                        101.5
                    ],
                    [
                        24.541024,
                        61.013293,
                        102
                    ],
                    [
                        24.542585,
                        61.01336,
                        102.7
                    ],
                    [
                        24.546454,
                        61.013578,
                        104
                    ],
                    [
                        24.547934,
                        61.013642,
                        103.3
                    ],
                    [
                        24.549617,
                        61.013744,
                        103
                    ],
                    [
                        24.550441,
                        61.013804,
                        103
                    ],
                    [
                        24.553589,
                        61.014283,
                        103.5
                    ],
                    [
                        24.555489,
                        61.014594,
                        103.1
                    ],
                    [
                        24.556598,
                        61.014732,
                        103
                    ],
                    [
                        24.557523,
                        61.014833,
                        103
                    ],
                    [
                        24.558345,
                        61.014887,
                        103
                    ],
                    [
                        24.559656,
                        61.01492,
                        103
                    ],
                    [
                        24.56053,
                        61.01491,
                        106
                    ],
                    [
                        24.561724,
                        61.01487,
                        106
                    ],
                    [
                        24.564135,
                        61.014693,
                        111
                    ],
                    [
                        24.564818,
                        61.014631,
                        117
                    ],
                    [
                        24.567884,
                        61.014392,
                        116
                    ],
                    [
                        24.569241,
                        61.014312,
                        119
                    ],
                    [
                        24.571039,
                        61.01428,
                        120.3
                    ],
                    [
                        24.571914,
                        61.014304,
                        121
                    ],
                    [
                        24.572312,
                        61.014315,
                        125.3
                    ],
                    [
                        24.574594,
                        61.014455,
                        128.9
                    ],
                    [
                        24.575799,
                        61.014585,
                        131
                    ],
                    [
                        24.576603,
                        61.014704,
                        132
                    ],
                    [
                        24.577643,
                        61.014901,
                        130
                    ],
                    [
                        24.578666,
                        61.0151,
                        129.5
                    ],
                    [
                        24.57976,
                        61.015357,
                        129.4
                    ],
                    [
                        24.580326,
                        61.015515,
                        129
                    ],
                    [
                        24.58457,
                        61.01677,
                        125
                    ],
                    [
                        24.588266,
                        61.017905,
                        125
                    ],
                    [
                        24.589304,
                        61.018204,
                        125
                    ],
                    [
                        24.592368,
                        61.019135,
                        119
                    ],
                    [
                        24.595277,
                        61.020044,
                        117
                    ],
                    [
                        24.597294,
                        61.020644,
                        117.3
                    ],
                    [
                        24.598643,
                        61.021106,
                        119.4
                    ],
                    [
                        24.599921,
                        61.021589,
                        119.4
                    ],
                    [
                        24.602819,
                        61.022982,
                        135
                    ],
                    [
                        24.602948,
                        61.02306,
                        135
                    ],
                    [
                        24.605588,
                        61.024416,
                        134
                    ],
                    [
                        24.606363,
                        61.024784,
                        133
                    ],
                    [
                        24.607501,
                        61.025394,
                        135.3
                    ],
                    [
                        24.608038,
                        61.02571,
                        136
                    ],
                    [
                        24.608269,
                        61.025848,
                        135.3
                    ],
                    [
                        24.609613,
                        61.026904,
                        135
                    ],
                    [
                        24.610855,
                        61.027887,
                        140
                    ],
                    [
                        24.611307,
                        61.028217,
                        140
                    ],
                    [
                        24.612055,
                        61.028697,
                        140
                    ],
                    [
                        24.613605,
                        61.029693,
                        140
                    ],
                    [
                        24.616635,
                        61.031515,
                        140
                    ],
                    [
                        24.619138,
                        61.033053,
                        140
                    ],
                    [
                        24.621638,
                        61.034678,
                        128
                    ],
                    [
                        24.623836,
                        61.036308,
                        125
                    ],
                    [
                        24.627446,
                        61.038987,
                        132
                    ],
                    [
                        24.630059,
                        61.040847,
                        138.3
                    ],
                    [
                        24.631305,
                        61.041509,
                        139.8
                    ],
                    [
                        24.631702,
                        61.041674,
                        142
                    ],
                    [
                        24.63185,
                        61.041735,
                        142
                    ],
                    [
                        24.632747,
                        61.042084,
                        143.2
                    ],
                    [
                        24.633515,
                        61.042348,
                        143.5
                    ],
                    [
                        24.63468,
                        61.042701,
                        143.7
                    ],
                    [
                        24.635249,
                        61.042843,
                        144
                    ],
                    [
                        24.637864,
                        61.043421,
                        149
                    ],
                    [
                        24.644369,
                        61.044694,
                        145
                    ],
                    [
                        24.645941,
                        61.044958,
                        144
                    ],
                    [
                        24.648357,
                        61.045282,
                        142
                    ],
                    [
                        24.649838,
                        61.045471,
                        142
                    ],
                    [
                        24.651852,
                        61.045686,
                        142
                    ],
                    [
                        24.652453,
                        61.045737,
                        147
                    ],
                    [
                        24.652817,
                        61.045789,
                        147
                    ],
                    [
                        24.656247,
                        61.046177,
                        139
                    ],
                    [
                        24.661039,
                        61.046677,
                        127
                    ],
                    [
                        24.662003,
                        61.04681,
                        127
                    ],
                    [
                        24.667078,
                        61.04734,
                        109.8
                    ],
                    [
                        24.668464,
                        61.047506,
                        109
                    ],
                    [
                        24.670003,
                        61.047727,
                        103.5
                    ],
                    [
                        24.670724,
                        61.047871,
                        102.1
                    ],
                    [
                        24.671453,
                        61.048027,
                        100.3
                    ],
                    [
                        24.672866,
                        61.048366,
                        99.6
                    ],
                    [
                        24.673576,
                        61.048585,
                        98
                    ],
                    [
                        24.674122,
                        61.048754,
                        98
                    ],
                    [
                        24.675554,
                        61.049253,
                        98
                    ],
                    [
                        24.678805,
                        61.050553,
                        110.5
                    ],
                    [
                        24.679569,
                        61.050893,
                        112
                    ],
                    [
                        24.680299,
                        61.051218,
                        112
                    ],
                    [
                        24.681823,
                        61.051913,
                        112
                    ],
                    [
                        24.683411,
                        61.052651,
                        108
                    ],
                    [
                        24.696638,
                        61.058651,
                        110
                    ],
                    [
                        24.698019,
                        61.059271,
                        107
                    ],
                    [
                        24.698296,
                        61.059397,
                        107
                    ],
                    [
                        24.699384,
                        61.059894,
                        107
                    ],
                    [
                        24.702195,
                        61.061178,
                        104
                    ],
                    [
                        24.704183,
                        61.062085,
                        104
                    ],
                    [
                        24.708372,
                        61.063879,
                        114
                    ],
                    [
                        24.717182,
                        61.067271,
                        124
                    ],
                    [
                        24.726066,
                        61.07066,
                        135
                    ],
                    [
                        24.734396,
                        61.073864,
                        131
                    ],
                    [
                        24.734493,
                        61.073903,
                        131
                    ],
                    [
                        24.738316,
                        61.075442,
                        129
                    ],
                    [
                        24.741578,
                        61.077022,
                        130
                    ],
                    [
                        24.742617,
                        61.077423,
                        130
                    ],
                    [
                        24.745356,
                        61.078435,
                        128
                    ],
                    [
                        24.746103,
                        61.07871,
                        128
                    ],
                    [
                        24.751167,
                        61.080474,
                        127
                    ],
                    [
                        24.752782,
                        61.081036,
                        129
                    ],
                    [
                        24.75544,
                        61.081859,
                        132
                    ],
                    [
                        24.756647,
                        61.082222,
                        133
                    ],
                    [
                        24.764334,
                        61.084616,
                        140
                    ],
                    [
                        24.770845,
                        61.086643,
                        148
                    ],
                    [
                        24.771276,
                        61.086787,
                        148
                    ],
                    [
                        24.772897,
                        61.087276,
                        149
                    ],
                    [
                        24.774338,
                        61.08772,
                        153.2
                    ],
                    [
                        24.774964,
                        61.08786,
                        152.8
                    ],
                    [
                        24.776657,
                        61.088154,
                        154
                    ],
                    [
                        24.777047,
                        61.088224,
                        152
                    ],
                    [
                        24.77937,
                        61.088498,
                        152
                    ],
                    [
                        24.784399,
                        61.088868,
                        147
                    ],
                    [
                        24.788268,
                        61.089112,
                        144
                    ],
                    [
                        24.789537,
                        61.08918,
                        145
                    ],
                    [
                        24.793383,
                        61.089529,
                        141.8
                    ],
                    [
                        24.794221,
                        61.089655,
                        141.9
                    ],
                    [
                        24.794656,
                        61.089739,
                        141.9
                    ],
                    [
                        24.796742,
                        61.090191,
                        141.2
                    ],
                    [
                        24.798322,
                        61.090619,
                        141.2
                    ],
                    [
                        24.801626,
                        61.091698,
                        136
                    ],
                    [
                        24.805732,
                        61.092997,
                        130
                    ],
                    [
                        24.809933,
                        61.094326,
                        125
                    ],
                    [
                        24.811337,
                        61.094789,
                        125
                    ],
                    [
                        24.816246,
                        61.096383,
                        130
                    ],
                    [
                        24.819564,
                        61.097385,
                        133.5
                    ],
                    [
                        24.821875,
                        61.097911,
                        133.8
                    ],
                    [
                        24.823028,
                        61.09814,
                        134
                    ],
                    [
                        24.824261,
                        61.098316,
                        133.3
                    ],
                    [
                        24.825953,
                        61.098449,
                        132
                    ],
                    [
                        24.827797,
                        61.098595,
                        128
                    ],
                    [
                        24.836014,
                        61.099077,
                        123
                    ],
                    [
                        24.838091,
                        61.099199,
                        122.5
                    ],
                    [
                        24.839647,
                        61.099391,
                        122.2
                    ],
                    [
                        24.840638,
                        61.099558,
                        122
                    ],
                    [
                        24.841213,
                        61.099655,
                        122
                    ],
                    [
                        24.844507,
                        61.100537,
                        110
                    ],
                    [
                        24.844898,
                        61.100661,
                        110
                    ],
                    [
                        24.850021,
                        61.10234,
                        109
                    ],
                    [
                        24.850427,
                        61.10247,
                        109
                    ],
                    [
                        24.855875,
                        61.104296,
                        102
                    ],
                    [
                        24.856498,
                        61.104014,
                        103.6
                    ],
                    [
                        24.856873,
                        61.103903,
                        106
                    ],
                    [
                        24.857173,
                        61.103827,
                        104.9
                    ],
                    [
                        24.85734,
                        61.103814,
                        104.8
                    ],
                    [
                        24.857592,
                        61.103804,
                        104.7
                    ],
                    [
                        24.857962,
                        61.103812,
                        104.5
                    ],
                    [
                        24.858193,
                        61.10384,
                        104.3
                    ],
                    [
                        24.858402,
                        61.103889,
                        104.2
                    ],
                    [
                        24.858696,
                        61.103991,
                        104.1
                    ],
                    [
                        24.859392,
                        61.104356,
                        97
                    ],
                    [
                        24.859805,
                        61.104518,
                        97
                    ],
                    [
                        24.860094,
                        61.104565,
                        97
                    ],
                    [
                        24.860258,
                        61.104563,
                        97
                    ],
                    [
                        24.860736,
                        61.104496,
                        97
                    ],
                    [
                        24.861379,
                        61.104338,
                        97
                    ],
                    [
                        24.862063,
                        61.104192,
                        97
                    ],
                    [
                        24.862211,
                        61.104161,
                        97
                    ],
                    [
                        24.86452,
                        61.103537,
                        97
                    ],
                    [
                        24.867671,
                        61.102788,
                        97
                    ],
                    [
                        24.871438,
                        61.101995,
                        102
                    ],
                    [
                        24.873243,
                        61.101576,
                        100
                    ],
                    [
                        24.876058,
                        61.10086,
                        101.8
                    ],
                    [
                        24.878286,
                        61.100237,
                        104.9
                    ],
                    [
                        24.880029,
                        61.099722,
                        105
                    ],
                    [
                        24.881795,
                        61.099164,
                        105
                    ],
                    [
                        24.882965,
                        61.098766,
                        105
                    ],
                    [
                        24.885237,
                        61.097961,
                        106
                    ],
                    [
                        24.888582,
                        61.096687,
                        111
                    ],
                    [
                        24.888726,
                        61.096637,
                        111
                    ],
                    [
                        24.891377,
                        61.095705,
                        115
                    ],
                    [
                        24.894278,
                        61.094774,
                        117.5
                    ],
                    [
                        24.896417,
                        61.094119,
                        119.8
                    ],
                    [
                        24.898647,
                        61.09339,
                        119.8
                    ],
                    [
                        24.903242,
                        61.091775,
                        120.5
                    ],
                    [
                        24.905193,
                        61.091064,
                        126
                    ],
                    [
                        24.908233,
                        61.089968,
                        123
                    ],
                    [
                        24.912686,
                        61.088551,
                        126.4
                    ],
                    [
                        24.91519,
                        61.087775,
                        122
                    ],
                    [
                        24.921695,
                        61.085703,
                        119
                    ],
                    [
                        24.923809,
                        61.085084,
                        119
                    ],
                    [
                        24.92754,
                        61.084111,
                        119
                    ],
                    [
                        24.931631,
                        61.083187,
                        130
                    ],
                    [
                        24.933778,
                        61.082646,
                        130.8
                    ],
                    [
                        24.934902,
                        61.082326,
                        130.9
                    ],
                    [
                        24.935633,
                        61.082094,
                        131
                    ],
                    [
                        24.93726,
                        61.081521,
                        131
                    ],
                    [
                        24.937604,
                        61.081401,
                        132
                    ],
                    [
                        24.939091,
                        61.080759,
                        135
                    ],
                    [
                        24.940355,
                        61.080148,
                        133
                    ],
                    [
                        24.94135,
                        61.079605,
                        133.5
                    ],
                    [
                        24.942055,
                        61.079181,
                        133.6
                    ],
                    [
                        24.942808,
                        61.078678,
                        135
                    ],
                    [
                        24.943077,
                        61.078499,
                        135
                    ],
                    [
                        24.944407,
                        61.077634,
                        133
                    ],
                    [
                        24.945704,
                        61.07693,
                        133.7
                    ],
                    [
                        24.947098,
                        61.07627,
                        133.9
                    ],
                    [
                        24.948544,
                        61.07569,
                        134
                    ],
                    [
                        24.950163,
                        61.075116,
                        135.7
                    ],
                    [
                        24.952168,
                        61.074537,
                        137.9
                    ],
                    [
                        24.953426,
                        61.074203,
                        139
                    ],
                    [
                        24.955441,
                        61.073681,
                        137.7
                    ],
                    [
                        24.957097,
                        61.073216,
                        136.6
                    ],
                    [
                        24.958196,
                        61.072889,
                        136
                    ],
                    [
                        24.959865,
                        61.07241,
                        143.9
                    ],
                    [
                        24.961625,
                        61.071828,
                        149
                    ],
                    [
                        24.963033,
                        61.071318,
                        151.7
                    ],
                    [
                        24.965019,
                        61.070537,
                        155.9
                    ],
                    [
                        24.966727,
                        61.069792,
                        155.9
                    ],
                    [
                        24.968804,
                        61.068822,
                        161
                    ],
                    [
                        24.971222,
                        61.067581,
                        163
                    ],
                    [
                        24.975126,
                        61.065226,
                        158
                    ],
                    [
                        24.976795,
                        61.064263,
                        154.3
                    ],
                    [
                        24.977575,
                        61.063881,
                        153.8
                    ],
                    [
                        24.979447,
                        61.063078,
                        154
                    ],
                    [
                        24.98091,
                        61.062564,
                        151.8
                    ],
                    [
                        24.982413,
                        61.062115,
                        147
                    ],
                    [
                        24.984328,
                        61.061582,
                        148
                    ],
                    [
                        24.987669,
                        61.060654,
                        143.5
                    ],
                    [
                        24.989277,
                        61.060159,
                        143.5
                    ],
                    [
                        24.991853,
                        61.05932,
                        137
                    ],
                    [
                        24.994185,
                        61.058502,
                        137
                    ],
                    [
                        24.996588,
                        61.0576,
                        138
                    ],
                    [
                        24.99793,
                        61.05705,
                        138
                    ],
                    [
                        24.999357,
                        61.056449,
                        138
                    ],
                    [
                        25.00142,
                        61.055541,
                        138
                    ],
                    [
                        25.003023,
                        61.054767,
                        131.4
                    ],
                    [
                        25.005604,
                        61.053463,
                        143
                    ],
                    [
                        25.008269,
                        61.051944,
                        129
                    ],
                    [
                        25.008902,
                        61.051593,
                        129
                    ],
                    [
                        25.010742,
                        61.050612,
                        130
                    ],
                    [
                        25.019178,
                        61.046386,
                        133.5
                    ],
                    [
                        25.020974,
                        61.045575,
                        134.6
                    ],
                    [
                        25.022036,
                        61.04519,
                        135.2
                    ],
                    [
                        25.023063,
                        61.044856,
                        137
                    ],
                    [
                        25.024494,
                        61.044479,
                        141.2
                    ],
                    [
                        25.02597,
                        61.04416,
                        143.6
                    ],
                    [
                        25.027149,
                        61.043942,
                        146
                    ],
                    [
                        25.027968,
                        61.04382,
                        148.8
                    ],
                    [
                        25.028709,
                        61.043732,
                        150.9
                    ],
                    [
                        25.030726,
                        61.043552,
                        153.4
                    ],
                    [
                        25.03233,
                        61.043426,
                        152.9
                    ],
                    [
                        25.033569,
                        61.043349,
                        152
                    ],
                    [
                        25.03733,
                        61.04309,
                        160.7
                    ],
                    [
                        25.039629,
                        61.042856,
                        164.3
                    ],
                    [
                        25.040898,
                        61.042678,
                        165
                    ],
                    [
                        25.042459,
                        61.042433,
                        165.5
                    ],
                    [
                        25.044288,
                        61.042095,
                        165.5
                    ],
                    [
                        25.045296,
                        61.041874,
                        165.6
                    ],
                    [
                        25.048041,
                        61.04118,
                        178
                    ],
                    [
                        25.049716,
                        61.040779,
                        178.9
                    ],
                    [
                        25.051751,
                        61.040368,
                        174.9
                    ],
                    [
                        25.054182,
                        61.03998,
                        166.4
                    ],
                    [
                        25.055227,
                        61.03983,
                        165.4
                    ],
                    [
                        25.056796,
                        61.03966,
                        158
                    ],
                    [
                        25.058233,
                        61.03953,
                        158.5
                    ],
                    [
                        25.060701,
                        61.039356,
                        160.9
                    ],
                    [
                        25.06613,
                        61.039163,
                        170
                    ],
                    [
                        25.067557,
                        61.039071,
                        167
                    ],
                    [
                        25.068829,
                        61.038967,
                        165.8
                    ],
                    [
                        25.070312,
                        61.038825,
                        163.3
                    ],
                    [
                        25.072217,
                        61.038606,
                        161.1
                    ],
                    [
                        25.074342,
                        61.038282,
                        161.1
                    ],
                    [
                        25.077096,
                        61.037792,
                        156
                    ],
                    [
                        25.079354,
                        61.037316,
                        160.6
                    ],
                    [
                        25.081048,
                        61.036907,
                        164.2
                    ],
                    [
                        25.082361,
                        61.036556,
                        166.4
                    ],
                    [
                        25.083837,
                        61.036127,
                        168
                    ],
                    [
                        25.08739,
                        61.034945,
                        176
                    ],
                    [
                        25.090817,
                        61.033564,
                        177
                    ],
                    [
                        25.093922,
                        61.032155,
                        166
                    ],
                    [
                        25.095509,
                        61.031422,
                        166
                    ],
                    [
                        25.099924,
                        61.02926,
                        170
                    ],
                    [
                        25.102489,
                        61.028109,
                        183
                    ],
                    [
                        25.104896,
                        61.027158,
                        180
                    ],
                    [
                        25.106532,
                        61.026566,
                        176
                    ],
                    [
                        25.107317,
                        61.026303,
                        174
                    ],
                    [
                        25.109165,
                        61.025722,
                        170
                    ],
                    [
                        25.110763,
                        61.025271,
                        166
                    ],
                    [
                        25.111097,
                        61.025186,
                        166
                    ],
                    [
                        25.112314,
                        61.024879,
                        166
                    ],
                    [
                        25.114186,
                        61.024419,
                        159.3
                    ],
                    [
                        25.115346,
                        61.024184,
                        155.1
                    ],
                    [
                        25.11679,
                        61.023934,
                        153.1
                    ],
                    [
                        25.118527,
                        61.023688,
                        153.6
                    ],
                    [
                        25.123066,
                        61.023104,
                        136
                    ],
                    [
                        25.12791,
                        61.022322,
                        136
                    ],
                    [
                        25.129122,
                        61.022151,
                        136
                    ],
                    [
                        25.132345,
                        61.02178,
                        138
                    ],
                    [
                        25.136544,
                        61.021261,
                        140.5
                    ],
                    [
                        25.138505,
                        61.020961,
                        139
                    ],
                    [
                        25.140505,
                        61.020678,
                        139
                    ],
                    [
                        25.144453,
                        61.019984,
                        147
                    ],
                    [
                        25.148671,
                        61.019146,
                        132
                    ],
                    [
                        25.153257,
                        61.018122,
                        128
                    ],
                    [
                        25.155839,
                        61.017477,
                        126.1
                    ],
                    [
                        25.157,
                        61.017162,
                        126
                    ],
                    [
                        25.161698,
                        61.015841,
                        115
                    ],
                    [
                        25.162063,
                        61.015732,
                        115
                    ],
                    [
                        25.166769,
                        61.014195,
                        117
                    ],
                    [
                        25.169688,
                        61.013124,
                        120
                    ],
                    [
                        25.171433,
                        61.012386,
                        123
                    ],
                    [
                        25.173966,
                        61.011269,
                        122.7
                    ],
                    [
                        25.174574,
                        61.010952,
                        123
                    ],
                    [
                        25.176627,
                        61.009883,
                        118
                    ],
                    [
                        25.179047,
                        61.008675,
                        113.7
                    ],
                    [
                        25.18037,
                        61.008101,
                        113.9
                    ],
                    [
                        25.18071,
                        61.007974,
                        114
                    ],
                    [
                        25.181866,
                        61.007543,
                        115.3
                    ],
                    [
                        25.183829,
                        61.006935,
                        118.1
                    ],
                    [
                        25.185264,
                        61.006564,
                        119
                    ],
                    [
                        25.186267,
                        61.006339,
                        121
                    ],
                    [
                        25.187647,
                        61.00604,
                        122.4
                    ],
                    [
                        25.189077,
                        61.005799,
                        123
                    ],
                    [
                        25.191691,
                        61.005438,
                        123.1
                    ],
                    [
                        25.193335,
                        61.005299,
                        123
                    ],
                    [
                        25.194982,
                        61.005202,
                        123
                    ],
                    [
                        25.197321,
                        61.005147,
                        125
                    ],
                    [
                        25.198074,
                        61.005143,
                        125
                    ],
                    [
                        25.207094,
                        61.005246,
                        154
                    ],
                    [
                        25.212507,
                        61.005446,
                        140
                    ],
                    [
                        25.216211,
                        61.005716,
                        136
                    ],
                    [
                        25.227144,
                        61.006578,
                        152
                    ],
                    [
                        25.229045,
                        61.006719,
                        156.6
                    ],
                    [
                        25.230222,
                        61.00679,
                        157.3
                    ],
                    [
                        25.230917,
                        61.006822,
                        157.2
                    ],
                    [
                        25.232527,
                        61.00685,
                        157
                    ],
                    [
                        25.233613,
                        61.006856,
                        157
                    ],
                    [
                        25.237809,
                        61.006766,
                        138
                    ],
                    [
                        25.247335,
                        61.006557,
                        137
                    ],
                    [
                        25.250856,
                        61.006453,
                        137
                    ],
                    [
                        25.251212,
                        61.006441,
                        137
                    ],
                    [
                        25.258111,
                        61.006288,
                        140.5
                    ],
                    [
                        25.260848,
                        61.006184,
                        138
                    ],
                    [
                        25.263238,
                        61.006065,
                        138.3
                    ],
                    [
                        25.265671,
                        61.005913,
                        140
                    ],
                    [
                        25.272499,
                        61.005384,
                        148
                    ],
                    [
                        25.28488,
                        61.004434,
                        156
                    ],
                    [
                        25.29402,
                        61.003723,
                        156
                    ],
                    [
                        25.301144,
                        61.00312,
                        162
                    ],
                    [
                        25.301979,
                        61.003034,
                        165
                    ],
                    [
                        25.30841,
                        61.00225,
                        152
                    ],
                    [
                        25.30887,
                        61.002195,
                        152
                    ],
                    [
                        25.309472,
                        61.002116,
                        152
                    ],
                    [
                        25.310074,
                        61.002036,
                        152
                    ],
                    [
                        25.311453,
                        61.001885,
                        150.8
                    ],
                    [
                        25.312264,
                        61.001814,
                        150.2
                    ],
                    [
                        25.31297,
                        61.001776,
                        146
                    ],
                    [
                        25.314997,
                        61.001761,
                        142
                    ],
                    [
                        25.315183,
                        61.00176,
                        142
                    ],
                    [
                        25.317269,
                        61.001802,
                        141.3
                    ],
                    [
                        25.318431,
                        61.001811,
                        141
                    ],
                    [
                        25.319895,
                        61.001774,
                        142.1
                    ],
                    [
                        25.322542,
                        61.00161,
                        143
                    ],
                    [
                        25.325612,
                        61.001411,
                        147
                    ],
                    [
                        25.328613,
                        61.00122,
                        148
                    ],
                    [
                        25.330958,
                        61.001055,
                        154.5
                    ],
                    [
                        25.331983,
                        61.000952,
                        155.3
                    ],
                    [
                        25.33308,
                        61.000817,
                        155.2
                    ],
                    [
                        25.334258,
                        61.000653,
                        153.1
                    ],
                    [
                        25.335798,
                        61.000405,
                        150.3
                    ],
                    [
                        25.337196,
                        61.000161,
                        149.8
                    ],
                    [
                        25.338225,
                        60.999962,
                        150
                    ],
                    [
                        25.347703,
                        60.998015,
                        166
                    ],
                    [
                        25.347881,
                        60.997979,
                        163
                    ],
                    [
                        25.358142,
                        60.995856,
                        173
                    ],
                    [
                        25.369124,
                        60.993539,
                        155
                    ],
                    [
                        25.373386,
                        60.992639,
                        155
                    ],
                    [
                        25.385077,
                        60.990186,
                        155
                    ],
                    [
                        25.388399,
                        60.989474,
                        150
                    ],
                    [
                        25.393107,
                        60.988482,
                        152
                    ],
                    [
                        25.400427,
                        60.986943,
                        140
                    ],
                    [
                        25.406465,
                        60.985673,
                        143
                    ],
                    [
                        25.409697,
                        60.984993,
                        130
                    ],
                    [
                        25.411717,
                        60.984576,
                        131
                    ],
                    [
                        25.413673,
                        60.984199,
                        131.8
                    ],
                    [
                        25.415401,
                        60.983899,
                        132
                    ],
                    [
                        25.416019,
                        60.983799,
                        131.8
                    ],
                    [
                        25.417804,
                        60.983554,
                        131.6
                    ],
                    [
                        25.419433,
                        60.983373,
                        129.5
                    ],
                    [
                        25.420732,
                        60.983251,
                        127.3
                    ],
                    [
                        25.42168,
                        60.983181,
                        125.4
                    ],
                    [
                        25.423646,
                        60.983071,
                        122.8
                    ],
                    [
                        25.42513,
                        60.983017,
                        120
                    ],
                    [
                        25.426646,
                        60.982979,
                        118.8
                    ],
                    [
                        25.429197,
                        60.982963,
                        117
                    ],
                    [
                        25.430706,
                        60.982983,
                        117
                    ],
                    [
                        25.432184,
                        60.983019,
                        114.9
                    ],
                    [
                        25.43467,
                        60.983121,
                        116.4
                    ],
                    [
                        25.436156,
                        60.983214,
                        118.8
                    ],
                    [
                        25.44113,
                        60.983587,
                        118.9
                    ],
                    [
                        25.443082,
                        60.983707,
                        116.9
                    ],
                    [
                        25.444102,
                        60.983751,
                        115.4
                    ],
                    [
                        25.446214,
                        60.983788,
                        112.9
                    ],
                    [
                        25.448245,
                        60.983759,
                        111.8
                    ],
                    [
                        25.449224,
                        60.983727,
                        111.8
                    ],
                    [
                        25.451209,
                        60.983608,
                        112
                    ],
                    [
                        25.452051,
                        60.983542,
                        112
                    ],
                    [
                        25.453773,
                        60.983371,
                        111
                    ],
                    [
                        25.454902,
                        60.983238,
                        109.4
                    ],
                    [
                        25.456162,
                        60.983065,
                        108.1
                    ],
                    [
                        25.459633,
                        60.982536,
                        107.9
                    ],
                    [
                        25.461197,
                        60.982315,
                        109
                    ],
                    [
                        25.462687,
                        60.982111,
                        110
                    ],
                    [
                        25.464154,
                        60.981932,
                        110.7
                    ],
                    [
                        25.46525,
                        60.981818,
                        111.1
                    ],
                    [
                        25.4677,
                        60.9816,
                        112.2
                    ],
                    [
                        25.468961,
                        60.981509,
                        112.8
                    ],
                    [
                        25.471424,
                        60.981366,
                        113.7
                    ],
                    [
                        25.473809,
                        60.981271,
                        115
                    ],
                    [
                        25.476079,
                        60.981179,
                        116
                    ],
                    [
                        25.477425,
                        60.981108,
                        114
                    ],
                    [
                        25.479407,
                        60.980943,
                        114.7
                    ],
                    [
                        25.481614,
                        60.980668,
                        115
                    ],
                    [
                        25.482753,
                        60.980525,
                        114.5
                    ],
                    [
                        25.48502,
                        60.9802,
                        114.2
                    ],
                    [
                        25.488184,
                        60.979688,
                        114
                    ],
                    [
                        25.489124,
                        60.979518,
                        113.5
                    ],
                    [
                        25.490518,
                        60.979231,
                        112.8
                    ],
                    [
                        25.492914,
                        60.978666,
                        111.4
                    ],
                    [
                        25.494684,
                        60.978227,
                        111.1
                    ],
                    [
                        25.496154,
                        60.977794,
                        111
                    ],
                    [
                        25.499465,
                        60.976724,
                        108.5
                    ],
                    [
                        25.501376,
                        60.976017,
                        108
                    ],
                    [
                        25.502722,
                        60.975468,
                        108.2
                    ],
                    [
                        25.50379,
                        60.974999,
                        109.3
                    ],
                    [
                        25.50556,
                        60.974164,
                        109.8
                    ],
                    [
                        25.507665,
                        60.973049,
                        109
                    ],
                    [
                        25.508101,
                        60.972795,
                        109
                    ],
                    [
                        25.509669,
                        60.971813,
                        110.3
                    ],
                    [
                        25.510554,
                        60.97121,
                        109.4
                    ],
                    [
                        25.511611,
                        60.970434,
                        107.1
                    ],
                    [
                        25.514309,
                        60.968278,
                        102.5
                    ],
                    [
                        25.515216,
                        60.967622,
                        102.2
                    ],
                    [
                        25.516026,
                        60.967083,
                        99.5
                    ],
                    [
                        25.517126,
                        60.966414,
                        97.9
                    ],
                    [
                        25.517797,
                        60.966049,
                        98.1
                    ],
                    [
                        25.518967,
                        60.965445,
                        98.4
                    ],
                    [
                        25.5201,
                        60.964895,
                        99
                    ],
                    [
                        25.521113,
                        60.964445,
                        95.6
                    ],
                    [
                        25.522343,
                        60.963934,
                        92
                    ],
                    [
                        25.523134,
                        60.963631,
                        92.2
                    ],
                    [
                        25.524429,
                        60.963166,
                        92.5
                    ],
                    [
                        25.525679,
                        60.962756,
                        92.4
                    ],
                    [
                        25.52685,
                        60.962394,
                        91.4
                    ],
                    [
                        25.528611,
                        60.96192,
                        89.9
                    ],
                    [
                        25.53029,
                        60.961525,
                        89.4
                    ],
                    [
                        25.532255,
                        60.961132,
                        89.1
                    ],
                    [
                        25.534967,
                        60.96068,
                        89
                    ],
                    [
                        25.536705,
                        60.960442,
                        89.5
                    ],
                    [
                        25.538474,
                        60.960238,
                        91
                    ],
                    [
                        25.548009,
                        60.95916,
                        84.9
                    ],
                    [
                        25.549531,
                        60.958954,
                        84.6
                    ],
                    [
                        25.551473,
                        60.958655,
                        84
                    ],
                    [
                        25.553364,
                        60.958321,
                        84.5
                    ],
                    [
                        25.555222,
                        60.957935,
                        85
                    ],
                    [
                        25.557165,
                        60.957479,
                        80.7
                    ],
                    [
                        25.558261,
                        60.957196,
                        79.2
                    ],
                    [
                        25.55998,
                        60.956742,
                        78
                    ],
                    [
                        25.562184,
                        60.956132,
                        76
                    ],
                    [
                        25.566641,
                        60.954878,
                        75
                    ],
                    [
                        25.568365,
                        60.954389,
                        76
                    ],
                    [
                        25.569623,
                        60.954076,
                        77.8
                    ],
                    [
                        25.570814,
                        60.953813,
                        78.8
                    ],
                    [
                        25.571973,
                        60.953586,
                        78.7
                    ],
                    [
                        25.573089,
                        60.953393,
                        78.1
                    ],
                    [
                        25.575159,
                        60.953101,
                        77
                    ],
                    [
                        25.577007,
                        60.952904,
                        75.7
                    ],
                    [
                        25.578728,
                        60.952769,
                        75
                    ],
                    [
                        25.579707,
                        60.952704,
                        74.2
                    ],
                    [
                        25.581637,
                        60.952648,
                        74.1
                    ],
                    [
                        25.582945,
                        60.952646,
                        74.1
                    ],
                    [
                        25.584742,
                        60.952686,
                        74
                    ],
                    [
                        25.585833,
                        60.952742,
                        75
                    ],
                    [
                        25.586944,
                        60.952832,
                        75
                    ],
                    [
                        25.587998,
                        60.95294,
                        75
                    ],
                    [
                        25.589264,
                        60.953102,
                        74.8
                    ],
                    [
                        25.590471,
                        60.953296,
                        74.7
                    ],
                    [
                        25.591859,
                        60.953565,
                        73
                    ],
                    [
                        25.59363,
                        60.95401,
                        72.1
                    ],
                    [
                        25.594754,
                        60.954324,
                        72
                    ],
                    [
                        25.595487,
                        60.954533,
                        72
                    ],
                    [
                        25.597055,
                        60.954929,
                        71.3
                    ],
                    [
                        25.598465,
                        60.955222,
                        71
                    ],
                    [
                        25.59933,
                        60.955378,
                        71
                    ],
                    [
                        25.600373,
                        60.955527,
                        71
                    ],
                    [
                        25.601416,
                        60.955648,
                        71
                    ],
                    [
                        25.602251,
                        60.955726,
                        71.2
                    ],
                    [
                        25.603257,
                        60.955796,
                        71.4
                    ],
                    [
                        25.605165,
                        60.95588,
                        72.3
                    ],
                    [
                        25.606194,
                        60.9559,
                        72.6
                    ],
                    [
                        25.607342,
                        60.955904,
                        72.8
                    ],
                    [
                        25.608562,
                        60.955882,
                        72.9
                    ],
                    [
                        25.609708,
                        60.955839,
                        73
                    ],
                    [
                        25.61098,
                        60.955767,
                        73
                    ],
                    [
                        25.612632,
                        60.955631,
                        73
                    ],
                    [
                        25.613473,
                        60.955541,
                        73
                    ],
                    [
                        25.616539,
                        60.955165,
                        72.8
                    ],
                    [
                        25.618909,
                        60.954908,
                        72.1
                    ],
                    [
                        25.622078,
                        60.95465,
                        70.8
                    ],
                    [
                        25.624294,
                        60.954528,
                        69
                    ],
                    [
                        25.62511,
                        60.954495,
                        68
                    ],
                    [
                        25.626665,
                        60.954448,
                        68
                    ],
                    [
                        25.627846,
                        60.954431,
                        68
                    ],
                    [
                        25.629683,
                        60.954426,
                        68.2
                    ],
                    [
                        25.632669,
                        60.954494,
                        69
                    ],
                    [
                        25.634344,
                        60.954562,
                        69.4
                    ],
                    [
                        25.636547,
                        60.954708,
                        70
                    ],
                    [
                        25.639361,
                        60.954949,
                        70.8
                    ],
                    [
                        25.640147,
                        60.955036,
                        71
                    ],
                    [
                        25.641816,
                        60.955234,
                        71
                    ],
                    [
                        25.64336,
                        60.955437,
                        71
                    ],
                    [
                        25.645259,
                        60.955721,
                        71.5
                    ],
                    [
                        25.646072,
                        60.955859,
                        71.6
                    ],
                    [
                        25.649745,
                        60.95655,
                        72.1
                    ],
                    [
                        25.65118,
                        60.956799,
                        73
                    ],
                    [
                        25.652215,
                        60.956944,
                        73.8
                    ],
                    [
                        25.652847,
                        60.957005,
                        74
                    ],
                    [
                        25.654184,
                        60.957088,
                        77
                    ],
                    [
                        25.65558,
                        60.957101,
                        78.8
                    ],
                    [
                        25.657055,
                        60.957041,
                        79.3
                    ],
                    [
                        25.65759,
                        60.956997,
                        80
                    ],
                    [
                        25.65872,
                        60.956869,
                        82.9
                    ],
                    [
                        25.659341,
                        60.95678,
                        83.7
                    ],
                    [
                        25.663466,
                        60.956091,
                        85.2
                    ],
                    [
                        25.664241,
                        60.955982,
                        85.5
                    ],
                    [
                        25.665186,
                        60.955879,
                        85.6
                    ],
                    [
                        25.666541,
                        60.955788,
                        87
                    ],
                    [
                        25.667032,
                        60.955762,
                        87
                    ],
                    [
                        25.667914,
                        60.955751,
                        86.9
                    ],
                    [
                        25.668875,
                        60.955748,
                        86.9
                    ],
                    [
                        25.669765,
                        60.955775,
                        86.8
                    ],
                    [
                        25.671583,
                        60.955882,
                        86.7
                    ],
                    [
                        25.676304,
                        60.956413,
                        86.4
                    ],
                    [
                        25.677586,
                        60.956514,
                        86.3
                    ],
                    [
                        25.679056,
                        60.956598,
                        86.3
                    ],
                    [
                        25.680596,
                        60.956655,
                        86.2
                    ],
                    [
                        25.681974,
                        60.956673,
                        86.1
                    ],
                    [
                        25.683616,
                        60.956674,
                        86
                    ],
                    [
                        25.685181,
                        60.956637,
                        86
                    ],
                    [
                        25.687048,
                        60.956552,
                        84.8
                    ],
                    [
                        25.688522,
                        60.956437,
                        84
                    ],
                    [
                        25.691742,
                        60.956087,
                        84.8
                    ],
                    [
                        25.692441,
                        60.956029,
                        84.6
                    ],
                    [
                        25.692986,
                        60.956009,
                        84.4
                    ],
                    [
                        25.693583,
                        60.956007,
                        84.1
                    ],
                    [
                        25.694176,
                        60.95603,
                        84
                    ],
                    [
                        25.69476,
                        60.956081,
                        83.9
                    ],
                    [
                        25.695255,
                        60.956146,
                        83.7
                    ],
                    [
                        25.695848,
                        60.956251,
                        83
                    ],
                    [
                        25.696539,
                        60.956387,
                        83.3
                    ],
                    [
                        25.69708,
                        60.956539,
                        83.4
                    ],
                    [
                        25.697606,
                        60.956714,
                        83.6
                    ],
                    [
                        25.698089,
                        60.956918,
                        83.8
                    ],
                    [
                        25.698536,
                        60.957168,
                        84
                    ],
                    [
                        25.6988,
                        60.957347,
                        84
                    ],
                    [
                        25.699302,
                        60.95775,
                        84
                    ],
                    [
                        25.699501,
                        60.95794,
                        84
                    ],
                    [
                        25.700489,
                        60.959065,
                        83.2
                    ],
                    [
                        25.701825,
                        60.960356,
                        81
                    ],
                    [
                        25.702459,
                        60.96082,
                        82
                    ],
                    [
                        25.703247,
                        60.961392,
                        82.7
                    ],
                    [
                        25.704609,
                        60.962328,
                        84
                    ],
                    [
                        25.706141,
                        60.963326,
                        88.5
                    ],
                    [
                        25.70844,
                        60.964711,
                        95.8
                    ],
                    [
                        25.709948,
                        60.965565,
                        97.9
                    ],
                    [
                        25.711035,
                        60.966157,
                        103
                    ],
                    [
                        25.713712,
                        60.967543,
                        113
                    ],
                    [
                        25.71478,
                        60.968054,
                        115
                    ],
                    [
                        25.716743,
                        60.968971,
                        113
                    ],
                    [
                        25.717309,
                        60.969211,
                        113
                    ],
                    [
                        25.717318,
                        60.969215,
                        113
                    ],
                    [
                        25.718134,
                        60.969433,
                        113
                    ],
                    [
                        25.719186,
                        60.969707,
                        115
                    ],
                    [
                        25.719654,
                        60.969801,
                        115
                    ],
                    [
                        25.720282,
                        60.969846,
                        115
                    ],
                    [
                        25.7205,
                        60.969846,
                        115
                    ],
                    [
                        25.720933,
                        60.969817,
                        117.7
                    ],
                    [
                        25.721298,
                        60.969766,
                        117.7
                    ],
                    [
                        25.72161,
                        60.969696,
                        117.7
                    ],
                    [
                        25.721869,
                        60.969596,
                        117.7
                    ],
                    [
                        25.722095,
                        60.969485,
                        117.7
                    ],
                    [
                        25.722254,
                        60.969357,
                        117.7
                    ],
                    [
                        25.722384,
                        60.969208,
                        117.7
                    ],
                    [
                        25.722431,
                        60.969042,
                        117.7
                    ],
                    [
                        25.722412,
                        60.968871,
                        117.7
                    ],
                    [
                        25.722349,
                        60.968734,
                        117.8
                    ],
                    [
                        25.722234,
                        60.968581,
                        117.8
                    ],
                    [
                        25.721966,
                        60.968404,
                        117.7
                    ],
                    [
                        25.721683,
                        60.968247,
                        117.6
                    ],
                    [
                        25.719979,
                        60.967425,
                        117
                    ],
                    [
                        25.719503,
                        60.967662,
                        117
                    ],
                    [
                        25.719089,
                        60.967899,
                        117
                    ],
                    [
                        25.718469,
                        60.968335,
                        116
                    ],
                    [
                        25.717492,
                        60.968893,
                        113.7
                    ],
                    [
                        25.717267,
                        60.96901,
                        113.9
                    ],
                    [
                        25.716719,
                        60.969249,
                        113
                    ],
                    [
                        25.715946,
                        60.969659,
                        110
                    ],
                    [
                        25.715267,
                        60.969958,
                        110
                    ],
                    [
                        25.714861,
                        60.970113,
                        110
                    ],
                    [
                        25.713372,
                        60.970651,
                        111.3
                    ],
                    [
                        25.712821,
                        60.970926,
                        116
                    ],
                    [
                        25.712733,
                        60.970979,
                        116
                    ],
                    [
                        25.712562,
                        60.971091,
                        116
                    ],
                    [
                        25.71231,
                        60.9714,
                        113.6
                    ],
                    [
                        25.712173,
                        60.971524,
                        113
                    ],
                    [
                        25.71249,
                        60.971604,
                        116
                    ],
                    [
                        25.713566,
                        60.971879,
                        116.7
                    ],
                    [
                        25.714445,
                        60.972064,
                        119
                    ],
                    [
                        25.713786,
                        60.971995,
                        116.6
                    ],
                    [
                        25.713313,
                        60.971907,
                        116.7
                    ],
                    [
                        25.712529,
                        60.971718,
                        116.3
                    ],
                    [
                        25.712385,
                        60.971684,
                        116
                    ],
                    [
                        25.711979,
                        60.97159,
                        113
                    ],
                    [
                        25.711955,
                        60.971535,
                        113
                    ],
                    [
                        25.711976,
                        60.971483,
                        113
                    ],
                    [
                        25.712173,
                        60.971524,
                        113
                    ],
                    [
                        25.71249,
                        60.971604,
                        116
                    ],
                    [
                        25.713566,
                        60.971879,
                        116.7
                    ],
                    [
                        25.714445,
                        60.972064,
                        119
                    ],
                    [
                        25.71514,
                        60.972097,
                        120.1
                    ],
                    [
                        25.715509,
                        60.972094,
                        120.2
                    ],
                    [
                        25.716324,
                        60.972037,
                        120.7
                    ],
                    [
                        25.71728,
                        60.971911,
                        120.9
                    ],
                    [
                        25.718344,
                        60.971708,
                        122
                    ],
                    [
                        25.718992,
                        60.971559,
                        123
                    ],
                    [
                        25.719879,
                        60.971313,
                        123
                    ],
                    [
                        25.720467,
                        60.971131,
                        123
                    ],
                    [
                        25.721631,
                        60.970746,
                        124
                    ],
                    [
                        25.723948,
                        60.969966,
                        119
                    ],
                    [
                        25.726116,
                        60.969292,
                        120
                    ],
                    [
                        25.726868,
                        60.969074,
                        120
                    ],
                    [
                        25.729423,
                        60.968407,
                        123
                    ],
                    [
                        25.730138,
                        60.968246,
                        123
                    ],
                    [
                        25.734141,
                        60.967441,
                        123
                    ],
                    [
                        25.734162,
                        60.967438,
                        123
                    ],
                    [
                        25.735105,
                        60.967255,
                        123
                    ],
                    [
                        25.737153,
                        60.966854,
                        126
                    ],
                    [
                        25.738716,
                        60.966521,
                        127.8
                    ],
                    [
                        25.740536,
                        60.966096,
                        126.7
                    ],
                    [
                        25.741858,
                        60.965756,
                        125.1
                    ],
                    [
                        25.744208,
                        60.965074,
                        123.3
                    ],
                    [
                        25.746187,
                        60.964422,
                        123.7
                    ],
                    [
                        25.748106,
                        60.963724,
                        123.5
                    ],
                    [
                        25.750203,
                        60.962881,
                        122.5
                    ],
                    [
                        25.751768,
                        60.962217,
                        121.8
                    ],
                    [
                        25.754464,
                        60.96112,
                        122
                    ],
                    [
                        25.755415,
                        60.96078,
                        121
                    ],
                    [
                        25.756557,
                        60.960401,
                        120.6
                    ],
                    [
                        25.757482,
                        60.960121,
                        119.9
                    ],
                    [
                        25.758534,
                        60.959825,
                        120.1
                    ],
                    [
                        25.759715,
                        60.959521,
                        120.3
                    ],
                    [
                        25.761248,
                        60.959167,
                        120.8
                    ],
                    [
                        25.763022,
                        60.958814,
                        120.8
                    ],
                    [
                        25.767019,
                        60.958087,
                        116
                    ],
                    [
                        25.768534,
                        60.957795,
                        116
                    ],
                    [
                        25.770012,
                        60.957475,
                        116
                    ],
                    [
                        25.771847,
                        60.957026,
                        116
                    ],
                    [
                        25.773129,
                        60.956674,
                        114.5
                    ],
                    [
                        25.775138,
                        60.95608,
                        110
                    ],
                    [
                        25.775705,
                        60.955909,
                        110
                    ],
                    [
                        25.778084,
                        60.955199,
                        111.5
                    ],
                    [
                        25.780011,
                        60.954688,
                        112
                    ],
                    [
                        25.781908,
                        60.954265,
                        111.7
                    ],
                    [
                        25.784064,
                        60.953868,
                        109.3
                    ],
                    [
                        25.785013,
                        60.95372,
                        108.8
                    ],
                    [
                        25.786133,
                        60.953559,
                        108.4
                    ],
                    [
                        25.787256,
                        60.953423,
                        108.2
                    ],
                    [
                        25.789388,
                        60.953228,
                        107.6
                    ],
                    [
                        25.79044,
                        60.953153,
                        107.4
                    ],
                    [
                        25.791574,
                        60.953102,
                        107.3
                    ],
                    [
                        25.79482,
                        60.953015,
                        107
                    ],
                    [
                        25.797658,
                        60.952946,
                        107.3
                    ],
                    [
                        25.801326,
                        60.952823,
                        105.4
                    ],
                    [
                        25.806254,
                        60.952567,
                        104
                    ],
                    [
                        25.806868,
                        60.952527,
                        104
                    ],
                    [
                        25.809451,
                        60.952352,
                        104
                    ],
                    [
                        25.813052,
                        60.952067,
                        104
                    ],
                    [
                        25.813888,
                        60.951989,
                        104
                    ],
                    [
                        25.816045,
                        60.951779,
                        99
                    ],
                    [
                        25.818376,
                        60.951538,
                        101
                    ],
                    [
                        25.819905,
                        60.951362,
                        103
                    ],
                    [
                        25.822158,
                        60.951095,
                        103
                    ],
                    [
                        25.822946,
                        60.950997,
                        104
                    ],
                    [
                        25.823172,
                        60.950969,
                        104
                    ],
                    [
                        25.824164,
                        60.950842,
                        104
                    ],
                    [
                        25.825765,
                        60.95062,
                        106
                    ],
                    [
                        25.827847,
                        60.950324,
                        106.7
                    ],
                    [
                        25.834768,
                        60.94924,
                        99.9
                    ],
                    [
                        25.83719,
                        60.948915,
                        100
                    ],
                    [
                        25.837421,
                        60.948887,
                        101
                    ],
                    [
                        25.838411,
                        60.948773,
                        101
                    ],
                    [
                        25.840924,
                        60.948505,
                        102
                    ],
                    [
                        25.842669,
                        60.948343,
                        103
                    ],
                    [
                        25.846036,
                        60.948088,
                        105.4
                    ],
                    [
                        25.848864,
                        60.947938,
                        106.7
                    ],
                    [
                        25.850437,
                        60.947873,
                        106.6
                    ],
                    [
                        25.852744,
                        60.947801,
                        106
                    ],
                    [
                        25.853491,
                        60.947775,
                        99
                    ],
                    [
                        25.854581,
                        60.947742,
                        100
                    ],
                    [
                        25.854873,
                        60.947733,
                        100
                    ],
                    [
                        25.855435,
                        60.947716,
                        100
                    ],
                    [
                        25.856452,
                        60.947675,
                        100
                    ],
                    [
                        25.860151,
                        60.947446,
                        101
                    ],
                    [
                        25.86234,
                        60.947275,
                        101.3
                    ],
                    [
                        25.868248,
                        60.946665,
                        101
                    ],
                    [
                        25.870469,
                        60.946461,
                        101
                    ],
                    [
                        25.873544,
                        60.946248,
                        101
                    ],
                    [
                        25.8776,
                        60.946064,
                        102
                    ],
                    [
                        25.880339,
                        60.945921,
                        102.4
                    ],
                    [
                        25.881851,
                        60.945817,
                        99.4
                    ],
                    [
                        25.883421,
                        60.945684,
                        96.1
                    ],
                    [
                        25.885475,
                        60.945457,
                        95.5
                    ],
                    [
                        25.886729,
                        60.945287,
                        95.4
                    ],
                    [
                        25.888165,
                        60.94507,
                        95
                    ],
                    [
                        25.889209,
                        60.944896,
                        94.5
                    ],
                    [
                        25.891014,
                        60.944557,
                        94.5
                    ],
                    [
                        25.892605,
                        60.94422,
                        95
                    ],
                    [
                        25.894437,
                        60.943777,
                        96
                    ],
                    [
                        25.895414,
                        60.943516,
                        91.5
                    ],
                    [
                        25.897201,
                        60.942988,
                        90
                    ],
                    [
                        25.898226,
                        60.942661,
                        90.5
                    ],
                    [
                        25.899221,
                        60.942315,
                        91
                    ],
                    [
                        25.901247,
                        60.941572,
                        91
                    ],
                    [
                        25.903816,
                        60.940429,
                        92
                    ],
                    [
                        25.905011,
                        60.939833,
                        92
                    ],
                    [
                        25.906984,
                        60.938736,
                        91
                    ],
                    [
                        25.908685,
                        60.93779,
                        90
                    ],
                    [
                        25.91009,
                        60.937039,
                        88
                    ],
                    [
                        25.911201,
                        60.93648,
                        87
                    ],
                    [
                        25.912419,
                        60.935888,
                        86.3
                    ],
                    [
                        25.913734,
                        60.935296,
                        86.1
                    ],
                    [
                        25.915172,
                        60.934677,
                        86
                    ],
                    [
                        25.917031,
                        60.933951,
                        86.7
                    ],
                    [
                        25.919085,
                        60.933194,
                        87.6
                    ],
                    [
                        25.920442,
                        60.932732,
                        87.9
                    ],
                    [
                        25.922074,
                        60.932206,
                        88.3
                    ],
                    [
                        25.923776,
                        60.931702,
                        88.8
                    ],
                    [
                        25.925566,
                        60.931213,
                        89.3
                    ],
                    [
                        25.927975,
                        60.930614,
                        89.8
                    ],
                    [
                        25.929545,
                        60.930255,
                        89.9
                    ],
                    [
                        25.931746,
                        60.929794,
                        90.3
                    ],
                    [
                        25.933989,
                        60.929375,
                        91.1
                    ],
                    [
                        25.935929,
                        60.929053,
                        91.8
                    ],
                    [
                        25.938224,
                        60.92872,
                        91.8
                    ],
                    [
                        25.941046,
                        60.928372,
                        92
                    ],
                    [
                        25.949247,
                        60.927412,
                        94
                    ],
                    [
                        25.950027,
                        60.927323,
                        96
                    ],
                    [
                        25.961812,
                        60.925961,
                        100.5
                    ],
                    [
                        25.965362,
                        60.925521,
                        102.1
                    ],
                    [
                        25.96693,
                        60.925302,
                        102.8
                    ],
                    [
                        25.969317,
                        60.924942,
                        102.3
                    ],
                    [
                        25.975606,
                        60.923862,
                        99.4
                    ],
                    [
                        25.977566,
                        60.923544,
                        99.1
                    ],
                    [
                        25.980983,
                        60.923065,
                        99.3
                    ],
                    [
                        25.984083,
                        60.922709,
                        102.9
                    ],
                    [
                        25.987026,
                        60.922432,
                        103.3
                    ],
                    [
                        25.989195,
                        60.922263,
                        103
                    ],
                    [
                        25.991536,
                        60.922116,
                        105.8
                    ],
                    [
                        25.992579,
                        60.922068,
                        106.9
                    ],
                    [
                        25.995315,
                        60.921969,
                        109.1
                    ],
                    [
                        25.99802,
                        60.921911,
                        111
                    ],
                    [
                        26.000498,
                        60.921864,
                        108
                    ],
                    [
                        26.004077,
                        60.921791,
                        104.3
                    ],
                    [
                        26.005174,
                        60.921753,
                        103
                    ],
                    [
                        26.007393,
                        60.921674,
                        101
                    ],
                    [
                        26.008262,
                        60.921645,
                        100
                    ],
                    [
                        26.008957,
                        60.92165,
                        100
                    ],
                    [
                        26.009741,
                        60.921665,
                        98.8
                    ],
                    [
                        26.011191,
                        60.921736,
                        98.5
                    ],
                    [
                        26.011887,
                        60.921803,
                        98.4
                    ],
                    [
                        26.013224,
                        60.92199,
                        98.2
                    ],
                    [
                        26.014064,
                        60.922147,
                        98.1
                    ],
                    [
                        26.015335,
                        60.922444,
                        97.3
                    ],
                    [
                        26.017626,
                        60.923136,
                        96
                    ],
                    [
                        26.019077,
                        60.923486,
                        95.2
                    ],
                    [
                        26.019716,
                        60.923617,
                        95.2
                    ],
                    [
                        26.021242,
                        60.923878,
                        95.1
                    ],
                    [
                        26.022029,
                        60.923986,
                        95.1
                    ],
                    [
                        26.023672,
                        60.924148,
                        95
                    ],
                    [
                        26.025362,
                        60.924258,
                        95.3
                    ],
                    [
                        26.026909,
                        60.924307,
                        95.8
                    ],
                    [
                        26.028497,
                        60.924309,
                        97
                    ],
                    [
                        26.029084,
                        60.924304,
                        102
                    ],
                    [
                        26.030621,
                        60.92425,
                        103.5
                    ],
                    [
                        26.032715,
                        60.924112,
                        107.5
                    ],
                    [
                        26.034827,
                        60.923891,
                        108.8
                    ],
                    [
                        26.036303,
                        60.923703,
                        105.7
                    ],
                    [
                        26.038292,
                        60.923411,
                        101.3
                    ],
                    [
                        26.03916,
                        60.923307,
                        99.1
                    ],
                    [
                        26.04086,
                        60.923142,
                        96.8
                    ],
                    [
                        26.041768,
                        60.923078,
                        95.4
                    ],
                    [
                        26.042646,
                        60.923032,
                        94.2
                    ],
                    [
                        26.04399,
                        60.922999,
                        92.8
                    ],
                    [
                        26.04534,
                        60.923016,
                        92.1
                    ],
                    [
                        26.046816,
                        60.923073,
                        90
                    ],
                    [
                        26.048708,
                        60.923244,
                        88.6
                    ],
                    [
                        26.050031,
                        60.923419,
                        87.8
                    ],
                    [
                        26.050873,
                        60.923558,
                        87.3
                    ],
                    [
                        26.052706,
                        60.923949,
                        85.7
                    ],
                    [
                        26.053972,
                        60.924289,
                        86.1
                    ],
                    [
                        26.05506,
                        60.924639,
                        87.5
                    ],
                    [
                        26.055715,
                        60.924872,
                        89
                    ],
                    [
                        26.05683,
                        60.925331,
                        89.9
                    ],
                    [
                        26.05819,
                        60.925985,
                        92.1
                    ],
                    [
                        26.059531,
                        60.926683,
                        94.7
                    ],
                    [
                        26.060033,
                        60.926925,
                        96
                    ],
                    [
                        26.0602,
                        60.927006,
                        115
                    ],
                    [
                        26.060906,
                        60.927324,
                        113.2
                    ],
                    [
                        26.062047,
                        60.927769,
                        111.7
                    ],
                    [
                        26.063255,
                        60.928157,
                        109.1
                    ],
                    [
                        26.064046,
                        60.928375,
                        108.5
                    ],
                    [
                        26.064663,
                        60.928524,
                        103
                    ],
                    [
                        26.064925,
                        60.928586,
                        103
                    ],
                    [
                        26.065857,
                        60.928768,
                        104.9
                    ],
                    [
                        26.067185,
                        60.928987,
                        109.1
                    ],
                    [
                        26.067829,
                        60.929068,
                        112.4
                    ],
                    [
                        26.068529,
                        60.929136,
                        114.6
                    ],
                    [
                        26.069931,
                        60.929243,
                        115.9
                    ],
                    [
                        26.070699,
                        60.929277,
                        116.5
                    ],
                    [
                        26.07192,
                        60.929288,
                        116.6
                    ],
                    [
                        26.072756,
                        60.929276,
                        118
                    ],
                    [
                        26.073551,
                        60.929241,
                        119
                    ],
                    [
                        26.075378,
                        60.929119,
                        120
                    ],
                    [
                        26.077588,
                        60.928946,
                        107
                    ],
                    [
                        26.082509,
                        60.928554,
                        107
                    ],
                    [
                        26.084694,
                        60.92837,
                        105.6
                    ],
                    [
                        26.085409,
                        60.928277,
                        105.6
                    ],
                    [
                        26.086204,
                        60.928147,
                        105.9
                    ],
                    [
                        26.086982,
                        60.927994,
                        106.2
                    ],
                    [
                        26.087666,
                        60.92783,
                        106.4
                    ],
                    [
                        26.088812,
                        60.927522,
                        107
                    ],
                    [
                        26.090274,
                        60.927091,
                        111
                    ],
                    [
                        26.09117,
                        60.926825,
                        85
                    ],
                    [
                        26.091813,
                        60.926638,
                        90
                    ],
                    [
                        26.093167,
                        60.926243,
                        90
                    ],
                    [
                        26.098393,
                        60.924721,
                        86
                    ],
                    [
                        26.099303,
                        60.924474,
                        86.7
                    ],
                    [
                        26.100529,
                        60.924199,
                        87
                    ],
                    [
                        26.101041,
                        60.924107,
                        87
                    ],
                    [
                        26.10156,
                        60.924032,
                        87
                    ],
                    [
                        26.102315,
                        60.923954,
                        90
                    ],
                    [
                        26.102365,
                        60.92395,
                        90
                    ],
                    [
                        26.103358,
                        60.923878,
                        90
                    ],
                    [
                        26.104806,
                        60.92378,
                        93
                    ],
                    [
                        26.105227,
                        60.923752,
                        93
                    ],
                    [
                        26.106122,
                        60.923694,
                        97
                    ],
                    [
                        26.108437,
                        60.923554,
                        100.3
                    ],
                    [
                        26.109186,
                        60.923535,
                        100.6
                    ],
                    [
                        26.110232,
                        60.92354,
                        101
                    ],
                    [
                        26.111414,
                        60.923566,
                        103
                    ],
                    [
                        26.112189,
                        60.923598,
                        103
                    ],
                    [
                        26.112904,
                        60.923635,
                        103
                    ],
                    [
                        26.113827,
                        60.923703,
                        104
                    ],
                    [
                        26.116082,
                        60.923888,
                        102.7
                    ],
                    [
                        26.116853,
                        60.923939,
                        101
                    ],
                    [
                        26.117095,
                        60.923955,
                        101
                    ],
                    [
                        26.118114,
                        60.92401,
                        101
                    ],
                    [
                        26.119099,
                        60.924045,
                        101
                    ],
                    [
                        26.120215,
                        60.924064,
                        101
                    ],
                    [
                        26.122026,
                        60.924064,
                        101.9
                    ],
                    [
                        26.124437,
                        60.923996,
                        103
                    ],
                    [
                        26.131253,
                        60.923635,
                        119.8
                    ],
                    [
                        26.137593,
                        60.923134,
                        116
                    ],
                    [
                        26.139963,
                        60.922929,
                        111.9
                    ],
                    [
                        26.14146,
                        60.922744,
                        109.7
                    ],
                    [
                        26.14675,
                        60.92189,
                        109
                    ],
                    [
                        26.149078,
                        60.921514,
                        110
                    ],
                    [
                        26.150813,
                        60.921196,
                        110.2
                    ],
                    [
                        26.151515,
                        60.92105,
                        109.4
                    ],
                    [
                        26.156049,
                        60.92003,
                        107
                    ],
                    [
                        26.156826,
                        60.919839,
                        109.3
                    ],
                    [
                        26.157807,
                        60.919567,
                        110
                    ],
                    [
                        26.159042,
                        60.919152,
                        110.4
                    ],
                    [
                        26.160018,
                        60.918782,
                        111
                    ],
                    [
                        26.16017,
                        60.918716,
                        111
                    ],
                    [
                        26.160825,
                        60.918424,
                        107.2
                    ],
                    [
                        26.16114,
                        60.918262,
                        107.4
                    ],
                    [
                        26.163626,
                        60.916909,
                        107
                    ],
                    [
                        26.163825,
                        60.916805,
                        107
                    ],
                    [
                        26.165071,
                        60.916145,
                        99
                    ],
                    [
                        26.165705,
                        60.915832,
                        99.4
                    ],
                    [
                        26.166681,
                        60.915401,
                        100
                    ],
                    [
                        26.168007,
                        60.914909,
                        100.7
                    ],
                    [
                        26.168631,
                        60.914703,
                        99.6
                    ],
                    [
                        26.169411,
                        60.914472,
                        99.2
                    ],
                    [
                        26.170459,
                        60.914188,
                        98.2
                    ],
                    [
                        26.17104,
                        60.914063,
                        98
                    ],
                    [
                        26.171357,
                        60.913994,
                        98
                    ],
                    [
                        26.172225,
                        60.913832,
                        98.5
                    ],
                    [
                        26.173346,
                        60.913662,
                        98.7
                    ],
                    [
                        26.173991,
                        60.913573,
                        98.7
                    ],
                    [
                        26.175267,
                        60.913448,
                        98.7
                    ],
                    [
                        26.176694,
                        60.913359,
                        98.4
                    ],
                    [
                        26.179242,
                        60.913291,
                        98
                    ],
                    [
                        26.184247,
                        60.913256,
                        96
                    ],
                    [
                        26.187246,
                        60.913236,
                        95
                    ],
                    [
                        26.187353,
                        60.913235,
                        95
                    ],
                    [
                        26.187453,
                        60.913234,
                        94
                    ],
                    [
                        26.190927,
                        60.913221,
                        95
                    ],
                    [
                        26.193983,
                        60.913183,
                        95.8
                    ],
                    [
                        26.196777,
                        60.913124,
                        96
                    ],
                    [
                        26.205193,
                        60.91289,
                        98
                    ],
                    [
                        26.206822,
                        60.912868,
                        101
                    ],
                    [
                        26.208275,
                        60.912869,
                        105
                    ],
                    [
                        26.211152,
                        60.912905,
                        108
                    ],
                    [
                        26.213021,
                        60.912971,
                        110
                    ],
                    [
                        26.213891,
                        60.913048,
                        110.6
                    ],
                    [
                        26.214386,
                        60.913119,
                        110.6
                    ],
                    [
                        26.215126,
                        60.913261,
                        110.7
                    ],
                    [
                        26.215571,
                        60.913363,
                        111
                    ],
                    [
                        26.21619,
                        60.913516,
                        111
                    ],
                    [
                        26.216717,
                        60.913669,
                        111.8
                    ],
                    [
                        26.218469,
                        60.914225,
                        112
                    ],
                    [
                        26.218994,
                        60.914363,
                        111.3
                    ],
                    [
                        26.219642,
                        60.91451,
                        110.8
                    ],
                    [
                        26.220407,
                        60.914651,
                        110
                    ],
                    [
                        26.221219,
                        60.914768,
                        113.2
                    ],
                    [
                        26.22193,
                        60.914846,
                        112.9
                    ],
                    [
                        26.222606,
                        60.914899,
                        114
                    ],
                    [
                        26.224283,
                        60.914918,
                        118.4
                    ],
                    [
                        26.22528,
                        60.914885,
                        118.8
                    ],
                    [
                        26.225794,
                        60.914855,
                        119.2
                    ],
                    [
                        26.231661,
                        60.914399,
                        106.6
                    ],
                    [
                        26.232914,
                        60.914315,
                        105.4
                    ],
                    [
                        26.234357,
                        60.914239,
                        102
                    ],
                    [
                        26.23479,
                        60.914221,
                        102
                    ],
                    [
                        26.236581,
                        60.914182,
                        100
                    ],
                    [
                        26.2383,
                        60.914182,
                        101.6
                    ],
                    [
                        26.240198,
                        60.914214,
                        102.4
                    ],
                    [
                        26.251905,
                        60.914652,
                        99
                    ],
                    [
                        26.252522,
                        60.914667,
                        99.9
                    ],
                    [
                        26.253506,
                        60.91466,
                        99.8
                    ],
                    [
                        26.254702,
                        60.914593,
                        98.5
                    ],
                    [
                        26.255267,
                        60.914538,
                        97.9
                    ],
                    [
                        26.255827,
                        60.914475,
                        97.1
                    ],
                    [
                        26.257052,
                        60.914291,
                        93.5
                    ],
                    [
                        26.258046,
                        60.914099,
                        89.3
                    ],
                    [
                        26.25858,
                        60.91397,
                        87.9
                    ],
                    [
                        26.259573,
                        60.913696,
                        86.8
                    ],
                    [
                        26.260339,
                        60.91344,
                        79
                    ],
                    [
                        26.261355,
                        60.913039,
                        80.8
                    ],
                    [
                        26.263577,
                        60.912024,
                        88
                    ],
                    [
                        26.26371,
                        60.911963,
                        88
                    ],
                    [
                        26.264938,
                        60.91146,
                        81.4
                    ],
                    [
                        26.265579,
                        60.911236,
                        81.6
                    ],
                    [
                        26.266042,
                        60.911092,
                        80.8
                    ],
                    [
                        26.266807,
                        60.91091,
                        79
                    ],
                    [
                        26.267818,
                        60.910683,
                        79
                    ],
                    [
                        26.268243,
                        60.910609,
                        79
                    ],
                    [
                        26.269061,
                        60.910506,
                        79
                    ],
                    [
                        26.270209,
                        60.910391,
                        77.8
                    ],
                    [
                        26.27135,
                        60.910339,
                        74
                    ],
                    [
                        26.27285,
                        60.910311,
                        69
                    ],
                    [
                        26.273032,
                        60.910307,
                        69
                    ],
                    [
                        26.275186,
                        60.910265,
                        66
                    ],
                    [
                        26.275688,
                        60.910254,
                        66
                    ],
                    [
                        26.278657,
                        60.910188,
                        66
                    ],
                    [
                        26.28192,
                        60.910126,
                        68
                    ],
                    [
                        26.285374,
                        60.910036,
                        68.8
                    ],
                    [
                        26.285845,
                        60.910012,
                        69
                    ],
                    [
                        26.286729,
                        60.909946,
                        71.3
                    ],
                    [
                        26.287528,
                        60.90985,
                        71.8
                    ],
                    [
                        26.28851,
                        60.909688,
                        71.6
                    ],
                    [
                        26.289176,
                        60.909545,
                        73
                    ],
                    [
                        26.28971,
                        60.90941,
                        79.7
                    ],
                    [
                        26.290341,
                        60.909217,
                        80.6
                    ],
                    [
                        26.290987,
                        60.908989,
                        80.5
                    ],
                    [
                        26.291615,
                        60.908739,
                        80.5
                    ],
                    [
                        26.292698,
                        60.908235,
                        78.5
                    ],
                    [
                        26.293286,
                        60.907899,
                        77.7
                    ],
                    [
                        26.293541,
                        60.907724,
                        73
                    ],
                    [
                        26.29394,
                        60.907413,
                        73.8
                    ],
                    [
                        26.294675,
                        60.906778,
                        74
                    ],
                    [
                        26.295869,
                        60.905751,
                        77
                    ],
                    [
                        26.296244,
                        60.905475,
                        77
                    ],
                    [
                        26.296435,
                        60.90535,
                        77
                    ],
                    [
                        26.296578,
                        60.905259,
                        77
                    ],
                    [
                        26.297105,
                        60.904947,
                        75
                    ],
                    [
                        26.297571,
                        60.904721,
                        74.6
                    ],
                    [
                        26.298215,
                        60.904453,
                        74.4
                    ],
                    [
                        26.298831,
                        60.904238,
                        73
                    ],
                    [
                        26.299247,
                        60.904117,
                        74
                    ],
                    [
                        26.300525,
                        60.903808,
                        72.4
                    ],
                    [
                        26.303904,
                        60.903062,
                        69
                    ],
                    [
                        26.305199,
                        60.902775,
                        68
                    ],
                    [
                        26.315755,
                        60.900422,
                        69
                    ],
                    [
                        26.318301,
                        60.899855,
                        76
                    ],
                    [
                        26.320506,
                        60.899357,
                        80
                    ],
                    [
                        26.323906,
                        60.898588,
                        78.6
                    ],
                    [
                        26.324644,
                        60.898409,
                        78
                    ],
                    [
                        26.325866,
                        60.898087,
                        75.3
                    ],
                    [
                        26.32657,
                        60.897874,
                        76.1
                    ],
                    [
                        26.333754,
                        60.895645,
                        72
                    ],
                    [
                        26.334929,
                        60.895279,
                        72
                    ],
                    [
                        26.335941,
                        60.894935,
                        74.7
                    ],
                    [
                        26.336763,
                        60.894682,
                        74.6
                    ],
                    [
                        26.336849,
                        60.894643,
                        74.5
                    ],
                    [
                        26.33693,
                        60.894547,
                        75
                    ],
                    [
                        26.336954,
                        60.894505,
                        75
                    ],
                    [
                        26.337009,
                        60.894465,
                        75
                    ],
                    [
                        26.337184,
                        60.894423,
                        75
                    ],
                    [
                        26.337275,
                        60.894425,
                        75
                    ],
                    [
                        26.337502,
                        60.89441,
                        77.7
                    ],
                    [
                        26.337846,
                        60.894349,
                        77.6
                    ],
                    [
                        26.339284,
                        60.893932,
                        78
                    ],
                    [
                        26.341018,
                        60.893403,
                        79
                    ],
                    [
                        26.343385,
                        60.892668,
                        82.5
                    ],
                    [
                        26.344254,
                        60.89238,
                        84
                    ],
                    [
                        26.344777,
                        60.892179,
                        84.6
                    ],
                    [
                        26.346452,
                        60.891465,
                        84
                    ],
                    [
                        26.346635,
                        60.89139,
                        84
                    ],
                    [
                        26.347856,
                        60.890906,
                        85
                    ],
                    [
                        26.348229,
                        60.890767,
                        85
                    ],
                    [
                        26.349493,
                        60.890353,
                        85
                    ],
                    [
                        26.350766,
                        60.889866,
                        85.8
                    ],
                    [
                        26.351492,
                        60.88963,
                        86
                    ],
                    [
                        26.353981,
                        60.889001,
                        82.9
                    ],
                    [
                        26.35496,
                        60.88882,
                        83
                    ],
                    [
                        26.356064,
                        60.888693,
                        83.1
                    ],
                    [
                        26.361096,
                        60.888282,
                        83.1
                    ],
                    [
                        26.362149,
                        60.888158,
                        83
                    ],
                    [
                        26.362731,
                        60.888072,
                        84.6
                    ],
                    [
                        26.363727,
                        60.887856,
                        85
                    ],
                    [
                        26.363877,
                        60.887813,
                        85
                    ],
                    [
                        26.364539,
                        60.887607,
                        87.9
                    ],
                    [
                        26.36515,
                        60.88739,
                        89
                    ],
                    [
                        26.365818,
                        60.887115,
                        87.4
                    ],
                    [
                        26.366814,
                        60.886657,
                        89
                    ],
                    [
                        26.36755,
                        60.886346,
                        89
                    ],
                    [
                        26.368446,
                        60.886044,
                        89
                    ],
                    [
                        26.368834,
                        60.885942,
                        89
                    ],
                    [
                        26.369162,
                        60.885871,
                        89
                    ],
                    [
                        26.369767,
                        60.885779,
                        89
                    ],
                    [
                        26.371088,
                        60.885654,
                        88
                    ],
                    [
                        26.371245,
                        60.88564,
                        88
                    ],
                    [
                        26.373035,
                        60.885522,
                        88.5
                    ],
                    [
                        26.374998,
                        60.885442,
                        91
                    ],
                    [
                        26.37747,
                        60.885258,
                        91.1
                    ],
                    [
                        26.378429,
                        60.885128,
                        92.3
                    ],
                    [
                        26.378798,
                        60.885061,
                        92.8
                    ],
                    [
                        26.37921,
                        60.88497,
                        93.3
                    ],
                    [
                        26.380152,
                        60.884699,
                        94.4
                    ],
                    [
                        26.381596,
                        60.884196,
                        101
                    ],
                    [
                        26.382405,
                        60.883885,
                        101
                    ],
                    [
                        26.382864,
                        60.883726,
                        101
                    ],
                    [
                        26.383472,
                        60.883579,
                        104.1
                    ],
                    [
                        26.384236,
                        60.883455,
                        105
                    ],
                    [
                        26.384451,
                        60.88343,
                        105
                    ],
                    [
                        26.385451,
                        60.88332,
                        107
                    ],
                    [
                        26.386343,
                        60.883226,
                        102.6
                    ],
                    [
                        26.388211,
                        60.883117,
                        97
                    ],
                    [
                        26.389914,
                        60.882935,
                        98
                    ],
                    [
                        26.391482,
                        60.882726,
                        98
                    ],
                    [
                        26.392073,
                        60.882684,
                        98
                    ],
                    [
                        26.393119,
                        60.882663,
                        98
                    ],
                    [
                        26.393348,
                        60.882662,
                        98
                    ],
                    [
                        26.394488,
                        60.8827,
                        98
                    ],
                    [
                        26.395232,
                        60.882743,
                        98
                    ],
                    [
                        26.396476,
                        60.882831,
                        98
                    ],
                    [
                        26.396787,
                        60.882842,
                        98
                    ],
                    [
                        26.398915,
                        60.882906,
                        98
                    ],
                    [
                        26.401494,
                        60.883055,
                        98
                    ],
                    [
                        26.402386,
                        60.883126,
                        99.7
                    ],
                    [
                        26.405014,
                        60.883391,
                        102.4
                    ],
                    [
                        26.406585,
                        60.883527,
                        103.1
                    ],
                    [
                        26.407418,
                        60.883561,
                        103.3
                    ],
                    [
                        26.408794,
                        60.883565,
                        104
                    ],
                    [
                        26.409924,
                        60.883532,
                        104.2
                    ],
                    [
                        26.410722,
                        60.883485,
                        105
                    ],
                    [
                        26.410962,
                        60.883469,
                        105
                    ],
                    [
                        26.413588,
                        60.883241,
                        105
                    ],
                    [
                        26.416202,
                        60.882958,
                        109
                    ],
                    [
                        26.417032,
                        60.88286,
                        110.8
                    ],
                    [
                        26.419115,
                        60.882565,
                        111.5
                    ],
                    [
                        26.421848,
                        60.882116,
                        111.9
                    ],
                    [
                        26.423795,
                        60.881749,
                        111.7
                    ],
                    [
                        26.430147,
                        60.880452,
                        101.5
                    ],
                    [
                        26.431722,
                        60.880154,
                        103.7
                    ],
                    [
                        26.43257,
                        60.880019,
                        104.1
                    ],
                    [
                        26.434104,
                        60.879827,
                        105.9
                    ],
                    [
                        26.435779,
                        60.879696,
                        107.7
                    ],
                    [
                        26.436605,
                        60.879654,
                        108.5
                    ],
                    [
                        26.43815,
                        60.879624,
                        109.5
                    ],
                    [
                        26.43959,
                        60.879672,
                        111
                    ],
                    [
                        26.440961,
                        60.879777,
                        110.4
                    ],
                    [
                        26.442376,
                        60.879951,
                        110
                    ],
                    [
                        26.445081,
                        60.880405,
                        108.7
                    ],
                    [
                        26.44645,
                        60.880606,
                        108
                    ],
                    [
                        26.447778,
                        60.880735,
                        107.3
                    ],
                    [
                        26.448565,
                        60.880784,
                        107
                    ],
                    [
                        26.450072,
                        60.880849,
                        106.3
                    ],
                    [
                        26.451947,
                        60.880882,
                        105.4
                    ],
                    [
                        26.452891,
                        60.880873,
                        104.9
                    ],
                    [
                        26.454608,
                        60.880826,
                        104.1
                    ],
                    [
                        26.455415,
                        60.880785,
                        103.8
                    ],
                    [
                        26.456804,
                        60.880695,
                        103.3
                    ],
                    [
                        26.458492,
                        60.880538,
                        103.7
                    ],
                    [
                        26.459276,
                        60.880449,
                        103.9
                    ],
                    [
                        26.460777,
                        60.88025,
                        105
                    ],
                    [
                        26.461168,
                        60.880191,
                        105
                    ],
                    [
                        26.461375,
                        60.88015,
                        105
                    ],
                    [
                        26.464301,
                        60.879585,
                        108.7
                    ],
                    [
                        26.467329,
                        60.878912,
                        106
                    ],
                    [
                        26.472977,
                        60.877462,
                        104.1
                    ],
                    [
                        26.474623,
                        60.877065,
                        106.3
                    ],
                    [
                        26.476116,
                        60.876725,
                        107.9
                    ],
                    [
                        26.477598,
                        60.876412,
                        109.1
                    ],
                    [
                        26.479873,
                        60.875969,
                        108.6
                    ],
                    [
                        26.480802,
                        60.8758,
                        107.6
                    ],
                    [
                        26.4834,
                        60.875372,
                        104
                    ],
                    [
                        26.484847,
                        60.875144,
                        102
                    ],
                    [
                        26.487541,
                        60.874757,
                        100
                    ],
                    [
                        26.489505,
                        60.874481,
                        99
                    ],
                    [
                        26.49289,
                        60.874092,
                        98.1
                    ],
                    [
                        26.494643,
                        60.873921,
                        98
                    ],
                    [
                        26.496504,
                        60.873769,
                        98
                    ],
                    [
                        26.499427,
                        60.873593,
                        98
                    ],
                    [
                        26.500149,
                        60.873559,
                        98
                    ],
                    [
                        26.502424,
                        60.87345,
                        100
                    ],
                    [
                        26.50791,
                        60.873218,
                        103
                    ],
                    [
                        26.51072,
                        60.873041,
                        96
                    ],
                    [
                        26.51292,
                        60.872855,
                        96.7
                    ],
                    [
                        26.51434,
                        60.872704,
                        99
                    ],
                    [
                        26.514858,
                        60.872642,
                        103
                    ],
                    [
                        26.517193,
                        60.872336,
                        108
                    ],
                    [
                        26.519152,
                        60.872049,
                        110.4
                    ],
                    [
                        26.521945,
                        60.871558,
                        112.8
                    ],
                    [
                        26.524169,
                        60.871106,
                        113.7
                    ],
                    [
                        26.529097,
                        60.870036,
                        117.7
                    ],
                    [
                        26.530575,
                        60.869747,
                        117
                    ],
                    [
                        26.532136,
                        60.869473,
                        116
                    ],
                    [
                        26.533665,
                        60.86924,
                        112.9
                    ],
                    [
                        26.535351,
                        60.86904,
                        109
                    ],
                    [
                        26.536775,
                        60.868905,
                        107.8
                    ],
                    [
                        26.537582,
                        60.868844,
                        105
                    ],
                    [
                        26.540191,
                        60.8687,
                        103.7
                    ],
                    [
                        26.543459,
                        60.868568,
                        104.9
                    ],
                    [
                        26.545638,
                        60.868441,
                        104
                    ],
                    [
                        26.547027,
                        60.868327,
                        97.3
                    ],
                    [
                        26.548727,
                        60.868153,
                        93
                    ],
                    [
                        26.550468,
                        60.867912,
                        88
                    ],
                    [
                        26.550928,
                        60.867846,
                        88
                    ],
                    [
                        26.552171,
                        60.867656,
                        88
                    ],
                    [
                        26.553687,
                        60.867431,
                        88.9
                    ],
                    [
                        26.554733,
                        60.867293,
                        91
                    ],
                    [
                        26.555075,
                        60.867237,
                        91
                    ],
                    [
                        26.558198,
                        60.866732,
                        98
                    ],
                    [
                        26.558413,
                        60.866696,
                        98
                    ],
                    [
                        26.55891,
                        60.866619,
                        98
                    ],
                    [
                        26.560861,
                        60.866347,
                        97.2
                    ],
                    [
                        26.562331,
                        60.86619,
                        97
                    ],
                    [
                        26.56423,
                        60.866023,
                        91.8
                    ],
                    [
                        26.565225,
                        60.865956,
                        89.1
                    ],
                    [
                        26.566496,
                        60.865893,
                        87.6
                    ],
                    [
                        26.56883,
                        60.865838,
                        85.1
                    ],
                    [
                        26.570735,
                        60.865858,
                        84.1
                    ],
                    [
                        26.571799,
                        60.865895,
                        83.7
                    ],
                    [
                        26.573154,
                        60.865966,
                        83.4
                    ],
                    [
                        26.574689,
                        60.866082,
                        83.1
                    ],
                    [
                        26.575937,
                        60.866201,
                        83.1
                    ],
                    [
                        26.57712,
                        60.866334,
                        83.6
                    ],
                    [
                        26.578153,
                        60.86646,
                        84.3
                    ],
                    [
                        26.579285,
                        60.866627,
                        84.6
                    ],
                    [
                        26.581358,
                        60.866987,
                        83.1
                    ],
                    [
                        26.582405,
                        60.867197,
                        82.7
                    ],
                    [
                        26.584622,
                        60.867716,
                        81.9
                    ],
                    [
                        26.585216,
                        60.867868,
                        81.6
                    ],
                    [
                        26.58652,
                        60.868237,
                        80.7
                    ],
                    [
                        26.587511,
                        60.86855,
                        79.8
                    ],
                    [
                        26.589222,
                        60.869138,
                        77.7
                    ],
                    [
                        26.592048,
                        60.870226,
                        74.2
                    ],
                    [
                        26.593361,
                        60.870703,
                        73.1
                    ],
                    [
                        26.593941,
                        60.870897,
                        74
                    ],
                    [
                        26.594861,
                        60.871189,
                        74
                    ],
                    [
                        26.595342,
                        60.871329,
                        74
                    ],
                    [
                        26.596847,
                        60.871739,
                        76
                    ],
                    [
                        26.598465,
                        60.872112,
                        77.4
                    ],
                    [
                        26.599627,
                        60.872341,
                        78
                    ],
                    [
                        26.600694,
                        60.872526,
                        77
                    ],
                    [
                        26.601874,
                        60.872724,
                        77
                    ],
                    [
                        26.602906,
                        60.872872,
                        72
                    ],
                    [
                        26.604081,
                        60.873021,
                        73.1
                    ],
                    [
                        26.604816,
                        60.873095,
                        73.1
                    ],
                    [
                        26.606451,
                        60.873225,
                        75
                    ],
                    [
                        26.608301,
                        60.873328,
                        73
                    ],
                    [
                        26.608709,
                        60.873339,
                        73
                    ],
                    [
                        26.612265,
                        60.873394,
                        68
                    ],
                    [
                        26.615894,
                        60.873404,
                        65
                    ],
                    [
                        26.619731,
                        60.873367,
                        73.1
                    ],
                    [
                        26.622174,
                        60.873305,
                        75
                    ],
                    [
                        26.624075,
                        60.873237,
                        76
                    ],
                    [
                        26.627528,
                        60.873072,
                        74
                    ],
                    [
                        26.628356,
                        60.873027,
                        74
                    ],
                    [
                        26.631719,
                        60.87285,
                        75.7
                    ],
                    [
                        26.63331,
                        60.872798,
                        79.2
                    ],
                    [
                        26.634908,
                        60.872765,
                        82.4
                    ],
                    [
                        26.636636,
                        60.872756,
                        83.5
                    ],
                    [
                        26.639741,
                        60.87278,
                        85.5
                    ],
                    [
                        26.641323,
                        60.872822,
                        85.5
                    ],
                    [
                        26.643888,
                        60.872956,
                        85.2
                    ],
                    [
                        26.645185,
                        60.873042,
                        85.2
                    ],
                    [
                        26.648162,
                        60.873309,
                        80
                    ],
                    [
                        26.648936,
                        60.87338,
                        80
                    ],
                    [
                        26.649168,
                        60.873403,
                        80
                    ],
                    [
                        26.651986,
                        60.873764,
                        76.4
                    ],
                    [
                        26.653943,
                        60.874053,
                        75.3
                    ],
                    [
                        26.65627,
                        60.874454,
                        74.3
                    ],
                    [
                        26.658243,
                        60.87483,
                        74
                    ],
                    [
                        26.659061,
                        60.874995,
                        71.7
                    ],
                    [
                        26.660489,
                        60.875312,
                        71
                    ],
                    [
                        26.661581,
                        60.875578,
                        70.5
                    ],
                    [
                        26.663881,
                        60.87618,
                        70.9
                    ],
                    [
                        26.665868,
                        60.876747,
                        72
                    ],
                    [
                        26.668959,
                        60.877646,
                        71.8
                    ],
                    [
                        26.670724,
                        60.878117,
                        71.3
                    ],
                    [
                        26.672534,
                        60.878543,
                        71.1
                    ],
                    [
                        26.673435,
                        60.878734,
                        70.9
                    ],
                    [
                        26.674569,
                        60.878949,
                        70.6
                    ],
                    [
                        26.675781,
                        60.879158,
                        70.3
                    ],
                    [
                        26.676936,
                        60.879337,
                        70
                    ],
                    [
                        26.679122,
                        60.879621,
                        69.1
                    ],
                    [
                        26.68124,
                        60.879842,
                        68.3
                    ],
                    [
                        26.682946,
                        60.879983,
                        68
                    ],
                    [
                        26.687365,
                        60.880295,
                        67
                    ],
                    [
                        26.688491,
                        60.880342,
                        67
                    ],
                    [
                        26.689349,
                        60.88038,
                        67
                    ],
                    [
                        26.691458,
                        60.880442,
                        67
                    ],
                    [
                        26.695151,
                        60.880448,
                        68
                    ],
                    [
                        26.698884,
                        60.880364,
                        68
                    ],
                    [
                        26.702277,
                        60.880385,
                        70
                    ],
                    [
                        26.702968,
                        60.880396,
                        70
                    ],
                    [
                        26.703675,
                        60.880434,
                        70
                    ],
                    [
                        26.705057,
                        60.880526,
                        78.9
                    ],
                    [
                        26.706618,
                        60.880669,
                        81.5
                    ],
                    [
                        26.707621,
                        60.880789,
                        83.5
                    ],
                    [
                        26.709564,
                        60.881055,
                        84.2
                    ],
                    [
                        26.713859,
                        60.881827,
                        76
                    ],
                    [
                        26.717774,
                        60.882496,
                        72
                    ],
                    [
                        26.721608,
                        60.883088,
                        72
                    ],
                    [
                        26.725275,
                        60.883609,
                        71.9
                    ],
                    [
                        26.728043,
                        60.883947,
                        74.1
                    ],
                    [
                        26.730462,
                        60.884205,
                        75
                    ],
                    [
                        26.732382,
                        60.884384,
                        76.5
                    ],
                    [
                        26.734953,
                        60.884582,
                        77
                    ],
                    [
                        26.737589,
                        60.884734,
                        77.5
                    ],
                    [
                        26.740224,
                        60.88484,
                        78.5
                    ],
                    [
                        26.742902,
                        60.884906,
                        77.9
                    ],
                    [
                        26.745697,
                        60.884916,
                        72.3
                    ],
                    [
                        26.748394,
                        60.88488,
                        70.5
                    ],
                    [
                        26.750053,
                        60.884831,
                        69.7
                    ],
                    [
                        26.752023,
                        60.884757,
                        69.9
                    ],
                    [
                        26.756602,
                        60.884548,
                        73
                    ],
                    [
                        26.757397,
                        60.884532,
                        73
                    ],
                    [
                        26.758504,
                        60.88453,
                        71.5
                    ],
                    [
                        26.759979,
                        60.884566,
                        71
                    ],
                    [
                        26.761464,
                        60.884639,
                        70.1
                    ],
                    [
                        26.763049,
                        60.88476,
                        70.1
                    ],
                    [
                        26.764558,
                        60.884914,
                        71.2
                    ],
                    [
                        26.7667,
                        60.885188,
                        68
                    ],
                    [
                        26.769715,
                        60.885645,
                        64
                    ],
                    [
                        26.773284,
                        60.886214,
                        80
                    ],
                    [
                        26.773927,
                        60.886314,
                        80
                    ],
                    [
                        26.775968,
                        60.886588,
                        84.8
                    ],
                    [
                        26.778466,
                        60.886857,
                        87.7
                    ],
                    [
                        26.779395,
                        60.886941,
                        89.1
                    ],
                    [
                        26.780563,
                        60.887031,
                        90.4
                    ],
                    [
                        26.782142,
                        60.887131,
                        91.3
                    ],
                    [
                        26.784519,
                        60.887242,
                        91
                    ],
                    [
                        26.786017,
                        60.887306,
                        89.7
                    ],
                    [
                        26.787988,
                        60.887345,
                        88
                    ],
                    [
                        26.790194,
                        60.887369,
                        84.1
                    ],
                    [
                        26.791375,
                        60.887358,
                        83.9
                    ],
                    [
                        26.792768,
                        60.887315,
                        82.3
                    ],
                    [
                        26.794231,
                        60.887238,
                        80
                    ],
                    [
                        26.796357,
                        60.887065,
                        79.4
                    ],
                    [
                        26.799844,
                        60.886724,
                        79
                    ],
                    [
                        26.800026,
                        60.886705,
                        76
                    ],
                    [
                        26.801579,
                        60.886569,
                        74.7
                    ],
                    [
                        26.803722,
                        60.886442,
                        72.8
                    ],
                    [
                        26.804758,
                        60.886402,
                        71.4
                    ],
                    [
                        26.807135,
                        60.886358,
                        69
                    ],
                    [
                        26.810011,
                        60.886308,
                        69
                    ],
                    [
                        26.820284,
                        60.886209,
                        72
                    ],
                    [
                        26.828008,
                        60.886124,
                        73
                    ],
                    [
                        26.831168,
                        60.886067,
                        76
                    ],
                    [
                        26.832904,
                        60.886055,
                        76.5
                    ],
                    [
                        26.834543,
                        60.886067,
                        77
                    ],
                    [
                        26.834722,
                        60.88607,
                        77
                    ],
                    [
                        26.835903,
                        60.886108,
                        79.9
                    ],
                    [
                        26.838727,
                        60.886237,
                        83
                    ],
                    [
                        26.843004,
                        60.886412,
                        84
                    ],
                    [
                        26.847094,
                        60.886591,
                        85.5
                    ],
                    [
                        26.848602,
                        60.886679,
                        86
                    ],
                    [
                        26.849256,
                        60.886722,
                        86
                    ],
                    [
                        26.851569,
                        60.886923,
                        86
                    ],
                    [
                        26.85388,
                        60.88712,
                        85.3
                    ],
                    [
                        26.856191,
                        60.887252,
                        84.5
                    ],
                    [
                        26.857551,
                        60.887294,
                        84.3
                    ],
                    [
                        26.8606,
                        60.887325,
                        85
                    ],
                    [
                        26.870078,
                        60.887284,
                        87
                    ],
                    [
                        26.875643,
                        60.887279,
                        85
                    ],
                    [
                        26.889815,
                        60.887235,
                        81
                    ],
                    [
                        26.891705,
                        60.887293,
                        81
                    ],
                    [
                        26.893091,
                        60.887374,
                        90.4
                    ],
                    [
                        26.893812,
                        60.887441,
                        90.1
                    ],
                    [
                        26.894413,
                        60.887508,
                        89.5
                    ],
                    [
                        26.895407,
                        60.887647,
                        93
                    ],
                    [
                        26.895592,
                        60.887673,
                        93
                    ],
                    [
                        26.897425,
                        60.887998,
                        93
                    ],
                    [
                        26.898799,
                        60.888326,
                        92.7
                    ],
                    [
                        26.899526,
                        60.888527,
                        92.5
                    ],
                    [
                        26.900376,
                        60.888795,
                        93.2
                    ],
                    [
                        26.901101,
                        60.889055,
                        93.4
                    ],
                    [
                        26.9017,
                        60.889283,
                        93.8
                    ],
                    [
                        26.902177,
                        60.889488,
                        98
                    ],
                    [
                        26.903195,
                        60.88992,
                        97.5
                    ],
                    [
                        26.903563,
                        60.890104,
                        97.5
                    ],
                    [
                        26.904101,
                        60.890394,
                        97.4
                    ],
                    [
                        26.904985,
                        60.890927,
                        97
                    ],
                    [
                        26.905118,
                        60.891009,
                        97
                    ],
                    [
                        26.908567,
                        60.89337,
                        96
                    ],
                    [
                        26.910716,
                        60.894841,
                        95
                    ],
                    [
                        26.91085,
                        60.894932,
                        95
                    ],
                    [
                        26.911559,
                        60.895434,
                        95
                    ],
                    [
                        26.913708,
                        60.896936,
                        92
                    ],
                    [
                        26.914781,
                        60.897655,
                        91.3
                    ],
                    [
                        26.915401,
                        60.898133,
                        89
                    ],
                    [
                        26.917847,
                        60.899779,
                        93
                    ],
                    [
                        26.920974,
                        60.901931,
                        92
                    ],
                    [
                        26.92163,
                        60.902355,
                        92
                    ],
                    [
                        26.922491,
                        60.902838,
                        92.9
                    ],
                    [
                        26.923404,
                        60.903247,
                        94.3
                    ],
                    [
                        26.924726,
                        60.903711,
                        95.9
                    ],
                    [
                        26.925701,
                        60.903974,
                        96.5
                    ],
                    [
                        26.927001,
                        60.904239,
                        96.6
                    ],
                    [
                        26.928067,
                        60.90438,
                        96.6
                    ],
                    [
                        26.928759,
                        60.904441,
                        96.5
                    ],
                    [
                        26.929396,
                        60.904478,
                        96
                    ],
                    [
                        26.930437,
                        60.904502,
                        96.2
                    ],
                    [
                        26.931263,
                        60.904491,
                        97
                    ],
                    [
                        26.933399,
                        60.904422,
                        98
                    ],
                    [
                        26.9336,
                        60.904414,
                        98
                    ],
                    [
                        26.935813,
                        60.904344,
                        98
                    ],
                    [
                        26.942544,
                        60.904101,
                        96
                    ],
                    [
                        26.955754,
                        60.903584,
                        109
                    ],
                    [
                        26.960409,
                        60.90343,
                        117
                    ],
                    [
                        26.964522,
                        60.903277,
                        117
                    ],
                    [
                        26.972321,
                        60.902981,
                        115.7
                    ],
                    [
                        26.974645,
                        60.902945,
                        113.2
                    ],
                    [
                        26.977055,
                        60.902961,
                        110.1
                    ],
                    [
                        26.979955,
                        60.903049,
                        106.5
                    ],
                    [
                        26.981342,
                        60.90312,
                        104.2
                    ],
                    [
                        26.98305,
                        60.90323,
                        102.7
                    ],
                    [
                        26.985935,
                        60.903481,
                        99.3
                    ],
                    [
                        26.987621,
                        60.903662,
                        98.1
                    ],
                    [
                        26.989894,
                        60.903947,
                        98.1
                    ],
                    [
                        26.992874,
                        60.904262,
                        102.3
                    ],
                    [
                        26.995233,
                        60.904481,
                        101.8
                    ],
                    [
                        26.999221,
                        60.904783,
                        100.1
                    ],
                    [
                        27.001286,
                        60.904891,
                        99
                    ],
                    [
                        27.003563,
                        60.904984,
                        98
                    ],
                    [
                        27.005847,
                        60.905048,
                        96.3
                    ],
                    [
                        27.007699,
                        60.905077,
                        95.8
                    ],
                    [
                        27.009403,
                        60.905087,
                        95.9
                    ],
                    [
                        27.011397,
                        60.90507,
                        96
                    ],
                    [
                        27.012717,
                        60.905079,
                        96
                    ],
                    [
                        27.012926,
                        60.90508,
                        96
                    ],
                    [
                        27.016973,
                        60.905107,
                        96
                    ],
                    [
                        27.019041,
                        60.905166,
                        96
                    ],
                    [
                        27.022645,
                        60.905313,
                        93.5
                    ],
                    [
                        27.02593,
                        60.905519,
                        91
                    ],
                    [
                        27.028587,
                        60.905712,
                        89
                    ],
                    [
                        27.031162,
                        60.905963,
                        90
                    ],
                    [
                        27.032925,
                        60.906154,
                        93
                    ],
                    [
                        27.035213,
                        60.906425,
                        93.3
                    ],
                    [
                        27.03762,
                        60.906744,
                        92.8
                    ],
                    [
                        27.04003,
                        60.907083,
                        91.6
                    ],
                    [
                        27.041913,
                        60.907317,
                        90.5
                    ],
                    [
                        27.043392,
                        60.907453,
                        89.8
                    ],
                    [
                        27.044776,
                        60.907536,
                        88.9
                    ],
                    [
                        27.046556,
                        60.907599,
                        89
                    ],
                    [
                        27.048202,
                        60.9076,
                        90
                    ],
                    [
                        27.050243,
                        60.907538,
                        90.9
                    ],
                    [
                        27.051455,
                        60.907469,
                        91.3
                    ],
                    [
                        27.052608,
                        60.907385,
                        92.4
                    ],
                    [
                        27.053762,
                        60.907275,
                        92.9
                    ],
                    [
                        27.055136,
                        60.907107,
                        92.7
                    ],
                    [
                        27.05818,
                        60.906706,
                        102
                    ],
                    [
                        27.062216,
                        60.906287,
                        102.7
                    ],
                    [
                        27.064664,
                        60.906121,
                        101.1
                    ],
                    [
                        27.067943,
                        60.905984,
                        99.2
                    ],
                    [
                        27.07215,
                        60.905945,
                        96
                    ],
                    [
                        27.075992,
                        60.905884,
                        96.7
                    ],
                    [
                        27.079927,
                        60.905724,
                        101
                    ],
                    [
                        27.085392,
                        60.905333,
                        103
                    ],
                    [
                        27.089027,
                        60.904979,
                        101.5
                    ],
                    [
                        27.091763,
                        60.904764,
                        100.6
                    ],
                    [
                        27.092969,
                        60.904686,
                        100.2
                    ],
                    [
                        27.094343,
                        60.904606,
                        99.6
                    ],
                    [
                        27.09584,
                        60.904541,
                        98.9
                    ],
                    [
                        27.098157,
                        60.90447,
                        98.4
                    ],
                    [
                        27.099872,
                        60.904443,
                        98
                    ],
                    [
                        27.103963,
                        60.90444,
                        98
                    ],
                    [
                        27.106016,
                        60.904437,
                        99
                    ],
                    [
                        27.106299,
                        60.904434,
                        99
                    ],
                    [
                        27.109019,
                        60.904366,
                        98.3
                    ],
                    [
                        27.111138,
                        60.904277,
                        97.7
                    ],
                    [
                        27.112373,
                        60.904208,
                        97.3
                    ],
                    [
                        27.114668,
                        60.904051,
                        98.3
                    ],
                    [
                        27.117756,
                        60.903796,
                        100.1
                    ],
                    [
                        27.118923,
                        60.903716,
                        99.8
                    ],
                    [
                        27.120323,
                        60.903629,
                        99.6
                    ],
                    [
                        27.123432,
                        60.903494,
                        98
                    ],
                    [
                        27.125965,
                        60.903434,
                        95.9
                    ],
                    [
                        27.128481,
                        60.903429,
                        94
                    ],
                    [
                        27.128686,
                        60.90343,
                        94
                    ],
                    [
                        27.132628,
                        60.90351,
                        89
                    ],
                    [
                        27.133754,
                        60.903538,
                        87
                    ],
                    [
                        27.135312,
                        60.903554,
                        86.7
                    ],
                    [
                        27.136776,
                        60.90353,
                        86.3
                    ],
                    [
                        27.138323,
                        60.903466,
                        86.1
                    ],
                    [
                        27.139991,
                        60.903346,
                        86.1
                    ],
                    [
                        27.140812,
                        60.903267,
                        86
                    ],
                    [
                        27.141368,
                        60.903211,
                        86
                    ],
                    [
                        27.144822,
                        60.902861,
                        85.5
                    ],
                    [
                        27.146548,
                        60.902713,
                        86.4
                    ],
                    [
                        27.148786,
                        60.902592,
                        87
                    ],
                    [
                        27.149898,
                        60.902561,
                        87.7
                    ],
                    [
                        27.151023,
                        60.902555,
                        88.1
                    ],
                    [
                        27.153619,
                        60.90261,
                        89
                    ],
                    [
                        27.158544,
                        60.902744,
                        89
                    ],
                    [
                        27.164757,
                        60.902975,
                        89
                    ],
                    [
                        27.169021,
                        60.903127,
                        91
                    ],
                    [
                        27.177326,
                        60.903328,
                        97
                    ],
                    [
                        27.179425,
                        60.90339,
                        97
                    ],
                    [
                        27.187951,
                        60.903586,
                        98
                    ],
                    [
                        27.191071,
                        60.903658,
                        97.2
                    ],
                    [
                        27.192975,
                        60.903722,
                        97.1
                    ],
                    [
                        27.194664,
                        60.903804,
                        97
                    ],
                    [
                        27.198428,
                        60.903992,
                        97
                    ],
                    [
                        27.202055,
                        60.904175,
                        104
                    ],
                    [
                        27.204605,
                        60.904303,
                        105
                    ],
                    [
                        27.207734,
                        60.904455,
                        106
                    ],
                    [
                        27.212447,
                        60.904682,
                        109
                    ],
                    [
                        27.225298,
                        60.905257,
                        113
                    ],
                    [
                        27.281836,
                        60.907961,
                        102
                    ],
                    [
                        27.283441,
                        60.908035,
                        102
                    ],
                    [
                        27.288999,
                        60.908306,
                        111
                    ],
                    [
                        27.2923,
                        60.908503,
                        110
                    ],
                    [
                        27.294118,
                        60.908614,
                        110
                    ],
                    [
                        27.295581,
                        60.908714,
                        110
                    ],
                    [
                        27.299889,
                        60.909022,
                        105
                    ],
                    [
                        27.303023,
                        60.909282,
                        104.7
                    ],
                    [
                        27.309287,
                        60.909861,
                        109
                    ],
                    [
                        27.339235,
                        60.912515,
                        104
                    ],
                    [
                        27.341275,
                        60.912685,
                        106.3
                    ],
                    [
                        27.342227,
                        60.91275,
                        106.8
                    ],
                    [
                        27.343641,
                        60.912817,
                        108
                    ],
                    [
                        27.347997,
                        60.913002,
                        108
                    ],
                    [
                        27.350038,
                        60.913081,
                        108
                    ],
                    [
                        27.354188,
                        60.913263,
                        112
                    ],
                    [
                        27.362268,
                        60.91363,
                        115
                    ],
                    [
                        27.364715,
                        60.913736,
                        113.8
                    ],
                    [
                        27.365897,
                        60.913767,
                        112.9
                    ],
                    [
                        27.367217,
                        60.913757,
                        112.1
                    ],
                    [
                        27.368983,
                        60.91368,
                        111.8
                    ],
                    [
                        27.376479,
                        60.913227,
                        117
                    ],
                    [
                        27.378188,
                        60.913131,
                        117.8
                    ],
                    [
                        27.379748,
                        60.913078,
                        118
                    ],
                    [
                        27.380379,
                        60.91306,
                        117.3
                    ],
                    [
                        27.381675,
                        60.913085,
                        117.7
                    ],
                    [
                        27.387317,
                        60.913267,
                        114
                    ],
                    [
                        27.391279,
                        60.913396,
                        112
                    ],
                    [
                        27.393528,
                        60.913469,
                        111.3
                    ],
                    [
                        27.395116,
                        60.913577,
                        111.1
                    ],
                    [
                        27.396635,
                        60.913773,
                        111
                    ],
                    [
                        27.397503,
                        60.913917,
                        111
                    ],
                    [
                        27.398265,
                        60.914044,
                        111
                    ],
                    [
                        27.399914,
                        60.914361,
                        111
                    ],
                    [
                        27.40291,
                        60.914901,
                        114
                    ],
                    [
                        27.404223,
                        60.915138,
                        114
                    ],
                    [
                        27.413537,
                        60.916674,
                        115.1
                    ],
                    [
                        27.414871,
                        60.916845,
                        115.7
                    ],
                    [
                        27.415776,
                        60.916946,
                        116
                    ],
                    [
                        27.417631,
                        60.917115,
                        115.4
                    ],
                    [
                        27.42023,
                        60.917249,
                        115.4
                    ],
                    [
                        27.423561,
                        60.917353,
                        113
                    ],
                    [
                        27.425844,
                        60.917349,
                        112.7
                    ],
                    [
                        27.428393,
                        60.917257,
                        112.2
                    ],
                    [
                        27.431105,
                        60.917024,
                        112
                    ],
                    [
                        27.433086,
                        60.91683,
                        111
                    ],
                    [
                        27.437637,
                        60.916464,
                        101
                    ],
                    [
                        27.438976,
                        60.916418,
                        101
                    ],
                    [
                        27.439813,
                        60.916418,
                        101
                    ],
                    [
                        27.441281,
                        60.916439,
                        101
                    ],
                    [
                        27.445175,
                        60.916537,
                        109
                    ],
                    [
                        27.450864,
                        60.91672,
                        110
                    ],
                    [
                        27.459823,
                        60.916983,
                        110
                    ],
                    [
                        27.462742,
                        60.917069,
                        111
                    ],
                    [
                        27.465875,
                        60.91719,
                        111
                    ],
                    [
                        27.47709,
                        60.917757,
                        107
                    ],
                    [
                        27.478197,
                        60.917813,
                        107
                    ],
                    [
                        27.486197,
                        60.918212,
                        106
                    ],
                    [
                        27.498954,
                        60.918859,
                        107.5
                    ],
                    [
                        27.501665,
                        60.918956,
                        107
                    ],
                    [
                        27.502911,
                        60.918997,
                        105
                    ],
                    [
                        27.505349,
                        60.919013,
                        105
                    ],
                    [
                        27.50819,
                        60.918984,
                        101
                    ],
                    [
                        27.510176,
                        60.918894,
                        100
                    ],
                    [
                        27.512583,
                        60.918785,
                        100
                    ],
                    [
                        27.513608,
                        60.918744,
                        100
                    ],
                    [
                        27.514625,
                        60.918725,
                        100
                    ],
                    [
                        27.516823,
                        60.918738,
                        100
                    ],
                    [
                        27.517763,
                        60.918765,
                        100
                    ],
                    [
                        27.519341,
                        60.918846,
                        100
                    ],
                    [
                        27.520782,
                        60.918936,
                        99
                    ],
                    [
                        27.523047,
                        60.919151,
                        98.7
                    ],
                    [
                        27.52521,
                        60.919418,
                        98.7
                    ],
                    [
                        27.529435,
                        60.920044,
                        97
                    ],
                    [
                        27.529908,
                        60.920081,
                        97
                    ],
                    [
                        27.533212,
                        60.920578,
                        102
                    ],
                    [
                        27.537146,
                        60.921187,
                        105.1
                    ],
                    [
                        27.539788,
                        60.921616,
                        104
                    ],
                    [
                        27.540851,
                        60.921792,
                        103.7
                    ],
                    [
                        27.543735,
                        60.922309,
                        102
                    ],
                    [
                        27.547787,
                        60.92297,
                        102
                    ],
                    [
                        27.56247,
                        60.925551,
                        103
                    ],
                    [
                        27.568087,
                        60.926518,
                        107
                    ],
                    [
                        27.574148,
                        60.927526,
                        108.7
                    ],
                    [
                        27.57552,
                        60.927721,
                        108
                    ],
                    [
                        27.577259,
                        60.927944,
                        107.4
                    ],
                    [
                        27.579426,
                        60.928179,
                        107.1
                    ],
                    [
                        27.580863,
                        60.928314,
                        107
                    ],
                    [
                        27.581995,
                        60.928405,
                        107.7
                    ],
                    [
                        27.583045,
                        60.928471,
                        108
                    ],
                    [
                        27.584251,
                        60.928542,
                        108
                    ],
                    [
                        27.588008,
                        60.928666,
                        107.8
                    ],
                    [
                        27.58978,
                        60.928704,
                        107.3
                    ],
                    [
                        27.592011,
                        60.928703,
                        107
                    ],
                    [
                        27.608404,
                        60.928592,
                        102
                    ],
                    [
                        27.621506,
                        60.92846,
                        100
                    ],
                    [
                        27.624309,
                        60.928444,
                        102
                    ],
                    [
                        27.626703,
                        60.928484,
                        101.1
                    ],
                    [
                        27.628917,
                        60.928579,
                        98.2
                    ],
                    [
                        27.630431,
                        60.928667,
                        96.2
                    ],
                    [
                        27.632069,
                        60.928791,
                        93
                    ],
                    [
                        27.633778,
                        60.928947,
                        93.3
                    ],
                    [
                        27.635272,
                        60.929126,
                        94.4
                    ],
                    [
                        27.637431,
                        60.929414,
                        92.9
                    ],
                    [
                        27.639905,
                        60.929805,
                        91
                    ],
                    [
                        27.641199,
                        60.930035,
                        90.5
                    ],
                    [
                        27.642316,
                        60.93026,
                        90.7
                    ],
                    [
                        27.647994,
                        60.931494,
                        86.7
                    ],
                    [
                        27.650054,
                        60.931911,
                        86
                    ],
                    [
                        27.651146,
                        60.932115,
                        85.9
                    ],
                    [
                        27.667871,
                        60.93501,
                        79.5
                    ],
                    [
                        27.670339,
                        60.935425,
                        81.1
                    ],
                    [
                        27.672499,
                        60.935765,
                        81
                    ],
                    [
                        27.674283,
                        60.936032,
                        79.3
                    ],
                    [
                        27.677301,
                        60.936411,
                        76.7
                    ],
                    [
                        27.679665,
                        60.936683,
                        76.7
                    ],
                    [
                        27.687344,
                        60.937407,
                        81
                    ],
                    [
                        27.689825,
                        60.937624,
                        80.8
                    ],
                    [
                        27.691863,
                        60.937775,
                        80.3
                    ],
                    [
                        27.694753,
                        60.937933,
                        76.7
                    ],
                    [
                        27.696005,
                        60.937984,
                        74
                    ],
                    [
                        27.699265,
                        60.9381,
                        69
                    ],
                    [
                        27.709787,
                        60.938402,
                        59
                    ],
                    [
                        27.713115,
                        60.938513,
                        57
                    ],
                    [
                        27.714372,
                        60.938559,
                        57
                    ],
                    [
                        27.716436,
                        60.938668,
                        57
                    ],
                    [
                        27.717318,
                        60.93873,
                        58.3
                    ],
                    [
                        27.719759,
                        60.938938,
                        59.2
                    ],
                    [
                        27.721254,
                        60.939087,
                        59.5
                    ],
                    [
                        27.722412,
                        60.939221,
                        60.4
                    ],
                    [
                        27.724217,
                        60.93946,
                        60.4
                    ],
                    [
                        27.737466,
                        60.941368,
                        67.7
                    ],
                    [
                        27.740151,
                        60.941815,
                        64.8
                    ],
                    [
                        27.741435,
                        60.942053,
                        63.9
                    ],
                    [
                        27.744225,
                        60.942631,
                        62.7
                    ],
                    [
                        27.748192,
                        60.943494,
                        57.5
                    ],
                    [
                        27.749215,
                        60.9437,
                        57.4
                    ],
                    [
                        27.75063,
                        60.943955,
                        57.2
                    ],
                    [
                        27.753396,
                        60.944399,
                        57.5
                    ],
                    [
                        27.754766,
                        60.944588,
                        57.6
                    ],
                    [
                        27.756047,
                        60.944739,
                        57.4
                    ],
                    [
                        27.757757,
                        60.944914,
                        57
                    ],
                    [
                        27.761602,
                        60.94523,
                        56
                    ],
                    [
                        27.763821,
                        60.945428,
                        56
                    ],
                    [
                        27.765247,
                        60.945568,
                        56.3
                    ],
                    [
                        27.769163,
                        60.946011,
                        55.8
                    ],
                    [
                        27.771764,
                        60.946349,
                        55.8
                    ],
                    [
                        27.790942,
                        60.948947,
                        57
                    ],
                    [
                        27.792314,
                        60.949165,
                        55.8
                    ],
                    [
                        27.794452,
                        60.949544,
                        55.8
                    ],
                    [
                        27.798253,
                        60.950303,
                        57.7
                    ],
                    [
                        27.800766,
                        60.950757,
                        57.9
                    ],
                    [
                        27.803307,
                        60.951141,
                        58
                    ],
                    [
                        27.807073,
                        60.951663,
                        58.4
                    ],
                    [
                        27.808311,
                        60.951851,
                        58.7
                    ],
                    [
                        27.811145,
                        60.952332,
                        60.4
                    ],
                    [
                        27.814562,
                        60.952983,
                        61.5
                    ],
                    [
                        27.817161,
                        60.953521,
                        61.9
                    ],
                    [
                        27.820464,
                        60.954314,
                        65.7
                    ],
                    [
                        27.821997,
                        60.954703,
                        64.2
                    ],
                    [
                        27.824524,
                        60.9554,
                        61.6
                    ],
                    [
                        27.82597,
                        60.955816,
                        60.9
                    ],
                    [
                        27.827376,
                        60.956245,
                        61
                    ],
                    [
                        27.829975,
                        60.957102,
                        61
                    ],
                    [
                        27.83207,
                        60.957838,
                        61
                    ],
                    [
                        27.839727,
                        60.960608,
                        65.3
                    ],
                    [
                        27.841085,
                        60.961067,
                        66.4
                    ],
                    [
                        27.842378,
                        60.961465,
                        66.4
                    ],
                    [
                        27.848256,
                        60.963156,
                        78.5
                    ],
                    [
                        27.849995,
                        60.963678,
                        78.2
                    ],
                    [
                        27.852336,
                        60.964467,
                        72.8
                    ],
                    [
                        27.853014,
                        60.964716,
                        72.4
                    ],
                    [
                        27.854933,
                        60.96548,
                        70.6
                    ],
                    [
                        27.855989,
                        60.965926,
                        70.8
                    ],
                    [
                        27.857668,
                        60.9667,
                        72.7
                    ],
                    [
                        27.85944,
                        60.967606,
                        74.5
                    ],
                    [
                        27.860991,
                        60.968488,
                        76.6
                    ],
                    [
                        27.862016,
                        60.969121,
                        78.4
                    ],
                    [
                        27.863108,
                        60.969843,
                        80.1
                    ],
                    [
                        27.864121,
                        60.970555,
                        82.4
                    ],
                    [
                        27.865553,
                        60.971613,
                        86
                    ],
                    [
                        27.866477,
                        60.972295,
                        86
                    ],
                    [
                        27.868108,
                        60.97349,
                        84
                    ],
                    [
                        27.869864,
                        60.97471,
                        84
                    ],
                    [
                        27.870888,
                        60.975337,
                        84
                    ],
                    [
                        27.871814,
                        60.975871,
                        84
                    ],
                    [
                        27.873309,
                        60.976677,
                        84.9
                    ],
                    [
                        27.874322,
                        60.977201,
                        85.8
                    ],
                    [
                        27.875255,
                        60.977658,
                        85.9
                    ],
                    [
                        27.87624,
                        60.978113,
                        85.9
                    ],
                    [
                        27.877532,
                        60.978658,
                        86
                    ],
                    [
                        27.878645,
                        60.979107,
                        89
                    ],
                    [
                        27.881089,
                        60.980035,
                        90
                    ],
                    [
                        27.88509,
                        60.981286,
                        91
                    ],
                    [
                        27.89011,
                        60.982678,
                        95
                    ],
                    [
                        27.892868,
                        60.983437,
                        98
                    ],
                    [
                        27.894342,
                        60.983818,
                        97.7
                    ],
                    [
                        27.897321,
                        60.984503,
                        96.4
                    ],
                    [
                        27.89992,
                        60.985041,
                        92.8
                    ],
                    [
                        27.903552,
                        60.985696,
                        94.1
                    ],
                    [
                        27.90535,
                        60.986036,
                        94
                    ],
                    [
                        27.906104,
                        60.986215,
                        94
                    ],
                    [
                        27.906566,
                        60.986313,
                        95
                    ],
                    [
                        27.908934,
                        60.986867,
                        94.4
                    ],
                    [
                        27.911409,
                        60.987555,
                        98.7
                    ],
                    [
                        27.913529,
                        60.988211,
                        97.6
                    ],
                    [
                        27.915268,
                        60.988809,
                        96
                    ],
                    [
                        27.915802,
                        60.988995,
                        96
                    ],
                    [
                        27.91846,
                        60.990025,
                        96.7
                    ],
                    [
                        27.928266,
                        60.99399,
                        100
                    ],
                    [
                        27.929332,
                        60.994446,
                        99.3
                    ],
                    [
                        27.930877,
                        60.995155,
                        98.5
                    ],
                    [
                        27.933167,
                        60.996266,
                        99.1
                    ],
                    [
                        27.940696,
                        61.000021,
                        95.5
                    ],
                    [
                        27.94275,
                        61.001006,
                        94
                    ],
                    [
                        27.944962,
                        61.001973,
                        93
                    ],
                    [
                        27.947203,
                        61.002857,
                        92.2
                    ],
                    [
                        27.948354,
                        61.003276,
                        92.1
                    ],
                    [
                        27.950963,
                        61.004149,
                        93.7
                    ],
                    [
                        27.953304,
                        61.004844,
                        93.6
                    ],
                    [
                        27.963845,
                        61.007736,
                        96
                    ],
                    [
                        27.966219,
                        61.008359,
                        95.9
                    ],
                    [
                        27.969138,
                        61.009065,
                        93.7
                    ],
                    [
                        27.972252,
                        61.009753,
                        94.5
                    ],
                    [
                        27.973701,
                        61.010035,
                        96.5
                    ],
                    [
                        27.975394,
                        61.010345,
                        97.8
                    ],
                    [
                        27.97733,
                        61.010672,
                        97.6
                    ],
                    [
                        27.980336,
                        61.01112,
                        97.2
                    ],
                    [
                        27.986338,
                        61.011983,
                        97.9
                    ],
                    [
                        27.987575,
                        61.012187,
                        98.2
                    ],
                    [
                        27.988762,
                        61.012399,
                        98.6
                    ],
                    [
                        27.990879,
                        61.012846,
                        98.9
                    ],
                    [
                        27.993165,
                        61.01341,
                        98.4
                    ],
                    [
                        27.994533,
                        61.013807,
                        99.3
                    ],
                    [
                        27.996765,
                        61.014536,
                        102.1
                    ],
                    [
                        28.004686,
                        61.017442,
                        96
                    ],
                    [
                        28.009279,
                        61.019151,
                        99.4
                    ],
                    [
                        28.01119,
                        61.019833,
                        97.3
                    ],
                    [
                        28.012058,
                        61.020124,
                        97.9
                    ],
                    [
                        28.013022,
                        61.020419,
                        97.9
                    ],
                    [
                        28.014209,
                        61.020754,
                        99.2
                    ],
                    [
                        28.015317,
                        61.021036,
                        98
                    ],
                    [
                        28.016385,
                        61.021283,
                        96.5
                    ],
                    [
                        28.018025,
                        61.021628,
                        96.3
                    ],
                    [
                        28.029027,
                        61.023832,
                        107
                    ],
                    [
                        28.037487,
                        61.025499,
                        111
                    ],
                    [
                        28.040398,
                        61.026087,
                        110
                    ],
                    [
                        28.04145,
                        61.026298,
                        110
                    ],
                    [
                        28.044568,
                        61.026899,
                        109.5
                    ],
                    [
                        28.047078,
                        61.027328,
                        107.8
                    ],
                    [
                        28.049166,
                        61.027632,
                        103.6
                    ],
                    [
                        28.050596,
                        61.027805,
                        101.3
                    ],
                    [
                        28.051976,
                        61.027947,
                        99
                    ],
                    [
                        28.052983,
                        61.028042,
                        100
                    ],
                    [
                        28.055011,
                        61.028204,
                        101.7
                    ],
                    [
                        28.056651,
                        61.028278,
                        101.6
                    ],
                    [
                        28.058621,
                        61.02834,
                        101.6
                    ],
                    [
                        28.063551,
                        61.028423,
                        94.1
                    ],
                    [
                        28.066141,
                        61.02855,
                        93
                    ],
                    [
                        28.067531,
                        61.028658,
                        95.3
                    ],
                    [
                        28.06977,
                        61.028885,
                        99.7
                    ],
                    [
                        28.071068,
                        61.029054,
                        101.5
                    ],
                    [
                        28.072362,
                        61.029243,
                        100.6
                    ],
                    [
                        28.074952,
                        61.029686,
                        97
                    ],
                    [
                        28.076523,
                        61.030028,
                        96.3
                    ],
                    [
                        28.078211,
                        61.030418,
                        96.3
                    ],
                    [
                        28.082516,
                        61.03145,
                        92
                    ],
                    [
                        28.084975,
                        61.03198,
                        90
                    ],
                    [
                        28.086157,
                        61.032208,
                        87
                    ],
                    [
                        28.087069,
                        61.032386,
                        87
                    ],
                    [
                        28.08921,
                        61.032756,
                        86.2
                    ],
                    [
                        28.091334,
                        61.033075,
                        86.4
                    ],
                    [
                        28.094529,
                        61.03349,
                        88.2
                    ],
                    [
                        28.096541,
                        61.033733,
                        88.2
                    ],
                    [
                        28.099477,
                        61.034025,
                        92
                    ],
                    [
                        28.100883,
                        61.034131,
                        91.7
                    ],
                    [
                        28.104217,
                        61.034324,
                        86
                    ],
                    [
                        28.109422,
                        61.034597,
                        82
                    ],
                    [
                        28.111683,
                        61.034759,
                        87
                    ],
                    [
                        28.113906,
                        61.034952,
                        93.3
                    ],
                    [
                        28.11618,
                        61.035182,
                        96.1
                    ],
                    [
                        28.118545,
                        61.035453,
                        96
                    ],
                    [
                        28.12011,
                        61.035656,
                        97.3
                    ],
                    [
                        28.122481,
                        61.035995,
                        95.8
                    ],
                    [
                        28.123993,
                        61.036238,
                        93
                    ],
                    [
                        28.124482,
                        61.03632,
                        93
                    ],
                    [
                        28.125344,
                        61.036465,
                        95
                    ],
                    [
                        28.135974,
                        61.038231,
                        106
                    ],
                    [
                        28.138593,
                        61.038623,
                        106
                    ],
                    [
                        28.141828,
                        61.039064,
                        105
                    ],
                    [
                        28.144906,
                        61.039446,
                        107
                    ],
                    [
                        28.159996,
                        61.041131,
                        107
                    ],
                    [
                        28.160824,
                        61.041221,
                        104
                    ],
                    [
                        28.162671,
                        61.041424,
                        104.5
                    ],
                    [
                        28.164095,
                        61.041554,
                        105
                    ],
                    [
                        28.165705,
                        61.041664,
                        104
                    ],
                    [
                        28.166918,
                        61.041729,
                        100.8
                    ],
                    [
                        28.168389,
                        61.041773,
                        98.5
                    ],
                    [
                        28.170168,
                        61.041781,
                        94.9
                    ],
                    [
                        28.172388,
                        61.041741,
                        89.7
                    ],
                    [
                        28.175035,
                        61.041631,
                        86.9
                    ],
                    [
                        28.177084,
                        61.041512,
                        87
                    ],
                    [
                        28.180978,
                        61.041327,
                        74.3
                    ],
                    [
                        28.182712,
                        61.041281,
                        71.7
                    ],
                    [
                        28.185203,
                        61.041299,
                        68.8
                    ],
                    [
                        28.186525,
                        61.041337,
                        67.8
                    ],
                    [
                        28.187824,
                        61.041401,
                        67.5
                    ],
                    [
                        28.189089,
                        61.041508,
                        67.3
                    ],
                    [
                        28.190285,
                        61.041643,
                        67.2
                    ],
                    [
                        28.19128,
                        61.041776,
                        67.2
                    ],
                    [
                        28.200915,
                        61.043194,
                        66
                    ],
                    [
                        28.201617,
                        61.043301,
                        66
                    ],
                    [
                        28.201809,
                        61.043332,
                        66
                    ],
                    [
                        28.210846,
                        61.044644,
                        68
                    ],
                    [
                        28.21262,
                        61.044907,
                        64
                    ],
                    [
                        28.221531,
                        61.046211,
                        68
                    ],
                    [
                        28.222157,
                        61.046303,
                        68
                    ],
                    [
                        28.233272,
                        61.047931,
                        70.7
                    ],
                    [
                        28.234671,
                        61.048163,
                        70.3
                    ],
                    [
                        28.235656,
                        61.048346,
                        69.7
                    ],
                    [
                        28.237174,
                        61.048665,
                        69.3
                    ],
                    [
                        28.237782,
                        61.04881,
                        68.9
                    ],
                    [
                        28.240151,
                        61.049434,
                        68.9
                    ],
                    [
                        28.245405,
                        61.050958,
                        77
                    ],
                    [
                        28.249573,
                        61.052145,
                        74
                    ],
                    [
                        28.250877,
                        61.052511,
                        77
                    ],
                    [
                        28.265886,
                        61.056814,
                        69
                    ],
                    [
                        28.275904,
                        61.059679,
                        76
                    ],
                    [
                        28.276553,
                        61.059873,
                        76
                    ],
                    [
                        28.278087,
                        61.060326,
                        78.9
                    ],
                    [
                        28.279126,
                        61.060659,
                        78.7
                    ],
                    [
                        28.280144,
                        61.061008,
                        77.9
                    ],
                    [
                        28.281402,
                        61.061479,
                        76
                    ],
                    [
                        28.282786,
                        61.062024,
                        77.3
                    ],
                    [
                        28.2855,
                        61.06314,
                        77
                    ],
                    [
                        28.287839,
                        61.064075,
                        79
                    ],
                    [
                        28.294616,
                        61.066848,
                        77.2
                    ],
                    [
                        28.295792,
                        61.067305,
                        77.5
                    ],
                    [
                        28.297852,
                        61.068044,
                        77.2
                    ],
                    [
                        28.298922,
                        61.068392,
                        80.2
                    ],
                    [
                        28.300327,
                        61.068831,
                        80.2
                    ],
                    [
                        28.302856,
                        61.069574,
                        88
                    ],
                    [
                        28.303779,
                        61.069836,
                        88
                    ],
                    [
                        28.308831,
                        61.071307,
                        71
                    ],
                    [
                        28.311722,
                        61.072171,
                        69
                    ],
                    [
                        28.312485,
                        61.072403,
                        66
                    ],
                    [
                        28.315104,
                        61.073227,
                        66
                    ],
                    [
                        28.315806,
                        61.073464,
                        66
                    ],
                    [
                        28.32581,
                        61.076847,
                        64
                    ],
                    [
                        28.335583,
                        61.080182,
                        72
                    ],
                    [
                        28.336127,
                        61.080365,
                        72
                    ],
                    [
                        28.340414,
                        61.081828,
                        83
                    ],
                    [
                        28.341343,
                        61.082147,
                        83
                    ],
                    [
                        28.350391,
                        61.085267,
                        85.5
                    ],
                    [
                        28.351403,
                        61.085643,
                        85.9
                    ],
                    [
                        28.352613,
                        61.086111,
                        86.6
                    ],
                    [
                        28.353334,
                        61.086413,
                        87.6
                    ],
                    [
                        28.354833,
                        61.087084,
                        93.2
                    ],
                    [
                        28.356386,
                        61.087831,
                        101
                    ],
                    [
                        28.357844,
                        61.088545,
                        101
                    ],
                    [
                        28.360857,
                        61.09004,
                        100
                    ],
                    [
                        28.362656,
                        61.090928,
                        101
                    ],
                    [
                        28.362774,
                        61.090987,
                        101
                    ],
                    [
                        28.363242,
                        61.091221,
                        101
                    ],
                    [
                        28.366347,
                        61.092766,
                        100
                    ],
                    [
                        28.367028,
                        61.093095,
                        102
                    ],
                    [
                        28.367681,
                        61.093401,
                        105
                    ],
                    [
                        28.368718,
                        61.09385,
                        105.8
                    ],
                    [
                        28.369642,
                        61.094228,
                        105.9
                    ],
                    [
                        28.371001,
                        61.094742,
                        105.3
                    ],
                    [
                        28.372416,
                        61.095204,
                        104.6
                    ],
                    [
                        28.373933,
                        61.09564,
                        104.4
                    ],
                    [
                        28.374747,
                        61.09585,
                        104.6
                    ],
                    [
                        28.376542,
                        61.09627,
                        105.1
                    ],
                    [
                        28.377342,
                        61.09644,
                        105.5
                    ],
                    [
                        28.385102,
                        61.097886,
                        101
                    ],
                    [
                        28.406835,
                        61.101902,
                        106
                    ],
                    [
                        28.445182,
                        61.108927,
                        112
                    ],
                    [
                        28.446702,
                        61.109206,
                        114
                    ],
                    [
                        28.453353,
                        61.110366,
                        99
                    ],
                    [
                        28.454277,
                        61.110533,
                        102
                    ],
                    [
                        28.460343,
                        61.111641,
                        110
                    ],
                    [
                        28.463591,
                        61.11227,
                        110
                    ],
                    [
                        28.473164,
                        61.114032,
                        106
                    ],
                    [
                        28.474366,
                        61.114269,
                        107
                    ],
                    [
                        28.476063,
                        61.114631,
                        109
                    ],
                    [
                        28.477459,
                        61.114939,
                        109
                    ],
                    [
                        28.478479,
                        61.115187,
                        109
                    ],
                    [
                        28.480642,
                        61.115778,
                        108
                    ],
                    [
                        28.483292,
                        61.116603,
                        109
                    ],
                    [
                        28.483958,
                        61.116819,
                        109
                    ],
                    [
                        28.486747,
                        61.117702,
                        105
                    ],
                    [
                        28.495864,
                        61.120582,
                        103.5
                    ],
                    [
                        28.497831,
                        61.121219,
                        103.1
                    ],
                    [
                        28.499646,
                        61.121854,
                        103
                    ],
                    [
                        28.500854,
                        61.122318,
                        105
                    ],
                    [
                        28.501403,
                        61.122541,
                        105
                    ],
                    [
                        28.503264,
                        61.123346,
                        105.9
                    ],
                    [
                        28.504341,
                        61.123788,
                        107
                    ],
                    [
                        28.505049,
                        61.124066,
                        106.3
                    ],
                    [
                        28.506988,
                        61.124755,
                        104
                    ],
                    [
                        28.507778,
                        61.125013,
                        98
                    ],
                    [
                        28.50998,
                        61.12566,
                        96.7
                    ],
                    [
                        28.51375,
                        61.126637,
                        91
                    ],
                    [
                        28.514583,
                        61.126869,
                        88
                    ],
                    [
                        28.516516,
                        61.127394,
                        92.7
                    ],
                    [
                        28.520253,
                        61.12834,
                        95.9
                    ],
                    [
                        28.522514,
                        61.128842,
                        95.9
                    ],
                    [
                        28.5295,
                        61.130213,
                        103
                    ],
                    [
                        28.53101,
                        61.130522,
                        102.3
                    ],
                    [
                        28.532386,
                        61.130816,
                        102.3
                    ],
                    [
                        28.534729,
                        61.131386,
                        103.4
                    ],
                    [
                        28.536072,
                        61.131736,
                        103.4
                    ],
                    [
                        28.582492,
                        61.144317,
                        107.3
                    ],
                    [
                        28.585121,
                        61.144998,
                        105.5
                    ],
                    [
                        28.586342,
                        61.145284,
                        106.1
                    ],
                    [
                        28.588634,
                        61.145785,
                        108.4
                    ],
                    [
                        28.590054,
                        61.146066,
                        109.1
                    ],
                    [
                        28.593645,
                        61.146689,
                        108
                    ],
                    [
                        28.595986,
                        61.147041,
                        106.3
                    ],
                    [
                        28.598285,
                        61.147331,
                        104.6
                    ],
                    [
                        28.600915,
                        61.147619,
                        102.5
                    ],
                    [
                        28.604439,
                        61.147968,
                        101.8
                    ],
                    [
                        28.610013,
                        61.148547,
                        105.2
                    ],
                    [
                        28.610848,
                        61.148652,
                        105.7
                    ],
                    [
                        28.612461,
                        61.148894,
                        107
                    ],
                    [
                        28.613389,
                        61.149059,
                        106.8
                    ],
                    [
                        28.614756,
                        61.149334,
                        106
                    ],
                    [
                        28.615504,
                        61.149506,
                        106
                    ],
                    [
                        28.616217,
                        61.149683,
                        106
                    ],
                    [
                        28.617118,
                        61.149931,
                        106
                    ],
                    [
                        28.619869,
                        61.150754,
                        106
                    ],
                    [
                        28.62311,
                        61.151728,
                        103
                    ],
                    [
                        28.625026,
                        61.152343,
                        103.7
                    ],
                    [
                        28.625904,
                        61.152642,
                        103.8
                    ],
                    [
                        28.626741,
                        61.15294,
                        103.8
                    ],
                    [
                        28.628936,
                        61.153786,
                        100
                    ],
                    [
                        28.631291,
                        61.154702,
                        94
                    ],
                    [
                        28.632711,
                        61.155234,
                        91.2
                    ],
                    [
                        28.634179,
                        61.155739,
                        91.1
                    ],
                    [
                        28.635922,
                        61.156277,
                        93.2
                    ],
                    [
                        28.637736,
                        61.156766,
                        93
                    ],
                    [
                        28.64046,
                        61.157413,
                        92
                    ],
                    [
                        28.653162,
                        61.160336,
                        103
                    ],
                    [
                        28.653914,
                        61.160503,
                        103
                    ],
                    [
                        28.655972,
                        61.160965,
                        105
                    ],
                    [
                        28.660373,
                        61.161979,
                        103
                    ],
                    [
                        28.663041,
                        61.162566,
                        105
                    ],
                    [
                        28.674178,
                        61.164939,
                        85.7
                    ],
                    [
                        28.67567,
                        61.165234,
                        79.2
                    ],
                    [
                        28.679006,
                        61.165854,
                        71.5
                    ],
                    [
                        28.681275,
                        61.166335,
                        73.8
                    ],
                    [
                        28.68231,
                        61.166582,
                        75.9
                    ],
                    [
                        28.683441,
                        61.166873,
                        74.5
                    ],
                    [
                        28.684497,
                        61.167165,
                        73.7
                    ],
                    [
                        28.686684,
                        61.167834,
                        71.1
                    ],
                    [
                        28.68794,
                        61.168248,
                        69.7
                    ],
                    [
                        28.690717,
                        61.169227,
                        71
                    ],
                    [
                        28.692215,
                        61.169758,
                        68
                    ],
                    [
                        28.700065,
                        61.172552,
                        75
                    ],
                    [
                        28.70298,
                        61.17358,
                        85
                    ],
                    [
                        28.708094,
                        61.175397,
                        76.4
                    ],
                    [
                        28.709329,
                        61.175813,
                        76.1
                    ],
                    [
                        28.71035,
                        61.176137,
                        76.6
                    ],
                    [
                        28.711429,
                        61.176453,
                        76.7
                    ],
                    [
                        28.712786,
                        61.176824,
                        74.6
                    ],
                    [
                        28.729765,
                        61.181291,
                        56
                    ],
                    [
                        28.731812,
                        61.181825,
                        55
                    ],
                    [
                        28.73333,
                        61.182222,
                        56
                    ],
                    [
                        28.746653,
                        61.185731,
                        66
                    ],
                    [
                        28.751669,
                        61.187046,
                        82
                    ],
                    [
                        28.76239,
                        61.189867,
                        74
                    ],
                    [
                        28.76315,
                        61.190063,
                        74
                    ],
                    [
                        28.765348,
                        61.190644,
                        78
                    ],
                    [
                        28.767419,
                        61.191222,
                        82.7
                    ],
                    [
                        28.768541,
                        61.191556,
                        86.6
                    ],
                    [
                        28.76984,
                        61.191965,
                        84.5
                    ],
                    [
                        28.771744,
                        61.192598,
                        81
                    ],
                    [
                        28.772147,
                        61.19273,
                        81
                    ],
                    [
                        28.772866,
                        61.192965,
                        76
                    ],
                    [
                        28.774688,
                        61.193561,
                        76
                    ],
                    [
                        28.775751,
                        61.193902,
                        76
                    ],
                    [
                        28.778799,
                        61.194912,
                        75.3
                    ],
                    [
                        28.784115,
                        61.196672,
                        74
                    ],
                    [
                        28.785338,
                        61.197067,
                        74
                    ],
                    [
                        28.787118,
                        61.197649,
                        75
                    ],
                    [
                        28.788025,
                        61.197923,
                        75.7
                    ],
                    [
                        28.788707,
                        61.198105,
                        76
                    ],
                    [
                        28.789464,
                        61.198296,
                        76
                    ],
                    [
                        28.790675,
                        61.198571,
                        77.5
                    ],
                    [
                        28.791871,
                        61.198792,
                        77.9
                    ],
                    [
                        28.793085,
                        61.198988,
                        79
                    ],
                    [
                        28.794951,
                        61.19923,
                        86.2
                    ],
                    [
                        28.796138,
                        61.199363,
                        88.4
                    ],
                    [
                        28.798729,
                        61.199557,
                        87
                    ],
                    [
                        28.800106,
                        61.199621,
                        83.9
                    ],
                    [
                        28.80391,
                        61.199746,
                        74.6
                    ],
                    [
                        28.805117,
                        61.199805,
                        72.6
                    ],
                    [
                        28.807393,
                        61.19995,
                        69.4
                    ],
                    [
                        28.809286,
                        61.200103,
                        66
                    ],
                    [
                        28.811702,
                        61.200348,
                        62
                    ],
                    [
                        28.814581,
                        61.200727,
                        67
                    ],
                    [
                        28.821597,
                        61.201883,
                        67
                    ],
                    [
                        28.829969,
                        61.203555,
                        67
                    ],
                    [
                        28.833524,
                        61.204319,
                        68.7
                    ],
                    [
                        28.835598,
                        61.2048,
                        68.6
                    ],
                    [
                        28.837568,
                        61.205318,
                        69.9
                    ],
                    [
                        28.838451,
                        61.205567,
                        70.2
                    ],
                    [
                        28.839849,
                        61.206037,
                        68.1
                    ],
                    [
                        28.840763,
                        61.20639,
                        65.3
                    ],
                    [
                        28.841706,
                        61.206785,
                        63.6
                    ],
                    [
                        28.84248,
                        61.207145,
                        62.6
                    ],
                    [
                        28.843049,
                        61.207443,
                        62.4
                    ],
                    [
                        28.844402,
                        61.208269,
                        62.6
                    ],
                    [
                        28.844897,
                        61.208623,
                        62.6
                    ],
                    [
                        28.845807,
                        61.209373,
                        62.8
                    ],
                    [
                        28.846338,
                        61.209901,
                        63.7
                    ],
                    [
                        28.846805,
                        61.210407,
                        64.4
                    ],
                    [
                        28.847055,
                        61.210727,
                        64.7
                    ],
                    [
                        28.84753,
                        61.211429,
                        65
                    ],
                    [
                        28.847975,
                        61.212366,
                        65.6
                    ],
                    [
                        28.848106,
                        61.212875,
                        65.8
                    ],
                    [
                        28.848235,
                        61.213693,
                        65.8
                    ],
                    [
                        28.848256,
                        61.214595,
                        65.9
                    ],
                    [
                        28.848224,
                        61.215359,
                        66
                    ],
                    [
                        28.848165,
                        61.216031,
                        66
                    ],
                    [
                        28.848049,
                        61.216835,
                        66
                    ],
                    [
                        28.847451,
                        61.219177,
                        72.1
                    ],
                    [
                        28.847363,
                        61.21973,
                        72.5
                    ],
                    [
                        28.847356,
                        61.220375,
                        73
                    ],
                    [
                        28.847378,
                        61.220845,
                        72.4
                    ],
                    [
                        28.847419,
                        61.221101,
                        72.3
                    ],
                    [
                        28.847529,
                        61.22156,
                        72.1
                    ],
                    [
                        28.847779,
                        61.222151,
                        71.8
                    ],
                    [
                        28.84845,
                        61.223297,
                        71.8
                    ],
                    [
                        28.849609,
                        61.224661,
                        72
                    ],
                    [
                        28.851933,
                        61.226745,
                        70
                    ],
                    [
                        28.854156,
                        61.228348,
                        69
                    ],
                    [
                        28.857634,
                        61.230651,
                        77
                    ],
                    [
                        28.860014,
                        61.232355,
                        80
                    ],
                    [
                        28.861174,
                        61.233238,
                        84.7
                    ],
                    [
                        28.862249,
                        61.234094,
                        84.6
                    ],
                    [
                        28.863363,
                        61.235039,
                        88.2
                    ],
                    [
                        28.864371,
                        61.235959,
                        88.2
                    ],
                    [
                        28.86626,
                        61.237797,
                        99
                    ],
                    [
                        28.868491,
                        61.240233,
                        102
                    ],
                    [
                        28.873469,
                        61.246365,
                        103
                    ],
                    [
                        28.875658,
                        61.248987,
                        113
                    ],
                    [
                        28.876817,
                        61.250287,
                        117.5
                    ],
                    [
                        28.877976,
                        61.251402,
                        117.2
                    ],
                    [
                        28.878297,
                        61.251681,
                        117
                    ],
                    [
                        28.879044,
                        61.252214,
                        109
                    ],
                    [
                        28.879489,
                        61.25249,
                        109.4
                    ],
                    [
                        28.88043,
                        61.252964,
                        109.9
                    ],
                    [
                        28.880831,
                        61.253106,
                        110
                    ],
                    [
                        28.881324,
                        61.253253,
                        110.5
                    ],
                    [
                        28.881767,
                        61.253355,
                        110.7
                    ],
                    [
                        28.882334,
                        61.253457,
                        110.6
                    ],
                    [
                        28.883513,
                        61.253624,
                        110.3
                    ],
                    [
                        28.883841,
                        61.253686,
                        110.2
                    ],
                    [
                        28.884358,
                        61.253821,
                        110
                    ],
                    [
                        28.885173,
                        61.254122,
                        107
                    ],
                    [
                        28.885395,
                        61.253989,
                        108.6
                    ],
                    [
                        28.885173,
                        61.254122,
                        107
                    ],
                    [
                        28.885029,
                        61.254216,
                        107
                    ],
                    [
                        28.884398,
                        61.254634,
                        107
                    ],
                    [
                        28.884057,
                        61.254893,
                        107
                    ],
                    [
                        28.883714,
                        61.255215,
                        107
                    ],
                    [
                        28.88314,
                        61.255832,
                        100
                    ],
                    [
                        28.883122,
                        61.25591,
                        104.2
                    ],
                    [
                        28.882718,
                        61.256589,
                        107
                    ],
                    [
                        28.882575,
                        61.256831,
                        107
                    ],
                    [
                        28.882466,
                        61.257087,
                        107
                    ],
                    [
                        28.882248,
                        61.257733,
                        105
                    ],
                    [
                        28.882059,
                        61.258643,
                        100
                    ],
                    [
                        28.881851,
                        61.259459,
                        100
                    ],
                    [
                        28.881825,
                        61.259526,
                        100
                    ],
                    [
                        28.881777,
                        61.259679,
                        100
                    ],
                    [
                        28.881614,
                        61.260096,
                        95.7
                    ],
                    [
                        28.881282,
                        61.260731,
                        95.2
                    ],
                    [
                        28.881038,
                        61.261004,
                        90
                    ],
                    [
                        28.879793,
                        61.263115,
                        96
                    ],
                    [
                        28.879254,
                        61.263964,
                        95.7
                    ],
                    [
                        28.878991,
                        61.264323,
                        95
                    ],
                    [
                        28.877288,
                        61.266601,
                        90.4
                    ],
                    [
                        28.876649,
                        61.267267,
                        86.8
                    ],
                    [
                        28.875979,
                        61.267903,
                        84.3
                    ],
                    [
                        28.874742,
                        61.269011,
                        84.3
                    ],
                    [
                        28.87187,
                        61.271513,
                        80
                    ],
                    [
                        28.871264,
                        61.272011,
                        78.8
                    ],
                    [
                        28.870578,
                        61.272537,
                        78.2
                    ],
                    [
                        28.869749,
                        61.273098,
                        77.2
                    ],
                    [
                        28.868637,
                        61.273712,
                        78.3
                    ],
                    [
                        28.867678,
                        61.274167,
                        79.4
                    ],
                    [
                        28.866759,
                        61.274548,
                        80
                    ],
                    [
                        28.865793,
                        61.274905,
                        98.8
                    ],
                    [
                        28.864865,
                        61.275197,
                        98.2
                    ],
                    [
                        28.863986,
                        61.275437,
                        100.7
                    ],
                    [
                        28.862908,
                        61.275692,
                        103
                    ],
                    [
                        28.862189,
                        61.275846,
                        95
                    ],
                    [
                        28.860876,
                        61.276128,
                        95
                    ],
                    [
                        28.860774,
                        61.276148,
                        95
                    ],
                    [
                        28.852911,
                        61.277812,
                        72.9
                    ],
                    [
                        28.852115,
                        61.278027,
                        71.8
                    ],
                    [
                        28.85163,
                        61.278193,
                        71.3
                    ],
                    [
                        28.851295,
                        61.278329,
                        73.1
                    ],
                    [
                        28.850649,
                        61.278686,
                        74.1
                    ],
                    [
                        28.850225,
                        61.279012,
                        74.7
                    ],
                    [
                        28.849907,
                        61.279364,
                        78.2
                    ],
                    [
                        28.849275,
                        61.280301,
                        85
                    ],
                    [
                        28.848739,
                        61.281035,
                        87.3
                    ],
                    [
                        28.848446,
                        61.281338,
                        88.5
                    ],
                    [
                        28.848174,
                        61.281594,
                        89
                    ],
                    [
                        28.84785,
                        61.281852,
                        89
                    ],
                    [
                        28.847329,
                        61.282212,
                        93
                    ],
                    [
                        28.846606,
                        61.282659,
                        93
                    ],
                    [
                        28.844805,
                        61.28383,
                        96
                    ],
                    [
                        28.844058,
                        61.284337,
                        93.2
                    ],
                    [
                        28.843659,
                        61.284681,
                        92.6
                    ],
                    [
                        28.843297,
                        61.285088,
                        91
                    ],
                    [
                        28.843009,
                        61.285512,
                        84
                    ],
                    [
                        28.842904,
                        61.285629,
                        84
                    ],
                    [
                        28.842858,
                        61.285693,
                        84
                    ],
                    [
                        28.841429,
                        61.287641,
                        79
                    ],
                    [
                        28.841283,
                        61.287871,
                        78
                    ],
                    [
                        28.841152,
                        61.288077,
                        78
                    ],
                    [
                        28.841001,
                        61.288428,
                        78
                    ],
                    [
                        28.840926,
                        61.288741,
                        78
                    ],
                    [
                        28.840872,
                        61.289171,
                        78
                    ],
                    [
                        28.840873,
                        61.289264,
                        78
                    ],
                    [
                        28.840742,
                        61.290046,
                        87.6
                    ],
                    [
                        28.840643,
                        61.290379,
                        87.1
                    ],
                    [
                        28.84048,
                        61.290767,
                        88.7
                    ],
                    [
                        28.840237,
                        61.291165,
                        90
                    ],
                    [
                        28.840044,
                        61.291419,
                        94
                    ],
                    [
                        28.839649,
                        61.291838,
                        95
                    ],
                    [
                        28.839149,
                        61.292294,
                        95
                    ],
                    [
                        28.838685,
                        61.292613,
                        95
                    ],
                    [
                        28.83789,
                        61.293056,
                        95
                    ],
                    [
                        28.834784,
                        61.294374,
                        82
                    ],
                    [
                        28.830415,
                        61.296031,
                        95
                    ],
                    [
                        28.824484,
                        61.298353,
                        105
                    ],
                    [
                        28.823047,
                        61.298906,
                        106.5
                    ],
                    [
                        28.822215,
                        61.299189,
                        108.1
                    ],
                    [
                        28.82161,
                        61.299359,
                        108.2
                    ],
                    [
                        28.81817,
                        61.300227,
                        93
                    ],
                    [
                        28.81795,
                        61.300289,
                        93
                    ],
                    [
                        28.817319,
                        61.300479,
                        92.7
                    ],
                    [
                        28.816944,
                        61.30062,
                        92.6
                    ],
                    [
                        28.816534,
                        61.300801,
                        92.6
                    ],
                    [
                        28.815747,
                        61.301225,
                        92.4
                    ],
                    [
                        28.814628,
                        61.301911,
                        92
                    ],
                    [
                        28.814391,
                        61.302056,
                        104
                    ],
                    [
                        28.813098,
                        61.302827,
                        100.8
                    ],
                    [
                        28.811486,
                        61.303687,
                        96
                    ],
                    [
                        28.80787,
                        61.305599,
                        84
                    ],
                    [
                        28.805256,
                        61.307012,
                        84.3
                    ],
                    [
                        28.804502,
                        61.307395,
                        83.1
                    ],
                    [
                        28.803611,
                        61.307783,
                        83.1
                    ],
                    [
                        28.801456,
                        61.308658,
                        82.4
                    ],
                    [
                        28.800453,
                        61.309146,
                        82
                    ],
                    [
                        28.799386,
                        61.309793,
                        80.4
                    ],
                    [
                        28.798265,
                        61.310541,
                        78
                    ],
                    [
                        28.79615,
                        61.311912,
                        78
                    ],
                    [
                        28.795872,
                        61.312125,
                        78
                    ],
                    [
                        28.795707,
                        61.312245,
                        78
                    ],
                    [
                        28.795131,
                        61.312709,
                        78.8
                    ],
                    [
                        28.794816,
                        61.313007,
                        78.8
                    ],
                    [
                        28.794427,
                        61.313426,
                        78.8
                    ],
                    [
                        28.794105,
                        61.313881,
                        78.9
                    ],
                    [
                        28.793534,
                        61.314958,
                        79
                    ],
                    [
                        28.792824,
                        61.31576,
                        79
                    ],
                    [
                        28.790931,
                        61.317391,
                        90
                    ],
                    [
                        28.790699,
                        61.317608,
                        90
                    ],
                    [
                        28.790398,
                        61.317996,
                        89.5
                    ],
                    [
                        28.790088,
                        61.318525,
                        89.3
                    ],
                    [
                        28.789817,
                        61.319298,
                        89.4
                    ],
                    [
                        28.788453,
                        61.324118,
                        101
                    ],
                    [
                        28.788289,
                        61.324669,
                        101
                    ],
                    [
                        28.788014,
                        61.325609,
                        93
                    ],
                    [
                        28.786342,
                        61.329718,
                        86
                    ],
                    [
                        28.786307,
                        61.329794,
                        86
                    ],
                    [
                        28.785861,
                        61.330815,
                        86
                    ],
                    [
                        28.78526,
                        61.332281,
                        82.6
                    ],
                    [
                        28.785043,
                        61.332984,
                        83.1
                    ],
                    [
                        28.784981,
                        61.33331,
                        82.8
                    ],
                    [
                        28.784763,
                        61.3356,
                        95
                    ],
                    [
                        28.784711,
                        61.335883,
                        95
                    ],
                    [
                        28.784478,
                        61.336451,
                        94.3
                    ],
                    [
                        28.783576,
                        61.338186,
                        91
                    ],
                    [
                        28.783214,
                        61.338715,
                        91
                    ],
                    [
                        28.782983,
                        61.338975,
                        82.3
                    ],
                    [
                        28.782673,
                        61.339262,
                        82.4
                    ],
                    [
                        28.782269,
                        61.33955,
                        83
                    ],
                    [
                        28.781426,
                        61.340074,
                        81
                    ],
                    [
                        28.781287,
                        61.340145,
                        81
                    ],
                    [
                        28.780502,
                        61.340519,
                        78
                    ],
                    [
                        28.780224,
                        61.340644,
                        78
                    ],
                    [
                        28.779581,
                        61.340933,
                        78
                    ],
                    [
                        28.779136,
                        61.341116,
                        85.5
                    ],
                    [
                        28.778586,
                        61.341314,
                        86.4
                    ],
                    [
                        28.777896,
                        61.341525,
                        86.2
                    ],
                    [
                        28.777417,
                        61.341644,
                        90
                    ],
                    [
                        28.776003,
                        61.341975,
                        105
                    ],
                    [
                        28.775459,
                        61.342127,
                        105
                    ],
                    [
                        28.774859,
                        61.342357,
                        106.9
                    ],
                    [
                        28.774324,
                        61.342624,
                        110
                    ],
                    [
                        28.773894,
                        61.342844,
                        110
                    ],
                    [
                        28.773202,
                        61.343214,
                        110
                    ],
                    [
                        28.772601,
                        61.343529,
                        107
                    ],
                    [
                        28.771224,
                        61.344174,
                        104.7
                    ],
                    [
                        28.770628,
                        61.344421,
                        105
                    ],
                    [
                        28.770377,
                        61.34452,
                        105
                    ],
                    [
                        28.769685,
                        61.344802,
                        105
                    ],
                    [
                        28.768492,
                        61.345281,
                        105
                    ],
                    [
                        28.76831,
                        61.345354,
                        105
                    ],
                    [
                        28.767207,
                        61.345798,
                        102
                    ],
                    [
                        28.765729,
                        61.346399,
                        101
                    ],
                    [
                        28.76472,
                        61.346813,
                        101
                    ],
                    [
                        28.761355,
                        61.348191,
                        87.3
                    ],
                    [
                        28.76056,
                        61.348489,
                        88.8
                    ],
                    [
                        28.759504,
                        61.348845,
                        85
                    ],
                    [
                        28.758624,
                        61.349091,
                        84.2
                    ],
                    [
                        28.757687,
                        61.3493,
                        83.3
                    ],
                    [
                        28.756922,
                        61.34945,
                        82.6
                    ],
                    [
                        28.755425,
                        61.349691,
                        81.3
                    ],
                    [
                        28.751606,
                        61.350259,
                        87.5
                    ],
                    [
                        28.749411,
                        61.350564,
                        87.8
                    ],
                    [
                        28.747418,
                        61.350724,
                        90.8
                    ],
                    [
                        28.738616,
                        61.351111,
                        101.1
                    ],
                    [
                        28.737767,
                        61.351165,
                        100.5
                    ],
                    [
                        28.737167,
                        61.351223,
                        100.4
                    ],
                    [
                        28.73657,
                        61.351297,
                        100.4
                    ],
                    [
                        28.735518,
                        61.351486,
                        100.2
                    ],
                    [
                        28.734776,
                        61.351649,
                        100.1
                    ],
                    [
                        28.733674,
                        61.351953,
                        100.2
                    ],
                    [
                        28.732381,
                        61.352253,
                        99.6
                    ],
                    [
                        28.731527,
                        61.352389,
                        99
                    ],
                    [
                        28.729575,
                        61.352631,
                        98.9
                    ],
                    [
                        28.727954,
                        61.352809,
                        101
                    ],
                    [
                        28.726985,
                        61.352915,
                        101
                    ],
                    [
                        28.726243,
                        61.352997,
                        105
                    ],
                    [
                        28.725767,
                        61.353062,
                        105
                    ],
                    [
                        28.725494,
                        61.353117,
                        105
                    ],
                    [
                        28.725269,
                        61.353162,
                        105
                    ],
                    [
                        28.724474,
                        61.353332,
                        105.7
                    ],
                    [
                        28.72351,
                        61.353632,
                        106
                    ],
                    [
                        28.722738,
                        61.353932,
                        103
                    ],
                    [
                        28.722344,
                        61.354086,
                        115
                    ],
                    [
                        28.722036,
                        61.35424,
                        121
                    ],
                    [
                        28.72179,
                        61.354363,
                        121
                    ],
                    [
                        28.72109,
                        61.35472,
                        121
                    ],
                    [
                        28.718953,
                        61.355771,
                        117
                    ],
                    [
                        28.718413,
                        61.355992,
                        109
                    ],
                    [
                        28.717987,
                        61.356135,
                        99
                    ],
                    [
                        28.717348,
                        61.356359,
                        98.2
                    ],
                    [
                        28.715938,
                        61.356742,
                        96.7
                    ],
                    [
                        28.70878,
                        61.358418,
                        88
                    ],
                    [
                        28.706735,
                        61.358897,
                        97.9
                    ],
                    [
                        28.705758,
                        61.359179,
                        102.8
                    ],
                    [
                        28.70485,
                        61.359478,
                        103.8
                    ],
                    [
                        28.704117,
                        61.359776,
                        104.4
                    ],
                    [
                        28.703375,
                        61.360119,
                        105.5
                    ],
                    [
                        28.702756,
                        61.360462,
                        101.9
                    ],
                    [
                        28.701583,
                        61.361184,
                        94.7
                    ],
                    [
                        28.70044,
                        61.361952,
                        92.6
                    ],
                    [
                        28.699861,
                        61.362301,
                        91
                    ],
                    [
                        28.699312,
                        61.362582,
                        90.4
                    ],
                    [
                        28.698831,
                        61.362802,
                        89.8
                    ],
                    [
                        28.698336,
                        61.362996,
                        87
                    ],
                    [
                        28.697751,
                        61.363189,
                        84
                    ],
                    [
                        28.697199,
                        61.36334,
                        83.6
                    ],
                    [
                        28.689107,
                        61.365137,
                        92
                    ],
                    [
                        28.684031,
                        61.36624,
                        103
                    ],
                    [
                        28.682808,
                        61.366564,
                        102.5
                    ],
                    [
                        28.68224,
                        61.366767,
                        102.4
                    ],
                    [
                        28.681853,
                        61.366937,
                        102
                    ],
                    [
                        28.680429,
                        61.36758,
                        105.6
                    ],
                    [
                        28.678054,
                        61.368685,
                        109
                    ],
                    [
                        28.675427,
                        61.369916,
                        107.5
                    ],
                    [
                        28.67409,
                        61.370522,
                        107.4
                    ],
                    [
                        28.673543,
                        61.370754,
                        109.4
                    ],
                    [
                        28.672813,
                        61.371019,
                        114
                    ],
                    [
                        28.671488,
                        61.371392,
                        109.4
                    ],
                    [
                        28.670559,
                        61.371627,
                        107.5
                    ],
                    [
                        28.666827,
                        61.372507,
                        93
                    ],
                    [
                        28.662489,
                        61.373633,
                        104.3
                    ],
                    [
                        28.661588,
                        61.373923,
                        104.4
                    ],
                    [
                        28.660664,
                        61.37426,
                        104.3
                    ],
                    [
                        28.659926,
                        61.374559,
                        105
                    ],
                    [
                        28.659185,
                        61.374904,
                        100.2
                    ],
                    [
                        28.658693,
                        61.375176,
                        99.3
                    ],
                    [
                        28.658131,
                        61.375552,
                        97.9
                    ],
                    [
                        28.657323,
                        61.376276,
                        94.2
                    ],
                    [
                        28.657147,
                        61.376508,
                        93
                    ],
                    [
                        28.656789,
                        61.377112,
                        95
                    ],
                    [
                        28.656488,
                        61.377831,
                        97
                    ],
                    [
                        28.653955,
                        61.383754,
                        102.3
                    ],
                    [
                        28.653704,
                        61.384263,
                        101
                    ],
                    [
                        28.653376,
                        61.384928,
                        98.2
                    ],
                    [
                        28.653008,
                        61.385483,
                        96.3
                    ],
                    [
                        28.652678,
                        61.385906,
                        94.5
                    ],
                    [
                        28.652228,
                        61.386379,
                        93
                    ],
                    [
                        28.651691,
                        61.386885,
                        94.5
                    ],
                    [
                        28.650697,
                        61.387651,
                        97.9
                    ],
                    [
                        28.650146,
                        61.388003,
                        98.6
                    ],
                    [
                        28.64948,
                        61.388393,
                        105
                    ],
                    [
                        28.648872,
                        61.388708,
                        107.3
                    ],
                    [
                        28.648351,
                        61.388939,
                        107.8
                    ],
                    [
                        28.647648,
                        61.389218,
                        107.6
                    ],
                    [
                        28.646851,
                        61.389486,
                        111.1
                    ],
                    [
                        28.644861,
                        61.390073,
                        118
                    ],
                    [
                        28.639314,
                        61.391754,
                        104
                    ],
                    [
                        28.63832,
                        61.392128,
                        104
                    ],
                    [
                        28.637901,
                        61.392313,
                        104
                    ],
                    [
                        28.637335,
                        61.392596,
                        99
                    ],
                    [
                        28.636689,
                        61.393005,
                        97.7
                    ],
                    [
                        28.636279,
                        61.393345,
                        97.5
                    ],
                    [
                        28.635916,
                        61.393715,
                        95.4
                    ],
                    [
                        28.635729,
                        61.39392,
                        95.3
                    ],
                    [
                        28.635561,
                        61.394155,
                        95
                    ],
                    [
                        28.635253,
                        61.394648,
                        94
                    ],
                    [
                        28.634883,
                        61.395327,
                        93.7
                    ],
                    [
                        28.634542,
                        61.395793,
                        95.4
                    ],
                    [
                        28.634183,
                        61.396211,
                        97.9
                    ],
                    [
                        28.633652,
                        61.39671,
                        100.1
                    ],
                    [
                        28.632944,
                        61.397202,
                        101.3
                    ],
                    [
                        28.632454,
                        61.397495,
                        102.1
                    ],
                    [
                        28.631745,
                        61.397846,
                        103.7
                    ],
                    [
                        28.631247,
                        61.398059,
                        104.3
                    ],
                    [
                        28.630799,
                        61.398228,
                        105.9
                    ],
                    [
                        28.630034,
                        61.39847,
                        106.9
                    ],
                    [
                        28.629379,
                        61.398648,
                        107.2
                    ],
                    [
                        28.628732,
                        61.398798,
                        110
                    ],
                    [
                        28.628254,
                        61.398907,
                        111.2
                    ],
                    [
                        28.627101,
                        61.3991,
                        110.8
                    ],
                    [
                        28.625917,
                        61.399228,
                        114
                    ],
                    [
                        28.624403,
                        61.399356,
                        114
                    ],
                    [
                        28.624096,
                        61.399371,
                        114
                    ],
                    [
                        28.623001,
                        61.399388,
                        114
                    ],
                    [
                        28.621717,
                        61.399357,
                        114
                    ],
                    [
                        28.62101,
                        61.399313,
                        114
                    ],
                    [
                        28.619762,
                        61.399197,
                        114
                    ],
                    [
                        28.616285,
                        61.398856,
                        110.7
                    ],
                    [
                        28.614739,
                        61.398734,
                        108.4
                    ],
                    [
                        28.613957,
                        61.398704,
                        107.7
                    ],
                    [
                        28.613185,
                        61.3987,
                        106.7
                    ],
                    [
                        28.612098,
                        61.398751,
                        105.2
                    ],
                    [
                        28.611547,
                        61.398807,
                        104.3
                    ],
                    [
                        28.610944,
                        61.398888,
                        103.8
                    ],
                    [
                        28.610352,
                        61.398992,
                        103.4
                    ],
                    [
                        28.608589,
                        61.399374,
                        103
                    ],
                    [
                        28.596023,
                        61.40224,
                        104.4
                    ],
                    [
                        28.595026,
                        61.402412,
                        106
                    ],
                    [
                        28.593925,
                        61.402538,
                        106
                    ],
                    [
                        28.577024,
                        61.403889,
                        84
                    ],
                    [
                        28.575095,
                        61.404046,
                        103
                    ],
                    [
                        28.569924,
                        61.404463,
                        107
                    ],
                    [
                        28.562213,
                        61.405965,
                        99
                    ],
                    [
                        28.559245,
                        61.406545,
                        89
                    ],
                    [
                        28.554209,
                        61.407562,
                        96
                    ],
                    [
                        28.551601,
                        61.408467,
                        97
                    ],
                    [
                        28.549543,
                        61.409053,
                        97
                    ],
                    [
                        28.544029,
                        61.410154,
                        105
                    ],
                    [
                        28.540975,
                        61.410776,
                        97.5
                    ],
                    [
                        28.535769,
                        61.411771,
                        104.7
                    ],
                    [
                        28.534192,
                        61.412175,
                        104.5
                    ],
                    [
                        28.532718,
                        61.412661,
                        99.3
                    ],
                    [
                        28.530997,
                        61.413267,
                        89
                    ],
                    [
                        28.525878,
                        61.415072,
                        83
                    ],
                    [
                        28.525017,
                        61.41544,
                        83
                    ],
                    [
                        28.522153,
                        61.416479,
                        94.2
                    ],
                    [
                        28.52072,
                        61.417077,
                        94.2
                    ],
                    [
                        28.519747,
                        61.417638,
                        98.7
                    ],
                    [
                        28.518866,
                        61.418329,
                        101.9
                    ],
                    [
                        28.518085,
                        61.419079,
                        105.9
                    ],
                    [
                        28.517541,
                        61.419869,
                        108.6
                    ],
                    [
                        28.517327,
                        61.420599,
                        107.7
                    ],
                    [
                        28.517424,
                        61.421302,
                        105
                    ],
                    [
                        28.517636,
                        61.421975,
                        103
                    ],
                    [
                        28.518093,
                        61.422605,
                        99.6
                    ],
                    [
                        28.518796,
                        61.423315,
                        94.6
                    ],
                    [
                        28.519323,
                        61.424084,
                        92
                    ],
                    [
                        28.519358,
                        61.424397,
                        92
                    ],
                    [
                        28.519209,
                        61.425505,
                        86.7
                    ],
                    [
                        28.519053,
                        61.426048,
                        84.9
                    ],
                    [
                        28.518735,
                        61.42649,
                        84.9
                    ],
                    [
                        28.517934,
                        61.427138,
                        84.6
                    ],
                    [
                        28.516509,
                        61.427977,
                        87.3
                    ],
                    [
                        28.515451,
                        61.428584,
                        90.8
                    ],
                    [
                        28.514262,
                        61.429154,
                        91.3
                    ],
                    [
                        28.513849,
                        61.4293,
                        92
                    ],
                    [
                        28.512584,
                        61.429747,
                        92
                    ],
                    [
                        28.507508,
                        61.43072,
                        90
                    ],
                    [
                        28.506606,
                        61.430893,
                        88.8
                    ],
                    [
                        28.505376,
                        61.431097,
                        89
                    ],
                    [
                        28.504502,
                        61.431169,
                        86
                    ],
                    [
                        28.503541,
                        61.431249,
                        89
                    ],
                    [
                        28.499394,
                        61.431435,
                        102
                    ],
                    [
                        28.496364,
                        61.431781,
                        96.5
                    ],
                    [
                        28.494083,
                        61.432306,
                        96.5
                    ],
                    [
                        28.489924,
                        61.433434,
                        95
                    ],
                    [
                        28.487293,
                        61.434089,
                        94
                    ],
                    [
                        28.485668,
                        61.43469,
                        92.3
                    ],
                    [
                        28.482738,
                        61.435935,
                        87.6
                    ],
                    [
                        28.481868,
                        61.436232,
                        87.7
                    ],
                    [
                        28.480571,
                        61.436538,
                        88.7
                    ],
                    [
                        28.477934,
                        61.437027,
                        93
                    ],
                    [
                        28.476433,
                        61.437309,
                        95
                    ],
                    [
                        28.475248,
                        61.437567,
                        94.6
                    ],
                    [
                        28.473983,
                        61.437923,
                        95.5
                    ],
                    [
                        28.472949,
                        61.438331,
                        99
                    ],
                    [
                        28.472574,
                        61.43848,
                        104.3
                    ],
                    [
                        28.470871,
                        61.43929,
                        106.8
                    ],
                    [
                        28.468282,
                        61.440693,
                        106
                    ],
                    [
                        28.466871,
                        61.44123,
                        105.1
                    ],
                    [
                        28.465237,
                        61.441664,
                        101.3
                    ],
                    [
                        28.463738,
                        61.44218,
                        100
                    ],
                    [
                        28.463379,
                        61.44236,
                        102
                    ],
                    [
                        28.462632,
                        61.442734,
                        102.5
                    ],
                    [
                        28.461446,
                        61.443435,
                        103.5
                    ],
                    [
                        28.459849,
                        61.44466,
                        110
                    ],
                    [
                        28.457738,
                        61.446059,
                        101.8
                    ],
                    [
                        28.456466,
                        61.446802,
                        101.8
                    ],
                    [
                        28.454882,
                        61.44736,
                        102.3
                    ],
                    [
                        28.454283,
                        61.447534,
                        103
                    ],
                    [
                        28.451389,
                        61.448085,
                        110
                    ],
                    [
                        28.448407,
                        61.448555,
                        106
                    ],
                    [
                        28.444477,
                        61.449242,
                        89
                    ],
                    [
                        28.441757,
                        61.449751,
                        90
                    ],
                    [
                        28.440812,
                        61.44989,
                        90
                    ],
                    [
                        28.437551,
                        61.450128,
                        91.3
                    ],
                    [
                        28.435038,
                        61.450384,
                        91.3
                    ],
                    [
                        28.432538,
                        61.450932,
                        90
                    ],
                    [
                        28.429889,
                        61.451573,
                        87
                    ],
                    [
                        28.425396,
                        61.452655,
                        94
                    ],
                    [
                        28.418764,
                        61.454267,
                        94.6
                    ],
                    [
                        28.41798,
                        61.454509,
                        94.2
                    ],
                    [
                        28.417325,
                        61.454745,
                        94.4
                    ],
                    [
                        28.417,
                        61.454882,
                        94.4
                    ],
                    [
                        28.416596,
                        61.455093,
                        95
                    ],
                    [
                        28.416405,
                        61.455196,
                        93
                    ],
                    [
                        28.415676,
                        61.455695,
                        93
                    ],
                    [
                        28.413777,
                        61.457042,
                        97.3
                    ],
                    [
                        28.413294,
                        61.457345,
                        96.9
                    ],
                    [
                        28.412857,
                        61.457586,
                        95.7
                    ],
                    [
                        28.412347,
                        61.457824,
                        95.2
                    ],
                    [
                        28.411402,
                        61.458191,
                        94.4
                    ],
                    [
                        28.410922,
                        61.458352,
                        94.5
                    ],
                    [
                        28.410374,
                        61.45851,
                        94.7
                    ],
                    [
                        28.409719,
                        61.458653,
                        96
                    ],
                    [
                        28.408939,
                        61.458779,
                        96.3
                    ],
                    [
                        28.408211,
                        61.458876,
                        96.5
                    ],
                    [
                        28.407419,
                        61.458948,
                        96.4
                    ],
                    [
                        28.405823,
                        61.459034,
                        98
                    ],
                    [
                        28.402943,
                        61.45912,
                        95.6
                    ],
                    [
                        28.401509,
                        61.459177,
                        95.8
                    ],
                    [
                        28.400928,
                        61.459233,
                        95.5
                    ],
                    [
                        28.400285,
                        61.459317,
                        95.2
                    ],
                    [
                        28.399479,
                        61.459459,
                        94.3
                    ],
                    [
                        28.398789,
                        61.459609,
                        93.1
                    ],
                    [
                        28.398164,
                        61.459776,
                        92.5
                    ],
                    [
                        28.397504,
                        61.459986,
                        91.7
                    ],
                    [
                        28.396911,
                        61.460204,
                        91.4
                    ],
                    [
                        28.396401,
                        61.460422,
                        92.2
                    ],
                    [
                        28.395806,
                        61.460725,
                        93.2
                    ],
                    [
                        28.395138,
                        61.461173,
                        90
                    ],
                    [
                        28.393052,
                        61.462803,
                        90.9
                    ],
                    [
                        28.392505,
                        61.4632,
                        91.3
                    ],
                    [
                        28.392151,
                        61.463405,
                        91.5
                    ],
                    [
                        28.391791,
                        61.46358,
                        91.8
                    ],
                    [
                        28.391165,
                        61.463808,
                        93.4
                    ],
                    [
                        28.390438,
                        61.463992,
                        95
                    ],
                    [
                        28.389538,
                        61.464138,
                        99
                    ],
                    [
                        28.388856,
                        61.464207,
                        109.5
                    ],
                    [
                        28.388225,
                        61.464247,
                        113
                    ],
                    [
                        28.385827,
                        61.464377,
                        115.3
                    ],
                    [
                        28.382107,
                        61.464549,
                        102
                    ],
                    [
                        28.378769,
                        61.46472,
                        96
                    ],
                    [
                        28.371978,
                        61.465065,
                        110
                    ],
                    [
                        28.361673,
                        61.465593,
                        93
                    ],
                    [
                        28.361376,
                        61.465609,
                        93
                    ],
                    [
                        28.360105,
                        61.46563,
                        93.6
                    ],
                    [
                        28.358985,
                        61.465603,
                        93.7
                    ],
                    [
                        28.357976,
                        61.465522,
                        93.9
                    ],
                    [
                        28.356903,
                        61.465404,
                        94
                    ],
                    [
                        28.35068,
                        61.464643,
                        88
                    ],
                    [
                        28.347038,
                        61.464215,
                        94.2
                    ],
                    [
                        28.346289,
                        61.464151,
                        94.2
                    ],
                    [
                        28.34564,
                        61.464114,
                        93.7
                    ],
                    [
                        28.34422,
                        61.464063,
                        93.5
                    ],
                    [
                        28.343189,
                        61.464049,
                        90
                    ],
                    [
                        28.338086,
                        61.463962,
                        80.5
                    ],
                    [
                        28.337297,
                        61.46396,
                        80.7
                    ],
                    [
                        28.336087,
                        61.46402,
                        80.7
                    ],
                    [
                        28.335505,
                        61.464075,
                        80.8
                    ],
                    [
                        28.334266,
                        61.464238,
                        79.6
                    ],
                    [
                        28.333693,
                        61.464339,
                        79.2
                    ],
                    [
                        28.332597,
                        61.464581,
                        80.1
                    ],
                    [
                        28.332055,
                        61.464725,
                        81.2
                    ],
                    [
                        28.331493,
                        61.464909,
                        82.5
                    ],
                    [
                        28.330768,
                        61.465176,
                        83.8
                    ],
                    [
                        28.327085,
                        61.466706,
                        82.6
                    ],
                    [
                        28.326248,
                        61.466981,
                        82.6
                    ],
                    [
                        28.325798,
                        61.467108,
                        82.6
                    ],
                    [
                        28.324879,
                        61.467313,
                        82.5
                    ],
                    [
                        28.324374,
                        61.4674,
                        82.5
                    ],
                    [
                        28.322455,
                        61.467626,
                        80.5
                    ],
                    [
                        28.320448,
                        61.467841,
                        78.4
                    ],
                    [
                        28.319255,
                        61.468012,
                        78.7
                    ],
                    [
                        28.318317,
                        61.468216,
                        79.2
                    ],
                    [
                        28.317747,
                        61.46837,
                        79.4
                    ],
                    [
                        28.31637,
                        61.468792,
                        84
                    ],
                    [
                        28.312705,
                        61.469911,
                        88.8
                    ],
                    [
                        28.311122,
                        61.470306,
                        92.3
                    ],
                    [
                        28.309638,
                        61.470603,
                        96.1
                    ],
                    [
                        28.304051,
                        61.471601,
                        104
                    ],
                    [
                        28.301207,
                        61.472124,
                        97.7
                    ],
                    [
                        28.30056,
                        61.47226,
                        97.6
                    ],
                    [
                        28.300005,
                        61.472399,
                        97.5
                    ],
                    [
                        28.298744,
                        61.472799,
                        96.9
                    ],
                    [
                        28.294975,
                        61.474233,
                        82.6
                    ],
                    [
                        28.293636,
                        61.474705,
                        82.6
                    ],
                    [
                        28.293045,
                        61.474901,
                        82.5
                    ],
                    [
                        28.292421,
                        61.475085,
                        82
                    ],
                    [
                        28.290825,
                        61.475481,
                        84.4
                    ],
                    [
                        28.282996,
                        61.477252,
                        106
                    ],
                    [
                        28.281784,
                        61.47753,
                        107.3
                    ],
                    [
                        28.280221,
                        61.477946,
                        110
                    ],
                    [
                        28.277456,
                        61.478687,
                        112
                    ],
                    [
                        28.274672,
                        61.47944,
                        112
                    ],
                    [
                        28.27452,
                        61.479481,
                        112
                    ],
                    [
                        28.270267,
                        61.480685,
                        107
                    ],
                    [
                        28.26163,
                        61.483036,
                        85
                    ],
                    [
                        28.252457,
                        61.485533,
                        99
                    ],
                    [
                        28.251038,
                        61.485883,
                        100
                    ],
                    [
                        28.248142,
                        61.486701,
                        88.2
                    ],
                    [
                        28.241531,
                        61.488501,
                        117
                    ],
                    [
                        28.228822,
                        61.491951,
                        89.5
                    ],
                    [
                        28.22772,
                        61.492287,
                        91.8
                    ],
                    [
                        28.22687,
                        61.492573,
                        92.3
                    ],
                    [
                        28.226239,
                        61.492806,
                        95
                    ],
                    [
                        28.224403,
                        61.493608,
                        93.8
                    ],
                    [
                        28.222834,
                        61.494358,
                        79
                    ],
                    [
                        28.218012,
                        61.496545,
                        85
                    ],
                    [
                        28.214519,
                        61.498137,
                        96
                    ],
                    [
                        28.210848,
                        61.499842,
                        105
                    ],
                    [
                        28.204012,
                        61.502952,
                        108
                    ],
                    [
                        28.203359,
                        61.503215,
                        109.8
                    ],
                    [
                        28.202733,
                        61.503443,
                        110.2
                    ],
                    [
                        28.202097,
                        61.503651,
                        110.6
                    ],
                    [
                        28.198093,
                        61.504839,
                        107
                    ],
                    [
                        28.196487,
                        61.505264,
                        107
                    ],
                    [
                        28.190521,
                        61.506936,
                        84
                    ],
                    [
                        28.188622,
                        61.507525,
                        80.4
                    ],
                    [
                        28.187375,
                        61.507988,
                        78.6
                    ],
                    [
                        28.184513,
                        61.509317,
                        86
                    ],
                    [
                        28.183482,
                        61.509768,
                        86
                    ],
                    [
                        28.181126,
                        61.510894,
                        76
                    ],
                    [
                        28.179611,
                        61.511637,
                        82.1
                    ],
                    [
                        28.178564,
                        61.512223,
                        83.2
                    ],
                    [
                        28.175307,
                        61.514256,
                        102
                    ],
                    [
                        28.174915,
                        61.514481,
                        84
                    ],
                    [
                        28.1743,
                        61.514875,
                        94.5
                    ],
                    [
                        28.174046,
                        61.515077,
                        94.1
                    ],
                    [
                        28.173722,
                        61.515387,
                        97
                    ],
                    [
                        28.173572,
                        61.51558,
                        97
                    ],
                    [
                        28.173394,
                        61.515883,
                        97
                    ],
                    [
                        28.173308,
                        61.51611,
                        97
                    ],
                    [
                        28.173278,
                        61.516256,
                        97
                    ],
                    [
                        28.173277,
                        61.516664,
                        96.8
                    ],
                    [
                        28.173327,
                        61.516873,
                        96.7
                    ],
                    [
                        28.173443,
                        61.517146,
                        96.6
                    ],
                    [
                        28.173828,
                        61.517624,
                        96.4
                    ],
                    [
                        28.174064,
                        61.517836,
                        96.2
                    ],
                    [
                        28.174342,
                        61.518038,
                        96.1
                    ],
                    [
                        28.174638,
                        61.518219,
                        96
                    ],
                    [
                        28.178144,
                        61.520135,
                        94.3
                    ],
                    [
                        28.178878,
                        61.520562,
                        93.9
                    ],
                    [
                        28.179139,
                        61.520769,
                        93.8
                    ],
                    [
                        28.179405,
                        61.52102,
                        93.6
                    ],
                    [
                        28.180237,
                        61.522134,
                        93
                    ],
                    [
                        28.181254,
                        61.523536,
                        108
                    ],
                    [
                        28.181475,
                        61.523853,
                        108
                    ],
                    [
                        28.181623,
                        61.524083,
                        108
                    ],
                    [
                        28.181867,
                        61.524345,
                        108
                    ],
                    [
                        28.182028,
                        61.524589,
                        108
                    ],
                    [
                        28.182563,
                        61.525357,
                        111
                    ],
                    [
                        28.18317,
                        61.526259,
                        110.5
                    ],
                    [
                        28.183324,
                        61.52653,
                        110.4
                    ],
                    [
                        28.183312,
                        61.526612,
                        110
                    ],
                    [
                        28.183845,
                        61.527626,
                        106.5
                    ],
                    [
                        28.184148,
                        61.528563,
                        100.1
                    ],
                    [
                        28.184399,
                        61.529652,
                        96.1
                    ],
                    [
                        28.184517,
                        61.530748,
                        96.3
                    ],
                    [
                        28.184502,
                        61.531867,
                        99.2
                    ],
                    [
                        28.184307,
                        61.533012,
                        101
                    ],
                    [
                        28.184078,
                        61.53421,
                        100
                    ],
                    [
                        28.183844,
                        61.535769,
                        98
                    ],
                    [
                        28.183651,
                        61.536798,
                        98
                    ],
                    [
                        28.183048,
                        61.540204,
                        100
                    ],
                    [
                        28.182892,
                        61.541228,
                        100
                    ],
                    [
                        28.182306,
                        61.544264,
                        101
                    ],
                    [
                        28.181956,
                        61.546254,
                        102.7
                    ],
                    [
                        28.181245,
                        61.549974,
                        105.5
                    ],
                    [
                        28.181166,
                        61.550515,
                        104
                    ],
                    [
                        28.180916,
                        61.552227,
                        134
                    ],
                    [
                        28.180596,
                        61.554007,
                        139.6
                    ],
                    [
                        28.180577,
                        61.554528,
                        141.6
                    ],
                    [
                        28.180599,
                        61.555022,
                        142.3
                    ],
                    [
                        28.180814,
                        61.556757,
                        132.4
                    ],
                    [
                        28.18083,
                        61.55737,
                        130.8
                    ],
                    [
                        28.180767,
                        61.55783,
                        125.8
                    ],
                    [
                        28.180446,
                        61.559177,
                        110.8
                    ],
                    [
                        28.179876,
                        61.561206,
                        99.9
                    ],
                    [
                        28.179796,
                        61.561637,
                        99.2
                    ],
                    [
                        28.179803,
                        61.562011,
                        98
                    ],
                    [
                        28.179841,
                        61.562326,
                        99.3
                    ],
                    [
                        28.17991,
                        61.562593,
                        99.6
                    ],
                    [
                        28.180191,
                        61.56312,
                        99.5
                    ],
                    [
                        28.180431,
                        61.56342,
                        102.4
                    ],
                    [
                        28.180829,
                        61.56383,
                        103.4
                    ],
                    [
                        28.183407,
                        61.565972,
                        111
                    ],
                    [
                        28.183675,
                        61.566202,
                        111
                    ],
                    [
                        28.184,
                        61.566514,
                        113.8
                    ],
                    [
                        28.184325,
                        61.56688,
                        115
                    ],
                    [
                        28.184635,
                        61.567343,
                        115.4
                    ],
                    [
                        28.184784,
                        61.56763,
                        116.6
                    ],
                    [
                        28.184839,
                        61.56785,
                        118
                    ],
                    [
                        28.184896,
                        61.568226,
                        118.9
                    ],
                    [
                        28.184897,
                        61.568525,
                        118.8
                    ],
                    [
                        28.18485,
                        61.568962,
                        119.3
                    ],
                    [
                        28.184725,
                        61.569388,
                        121
                    ],
                    [
                        28.184497,
                        61.570142,
                        123
                    ],
                    [
                        28.18382,
                        61.57209,
                        129
                    ],
                    [
                        28.183569,
                        61.57249,
                        129
                    ],
                    [
                        28.183291,
                        61.572883,
                        110
                    ],
                    [
                        28.182823,
                        61.573291,
                        105.3
                    ],
                    [
                        28.182387,
                        61.573607,
                        104.5
                    ],
                    [
                        28.181762,
                        61.574014,
                        103.7
                    ],
                    [
                        28.181068,
                        61.574359,
                        100.9
                    ],
                    [
                        28.180208,
                        61.574699,
                        98.8
                    ],
                    [
                        28.173436,
                        61.576925,
                        123
                    ],
                    [
                        28.172084,
                        61.577351,
                        107.7
                    ],
                    [
                        28.171256,
                        61.577587,
                        100
                    ],
                    [
                        28.170598,
                        61.577729,
                        98.9
                    ],
                    [
                        28.170045,
                        61.577829,
                        98.8
                    ],
                    [
                        28.169534,
                        61.5779,
                        99
                    ],
                    [
                        28.168946,
                        61.577966,
                        98.9
                    ],
                    [
                        28.167105,
                        61.578083,
                        101
                    ],
                    [
                        28.166271,
                        61.578139,
                        99.9
                    ],
                    [
                        28.164845,
                        61.578198,
                        99
                    ],
                    [
                        28.163897,
                        61.578173,
                        93.7
                    ],
                    [
                        28.163187,
                        61.578121,
                        92
                    ],
                    [
                        28.162005,
                        61.577938,
                        88.4
                    ],
                    [
                        28.161136,
                        61.577767,
                        88.1
                    ],
                    [
                        28.160325,
                        61.577559,
                        86.4
                    ],
                    [
                        28.159684,
                        61.577375,
                        82
                    ],
                    [
                        28.158022,
                        61.576811,
                        76
                    ],
                    [
                        28.156255,
                        61.576213,
                        76
                    ],
                    [
                        28.155344,
                        61.575999,
                        84.5
                    ],
                    [
                        28.15412,
                        61.575786,
                        85.5
                    ],
                    [
                        28.152566,
                        61.575623,
                        90.4
                    ],
                    [
                        28.150075,
                        61.57542,
                        90
                    ],
                    [
                        28.146993,
                        61.575182,
                        86
                    ],
                    [
                        28.145228,
                        61.575039,
                        90
                    ],
                    [
                        28.144908,
                        61.575013,
                        90
                    ],
                    [
                        28.143786,
                        61.574912,
                        90
                    ],
                    [
                        28.142183,
                        61.574779,
                        93
                    ],
                    [
                        28.14126,
                        61.574653,
                        95.6
                    ],
                    [
                        28.140376,
                        61.574492,
                        96
                    ],
                    [
                        28.139205,
                        61.574199,
                        96.7
                    ],
                    [
                        28.138736,
                        61.574045,
                        97.5
                    ],
                    [
                        28.1381,
                        61.573801,
                        100
                    ],
                    [
                        28.137335,
                        61.573499,
                        109.2
                    ],
                    [
                        28.136859,
                        61.573286,
                        111
                    ],
                    [
                        28.136318,
                        61.573009,
                        111.7
                    ],
                    [
                        28.135702,
                        61.572637,
                        116.4
                    ],
                    [
                        28.135236,
                        61.572334,
                        117.2
                    ],
                    [
                        28.133937,
                        61.571327,
                        120.1
                    ],
                    [
                        28.133563,
                        61.57106,
                        120.7
                    ],
                    [
                        28.133012,
                        61.570726,
                        120.9
                    ],
                    [
                        28.132129,
                        61.570386,
                        122.1
                    ],
                    [
                        28.131831,
                        61.570311,
                        125
                    ],
                    [
                        28.130849,
                        61.570117,
                        132.3
                    ],
                    [
                        28.130044,
                        61.569979,
                        132.5
                    ],
                    [
                        28.129676,
                        61.569898,
                        132.7
                    ],
                    [
                        28.12909,
                        61.569731,
                        135.1
                    ],
                    [
                        28.128443,
                        61.569495,
                        137.3
                    ],
                    [
                        28.127215,
                        61.568994,
                        141
                    ],
                    [
                        28.125191,
                        61.568127,
                        139
                    ],
                    [
                        28.125063,
                        61.568076,
                        139
                    ],
                    [
                        28.12033,
                        61.566173,
                        83
                    ],
                    [
                        28.118138,
                        61.565272,
                        81
                    ],
                    [
                        28.115331,
                        61.56407,
                        105
                    ],
                    [
                        28.115069,
                        61.563962,
                        105
                    ],
                    [
                        28.114172,
                        61.563598,
                        113.8
                    ],
                    [
                        28.113092,
                        61.563228,
                        115
                    ],
                    [
                        28.112452,
                        61.56305,
                        116.7
                    ],
                    [
                        28.111792,
                        61.562902,
                        117.6
                    ],
                    [
                        28.111199,
                        61.562782,
                        118.7
                    ],
                    [
                        28.110609,
                        61.562686,
                        119.8
                    ],
                    [
                        28.110049,
                        61.562615,
                        121.5
                    ],
                    [
                        28.108951,
                        61.562531,
                        123.6
                    ],
                    [
                        28.108242,
                        61.562507,
                        124.9
                    ],
                    [
                        28.106821,
                        61.562539,
                        127.2
                    ],
                    [
                        28.105991,
                        61.562609,
                        130.4
                    ],
                    [
                        28.105039,
                        61.562746,
                        132.3
                    ],
                    [
                        28.103897,
                        61.562949,
                        135.3
                    ],
                    [
                        28.100945,
                        61.563529,
                        131
                    ],
                    [
                        28.100122,
                        61.563677,
                        128.1
                    ],
                    [
                        28.098733,
                        61.563877,
                        122.2
                    ],
                    [
                        28.094491,
                        61.564393,
                        109.3
                    ],
                    [
                        28.093121,
                        61.564575,
                        116.5
                    ],
                    [
                        28.092011,
                        61.56476,
                        119.6
                    ],
                    [
                        28.087314,
                        61.565634,
                        132
                    ],
                    [
                        28.078674,
                        61.567198,
                        156.2
                    ],
                    [
                        28.07661,
                        61.567584,
                        162.7
                    ],
                    [
                        28.075516,
                        61.567843,
                        165
                    ],
                    [
                        28.071774,
                        61.568697,
                        143.4
                    ],
                    [
                        28.071102,
                        61.568815,
                        142.6
                    ],
                    [
                        28.070513,
                        61.568896,
                        137.2
                    ],
                    [
                        28.069962,
                        61.56895,
                        136.9
                    ],
                    [
                        28.069514,
                        61.568972,
                        136.5
                    ],
                    [
                        28.068474,
                        61.568957,
                        131.6
                    ],
                    [
                        28.067904,
                        61.568935,
                        128.2
                    ],
                    [
                        28.066324,
                        61.568835,
                        119.3
                    ],
                    [
                        28.056109,
                        61.568053,
                        93
                    ],
                    [
                        28.048992,
                        61.567489,
                        98.1
                    ],
                    [
                        28.04679,
                        61.567328,
                        100.2
                    ],
                    [
                        28.045806,
                        61.567211,
                        100.4
                    ],
                    [
                        28.045355,
                        61.567141,
                        101
                    ],
                    [
                        28.044978,
                        61.567062,
                        104
                    ],
                    [
                        28.044295,
                        61.566895,
                        102.6
                    ],
                    [
                        28.043277,
                        61.566548,
                        102.9
                    ],
                    [
                        28.042891,
                        61.566387,
                        102.4
                    ],
                    [
                        28.042368,
                        61.566124,
                        101.3
                    ],
                    [
                        28.042091,
                        61.565967,
                        100.6
                    ],
                    [
                        28.041883,
                        61.565819,
                        98
                    ],
                    [
                        28.041474,
                        61.565511,
                        96.2
                    ],
                    [
                        28.038513,
                        61.562803,
                        96
                    ],
                    [
                        28.037746,
                        61.562017,
                        103.5
                    ],
                    [
                        28.037356,
                        61.561681,
                        104.4
                    ],
                    [
                        28.036899,
                        61.561366,
                        107
                    ],
                    [
                        28.03638,
                        61.561084,
                        109
                    ],
                    [
                        28.035742,
                        61.560799,
                        109.9
                    ],
                    [
                        28.035173,
                        61.560597,
                        110.2
                    ],
                    [
                        28.034655,
                        61.560446,
                        110.4
                    ],
                    [
                        28.034094,
                        61.560308,
                        110.6
                    ],
                    [
                        28.033545,
                        61.560195,
                        110.3
                    ],
                    [
                        28.033016,
                        61.560113,
                        110.8
                    ],
                    [
                        28.032444,
                        61.560044,
                        111.3
                    ],
                    [
                        28.031818,
                        61.559994,
                        111.8
                    ],
                    [
                        28.030816,
                        61.559971,
                        112.2
                    ],
                    [
                        28.028292,
                        61.560005,
                        111
                    ],
                    [
                        28.027791,
                        61.560015,
                        111
                    ],
                    [
                        28.024621,
                        61.560094,
                        102
                    ],
                    [
                        28.010918,
                        61.560305,
                        92
                    ],
                    [
                        28.00976,
                        61.560321,
                        94
                    ],
                    [
                        28.009529,
                        61.560324,
                        94
                    ],
                    [
                        28.005403,
                        61.560401,
                        103.8
                    ],
                    [
                        28.004284,
                        61.56043,
                        105.2
                    ],
                    [
                        28.003707,
                        61.560463,
                        105.4
                    ],
                    [
                        28.002775,
                        61.560554,
                        106.6
                    ],
                    [
                        28.001656,
                        61.560726,
                        106
                    ],
                    [
                        28.000954,
                        61.560871,
                        105.3
                    ],
                    [
                        28.0001,
                        61.561096,
                        102
                    ],
                    [
                        27.998775,
                        61.561544,
                        98.2
                    ],
                    [
                        27.994502,
                        61.563094,
                        92.7
                    ],
                    [
                        27.994003,
                        61.563294,
                        93.5
                    ],
                    [
                        27.993524,
                        61.563415,
                        92.5
                    ],
                    [
                        27.993055,
                        61.563499,
                        91.7
                    ],
                    [
                        27.99274,
                        61.563537,
                        86
                    ],
                    [
                        27.992441,
                        61.563559,
                        81.9
                    ],
                    [
                        27.99177,
                        61.563563,
                        82.1
                    ],
                    [
                        27.991143,
                        61.563496,
                        81.2
                    ],
                    [
                        27.99049,
                        61.563381,
                        80.3
                    ],
                    [
                        27.990247,
                        61.563316,
                        80
                    ],
                    [
                        27.990016,
                        61.563231,
                        79.6
                    ],
                    [
                        27.989744,
                        61.563103,
                        76
                    ],
                    [
                        27.987248,
                        61.561783,
                        68
                    ],
                    [
                        27.987015,
                        61.561667,
                        68
                    ],
                    [
                        27.986341,
                        61.561287,
                        68
                    ],
                    [
                        27.986154,
                        61.561202,
                        68
                    ],
                    [
                        27.985637,
                        61.561012,
                        68
                    ],
                    [
                        27.985021,
                        61.560873,
                        68
                    ],
                    [
                        27.984497,
                        61.560819,
                        68
                    ],
                    [
                        27.984238,
                        61.560815,
                        68
                    ],
                    [
                        27.983688,
                        61.560842,
                        68
                    ],
                    [
                        27.983483,
                        61.560868,
                        68
                    ],
                    [
                        27.982997,
                        61.560962,
                        68
                    ],
                    [
                        27.981683,
                        61.561321,
                        68
                    ],
                    [
                        27.980354,
                        61.561633,
                        68
                    ],
                    [
                        27.980015,
                        61.561683,
                        68
                    ],
                    [
                        27.979657,
                        61.561716,
                        68
                    ],
                    [
                        27.979295,
                        61.561726,
                        68
                    ],
                    [
                        27.978421,
                        61.561705,
                        68
                    ],
                    [
                        27.977457,
                        61.561582,
                        68
                    ],
                    [
                        27.976943,
                        61.561469,
                        68
                    ],
                    [
                        27.976386,
                        61.561293,
                        68
                    ],
                    [
                        27.975948,
                        61.561125,
                        68
                    ],
                    [
                        27.974607,
                        61.560448,
                        68
                    ],
                    [
                        27.973907,
                        61.560096,
                        69.3
                    ],
                    [
                        27.972912,
                        61.559677,
                        69
                    ],
                    [
                        27.972449,
                        61.559519,
                        72
                    ],
                    [
                        27.971578,
                        61.559238,
                        72
                    ],
                    [
                        27.970926,
                        61.559035,
                        72
                    ],
                    [
                        27.970093,
                        61.558748,
                        89
                    ],
                    [
                        27.968973,
                        61.558224,
                        82.6
                    ],
                    [
                        27.968311,
                        61.557817,
                        80.1
                    ],
                    [
                        27.967746,
                        61.557371,
                        72
                    ],
                    [
                        27.967641,
                        61.557285,
                        72
                    ],
                    [
                        27.967162,
                        61.556893,
                        74.2
                    ],
                    [
                        27.96652,
                        61.556422,
                        76.2
                    ],
                    [
                        27.965946,
                        61.556034,
                        72
                    ],
                    [
                        27.965747,
                        61.555906,
                        72
                    ],
                    [
                        27.963171,
                        61.554376,
                        75
                    ],
                    [
                        27.963021,
                        61.554268,
                        75
                    ],
                    [
                        27.96269,
                        61.553981,
                        70.8
                    ],
                    [
                        27.962523,
                        61.553777,
                        70.5
                    ],
                    [
                        27.962368,
                        61.553511,
                        70.2
                    ],
                    [
                        27.962267,
                        61.55323,
                        69.8
                    ],
                    [
                        27.962227,
                        61.552806,
                        68
                    ],
                    [
                        27.962165,
                        61.550025,
                        68
                    ],
                    [
                        27.962156,
                        61.549624,
                        68
                    ],
                    [
                        27.962188,
                        61.549377,
                        68
                    ],
                    [
                        27.962199,
                        61.549328,
                        68
                    ],
                    [
                        27.962373,
                        61.548949,
                        68
                    ],
                    [
                        27.962499,
                        61.548741,
                        68
                    ],
                    [
                        27.962613,
                        61.548442,
                        68
                    ],
                    [
                        27.962649,
                        61.548152,
                        68
                    ],
                    [
                        27.962608,
                        61.547868,
                        68
                    ],
                    [
                        27.962553,
                        61.547728,
                        68
                    ],
                    [
                        27.96243,
                        61.547491,
                        68
                    ],
                    [
                        27.962318,
                        61.54735,
                        68
                    ],
                    [
                        27.961714,
                        61.54681,
                        68
                    ],
                    [
                        27.960834,
                        61.546091,
                        68
                    ],
                    [
                        27.960601,
                        61.545898,
                        68
                    ],
                    [
                        27.959268,
                        61.544387,
                        68
                    ],
                    [
                        27.958795,
                        61.543847,
                        68
                    ],
                    [
                        27.958202,
                        61.5432,
                        69
                    ],
                    [
                        27.957733,
                        61.542687,
                        77
                    ],
                    [
                        27.95688,
                        61.54173,
                        77
                    ],
                    [
                        27.956414,
                        61.541219,
                        80
                    ],
                    [
                        27.955219,
                        61.539918,
                        82
                    ],
                    [
                        27.955058,
                        61.539756,
                        82
                    ],
                    [
                        27.954526,
                        61.539147,
                        80
                    ],
                    [
                        27.953159,
                        61.537657,
                        84
                    ],
                    [
                        27.95155,
                        61.535875,
                        87
                    ],
                    [
                        27.951183,
                        61.535446,
                        86.1
                    ],
                    [
                        27.95107,
                        61.535257,
                        85.9
                    ],
                    [
                        27.951034,
                        61.534668,
                        85
                    ],
                    [
                        27.951036,
                        61.534575,
                        85
                    ],
                    [
                        27.951238,
                        61.532308,
                        84.3
                    ],
                    [
                        27.9512,
                        61.53179,
                        84.2
                    ],
                    [
                        27.951093,
                        61.531551,
                        84.3
                    ],
                    [
                        27.950961,
                        61.531337,
                        84.3
                    ],
                    [
                        27.950768,
                        61.531127,
                        84.3
                    ],
                    [
                        27.948144,
                        61.528963,
                        83
                    ],
                    [
                        27.946726,
                        61.527762,
                        85.5
                    ],
                    [
                        27.946468,
                        61.527603,
                        85.5
                    ],
                    [
                        27.946193,
                        61.527472,
                        85.6
                    ],
                    [
                        27.945903,
                        61.527362,
                        85.6
                    ],
                    [
                        27.94553,
                        61.527248,
                        85.7
                    ],
                    [
                        27.945137,
                        61.52715,
                        85.8
                    ],
                    [
                        27.944669,
                        61.527063,
                        86
                    ],
                    [
                        27.944251,
                        61.527006,
                        86.3
                    ],
                    [
                        27.943729,
                        61.52696,
                        87
                    ],
                    [
                        27.943436,
                        61.526945,
                        89
                    ],
                    [
                        27.943002,
                        61.526938,
                        89
                    ],
                    [
                        27.942592,
                        61.526958,
                        89
                    ],
                    [
                        27.941319,
                        61.527078,
                        90.4
                    ],
                    [
                        27.940786,
                        61.527104,
                        90.8
                    ],
                    [
                        27.940286,
                        61.527103,
                        91.3
                    ],
                    [
                        27.939543,
                        61.52706,
                        92.6
                    ],
                    [
                        27.939109,
                        61.527013,
                        92.9
                    ],
                    [
                        27.938642,
                        61.526925,
                        93.1
                    ],
                    [
                        27.938088,
                        61.526784,
                        93
                    ],
                    [
                        27.93765,
                        61.526636,
                        92.8
                    ],
                    [
                        27.937241,
                        61.526458,
                        92.9
                    ],
                    [
                        27.936512,
                        61.526026,
                        94
                    ],
                    [
                        27.934771,
                        61.524797,
                        91.4
                    ],
                    [
                        27.93417,
                        61.524393,
                        91.3
                    ],
                    [
                        27.933782,
                        61.524168,
                        91.4
                    ],
                    [
                        27.933348,
                        61.523979,
                        91.4
                    ],
                    [
                        27.932941,
                        61.523842,
                        91.4
                    ],
                    [
                        27.932576,
                        61.523743,
                        91.5
                    ],
                    [
                        27.932163,
                        61.523662,
                        91.6
                    ],
                    [
                        27.931343,
                        61.523544,
                        92
                    ],
                    [
                        27.929236,
                        61.523411,
                        93
                    ],
                    [
                        27.924622,
                        61.523152,
                        86
                    ],
                    [
                        27.920387,
                        61.52292,
                        84
                    ],
                    [
                        27.917043,
                        61.52272,
                        86.2
                    ],
                    [
                        27.916249,
                        61.522629,
                        86.4
                    ],
                    [
                        27.915511,
                        61.522487,
                        86.7
                    ],
                    [
                        27.915133,
                        61.522386,
                        86.8
                    ],
                    [
                        27.914787,
                        61.522272,
                        86.9
                    ],
                    [
                        27.914162,
                        61.522008,
                        87
                    ],
                    [
                        27.913962,
                        61.521891,
                        87.1
                    ],
                    [
                        27.913671,
                        61.521698,
                        87.1
                    ],
                    [
                        27.913291,
                        61.521387,
                        87.2
                    ],
                    [
                        27.912913,
                        61.521058,
                        87.4
                    ],
                    [
                        27.912576,
                        61.520697,
                        87.5
                    ],
                    [
                        27.912329,
                        61.52036,
                        87.8
                    ],
                    [
                        27.912206,
                        61.520137,
                        89
                    ],
                    [
                        27.912105,
                        61.519954,
                        88.9
                    ],
                    [
                        27.911823,
                        61.518932,
                        88.8
                    ],
                    [
                        27.911631,
                        61.518518,
                        88.6
                    ],
                    [
                        27.911295,
                        61.518066,
                        88.4
                    ],
                    [
                        27.910756,
                        61.517502,
                        88.3
                    ],
                    [
                        27.910309,
                        61.517124,
                        88.3
                    ],
                    [
                        27.909862,
                        61.516793,
                        88.5
                    ],
                    [
                        27.909374,
                        61.516504,
                        88.5
                    ],
                    [
                        27.909099,
                        61.516358,
                        88.6
                    ],
                    [
                        27.908743,
                        61.516223,
                        88.7
                    ],
                    [
                        27.90823,
                        61.516075,
                        89
                    ],
                    [
                        27.907934,
                        61.516005,
                        89
                    ],
                    [
                        27.906939,
                        61.515853,
                        89
                    ],
                    [
                        27.906487,
                        61.515804,
                        89
                    ],
                    [
                        27.90588,
                        61.515777,
                        89
                    ],
                    [
                        27.905428,
                        61.515793,
                        89
                    ],
                    [
                        27.90492,
                        61.515834,
                        89.1
                    ],
                    [
                        27.903627,
                        61.516042,
                        89.1
                    ],
                    [
                        27.903114,
                        61.516189,
                        89.1
                    ],
                    [
                        27.902658,
                        61.51637,
                        89.2
                    ],
                    [
                        27.902025,
                        61.516722,
                        89.3
                    ],
                    [
                        27.901672,
                        61.517008,
                        89.5
                    ],
                    [
                        27.901304,
                        61.51739,
                        89.9
                    ],
                    [
                        27.90055,
                        61.518023,
                        90.3
                    ],
                    [
                        27.900209,
                        61.518283,
                        90.4
                    ],
                    [
                        27.89957,
                        61.518644,
                        90.5
                    ],
                    [
                        27.899191,
                        61.518799,
                        90.5
                    ],
                    [
                        27.898828,
                        61.5189,
                        90.6
                    ],
                    [
                        27.898197,
                        61.519037,
                        91
                    ],
                    [
                        27.897543,
                        61.519126,
                        90.4
                    ],
                    [
                        27.896262,
                        61.519237,
                        89.7
                    ],
                    [
                        27.894526,
                        61.519353,
                        88.7
                    ],
                    [
                        27.893712,
                        61.519381,
                        88.6
                    ],
                    [
                        27.893223,
                        61.519379,
                        88.4
                    ],
                    [
                        27.892617,
                        61.519338,
                        89
                    ],
                    [
                        27.891854,
                        61.519213,
                        89
                    ],
                    [
                        27.891271,
                        61.519069,
                        88.8
                    ],
                    [
                        27.890851,
                        61.518935,
                        88.8
                    ],
                    [
                        27.890303,
                        61.518689,
                        88.7
                    ],
                    [
                        27.88981,
                        61.5184,
                        89.3
                    ],
                    [
                        27.889328,
                        61.517973,
                        90.4
                    ],
                    [
                        27.887184,
                        61.515735,
                        88
                    ],
                    [
                        27.884164,
                        61.512505,
                        93.9
                    ],
                    [
                        27.883727,
                        61.512159,
                        93.7
                    ],
                    [
                        27.883372,
                        61.511925,
                        93.9
                    ],
                    [
                        27.882845,
                        61.51167,
                        93.9
                    ],
                    [
                        27.882311,
                        61.51148,
                        94.3
                    ],
                    [
                        27.881707,
                        61.511313,
                        94.3
                    ],
                    [
                        27.881136,
                        61.511216,
                        94
                    ],
                    [
                        27.877452,
                        61.510839,
                        93.7
                    ],
                    [
                        27.87651,
                        61.510686,
                        93.8
                    ],
                    [
                        27.875631,
                        61.510507,
                        94.1
                    ],
                    [
                        27.874896,
                        61.510323,
                        94.3
                    ],
                    [
                        27.874344,
                        61.510146,
                        94.6
                    ],
                    [
                        27.873794,
                        61.509938,
                        94.8
                    ],
                    [
                        27.87279,
                        61.509478,
                        95.1
                    ],
                    [
                        27.872243,
                        61.50917,
                        95.6
                    ],
                    [
                        27.865642,
                        61.504842,
                        91.3
                    ],
                    [
                        27.86512,
                        61.504457,
                        91.8
                    ],
                    [
                        27.864185,
                        61.503588,
                        93.5
                    ],
                    [
                        27.862575,
                        61.501913,
                        95.7
                    ],
                    [
                        27.862321,
                        61.501705,
                        95.8
                    ],
                    [
                        27.862179,
                        61.501616,
                        96
                    ],
                    [
                        27.86199,
                        61.501497,
                        96.4
                    ],
                    [
                        27.861629,
                        61.501324,
                        96.4
                    ],
                    [
                        27.861185,
                        61.501152,
                        96.6
                    ],
                    [
                        27.860795,
                        61.501032,
                        96.5
                    ],
                    [
                        27.860342,
                        61.500925,
                        96.5
                    ],
                    [
                        27.859902,
                        61.500849,
                        96.6
                    ],
                    [
                        27.859381,
                        61.500794,
                        96.9
                    ],
                    [
                        27.858692,
                        61.500755,
                        98
                    ],
                    [
                        27.850698,
                        61.500988,
                        101
                    ],
                    [
                        27.846447,
                        61.501059,
                        99
                    ],
                    [
                        27.844379,
                        61.501121,
                        99
                    ],
                    [
                        27.842208,
                        61.501187,
                        96.9
                    ],
                    [
                        27.840036,
                        61.501228,
                        95.3
                    ],
                    [
                        27.839261,
                        61.501217,
                        94.6
                    ],
                    [
                        27.838798,
                        61.501189,
                        94.4
                    ],
                    [
                        27.838206,
                        61.501132,
                        94.3
                    ],
                    [
                        27.83748,
                        61.50103,
                        93.9
                    ],
                    [
                        27.836858,
                        61.500922,
                        93.6
                    ],
                    [
                        27.835629,
                        61.500626,
                        93.3
                    ],
                    [
                        27.833937,
                        61.500015,
                        93
                    ],
                    [
                        27.831687,
                        61.499137,
                        93.3
                    ],
                    [
                        27.831256,
                        61.498987,
                        93.5
                    ],
                    [
                        27.830872,
                        61.498885,
                        93.4
                    ],
                    [
                        27.830435,
                        61.498796,
                        93.4
                    ],
                    [
                        27.830034,
                        61.498733,
                        93.3
                    ],
                    [
                        27.829415,
                        61.498673,
                        93
                    ],
                    [
                        27.828639,
                        61.498674,
                        92
                    ],
                    [
                        27.828094,
                        61.498701,
                        91.8
                    ],
                    [
                        27.82757,
                        61.498755,
                        91.7
                    ],
                    [
                        27.826868,
                        61.498862,
                        91.5
                    ],
                    [
                        27.824868,
                        61.499226,
                        91.1
                    ],
                    [
                        27.813632,
                        61.500779,
                        89.4
                    ],
                    [
                        27.812728,
                        61.500928,
                        89.3
                    ],
                    [
                        27.811919,
                        61.501097,
                        89.3
                    ],
                    [
                        27.808897,
                        61.501768,
                        90
                    ],
                    [
                        27.805477,
                        61.502543,
                        89.4
                    ],
                    [
                        27.805045,
                        61.502665,
                        89.4
                    ],
                    [
                        27.804216,
                        61.502982,
                        89.3
                    ],
                    [
                        27.803802,
                        61.503197,
                        89.6
                    ],
                    [
                        27.802272,
                        61.504122,
                        90.1
                    ],
                    [
                        27.801528,
                        61.504397,
                        89.9
                    ],
                    [
                        27.801074,
                        61.504511,
                        89.6
                    ],
                    [
                        27.800399,
                        61.504609,
                        89.7
                    ],
                    [
                        27.799037,
                        61.504724,
                        89.6
                    ],
                    [
                        27.798363,
                        61.504831,
                        89
                    ],
                    [
                        27.79807,
                        61.504887,
                        89.5
                    ],
                    [
                        27.797646,
                        61.505003,
                        89.5
                    ],
                    [
                        27.797356,
                        61.505109,
                        89.6
                    ],
                    [
                        27.797063,
                        61.505236,
                        89.7
                    ],
                    [
                        27.796294,
                        61.505622,
                        90
                    ],
                    [
                        27.79366,
                        61.506932,
                        88.8
                    ],
                    [
                        27.79322,
                        61.507134,
                        88.7
                    ],
                    [
                        27.792866,
                        61.507268,
                        88.6
                    ],
                    [
                        27.790919,
                        61.507912,
                        89.4
                    ],
                    [
                        27.790476,
                        61.508072,
                        89.8
                    ],
                    [
                        27.790089,
                        61.508252,
                        90.9
                    ],
                    [
                        27.789742,
                        61.508439,
                        91.2
                    ],
                    [
                        27.78838,
                        61.509256,
                        94.2
                    ],
                    [
                        27.786418,
                        61.510354,
                        100
                    ],
                    [
                        27.785977,
                        61.510603,
                        100
                    ],
                    [
                        27.785183,
                        61.510985,
                        101.2
                    ],
                    [
                        27.784755,
                        61.511157,
                        101.3
                    ],
                    [
                        27.783826,
                        61.51144,
                        101.5
                    ],
                    [
                        27.780971,
                        61.51211,
                        101.6
                    ],
                    [
                        27.780254,
                        61.5123,
                        101.5
                    ],
                    [
                        27.778916,
                        61.512702,
                        100.9
                    ],
                    [
                        27.776845,
                        61.513377,
                        100.2
                    ],
                    [
                        27.776072,
                        61.513612,
                        99.8
                    ],
                    [
                        27.775327,
                        61.513817,
                        99.7
                    ],
                    [
                        27.774466,
                        61.514033,
                        99.4
                    ],
                    [
                        27.773784,
                        61.514176,
                        99
                    ],
                    [
                        27.770496,
                        61.514937,
                        101.5
                    ],
                    [
                        27.77008,
                        61.51506,
                        101.5
                    ],
                    [
                        27.769668,
                        61.515205,
                        101.4
                    ],
                    [
                        27.769316,
                        61.515347,
                        101.4
                    ],
                    [
                        27.768977,
                        61.515519,
                        101.3
                    ],
                    [
                        27.768576,
                        61.515758,
                        101.1
                    ],
                    [
                        27.767083,
                        61.516782,
                        103.1
                    ],
                    [
                        27.766775,
                        61.517019,
                        103.8
                    ],
                    [
                        27.766576,
                        61.517236,
                        103.9
                    ],
                    [
                        27.766409,
                        61.517497,
                        104.6
                    ],
                    [
                        27.766248,
                        61.518036,
                        104
                    ],
                    [
                        27.766029,
                        61.51902,
                        103.6
                    ],
                    [
                        27.765954,
                        61.519243,
                        103.6
                    ],
                    [
                        27.765821,
                        61.519495,
                        103.5
                    ],
                    [
                        27.765656,
                        61.519708,
                        103.4
                    ],
                    [
                        27.765384,
                        61.51994,
                        103.3
                    ],
                    [
                        27.765131,
                        61.520106,
                        103.1
                    ],
                    [
                        27.764688,
                        61.520343,
                        102.9
                    ],
                    [
                        27.763555,
                        61.520802,
                        101.6
                    ],
                    [
                        27.763186,
                        61.520973,
                        100.8
                    ],
                    [
                        27.762568,
                        61.521353,
                        99.5
                    ],
                    [
                        27.761682,
                        61.521981,
                        98.3
                    ],
                    [
                        27.761301,
                        61.522196,
                        98.2
                    ],
                    [
                        27.760923,
                        61.522374,
                        98
                    ],
                    [
                        27.760569,
                        61.522514,
                        97.9
                    ],
                    [
                        27.760117,
                        61.522656,
                        97.8
                    ],
                    [
                        27.757415,
                        61.523415,
                        96.7
                    ],
                    [
                        27.756528,
                        61.523636,
                        96
                    ],
                    [
                        27.756113,
                        61.52374,
                        96
                    ],
                    [
                        27.755541,
                        61.52393,
                        96
                    ],
                    [
                        27.755139,
                        61.524093,
                        96
                    ],
                    [
                        27.754752,
                        61.524301,
                        96
                    ],
                    [
                        27.75463,
                        61.524387,
                        96
                    ],
                    [
                        27.754341,
                        61.524591,
                        95.9
                    ],
                    [
                        27.75406,
                        61.524831,
                        95.6
                    ],
                    [
                        27.751782,
                        61.526881,
                        95.2
                    ],
                    [
                        27.751413,
                        61.527184,
                        96.4
                    ],
                    [
                        27.751048,
                        61.527445,
                        96.7
                    ],
                    [
                        27.750741,
                        61.527635,
                        96.9
                    ],
                    [
                        27.750429,
                        61.527791,
                        97.8
                    ],
                    [
                        27.749747,
                        61.528062,
                        98.6
                    ],
                    [
                        27.746244,
                        61.529121,
                        102
                    ],
                    [
                        27.738897,
                        61.531234,
                        95
                    ],
                    [
                        27.735022,
                        61.532409,
                        92
                    ],
                    [
                        27.734684,
                        61.532511,
                        92
                    ],
                    [
                        27.733497,
                        61.532871,
                        91.8
                    ],
                    [
                        27.725452,
                        61.535211,
                        95
                    ],
                    [
                        27.716595,
                        61.537862,
                        89.8
                    ],
                    [
                        27.714829,
                        61.538364,
                        88.3
                    ],
                    [
                        27.713949,
                        61.53858,
                        87.3
                    ],
                    [
                        27.713237,
                        61.538725,
                        87
                    ],
                    [
                        27.71252,
                        61.538855,
                        86.3
                    ],
                    [
                        27.711714,
                        61.538975,
                        85.5
                    ],
                    [
                        27.710521,
                        61.539107,
                        84.9
                    ],
                    [
                        27.709396,
                        61.539166,
                        83
                    ],
                    [
                        27.709191,
                        61.539169,
                        83
                    ],
                    [
                        27.708761,
                        61.53918,
                        80.9
                    ],
                    [
                        27.707295,
                        61.539159,
                        79.7
                    ],
                    [
                        27.706367,
                        61.539113,
                        78.3
                    ],
                    [
                        27.704693,
                        61.538983,
                        75.2
                    ],
                    [
                        27.70371,
                        61.538875,
                        68
                    ],
                    [
                        27.700779,
                        61.538496,
                        71
                    ],
                    [
                        27.700458,
                        61.538453,
                        71
                    ],
                    [
                        27.699171,
                        61.538294,
                        77
                    ],
                    [
                        27.698346,
                        61.538191,
                        78.9
                    ],
                    [
                        27.697581,
                        61.538116,
                        79.8
                    ],
                    [
                        27.696204,
                        61.538022,
                        80.6
                    ],
                    [
                        27.695303,
                        61.537981,
                        83
                    ],
                    [
                        27.695224,
                        61.537979,
                        83
                    ],
                    [
                        27.693625,
                        61.538004,
                        84.3
                    ],
                    [
                        27.692527,
                        61.538083,
                        85.1
                    ],
                    [
                        27.691936,
                        61.538152,
                        85.5
                    ],
                    [
                        27.691327,
                        61.538235,
                        86
                    ],
                    [
                        27.689925,
                        61.538476,
                        86.5
                    ],
                    [
                        27.688965,
                        61.538711,
                        86.5
                    ],
                    [
                        27.688109,
                        61.538981,
                        86
                    ],
                    [
                        27.687493,
                        61.539211,
                        86.1
                    ],
                    [
                        27.686286,
                        61.539742,
                        81.1
                    ],
                    [
                        27.685188,
                        61.540282,
                        80.3
                    ],
                    [
                        27.684717,
                        61.540488,
                        82.2
                    ],
                    [
                        27.682981,
                        61.541078,
                        83.7
                    ],
                    [
                        27.682501,
                        61.541317,
                        87
                    ],
                    [
                        27.681338,
                        61.542001,
                        80.6
                    ],
                    [
                        27.680942,
                        61.542283,
                        80.8
                    ],
                    [
                        27.6807,
                        61.542511,
                        80.1
                    ],
                    [
                        27.680321,
                        61.542959,
                        82
                    ],
                    [
                        27.679102,
                        61.544399,
                        69
                    ],
                    [
                        27.678612,
                        61.54497,
                        75.6
                    ],
                    [
                        27.678252,
                        61.545521,
                        76.1
                    ],
                    [
                        27.678111,
                        61.545946,
                        77
                    ],
                    [
                        27.678106,
                        61.54617,
                        77
                    ],
                    [
                        27.678175,
                        61.546531,
                        77
                    ],
                    [
                        27.678323,
                        61.546859,
                        77.7
                    ],
                    [
                        27.678623,
                        61.547345,
                        78.1
                    ],
                    [
                        27.678787,
                        61.547692,
                        78
                    ],
                    [
                        27.678898,
                        61.548226,
                        82
                    ],
                    [
                        27.679053,
                        61.550139,
                        72.2
                    ],
                    [
                        27.679015,
                        61.550549,
                        71.5
                    ],
                    [
                        27.678921,
                        61.550791,
                        71.7
                    ],
                    [
                        27.678789,
                        61.550981,
                        71.9
                    ],
                    [
                        27.678616,
                        61.551149,
                        72.1
                    ],
                    [
                        27.678131,
                        61.551501,
                        73.4
                    ],
                    [
                        27.677871,
                        61.55164,
                        74.9
                    ],
                    [
                        27.676024,
                        61.552524,
                        81.5
                    ],
                    [
                        27.675523,
                        61.552784,
                        82.8
                    ],
                    [
                        27.674895,
                        61.553211,
                        82.8
                    ],
                    [
                        27.674707,
                        61.553423,
                        83.7
                    ],
                    [
                        27.674556,
                        61.553663,
                        84.5
                    ],
                    [
                        27.674478,
                        61.55385,
                        85.9
                    ],
                    [
                        27.674445,
                        61.554112,
                        88
                    ],
                    [
                        27.674504,
                        61.555915,
                        95
                    ],
                    [
                        27.674496,
                        61.557083,
                        97.6
                    ],
                    [
                        27.674433,
                        61.557277,
                        98.1
                    ],
                    [
                        27.674211,
                        61.557746,
                        98.1
                    ],
                    [
                        27.673669,
                        61.55865,
                        99
                    ],
                    [
                        27.672626,
                        61.56033,
                        107
                    ],
                    [
                        27.669959,
                        61.56472,
                        107.5
                    ],
                    [
                        27.669717,
                        61.565062,
                        107.4
                    ],
                    [
                        27.66947,
                        61.565319,
                        107.5
                    ],
                    [
                        27.669242,
                        61.565502,
                        107.6
                    ],
                    [
                        27.667464,
                        61.566802,
                        101.4
                    ],
                    [
                        27.667137,
                        61.567053,
                        101.2
                    ],
                    [
                        27.666847,
                        61.567317,
                        100.1
                    ],
                    [
                        27.666649,
                        61.567546,
                        100.1
                    ],
                    [
                        27.665366,
                        61.569313,
                        94.3
                    ],
                    [
                        27.665241,
                        61.569569,
                        94
                    ],
                    [
                        27.665164,
                        61.569803,
                        94.2
                    ],
                    [
                        27.665118,
                        61.570151,
                        93.5
                    ],
                    [
                        27.665054,
                        61.571347,
                        88.3
                    ],
                    [
                        27.664984,
                        61.571676,
                        86.5
                    ],
                    [
                        27.664851,
                        61.571996,
                        85.6
                    ],
                    [
                        27.663945,
                        61.573542,
                        82.2
                    ],
                    [
                        27.663515,
                        61.57405,
                        82.2
                    ],
                    [
                        27.663219,
                        61.574289,
                        82.5
                    ],
                    [
                        27.660716,
                        61.575752,
                        88
                    ],
                    [
                        27.659089,
                        61.576699,
                        91.5
                    ],
                    [
                        27.658375,
                        61.577034,
                        92.1
                    ],
                    [
                        27.657635,
                        61.57731,
                        96
                    ],
                    [
                        27.656986,
                        61.577508,
                        96
                    ],
                    [
                        27.656621,
                        61.577602,
                        96
                    ],
                    [
                        27.655506,
                        61.577832,
                        96
                    ],
                    [
                        27.654412,
                        61.577981,
                        96.5
                    ],
                    [
                        27.652625,
                        61.578144,
                        96.8
                    ],
                    [
                        27.651813,
                        61.578232,
                        96.9
                    ],
                    [
                        27.651027,
                        61.578348,
                        97
                    ],
                    [
                        27.650486,
                        61.578455,
                        97
                    ],
                    [
                        27.649845,
                        61.57861,
                        95.1
                    ],
                    [
                        27.648841,
                        61.578896,
                        94.5
                    ],
                    [
                        27.648146,
                        61.579159,
                        93.7
                    ],
                    [
                        27.647439,
                        61.579481,
                        91.6
                    ],
                    [
                        27.646745,
                        61.579839,
                        88
                    ],
                    [
                        27.645614,
                        61.580392,
                        74
                    ],
                    [
                        27.645289,
                        61.580537,
                        74
                    ],
                    [
                        27.645039,
                        61.580656,
                        74
                    ],
                    [
                        27.643204,
                        61.581534,
                        81
                    ],
                    [
                        27.64267,
                        61.581802,
                        81
                    ],
                    [
                        27.641623,
                        61.582365,
                        81.2
                    ],
                    [
                        27.640965,
                        61.582742,
                        81.4
                    ],
                    [
                        27.637484,
                        61.584816,
                        83.8
                    ],
                    [
                        27.635294,
                        61.58602,
                        83.2
                    ],
                    [
                        27.634729,
                        61.586277,
                        83.3
                    ],
                    [
                        27.632922,
                        61.58696,
                        83.1
                    ],
                    [
                        27.631431,
                        61.587307,
                        82.7
                    ],
                    [
                        27.630674,
                        61.587437,
                        83.3
                    ],
                    [
                        27.629478,
                        61.587601,
                        85.7
                    ],
                    [
                        27.625525,
                        61.587981,
                        84
                    ],
                    [
                        27.623476,
                        61.588189,
                        82
                    ],
                    [
                        27.621913,
                        61.588345,
                        80
                    ],
                    [
                        27.620165,
                        61.588557,
                        80
                    ],
                    [
                        27.619551,
                        61.588658,
                        80
                    ],
                    [
                        27.618789,
                        61.588809,
                        80
                    ],
                    [
                        27.618141,
                        61.588962,
                        82
                    ],
                    [
                        27.617076,
                        61.589192,
                        82
                    ],
                    [
                        27.61586,
                        61.589466,
                        95
                    ],
                    [
                        27.610245,
                        61.590765,
                        104
                    ],
                    [
                        27.607899,
                        61.591327,
                        111
                    ],
                    [
                        27.605866,
                        61.591785,
                        116.6
                    ],
                    [
                        27.603743,
                        61.592169,
                        119.3
                    ],
                    [
                        27.602771,
                        61.592331,
                        119.8
                    ],
                    [
                        27.601934,
                        61.592447,
                        122
                    ],
                    [
                        27.599237,
                        61.592765,
                        122.4
                    ],
                    [
                        27.588773,
                        61.59389,
                        127
                    ],
                    [
                        27.586822,
                        61.594108,
                        124
                    ],
                    [
                        27.584833,
                        61.594328,
                        124
                    ],
                    [
                        27.583834,
                        61.594401,
                        123.8
                    ],
                    [
                        27.582183,
                        61.594479,
                        123.7
                    ],
                    [
                        27.565608,
                        61.594885,
                        117.8
                    ],
                    [
                        27.563709,
                        61.595004,
                        116
                    ],
                    [
                        27.56216,
                        61.595053,
                        113
                    ],
                    [
                        27.55882,
                        61.595151,
                        112
                    ],
                    [
                        27.5587,
                        61.595154,
                        112
                    ],
                    [
                        27.549801,
                        61.595398,
                        101
                    ],
                    [
                        27.546321,
                        61.595507,
                        97.5
                    ],
                    [
                        27.53872,
                        61.595794,
                        97.3
                    ],
                    [
                        27.537005,
                        61.595845,
                        96
                    ],
                    [
                        27.536807,
                        61.59585,
                        96
                    ],
                    [
                        27.53504,
                        61.595905,
                        95.7
                    ],
                    [
                        27.530392,
                        61.596007,
                        92
                    ],
                    [
                        27.526067,
                        61.596146,
                        90
                    ],
                    [
                        27.523523,
                        61.596222,
                        87.6
                    ],
                    [
                        27.52228,
                        61.596297,
                        86.6
                    ],
                    [
                        27.521591,
                        61.596367,
                        86
                    ],
                    [
                        27.520385,
                        61.596528,
                        81.6
                    ],
                    [
                        27.519269,
                        61.596751,
                        81.6
                    ],
                    [
                        27.517887,
                        61.597148,
                        80.4
                    ],
                    [
                        27.517302,
                        61.597344,
                        80.1
                    ],
                    [
                        27.516792,
                        61.597542,
                        79.9
                    ],
                    [
                        27.516338,
                        61.59774,
                        79.9
                    ],
                    [
                        27.515901,
                        61.597962,
                        80
                    ],
                    [
                        27.515128,
                        61.598406,
                        79.8
                    ],
                    [
                        27.513539,
                        61.599519,
                        79.4
                    ],
                    [
                        27.51268,
                        61.600089,
                        79
                    ],
                    [
                        27.510942,
                        61.601214,
                        82
                    ],
                    [
                        27.509893,
                        61.601929,
                        83.8
                    ],
                    [
                        27.509132,
                        61.602383,
                        84.6
                    ],
                    [
                        27.508261,
                        61.602792,
                        84.4
                    ],
                    [
                        27.503307,
                        61.604904,
                        90
                    ],
                    [
                        27.502883,
                        61.605101,
                        89.8
                    ],
                    [
                        27.50213,
                        61.605495,
                        89.7
                    ],
                    [
                        27.501482,
                        61.605861,
                        90.9
                    ],
                    [
                        27.499917,
                        61.606854,
                        94.3
                    ],
                    [
                        27.497617,
                        61.608224,
                        103
                    ],
                    [
                        27.497551,
                        61.608264,
                        103
                    ],
                    [
                        27.495385,
                        61.609584,
                        103.9
                    ],
                    [
                        27.494402,
                        61.610152,
                        106.6
                    ],
                    [
                        27.493113,
                        61.610855,
                        108.3
                    ],
                    [
                        27.492432,
                        61.611144,
                        109
                    ],
                    [
                        27.491429,
                        61.611549,
                        107.9
                    ],
                    [
                        27.490779,
                        61.611777,
                        107.9
                    ],
                    [
                        27.490147,
                        61.611965,
                        108
                    ],
                    [
                        27.488806,
                        61.612323,
                        108.8
                    ],
                    [
                        27.488168,
                        61.612465,
                        109.2
                    ],
                    [
                        27.486677,
                        61.612751,
                        110
                    ],
                    [
                        27.482531,
                        61.613552,
                        112
                    ],
                    [
                        27.482141,
                        61.613625,
                        112
                    ],
                    [
                        27.479116,
                        61.614201,
                        111
                    ],
                    [
                        27.478735,
                        61.614276,
                        113
                    ],
                    [
                        27.477277,
                        61.614528,
                        112.5
                    ],
                    [
                        27.476212,
                        61.614673,
                        112.6
                    ],
                    [
                        27.474899,
                        61.614786,
                        112.5
                    ],
                    [
                        27.472687,
                        61.614824,
                        112
                    ],
                    [
                        27.466605,
                        61.614885,
                        112.4
                    ],
                    [
                        27.464424,
                        61.614937,
                        112.4
                    ],
                    [
                        27.462591,
                        61.61509,
                        113.1
                    ],
                    [
                        27.460752,
                        61.615382,
                        113.2
                    ],
                    [
                        27.459271,
                        61.615743,
                        113.7
                    ],
                    [
                        27.457868,
                        61.616171,
                        114
                    ],
                    [
                        27.456468,
                        61.616752,
                        113
                    ],
                    [
                        27.452918,
                        61.618411,
                        113
                    ],
                    [
                        27.448854,
                        61.620272,
                        112.2
                    ],
                    [
                        27.447307,
                        61.620852,
                        116.7
                    ],
                    [
                        27.445592,
                        61.621334,
                        120
                    ],
                    [
                        27.443621,
                        61.621791,
                        120
                    ],
                    [
                        27.439584,
                        61.622401,
                        116
                    ],
                    [
                        27.434789,
                        61.623061,
                        119
                    ],
                    [
                        27.433128,
                        61.623242,
                        119
                    ],
                    [
                        27.432052,
                        61.623317,
                        118.5
                    ],
                    [
                        27.431066,
                        61.623358,
                        118.3
                    ],
                    [
                        27.429904,
                        61.623383,
                        118.2
                    ],
                    [
                        27.42859,
                        61.623373,
                        117.6
                    ],
                    [
                        27.426009,
                        61.623259,
                        116
                    ],
                    [
                        27.42572,
                        61.623246,
                        116
                    ],
                    [
                        27.4179,
                        61.622918,
                        115
                    ],
                    [
                        27.411328,
                        61.622645,
                        111
                    ],
                    [
                        27.410746,
                        61.62262,
                        109.5
                    ],
                    [
                        27.408722,
                        61.622598,
                        109.1
                    ],
                    [
                        27.408026,
                        61.622638,
                        106
                    ],
                    [
                        27.406918,
                        61.622727,
                        105.7
                    ],
                    [
                        27.405134,
                        61.623009,
                        104.9
                    ],
                    [
                        27.403388,
                        61.623483,
                        104
                    ],
                    [
                        27.403251,
                        61.623526,
                        104
                    ],
                    [
                        27.400459,
                        61.62437,
                        102
                    ],
                    [
                        27.394355,
                        61.626256,
                        101
                    ],
                    [
                        27.391955,
                        61.627318,
                        101
                    ],
                    [
                        27.387796,
                        61.629828,
                        101
                    ],
                    [
                        27.384467,
                        61.631784,
                        103
                    ],
                    [
                        27.383345,
                        61.632349,
                        103
                    ],
                    [
                        27.379547,
                        61.634002,
                        104
                    ],
                    [
                        27.378335,
                        61.634498,
                        103.3
                    ],
                    [
                        27.373806,
                        61.636457,
                        101
                    ],
                    [
                        27.373603,
                        61.636543,
                        101
                    ],
                    [
                        27.368411,
                        61.638757,
                        90
                    ],
                    [
                        27.365903,
                        61.639827,
                        102.5
                    ],
                    [
                        27.362373,
                        61.641231,
                        103
                    ],
                    [
                        27.355567,
                        61.643992,
                        106
                    ],
                    [
                        27.354457,
                        61.644497,
                        106
                    ],
                    [
                        27.353952,
                        61.644823,
                        106
                    ],
                    [
                        27.353541,
                        61.645146,
                        106
                    ],
                    [
                        27.3531,
                        61.645548,
                        106
                    ],
                    [
                        27.351271,
                        61.647656,
                        105
                    ],
                    [
                        27.350876,
                        61.648053,
                        105.8
                    ],
                    [
                        27.350076,
                        61.648736,
                        105.8
                    ],
                    [
                        27.349631,
                        61.649067,
                        105.9
                    ],
                    [
                        27.349049,
                        61.649381,
                        105.9
                    ],
                    [
                        27.348341,
                        61.649708,
                        105.9
                    ],
                    [
                        27.344077,
                        61.651382,
                        113
                    ],
                    [
                        27.343414,
                        61.651692,
                        112
                    ],
                    [
                        27.34234,
                        61.652357,
                        113.5
                    ],
                    [
                        27.341793,
                        61.652766,
                        113.4
                    ],
                    [
                        27.34133,
                        61.653234,
                        113.4
                    ],
                    [
                        27.339983,
                        61.654746,
                        109.5
                    ],
                    [
                        27.338636,
                        61.65589,
                        108.8
                    ],
                    [
                        27.33714,
                        61.656772,
                        108
                    ],
                    [
                        27.335231,
                        61.657725,
                        107.3
                    ],
                    [
                        27.333861,
                        61.658298,
                        107.4
                    ],
                    [
                        27.33276,
                        61.658674,
                        108
                    ],
                    [
                        27.331367,
                        61.659093,
                        108
                    ],
                    [
                        27.326236,
                        61.660348,
                        76
                    ],
                    [
                        27.320372,
                        61.661737,
                        86
                    ],
                    [
                        27.318467,
                        61.6621,
                        95.3
                    ],
                    [
                        27.316419,
                        61.662384,
                        95.3
                    ],
                    [
                        27.31238,
                        61.662852,
                        101
                    ],
                    [
                        27.310726,
                        61.663104,
                        101
                    ],
                    [
                        27.308812,
                        61.663517,
                        101
                    ],
                    [
                        27.306648,
                        61.664168,
                        99.7
                    ],
                    [
                        27.305259,
                        61.664488,
                        98
                    ],
                    [
                        27.305064,
                        61.664539,
                        98
                    ],
                    [
                        27.303914,
                        61.664774,
                        97.6
                    ],
                    [
                        27.303139,
                        61.664906,
                        96.6
                    ],
                    [
                        27.302316,
                        61.665023,
                        95.4
                    ],
                    [
                        27.301499,
                        61.665133,
                        92.5
                    ],
                    [
                        27.300601,
                        61.66523,
                        91.6
                    ],
                    [
                        27.299467,
                        61.665321,
                        79
                    ],
                    [
                        27.298917,
                        61.665345,
                        79
                    ],
                    [
                        27.294811,
                        61.66553,
                        73
                    ],
                    [
                        27.293747,
                        61.665552,
                        73
                    ],
                    [
                        27.292959,
                        61.665555,
                        84
                    ],
                    [
                        27.292381,
                        61.665557,
                        91.8
                    ],
                    [
                        27.291376,
                        61.665518,
                        93.4
                    ],
                    [
                        27.290179,
                        61.665448,
                        97
                    ],
                    [
                        27.288999,
                        61.665352,
                        102.5
                    ],
                    [
                        27.286928,
                        61.665116,
                        105.1
                    ],
                    [
                        27.285327,
                        61.664995,
                        109.2
                    ],
                    [
                        27.283783,
                        61.664944,
                        111.8
                    ],
                    [
                        27.282988,
                        61.664942,
                        113.2
                    ],
                    [
                        27.282113,
                        61.664955,
                        113.6
                    ],
                    [
                        27.281236,
                        61.664988,
                        113.9
                    ],
                    [
                        27.280419,
                        61.665041,
                        116
                    ],
                    [
                        27.27919,
                        61.665144,
                        116
                    ],
                    [
                        27.278433,
                        61.665232,
                        115.7
                    ],
                    [
                        27.277312,
                        61.665393,
                        115.5
                    ],
                    [
                        27.276051,
                        61.665604,
                        115.2
                    ],
                    [
                        27.275378,
                        61.665678,
                        115
                    ],
                    [
                        27.276426,
                        61.66851,
                        112.4
                    ],
                    [
                        27.276598,
                        61.669146,
                        110.4
                    ],
                    [
                        27.276787,
                        61.670666,
                        107.3
                    ],
                    [
                        27.276735,
                        61.671295,
                        107.2
                    ],
                    [
                        27.276618,
                        61.671808,
                        107
                    ],
                    [
                        27.276514,
                        61.672093,
                        106.4
                    ],
                    [
                        27.276092,
                        61.672875,
                        104
                    ],
                    [
                        27.275176,
                        61.674192,
                        104
                    ],
                    [
                        27.27489,
                        61.674676,
                        104
                    ],
                    [
                        27.274404,
                        61.675639,
                        97
                    ],
                    [
                        27.274064,
                        61.676582,
                        97
                    ],
                    [
                        27.274035,
                        61.676684,
                        97
                    ],
                    [
                        27.273848,
                        61.677734,
                        98.6
                    ],
                    [
                        27.273728,
                        61.678114,
                        98.9
                    ],
                    [
                        27.273473,
                        61.678593,
                        99
                    ],
                    [
                        27.273408,
                        61.678674,
                        99
                    ],
                    [
                        27.273227,
                        61.678603,
                        99
                    ],
                    [
                        27.273317,
                        61.678392,
                        99
                    ],
                    [
                        27.273458,
                        61.677893,
                        98
                    ],
                    [
                        27.273809,
                        61.676651,
                        97
                    ],
                    [
                        27.273837,
                        61.676558,
                        97
                    ],
                    [
                        27.273921,
                        61.676244,
                        97
                    ],
                    [
                        27.274187,
                        61.675616,
                        97
                    ],
                    [
                        27.274404,
                        61.675639,
                        97
                    ],
                    [
                        27.274064,
                        61.676582,
                        97
                    ],
                    [
                        27.274035,
                        61.676684,
                        97
                    ],
                    [
                        27.273848,
                        61.677734,
                        98.6
                    ],
                    [
                        27.273728,
                        61.678114,
                        98.9
                    ],
                    [
                        27.273473,
                        61.678593,
                        99
                    ],
                    [
                        27.274056,
                        61.678749,
                        98.4
                    ],
                    [
                        27.27438,
                        61.67886,
                        98.4
                    ],
                    [
                        27.274544,
                        61.678954,
                        98.3
                    ],
                    [
                        27.274657,
                        61.679072,
                        98.2
                    ],
                    [
                        27.274708,
                        61.679172,
                        98.2
                    ],
                    [
                        27.274711,
                        61.679329,
                        98.2
                    ],
                    [
                        27.274319,
                        61.680124,
                        98.1
                    ],
                    [
                        27.274254,
                        61.680334,
                        98.1
                    ],
                    [
                        27.27426,
                        61.680466,
                        98.1
                    ],
                    [
                        27.274329,
                        61.680644,
                        98.1
                    ],
                    [
                        27.274435,
                        61.680778,
                        98.1
                    ],
                    [
                        27.274572,
                        61.680901,
                        98.1
                    ],
                    [
                        27.274733,
                        61.681005,
                        98.1
                    ],
                    [
                        27.274817,
                        61.681103,
                        98
                    ],
                    [
                        27.275327,
                        61.681301,
                        94.8
                    ],
                    [
                        27.276061,
                        61.681633,
                        94.8
                    ],
                    [
                        27.276806,
                        61.681987,
                        94.9
                    ],
                    [
                        27.277436,
                        61.68232,
                        94
                    ],
                    [
                        27.278641,
                        61.683062,
                        89.6
                    ],
                    [
                        27.279639,
                        61.683722,
                        85.2
                    ],
                    [
                        27.280101,
                        61.684003,
                        83
                    ],
                    [
                        27.280632,
                        61.684318,
                        79
                    ],
                    [
                        27.281202,
                        61.684625,
                        76.6
                    ],
                    [
                        27.282,
                        61.685008,
                        74.5
                    ],
                    [
                        27.282808,
                        61.685346,
                        73.3
                    ],
                    [
                        27.283991,
                        61.685777,
                        72.2
                    ],
                    [
                        27.285168,
                        61.686149,
                        71.3
                    ],
                    [
                        27.286202,
                        61.686397,
                        71.3
                    ],
                    [
                        27.287271,
                        61.686623,
                        71.1
                    ],
                    [
                        27.288523,
                        61.686848,
                        71
                    ],
                    [
                        27.291118,
                        61.687267,
                        72
                    ],
                    [
                        27.293663,
                        61.687671,
                        84.3
                    ],
                    [
                        27.29525,
                        61.688009,
                        90
                    ],
                    [
                        27.297437,
                        61.688585,
                        91
                    ],
                    [
                        27.298408,
                        61.688894,
                        93
                    ],
                    [
                        27.29926,
                        61.689209,
                        93.4
                    ],
                    [
                        27.301236,
                        61.690043,
                        94.1
                    ],
                    [
                        27.302847,
                        61.690813,
                        94
                    ],
                    [
                        27.303535,
                        61.691211,
                        94
                    ],
                    [
                        27.30445,
                        61.691824,
                        93.3
                    ],
                    [
                        27.304825,
                        61.692104,
                        93.3
                    ],
                    [
                        27.305495,
                        61.692656,
                        93.2
                    ],
                    [
                        27.306087,
                        61.69326,
                        93.2
                    ],
                    [
                        27.307626,
                        61.695023,
                        101
                    ],
                    [
                        27.309294,
                        61.696727,
                        108
                    ],
                    [
                        27.30977,
                        61.697115,
                        108
                    ],
                    [
                        27.310174,
                        61.697445,
                        108
                    ],
                    [
                        27.310686,
                        61.697786,
                        108
                    ],
                    [
                        27.311232,
                        61.69812,
                        108
                    ],
                    [
                        27.311846,
                        61.698463,
                        108
                    ],
                    [
                        27.312506,
                        61.698797,
                        108
                    ],
                    [
                        27.315127,
                        61.699944,
                        107.6
                    ],
                    [
                        27.31724,
                        61.700842,
                        108
                    ],
                    [
                        27.318694,
                        61.701464,
                        107
                    ],
                    [
                        27.32413,
                        61.703779,
                        107.6
                    ],
                    [
                        27.325546,
                        61.70444,
                        108
                    ],
                    [
                        27.326591,
                        61.705023,
                        108
                    ],
                    [
                        27.327083,
                        61.705337,
                        108
                    ],
                    [
                        27.327552,
                        61.705668,
                        108
                    ],
                    [
                        27.32809,
                        61.706093,
                        108.5
                    ],
                    [
                        27.328675,
                        61.706603,
                        108.5
                    ],
                    [
                        27.330227,
                        61.708255,
                        109
                    ],
                    [
                        27.331045,
                        61.709093,
                        109
                    ],
                    [
                        27.331902,
                        61.709964,
                        109
                    ],
                    [
                        27.332973,
                        61.710939,
                        109
                    ],
                    [
                        27.33429,
                        61.712023,
                        109.9
                    ],
                    [
                        27.335127,
                        61.712654,
                        111.2
                    ],
                    [
                        27.33659,
                        61.713653,
                        112.2
                    ],
                    [
                        27.338016,
                        61.714559,
                        113.6
                    ],
                    [
                        27.339438,
                        61.71537,
                        114.3
                    ],
                    [
                        27.34162,
                        61.716479,
                        115
                    ],
                    [
                        27.342764,
                        61.717023,
                        119
                    ],
                    [
                        27.344623,
                        61.717821,
                        118.9
                    ],
                    [
                        27.345617,
                        61.718219,
                        119
                    ],
                    [
                        27.346211,
                        61.718452,
                        117
                    ],
                    [
                        27.348093,
                        61.719134,
                        115.7
                    ],
                    [
                        27.349467,
                        61.7196,
                        116.1
                    ],
                    [
                        27.351352,
                        61.720202,
                        117.7
                    ],
                    [
                        27.355428,
                        61.721442,
                        118.9
                    ],
                    [
                        27.360104,
                        61.722828,
                        121
                    ],
                    [
                        27.362517,
                        61.72359,
                        121.8
                    ],
                    [
                        27.363885,
                        61.724052,
                        122.6
                    ],
                    [
                        27.36507,
                        61.724466,
                        125.9
                    ],
                    [
                        27.367295,
                        61.725292,
                        128.9
                    ],
                    [
                        27.36889,
                        61.725921,
                        128.9
                    ],
                    [
                        27.372001,
                        61.727235,
                        122
                    ],
                    [
                        27.374243,
                        61.728154,
                        120.7
                    ],
                    [
                        27.376502,
                        61.729,
                        118
                    ],
                    [
                        27.378969,
                        61.729825,
                        116.8
                    ],
                    [
                        27.381855,
                        61.730684,
                        116.1
                    ],
                    [
                        27.383068,
                        61.731011,
                        116
                    ],
                    [
                        27.383871,
                        61.731223,
                        114
                    ],
                    [
                        27.384869,
                        61.731472,
                        113
                    ],
                    [
                        27.387177,
                        61.732001,
                        111.7
                    ],
                    [
                        27.38954,
                        61.732483,
                        110.1
                    ],
                    [
                        27.39204,
                        61.732925,
                        108.9
                    ],
                    [
                        27.395689,
                        61.733476,
                        107.9
                    ],
                    [
                        27.3983,
                        61.733801,
                        106.4
                    ],
                    [
                        27.400986,
                        61.73406,
                        105.9
                    ],
                    [
                        27.404568,
                        61.734321,
                        106
                    ],
                    [
                        27.409072,
                        61.734565,
                        104
                    ],
                    [
                        27.410618,
                        61.734665,
                        106
                    ],
                    [
                        27.412581,
                        61.734834,
                        109.3
                    ],
                    [
                        27.415327,
                        61.735113,
                        110.4
                    ],
                    [
                        27.416466,
                        61.735248,
                        111.9
                    ],
                    [
                        27.419531,
                        61.735675,
                        115
                    ],
                    [
                        27.42221,
                        61.736115,
                        113.8
                    ],
                    [
                        27.423442,
                        61.736342,
                        113.4
                    ],
                    [
                        27.424748,
                        61.736604,
                        113.2
                    ],
                    [
                        27.426881,
                        61.73706,
                        113
                    ],
                    [
                        27.427627,
                        61.737228,
                        113.5
                    ],
                    [
                        27.429314,
                        61.737644,
                        114
                    ],
                    [
                        27.440211,
                        61.74049,
                        120
                    ],
                    [
                        27.445846,
                        61.741893,
                        116
                    ],
                    [
                        27.447688,
                        61.742286,
                        115.7
                    ],
                    [
                        27.449462,
                        61.742629,
                        114.9
                    ],
                    [
                        27.45085,
                        61.742875,
                        114
                    ],
                    [
                        27.452449,
                        61.743134,
                        113.3
                    ],
                    [
                        27.453914,
                        61.743352,
                        112.4
                    ],
                    [
                        27.457291,
                        61.743775,
                        113.9
                    ],
                    [
                        27.458902,
                        61.743944,
                        114
                    ],
                    [
                        27.460249,
                        61.744057,
                        113.7
                    ],
                    [
                        27.46187,
                        61.744166,
                        113.6
                    ],
                    [
                        27.465092,
                        61.744342,
                        115.2
                    ],
                    [
                        27.46664,
                        61.744397,
                        115.5
                    ],
                    [
                        27.470496,
                        61.744475,
                        117.1
                    ],
                    [
                        27.472761,
                        61.744485,
                        118.8
                    ],
                    [
                        27.475358,
                        61.744456,
                        120.3
                    ],
                    [
                        27.477919,
                        61.744503,
                        121.2
                    ],
                    [
                        27.479254,
                        61.744545,
                        121.5
                    ],
                    [
                        27.482339,
                        61.744713,
                        121.1
                    ],
                    [
                        27.485263,
                        61.744939,
                        121
                    ],
                    [
                        27.485757,
                        61.744988,
                        120
                    ],
                    [
                        27.487242,
                        61.745136,
                        119.7
                    ],
                    [
                        27.488678,
                        61.7453,
                        119.6
                    ],
                    [
                        27.493199,
                        61.745934,
                        118.6
                    ],
                    [
                        27.494358,
                        61.746121,
                        118.6
                    ],
                    [
                        27.497441,
                        61.746721,
                        119.6
                    ],
                    [
                        27.498996,
                        61.747056,
                        121.5
                    ],
                    [
                        27.500613,
                        61.747426,
                        123.8
                    ],
                    [
                        27.502035,
                        61.747757,
                        124.6
                    ],
                    [
                        27.50332,
                        61.748077,
                        124.9
                    ],
                    [
                        27.505075,
                        61.748572,
                        125.6
                    ],
                    [
                        27.509791,
                        61.750023,
                        125
                    ],
                    [
                        27.510212,
                        61.750153,
                        125
                    ],
                    [
                        27.511725,
                        61.750601,
                        124.5
                    ],
                    [
                        27.514016,
                        61.751221,
                        123.4
                    ],
                    [
                        27.515427,
                        61.751573,
                        120.6
                    ],
                    [
                        27.517887,
                        61.752135,
                        117.9
                    ],
                    [
                        27.518958,
                        61.752362,
                        117.1
                    ],
                    [
                        27.520414,
                        61.752639,
                        116.5
                    ],
                    [
                        27.523389,
                        61.753128,
                        115.1
                    ],
                    [
                        27.524876,
                        61.75334,
                        116
                    ],
                    [
                        27.526228,
                        61.753519,
                        116
                    ],
                    [
                        27.528185,
                        61.753756,
                        118.3
                    ],
                    [
                        27.529551,
                        61.753899,
                        118.3
                    ],
                    [
                        27.544341,
                        61.755238,
                        109
                    ],
                    [
                        27.547103,
                        61.755485,
                        109
                    ],
                    [
                        27.552048,
                        61.755923,
                        103.3
                    ],
                    [
                        27.553819,
                        61.756106,
                        103.8
                    ],
                    [
                        27.555194,
                        61.756271,
                        105.3
                    ],
                    [
                        27.557943,
                        61.756651,
                        105.4
                    ],
                    [
                        27.559834,
                        61.756957,
                        106
                    ],
                    [
                        27.562284,
                        61.757409,
                        107.1
                    ],
                    [
                        27.563546,
                        61.757666,
                        107.4
                    ],
                    [
                        27.565873,
                        61.758176,
                        104.2
                    ],
                    [
                        27.567664,
                        61.758608,
                        100.4
                    ],
                    [
                        27.569282,
                        61.759043,
                        103.5
                    ],
                    [
                        27.57205,
                        61.759852,
                        106.8
                    ],
                    [
                        27.573316,
                        61.760257,
                        105.9
                    ],
                    [
                        27.574529,
                        61.760672,
                        105.9
                    ],
                    [
                        27.576806,
                        61.76151,
                        105
                    ],
                    [
                        27.577913,
                        61.761951,
                        106.3
                    ],
                    [
                        27.57926,
                        61.762521,
                        108.1
                    ],
                    [
                        27.580533,
                        61.763093,
                        108.8
                    ],
                    [
                        27.581538,
                        61.763567,
                        107.2
                    ],
                    [
                        27.583349,
                        61.764506,
                        104.5
                    ],
                    [
                        27.584279,
                        61.765019,
                        102.8
                    ],
                    [
                        27.585269,
                        61.765608,
                        102
                    ],
                    [
                        27.585655,
                        61.765846,
                        101
                    ],
                    [
                        27.587166,
                        61.766828,
                        105
                    ],
                    [
                        27.587992,
                        61.767426,
                        106
                    ],
                    [
                        27.58905,
                        61.768256,
                        106
                    ],
                    [
                        27.589825,
                        61.768905,
                        106
                    ],
                    [
                        27.590302,
                        61.769337,
                        106
                    ],
                    [
                        27.591376,
                        61.77039,
                        106.8
                    ],
                    [
                        27.592139,
                        61.771224,
                        108.4
                    ],
                    [
                        27.592603,
                        61.771797,
                        109.1
                    ],
                    [
                        27.593443,
                        61.77294,
                        107.5
                    ],
                    [
                        27.593954,
                        61.773763,
                        106
                    ],
                    [
                        27.594427,
                        61.774649,
                        105
                    ],
                    [
                        27.59482,
                        61.775518,
                        103.5
                    ],
                    [
                        27.595169,
                        61.776466,
                        103
                    ],
                    [
                        27.595532,
                        61.777794,
                        100.3
                    ],
                    [
                        27.595648,
                        61.77852,
                        100.4
                    ],
                    [
                        27.59582,
                        61.781289,
                        105.8
                    ],
                    [
                        27.595879,
                        61.781842,
                        106.3
                    ],
                    [
                        27.596192,
                        61.783625,
                        103
                    ],
                    [
                        27.596244,
                        61.783907,
                        103
                    ],
                    [
                        27.597607,
                        61.791504,
                        106
                    ],
                    [
                        27.599048,
                        61.799059,
                        116
                    ],
                    [
                        27.599296,
                        61.800528,
                        113
                    ],
                    [
                        27.599472,
                        61.80133,
                        113
                    ],
                    [
                        27.599717,
                        61.802139,
                        116
                    ],
                    [
                        27.599782,
                        61.802367,
                        116
                    ],
                    [
                        27.600309,
                        61.803877,
                        116.5
                    ],
                    [
                        27.600711,
                        61.80472,
                        116.5
                    ],
                    [
                        27.601662,
                        61.80632,
                        119
                    ],
                    [
                        27.602898,
                        61.808049,
                        118
                    ],
                    [
                        27.604963,
                        61.810295,
                        117
                    ],
                    [
                        27.607166,
                        61.812196,
                        115
                    ],
                    [
                        27.609283,
                        61.813783,
                        109
                    ],
                    [
                        27.611523,
                        61.815218,
                        107
                    ],
                    [
                        27.615465,
                        61.817312,
                        105
                    ],
                    [
                        27.621723,
                        61.820181,
                        105
                    ],
                    [
                        27.622637,
                        61.820602,
                        105
                    ],
                    [
                        27.633085,
                        61.82534,
                        121
                    ],
                    [
                        27.636237,
                        61.826796,
                        129
                    ],
                    [
                        27.638754,
                        61.828035,
                        133
                    ],
                    [
                        27.645451,
                        61.831417,
                        126
                    ],
                    [
                        27.646607,
                        61.832003,
                        125
                    ],
                    [
                        27.647656,
                        61.832545,
                        125
                    ],
                    [
                        27.647979,
                        61.832703,
                        121
                    ],
                    [
                        27.651061,
                        61.83426,
                        114
                    ],
                    [
                        27.654511,
                        61.835958,
                        116
                    ],
                    [
                        27.657272,
                        61.837227,
                        117.5
                    ],
                    [
                        27.658232,
                        61.837641,
                        118
                    ],
                    [
                        27.660706,
                        61.838622,
                        119
                    ],
                    [
                        27.66414,
                        61.839874,
                        119
                    ],
                    [
                        27.667251,
                        61.841002,
                        117
                    ],
                    [
                        27.672527,
                        61.842935,
                        114
                    ],
                    [
                        27.683624,
                        61.846984,
                        125
                    ],
                    [
                        27.688849,
                        61.848889,
                        129
                    ],
                    [
                        27.69506,
                        61.851156,
                        130
                    ],
                    [
                        27.711051,
                        61.856953,
                        133
                    ],
                    [
                        27.713044,
                        61.857677,
                        133
                    ],
                    [
                        27.714568,
                        61.858226,
                        125
                    ],
                    [
                        27.718052,
                        61.859481,
                        122
                    ],
                    [
                        27.741575,
                        61.867938,
                        128
                    ],
                    [
                        27.745739,
                        61.86943,
                        126
                    ],
                    [
                        27.759477,
                        61.874365,
                        125
                    ],
                    [
                        27.76116,
                        61.87497,
                        126
                    ],
                    [
                        27.766004,
                        61.876712,
                        124
                    ],
                    [
                        27.76861,
                        61.877675,
                        116
                    ],
                    [
                        27.770071,
                        61.878178,
                        115
                    ],
                    [
                        27.771323,
                        61.878626,
                        113
                    ],
                    [
                        27.77334,
                        61.879344,
                        112
                    ],
                    [
                        27.775333,
                        61.880098,
                        113
                    ],
                    [
                        27.776589,
                        61.880564,
                        113
                    ],
                    [
                        27.784841,
                        61.883654,
                        105
                    ],
                    [
                        27.78758,
                        61.884697,
                        104.2
                    ],
                    [
                        27.788768,
                        61.885214,
                        103.9
                    ],
                    [
                        27.78989,
                        61.885756,
                        103.2
                    ],
                    [
                        27.791386,
                        61.88655,
                        102.3
                    ],
                    [
                        27.79254,
                        61.887214,
                        100.7
                    ],
                    [
                        27.793113,
                        61.887575,
                        99.8
                    ],
                    [
                        27.794123,
                        61.888272,
                        99.1
                    ],
                    [
                        27.79476,
                        61.888739,
                        98.6
                    ],
                    [
                        27.795644,
                        61.889454,
                        98.1
                    ],
                    [
                        27.796719,
                        61.890438,
                        98
                    ],
                    [
                        27.79702,
                        61.890739,
                        98
                    ],
                    [
                        27.797723,
                        61.891523,
                        98
                    ],
                    [
                        27.799302,
                        61.893436,
                        98
                    ],
                    [
                        27.800357,
                        61.894714,
                        99
                    ],
                    [
                        27.800954,
                        61.895441,
                        99
                    ],
                    [
                        27.801225,
                        61.895634,
                        100
                    ],
                    [
                        27.802003,
                        61.89649,
                        100.6
                    ],
                    [
                        27.80227,
                        61.896727,
                        100.8
                    ],
                    [
                        27.802569,
                        61.896984,
                        100.9
                    ],
                    [
                        27.803556,
                        61.897688,
                        101
                    ],
                    [
                        27.803848,
                        61.897925,
                        103.6
                    ],
                    [
                        27.804058,
                        61.898164,
                        103.5
                    ],
                    [
                        27.804332,
                        61.898675,
                        104
                    ],
                    [
                        27.805132,
                        61.898599,
                        103.4
                    ],
                    [
                        27.805992,
                        61.898537,
                        103.3
                    ],
                    [
                        27.807054,
                        61.898499,
                        103.2
                    ],
                    [
                        27.807895,
                        61.89851,
                        103.2
                    ],
                    [
                        27.808016,
                        61.898495,
                        103.2
                    ],
                    [
                        27.80813,
                        61.898455,
                        103
                    ],
                    [
                        27.808201,
                        61.898422,
                        100
                    ],
                    [
                        27.80835,
                        61.898394,
                        100
                    ],
                    [
                        27.80851,
                        61.898402,
                        100
                    ],
                    [
                        27.808571,
                        61.898416,
                        100
                    ],
                    [
                        27.808904,
                        61.89848,
                        98.7
                    ],
                    [
                        27.809217,
                        61.898518,
                        98.4
                    ],
                    [
                        27.810699,
                        61.898576,
                        98.2
                    ],
                    [
                        27.810914,
                        61.898588,
                        98.3
                    ],
                    [
                        27.811135,
                        61.898619,
                        97
                    ],
                    [
                        27.816124,
                        61.898726,
                        94
                    ],
                    [
                        27.832947,
                        61.899139,
                        94
                    ],
                    [
                        27.83463,
                        61.899135,
                        96.1
                    ],
                    [
                        27.837115,
                        61.899065,
                        97.2
                    ],
                    [
                        27.839362,
                        61.898925,
                        98.3
                    ],
                    [
                        27.84138,
                        61.898742,
                        99
                    ],
                    [
                        27.842994,
                        61.898542,
                        100.7
                    ],
                    [
                        27.843912,
                        61.898407,
                        102
                    ],
                    [
                        27.845229,
                        61.898201,
                        101.2
                    ],
                    [
                        27.846094,
                        61.898044,
                        99.8
                    ],
                    [
                        27.847389,
                        61.897798,
                        98.5
                    ],
                    [
                        27.848359,
                        61.897595,
                        96
                    ],
                    [
                        27.848493,
                        61.897545,
                        96
                    ],
                    [
                        27.849695,
                        61.897261,
                        96
                    ],
                    [
                        27.850641,
                        61.896996,
                        96
                    ],
                    [
                        27.851696,
                        61.896656,
                        96
                    ],
                    [
                        27.85182,
                        61.896577,
                        96
                    ],
                    [
                        27.851851,
                        61.896515,
                        96
                    ],
                    [
                        27.851886,
                        61.896456,
                        98.7
                    ],
                    [
                        27.851946,
                        61.896422,
                        99.1
                    ],
                    [
                        27.852094,
                        61.896391,
                        98.8
                    ],
                    [
                        27.852186,
                        61.896394,
                        100
                    ],
                    [
                        27.852472,
                        61.896378,
                        100.1
                    ],
                    [
                        27.852905,
                        61.8963,
                        100.2
                    ],
                    [
                        27.853543,
                        61.896163,
                        100.2
                    ],
                    [
                        27.854083,
                        61.896026,
                        101
                    ],
                    [
                        27.85427,
                        61.895974,
                        101
                    ],
                    [
                        27.854824,
                        61.895829,
                        98.8
                    ],
                    [
                        27.855496,
                        61.895689,
                        98.1
                    ],
                    [
                        27.855653,
                        61.895678,
                        95
                    ],
                    [
                        27.856015,
                        61.895592,
                        95
                    ],
                    [
                        27.856945,
                        61.8954,
                        93.5
                    ],
                    [
                        27.858627,
                        61.895096,
                        93.8
                    ],
                    [
                        27.860856,
                        61.894805,
                        94.5
                    ],
                    [
                        27.861518,
                        61.894742,
                        95
                    ],
                    [
                        27.861893,
                        61.894713,
                        95
                    ],
                    [
                        27.863329,
                        61.894626,
                        94.7
                    ],
                    [
                        27.864775,
                        61.894577,
                        94.4
                    ],
                    [
                        27.87102,
                        61.894616,
                        96
                    ],
                    [
                        27.871061,
                        61.89454,
                        96
                    ],
                    [
                        27.871115,
                        61.894509,
                        96
                    ],
                    [
                        27.871267,
                        61.894475,
                        96
                    ],
                    [
                        27.871431,
                        61.894486,
                        96
                    ],
                    [
                        27.871501,
                        61.894508,
                        96
                    ],
                    [
                        27.871929,
                        61.894567,
                        96.4
                    ],
                    [
                        27.872781,
                        61.894604,
                        96.5
                    ],
                    [
                        27.873398,
                        61.89465,
                        97
                    ],
                    [
                        27.885828,
                        61.894795,
                        98
                    ],
                    [
                        27.8886,
                        61.894848,
                        98
                    ],
                    [
                        27.890531,
                        61.894941,
                        97
                    ],
                    [
                        27.892685,
                        61.895196,
                        96.7
                    ],
                    [
                        27.894651,
                        61.895495,
                        97
                    ],
                    [
                        27.897013,
                        61.896014,
                        97
                    ],
                    [
                        27.897877,
                        61.896204,
                        92
                    ],
                    [
                        27.902762,
                        61.897513,
                        81
                    ],
                    [
                        27.906235,
                        61.898411,
                        83
                    ],
                    [
                        27.907598,
                        61.898712,
                        83
                    ],
                    [
                        27.908845,
                        61.898968,
                        80.6
                    ],
                    [
                        27.909793,
                        61.899125,
                        80.9
                    ],
                    [
                        27.911186,
                        61.899297,
                        81.1
                    ],
                    [
                        27.913439,
                        61.899486,
                        82
                    ],
                    [
                        27.914453,
                        61.899519,
                        82.7
                    ],
                    [
                        27.91653,
                        61.899512,
                        82.2
                    ],
                    [
                        27.91797,
                        61.89945,
                        82
                    ],
                    [
                        27.91916,
                        61.899417,
                        79
                    ],
                    [
                        27.919402,
                        61.89941,
                        79
                    ],
                    [
                        27.919691,
                        61.899401,
                        79
                    ],
                    [
                        27.925395,
                        61.899219,
                        88
                    ],
                    [
                        27.929076,
                        61.899101,
                        96
                    ],
                    [
                        27.931145,
                        61.899033,
                        98
                    ],
                    [
                        27.937181,
                        61.898836,
                        100
                    ],
                    [
                        27.942024,
                        61.898677,
                        98
                    ],
                    [
                        27.943457,
                        61.898632,
                        98
                    ],
                    [
                        27.950035,
                        61.898414,
                        101
                    ],
                    [
                        27.951,
                        61.898397,
                        101.7
                    ],
                    [
                        27.952703,
                        61.898413,
                        103
                    ],
                    [
                        27.952994,
                        61.898415,
                        103
                    ],
                    [
                        27.955099,
                        61.898536,
                        103.3
                    ],
                    [
                        27.956941,
                        61.898746,
                        103.3
                    ],
                    [
                        27.964066,
                        61.899979,
                        102
                    ],
                    [
                        27.966909,
                        61.900487,
                        103
                    ],
                    [
                        27.968538,
                        61.900845,
                        102.3
                    ],
                    [
                        27.969814,
                        61.901209,
                        101.8
                    ],
                    [
                        27.97114,
                        61.901681,
                        101.9
                    ],
                    [
                        27.971631,
                        61.901876,
                        102
                    ],
                    [
                        27.974354,
                        61.902955,
                        102
                    ],
                    [
                        27.975308,
                        61.90326,
                        100.7
                    ],
                    [
                        27.976856,
                        61.903681,
                        100.6
                    ],
                    [
                        27.978481,
                        61.904024,
                        100.6
                    ],
                    [
                        27.986189,
                        61.905285,
                        104
                    ],
                    [
                        27.986436,
                        61.905326,
                        104
                    ],
                    [
                        27.991028,
                        61.906088,
                        104.3
                    ],
                    [
                        27.99227,
                        61.90627,
                        105.1
                    ],
                    [
                        27.993631,
                        61.90643,
                        104.7
                    ],
                    [
                        27.997728,
                        61.906852,
                        109
                    ],
                    [
                        27.999489,
                        61.907033,
                        111
                    ],
                    [
                        28.004801,
                        61.90758,
                        116
                    ],
                    [
                        28.005334,
                        61.907661,
                        116
                    ],
                    [
                        28.006044,
                        61.907768,
                        116
                    ],
                    [
                        28.007234,
                        61.907948,
                        114.7
                    ],
                    [
                        28.009321,
                        61.908443,
                        114.7
                    ],
                    [
                        28.011817,
                        61.909196,
                        109
                    ],
                    [
                        28.016553,
                        61.910726,
                        121
                    ],
                    [
                        28.016867,
                        61.910826,
                        121
                    ],
                    [
                        28.018696,
                        61.911416,
                        121
                    ],
                    [
                        28.020432,
                        61.911976,
                        121
                    ],
                    [
                        28.025195,
                        61.91351,
                        109
                    ],
                    [
                        28.031755,
                        61.915626,
                        116
                    ],
                    [
                        28.033189,
                        61.916141,
                        116
                    ],
                    [
                        28.034539,
                        61.916705,
                        108.9
                    ],
                    [
                        28.035417,
                        61.917165,
                        106.6
                    ],
                    [
                        28.03605,
                        61.917539,
                        106.1
                    ],
                    [
                        28.036881,
                        61.91808,
                        105
                    ],
                    [
                        28.037417,
                        61.918487,
                        104.7
                    ],
                    [
                        28.03816,
                        61.919132,
                        104.8
                    ],
                    [
                        28.039362,
                        61.920404,
                        104
                    ],
                    [
                        28.041515,
                        61.922891,
                        100
                    ],
                    [
                        28.044042,
                        61.92573,
                        94
                    ],
                    [
                        28.044891,
                        61.92657,
                        94
                    ],
                    [
                        28.045212,
                        61.926807,
                        94
                    ],
                    [
                        28.045532,
                        61.927044,
                        94
                    ],
                    [
                        28.046174,
                        61.927518,
                        94
                    ],
                    [
                        28.047158,
                        61.928107,
                        93.8
                    ],
                    [
                        28.048181,
                        61.928604,
                        93
                    ],
                    [
                        28.048445,
                        61.928723,
                        93
                    ],
                    [
                        28.049092,
                        61.929015,
                        97.3
                    ],
                    [
                        28.05044,
                        61.929509,
                        100.6
                    ],
                    [
                        28.051819,
                        61.92994,
                        103.5
                    ],
                    [
                        28.053459,
                        61.930355,
                        103.5
                    ],
                    [
                        28.06349,
                        61.932258,
                        105
                    ],
                    [
                        28.064057,
                        61.93235,
                        105.7
                    ],
                    [
                        28.065685,
                        61.932554,
                        105.3
                    ],
                    [
                        28.085274,
                        61.934126,
                        113
                    ],
                    [
                        28.089437,
                        61.934476,
                        111
                    ],
                    [
                        28.090988,
                        61.934648,
                        109
                    ],
                    [
                        28.092216,
                        61.934864,
                        109
                    ],
                    [
                        28.108782,
                        61.938118,
                        79
                    ],
                    [
                        28.111836,
                        61.938731,
                        79
                    ],
                    [
                        28.112342,
                        61.938831,
                        79
                    ],
                    [
                        28.112856,
                        61.938931,
                        79
                    ],
                    [
                        28.117473,
                        61.939858,
                        89
                    ],
                    [
                        28.120022,
                        61.94043,
                        101.3
                    ],
                    [
                        28.122405,
                        61.94107,
                        110.1
                    ],
                    [
                        28.124699,
                        61.941775,
                        110.1
                    ],
                    [
                        28.126986,
                        61.942639,
                        122
                    ],
                    [
                        28.130663,
                        61.944089,
                        127
                    ],
                    [
                        28.133116,
                        61.944943,
                        139
                    ],
                    [
                        28.136384,
                        61.945842,
                        117
                    ],
                    [
                        28.136916,
                        61.94596,
                        117
                    ],
                    [
                        28.139299,
                        61.946486,
                        117
                    ],
                    [
                        28.144898,
                        61.947526,
                        172
                    ],
                    [
                        28.149029,
                        61.94847,
                        161
                    ],
                    [
                        28.150112,
                        61.948759,
                        160
                    ],
                    [
                        28.152912,
                        61.949543,
                        153
                    ],
                    [
                        28.156129,
                        61.9506,
                        123
                    ],
                    [
                        28.159172,
                        61.951747,
                        123
                    ],
                    [
                        28.162943,
                        61.953396,
                        115
                    ],
                    [
                        28.166146,
                        61.954604,
                        99
                    ],
                    [
                        28.167669,
                        61.955079,
                        94.8
                    ],
                    [
                        28.17003,
                        61.95575,
                        96.4
                    ],
                    [
                        28.171258,
                        61.956054,
                        97.7
                    ],
                    [
                        28.172484,
                        61.956323,
                        103
                    ],
                    [
                        28.174662,
                        61.956765,
                        109.7
                    ],
                    [
                        28.176787,
                        61.957121,
                        116.6
                    ],
                    [
                        28.178373,
                        61.957336,
                        126.1
                    ],
                    [
                        28.180384,
                        61.957575,
                        132
                    ],
                    [
                        28.181594,
                        61.95769,
                        133
                    ],
                    [
                        28.183448,
                        61.957835,
                        133
                    ],
                    [
                        28.185105,
                        61.957915,
                        132.7
                    ],
                    [
                        28.186906,
                        61.95797,
                        132
                    ],
                    [
                        28.187827,
                        61.957985,
                        129.7
                    ],
                    [
                        28.190198,
                        61.957972,
                        126.2
                    ],
                    [
                        28.191884,
                        61.957995,
                        121.4
                    ],
                    [
                        28.194126,
                        61.958092,
                        117.8
                    ],
                    [
                        28.195427,
                        61.958165,
                        116
                    ],
                    [
                        28.197045,
                        61.958277,
                        122.7
                    ],
                    [
                        28.198835,
                        61.958437,
                        122.7
                    ],
                    [
                        28.202388,
                        61.958799,
                        103
                    ],
                    [
                        28.204399,
                        61.958945,
                        103
                    ],
                    [
                        28.207616,
                        61.959121,
                        104
                    ],
                    [
                        28.210101,
                        61.959182,
                        104
                    ],
                    [
                        28.215675,
                        61.959216,
                        110
                    ],
                    [
                        28.21696,
                        61.959262,
                        110
                    ],
                    [
                        28.221175,
                        61.959521,
                        107
                    ],
                    [
                        28.233446,
                        61.960353,
                        114
                    ],
                    [
                        28.237711,
                        61.960625,
                        123.3
                    ],
                    [
                        28.239602,
                        61.960684,
                        124.2
                    ],
                    [
                        28.240728,
                        61.960681,
                        125
                    ],
                    [
                        28.241105,
                        61.960674,
                        125
                    ],
                    [
                        28.242227,
                        61.960624,
                        125
                    ],
                    [
                        28.25232,
                        61.95981,
                        107
                    ],
                    [
                        28.256719,
                        61.959452,
                        99
                    ],
                    [
                        28.258606,
                        61.959288,
                        102
                    ],
                    [
                        28.259851,
                        61.959187,
                        102
                    ],
                    [
                        28.269557,
                        61.958406,
                        126.5
                    ],
                    [
                        28.272134,
                        61.958397,
                        128
                    ],
                    [
                        28.273746,
                        61.958452,
                        124
                    ],
                    [
                        28.275337,
                        61.958615,
                        118
                    ],
                    [
                        28.275579,
                        61.958642,
                        118
                    ],
                    [
                        28.276961,
                        61.958823,
                        113.3
                    ],
                    [
                        28.278034,
                        61.959012,
                        111
                    ],
                    [
                        28.280823,
                        61.959657,
                        105
                    ],
                    [
                        28.288733,
                        61.962018,
                        105
                    ],
                    [
                        28.295856,
                        61.964159,
                        122
                    ],
                    [
                        28.297525,
                        61.964661,
                        118
                    ],
                    [
                        28.300763,
                        61.965637,
                        131
                    ],
                    [
                        28.302765,
                        61.966222,
                        133.7
                    ],
                    [
                        28.303696,
                        61.966468,
                        135
                    ],
                    [
                        28.304879,
                        61.966746,
                        143
                    ],
                    [
                        28.306489,
                        61.967039,
                        141.8
                    ],
                    [
                        28.307296,
                        61.967165,
                        141.6
                    ],
                    [
                        28.30887,
                        61.967354,
                        137.8
                    ],
                    [
                        28.310346,
                        61.967468,
                        131
                    ],
                    [
                        28.311788,
                        61.967515,
                        131
                    ],
                    [
                        28.314878,
                        61.967475,
                        129.5
                    ],
                    [
                        28.316827,
                        61.967366,
                        130
                    ],
                    [
                        28.318501,
                        61.967231,
                        130.3
                    ],
                    [
                        28.320262,
                        61.966992,
                        131.1
                    ],
                    [
                        28.322579,
                        61.966532,
                        134.7
                    ],
                    [
                        28.325018,
                        61.965852,
                        134.7
                    ],
                    [
                        28.332312,
                        61.96343,
                        132
                    ],
                    [
                        28.338328,
                        61.961496,
                        137
                    ],
                    [
                        28.343912,
                        61.959699,
                        143.5
                    ],
                    [
                        28.34591,
                        61.959079,
                        145.8
                    ],
                    [
                        28.347417,
                        61.958677,
                        149.3
                    ],
                    [
                        28.348677,
                        61.958409,
                        155
                    ],
                    [
                        28.350342,
                        61.958142,
                        160
                    ],
                    [
                        28.352163,
                        61.957921,
                        159.3
                    ],
                    [
                        28.353772,
                        61.9578,
                        158.4
                    ],
                    [
                        28.358577,
                        61.957533,
                        152
                    ],
                    [
                        28.363704,
                        61.957243,
                        144
                    ],
                    [
                        28.364752,
                        61.957217,
                        139.3
                    ],
                    [
                        28.365809,
                        61.957216,
                        137
                    ],
                    [
                        28.366733,
                        61.957233,
                        129
                    ],
                    [
                        28.367233,
                        61.957242,
                        129
                    ],
                    [
                        28.378843,
                        61.957816,
                        110
                    ],
                    [
                        28.382141,
                        61.957981,
                        107
                    ],
                    [
                        28.383199,
                        61.958034,
                        106
                    ],
                    [
                        28.385721,
                        61.958128,
                        107
                    ],
                    [
                        28.387709,
                        61.958151,
                        108.5
                    ],
                    [
                        28.389429,
                        61.958075,
                        108.8
                    ],
                    [
                        28.390515,
                        61.957975,
                        109
                    ],
                    [
                        28.391107,
                        61.95792,
                        110
                    ],
                    [
                        28.392025,
                        61.9578,
                        112
                    ],
                    [
                        28.392914,
                        61.957684,
                        113.7
                    ],
                    [
                        28.394665,
                        61.957374,
                        112.8
                    ],
                    [
                        28.40454,
                        61.955417,
                        119
                    ],
                    [
                        28.406322,
                        61.955096,
                        118.2
                    ],
                    [
                        28.407507,
                        61.954914,
                        117.8
                    ],
                    [
                        28.408259,
                        61.954827,
                        117.4
                    ],
                    [
                        28.409001,
                        61.95476,
                        117.5
                    ],
                    [
                        28.410584,
                        61.954647,
                        117.2
                    ],
                    [
                        28.412125,
                        61.95457,
                        117
                    ],
                    [
                        28.412603,
                        61.954546,
                        117
                    ],
                    [
                        28.416333,
                        61.954371,
                        118
                    ],
                    [
                        28.416557,
                        61.954361,
                        124
                    ],
                    [
                        28.420657,
                        61.954183,
                        134
                    ],
                    [
                        28.423424,
                        61.954068,
                        141
                    ],
                    [
                        28.42517,
                        61.954039,
                        143.5
                    ],
                    [
                        28.426558,
                        61.954062,
                        142.9
                    ],
                    [
                        28.427662,
                        61.954124,
                        142.3
                    ],
                    [
                        28.429137,
                        61.954255,
                        140.1
                    ],
                    [
                        28.435104,
                        61.954902,
                        129
                    ],
                    [
                        28.437713,
                        61.955208,
                        119
                    ],
                    [
                        28.444895,
                        61.956006,
                        110.5
                    ],
                    [
                        28.44569,
                        61.95607,
                        109.1
                    ],
                    [
                        28.447403,
                        61.956177,
                        107
                    ],
                    [
                        28.450253,
                        61.956235,
                        115
                    ],
                    [
                        28.452277,
                        61.956268,
                        121
                    ],
                    [
                        28.4584,
                        61.956369,
                        127.5
                    ],
                    [
                        28.460532,
                        61.956368,
                        122.4
                    ],
                    [
                        28.461395,
                        61.956332,
                        118.6
                    ],
                    [
                        28.462572,
                        61.956258,
                        117.2
                    ],
                    [
                        28.463798,
                        61.956138,
                        116.8
                    ],
                    [
                        28.4647,
                        61.956033,
                        117
                    ],
                    [
                        28.476418,
                        61.954481,
                        110
                    ],
                    [
                        28.478101,
                        61.954254,
                        110
                    ],
                    [
                        28.478466,
                        61.954207,
                        110
                    ],
                    [
                        28.482366,
                        61.95368,
                        105.7
                    ],
                    [
                        28.483355,
                        61.953523,
                        104.2
                    ],
                    [
                        28.484477,
                        61.953305,
                        104
                    ],
                    [
                        28.485682,
                        61.953024,
                        104
                    ],
                    [
                        28.48754,
                        61.952501,
                        106.1
                    ],
                    [
                        28.488654,
                        61.952071,
                        106.7
                    ],
                    [
                        28.489676,
                        61.951646,
                        108.2
                    ],
                    [
                        28.490744,
                        61.951119,
                        110.4
                    ],
                    [
                        28.492106,
                        61.950477,
                        112.1
                    ],
                    [
                        28.493335,
                        61.949924,
                        112.7
                    ],
                    [
                        28.495308,
                        61.94925,
                        113
                    ],
                    [
                        28.49822,
                        61.948292,
                        109
                    ],
                    [
                        28.499558,
                        61.947862,
                        109
                    ],
                    [
                        28.501755,
                        61.947157,
                        110
                    ],
                    [
                        28.503559,
                        61.946613,
                        111
                    ],
                    [
                        28.5085,
                        61.9452,
                        113
                    ],
                    [
                        28.514898,
                        61.943417,
                        123
                    ],
                    [
                        28.522409,
                        61.941293,
                        109
                    ],
                    [
                        28.530299,
                        61.939026,
                        124
                    ],
                    [
                        28.532395,
                        61.938362,
                        126.3
                    ],
                    [
                        28.533895,
                        61.937835,
                        129
                    ],
                    [
                        28.535915,
                        61.937052,
                        117
                    ],
                    [
                        28.540007,
                        61.935473,
                        128
                    ],
                    [
                        28.540708,
                        61.935238,
                        120.7
                    ],
                    [
                        28.54247,
                        61.934734,
                        120.7
                    ],
                    [
                        28.547132,
                        61.933456,
                        135
                    ],
                    [
                        28.548091,
                        61.933155,
                        135
                    ],
                    [
                        28.549201,
                        61.932753,
                        135
                    ],
                    [
                        28.552929,
                        61.93131,
                        150
                    ],
                    [
                        28.55606,
                        61.930115,
                        151
                    ],
                    [
                        28.557975,
                        61.92936,
                        155
                    ],
                    [
                        28.55828,
                        61.929236,
                        153
                    ],
                    [
                        28.558994,
                        61.92887,
                        153
                    ],
                    [
                        28.559946,
                        61.928269,
                        153
                    ],
                    [
                        28.563838,
                        61.925384,
                        156
                    ],
                    [
                        28.564558,
                        61.924913,
                        157
                    ],
                    [
                        28.565675,
                        61.924282,
                        157
                    ],
                    [
                        28.5693,
                        61.922395,
                        157
                    ],
                    [
                        28.572249,
                        61.920903,
                        155
                    ],
                    [
                        28.572871,
                        61.920608,
                        155
                    ],
                    [
                        28.578445,
                        61.918462,
                        133
                    ],
                    [
                        28.581468,
                        61.91731,
                        138
                    ],
                    [
                        28.58385,
                        61.916427,
                        134
                    ],
                    [
                        28.58948,
                        61.914337,
                        138
                    ],
                    [
                        28.591901,
                        61.913487,
                        138
                    ],
                    [
                        28.592314,
                        61.913359,
                        138
                    ],
                    [
                        28.595783,
                        61.912236,
                        129
                    ],
                    [
                        28.600803,
                        61.91064,
                        115
                    ],
                    [
                        28.604866,
                        61.909341,
                        112
                    ],
                    [
                        28.606426,
                        61.908794,
                        109
                    ],
                    [
                        28.607491,
                        61.908428,
                        109
                    ],
                    [
                        28.609208,
                        61.907774,
                        127
                    ],
                    [
                        28.610469,
                        61.907291,
                        110
                    ],
                    [
                        28.611092,
                        61.907031,
                        100.5
                    ],
                    [
                        28.612637,
                        61.906341,
                        91
                    ],
                    [
                        28.61477,
                        61.905331,
                        93.3
                    ],
                    [
                        28.618758,
                        61.903335,
                        112
                    ],
                    [
                        28.620191,
                        61.902688,
                        119.3
                    ],
                    [
                        28.621671,
                        61.902071,
                        119.3
                    ],
                    [
                        28.626109,
                        61.900367,
                        123
                    ],
                    [
                        28.626362,
                        61.900268,
                        123
                    ],
                    [
                        28.628811,
                        61.899344,
                        112.3
                    ],
                    [
                        28.629808,
                        61.899006,
                        114.8
                    ],
                    [
                        28.630987,
                        61.898666,
                        115.6
                    ],
                    [
                        28.63352,
                        61.898071,
                        117.1
                    ],
                    [
                        28.634941,
                        61.897821,
                        111.4
                    ],
                    [
                        28.636497,
                        61.897603,
                        102.1
                    ],
                    [
                        28.638016,
                        61.897454,
                        102.1
                    ],
                    [
                        28.643232,
                        61.896999,
                        92
                    ],
                    [
                        28.644596,
                        61.896927,
                        94.3
                    ],
                    [
                        28.64621,
                        61.896923,
                        96.8
                    ],
                    [
                        28.647762,
                        61.89697,
                        98
                    ],
                    [
                        28.64878,
                        61.897022,
                        101.7
                    ],
                    [
                        28.649921,
                        61.897111,
                        100.7
                    ],
                    [
                        28.652006,
                        61.897374,
                        99.6
                    ],
                    [
                        28.653795,
                        61.89772,
                        96.1
                    ],
                    [
                        28.655454,
                        61.898135,
                        94
                    ],
                    [
                        28.656023,
                        61.898301,
                        93
                    ],
                    [
                        28.656113,
                        61.898327,
                        97
                    ],
                    [
                        28.658595,
                        61.89905,
                        100
                    ],
                    [
                        28.660206,
                        61.899373,
                        99.3
                    ],
                    [
                        28.661892,
                        61.899644,
                        96.8
                    ],
                    [
                        28.663654,
                        61.899835,
                        96.3
                    ],
                    [
                        28.665134,
                        61.899931,
                        98.4
                    ],
                    [
                        28.667082,
                        61.899981,
                        101.1
                    ],
                    [
                        28.668794,
                        61.899948,
                        97.7
                    ],
                    [
                        28.670527,
                        61.899837,
                        97.7
                    ],
                    [
                        28.675602,
                        61.899365,
                        81.3
                    ],
                    [
                        28.676762,
                        61.899221,
                        81.1
                    ],
                    [
                        28.678025,
                        61.898987,
                        80
                    ],
                    [
                        28.680013,
                        61.898532,
                        73
                    ],
                    [
                        28.680364,
                        61.898451,
                        73
                    ],
                    [
                        28.681113,
                        61.898271,
                        83
                    ],
                    [
                        28.683444,
                        61.897754,
                        86.5
                    ],
                    [
                        28.684831,
                        61.897548,
                        87.1
                    ],
                    [
                        28.685643,
                        61.89748,
                        86.9
                    ],
                    [
                        28.686517,
                        61.897429,
                        87
                    ],
                    [
                        28.687852,
                        61.897408,
                        87
                    ],
                    [
                        28.691046,
                        61.897517,
                        85
                    ],
                    [
                        28.693368,
                        61.897619,
                        85
                    ],
                    [
                        28.698948,
                        61.897829,
                        98
                    ],
                    [
                        28.700631,
                        61.897845,
                        99.5
                    ],
                    [
                        28.701865,
                        61.897795,
                        102.1
                    ],
                    [
                        28.702911,
                        61.89771,
                        103.9
                    ],
                    [
                        28.703952,
                        61.897582,
                        104.5
                    ],
                    [
                        28.704986,
                        61.897437,
                        106
                    ],
                    [
                        28.707754,
                        61.896885,
                        110
                    ],
                    [
                        28.710673,
                        61.896254,
                        123
                    ],
                    [
                        28.71259,
                        61.895754,
                        121
                    ],
                    [
                        28.713992,
                        61.89528,
                        110.3
                    ],
                    [
                        28.714984,
                        61.894863,
                        101.4
                    ],
                    [
                        28.716272,
                        61.894272,
                        97
                    ],
                    [
                        28.719616,
                        61.892324,
                        95
                    ],
                    [
                        28.720564,
                        61.891846,
                        95
                    ],
                    [
                        28.721535,
                        61.891434,
                        95
                    ],
                    [
                        28.722603,
                        61.89104,
                        95
                    ],
                    [
                        28.723843,
                        61.890654,
                        98.7
                    ],
                    [
                        28.725306,
                        61.89027,
                        96.6
                    ],
                    [
                        28.7272,
                        61.889873,
                        96.6
                    ],
                    [
                        28.740777,
                        61.887805,
                        101
                    ],
                    [
                        28.748803,
                        61.886628,
                        129
                    ],
                    [
                        28.75064,
                        61.886287,
                        124.3
                    ],
                    [
                        28.751969,
                        61.885955,
                        122.3
                    ],
                    [
                        28.753297,
                        61.885581,
                        123.8
                    ],
                    [
                        28.755232,
                        61.884908,
                        127
                    ],
                    [
                        28.755869,
                        61.884666,
                        123.5
                    ],
                    [
                        28.757482,
                        61.884129,
                        120
                    ],
                    [
                        28.758415,
                        61.883821,
                        113
                    ],
                    [
                        28.75991,
                        61.883415,
                        116.7
                    ],
                    [
                        28.761378,
                        61.883058,
                        120.6
                    ],
                    [
                        28.762914,
                        61.882809,
                        120.6
                    ],
                    [
                        28.765839,
                        61.882385,
                        111
                    ],
                    [
                        28.768308,
                        61.882071,
                        102.1
                    ],
                    [
                        28.769609,
                        61.882,
                        99.3
                    ],
                    [
                        28.771123,
                        61.882031,
                        99.9
                    ],
                    [
                        28.772441,
                        61.882121,
                        99.6
                    ],
                    [
                        28.776597,
                        61.882544,
                        103
                    ],
                    [
                        28.782507,
                        61.883117,
                        84.7
                    ],
                    [
                        28.783685,
                        61.883214,
                        81.6
                    ],
                    [
                        28.785102,
                        61.883303,
                        81.1
                    ],
                    [
                        28.786659,
                        61.883325,
                        81.8
                    ],
                    [
                        28.788061,
                        61.883302,
                        80.4
                    ],
                    [
                        28.789277,
                        61.883237,
                        78
                    ],
                    [
                        28.790572,
                        61.883127,
                        77.7
                    ],
                    [
                        28.791417,
                        61.883035,
                        78.4
                    ],
                    [
                        28.792666,
                        61.882854,
                        82
                    ],
                    [
                        28.794461,
                        61.882548,
                        91.2
                    ],
                    [
                        28.795389,
                        61.882341,
                        92.8
                    ],
                    [
                        28.79638,
                        61.882085,
                        95.3
                    ],
                    [
                        28.798562,
                        61.881388,
                        99
                    ],
                    [
                        28.802471,
                        61.880089,
                        85
                    ],
                    [
                        28.803617,
                        61.879742,
                        87.5
                    ],
                    [
                        28.80473,
                        61.879471,
                        88.1
                    ],
                    [
                        28.805703,
                        61.879277,
                        87.8
                    ],
                    [
                        28.808748,
                        61.878885,
                        74
                    ],
                    [
                        28.813092,
                        61.878354,
                        90
                    ],
                    [
                        28.816942,
                        61.877846,
                        89
                    ],
                    [
                        28.818692,
                        61.877649,
                        88.3
                    ],
                    [
                        28.820065,
                        61.877604,
                        88
                    ],
                    [
                        28.823084,
                        61.877736,
                        84
                    ],
                    [
                        28.823301,
                        61.877751,
                        84
                    ],
                    [
                        28.823367,
                        61.877755,
                        84
                    ],
                    [
                        28.823556,
                        61.877768,
                        84
                    ],
                    [
                        28.826222,
                        61.877925,
                        89.8
                    ],
                    [
                        28.828059,
                        61.878064,
                        89.8
                    ],
                    [
                        28.831533,
                        61.878278,
                        107
                    ],
                    [
                        28.833784,
                        61.878434,
                        92
                    ],
                    [
                        28.834581,
                        61.878488,
                        91.7
                    ],
                    [
                        28.835492,
                        61.87852,
                        91.4
                    ],
                    [
                        28.835853,
                        61.878522,
                        91.3
                    ],
                    [
                        28.836451,
                        61.878494,
                        91.1
                    ],
                    [
                        28.837988,
                        61.878401,
                        90.6
                    ],
                    [
                        28.839556,
                        61.878266,
                        90.1
                    ],
                    [
                        28.843007,
                        61.877922,
                        89
                    ],
                    [
                        28.84396,
                        61.877841,
                        85.7
                    ],
                    [
                        28.845026,
                        61.877796,
                        84
                    ],
                    [
                        28.84606,
                        61.87779,
                        82.4
                    ],
                    [
                        28.846973,
                        61.877804,
                        82.5
                    ],
                    [
                        28.847204,
                        61.877793,
                        82.6
                    ],
                    [
                        28.847449,
                        61.877737,
                        82
                    ],
                    [
                        28.847544,
                        61.877689,
                        82
                    ],
                    [
                        28.847777,
                        61.87765,
                        81.5
                    ],
                    [
                        28.848015,
                        61.87768,
                        81
                    ],
                    [
                        28.84811,
                        61.877712,
                        81
                    ],
                    [
                        28.848158,
                        61.877752,
                        81
                    ],
                    [
                        28.848901,
                        61.878045,
                        82.6
                    ],
                    [
                        28.849294,
                        61.878158,
                        82.9
                    ],
                    [
                        28.850488,
                        61.878418,
                        84.9
                    ],
                    [
                        28.85234,
                        61.878948,
                        93
                    ],
                    [
                        28.857489,
                        61.880223,
                        102.8
                    ],
                    [
                        28.858747,
                        61.880499,
                        109.6
                    ],
                    [
                        28.859331,
                        61.880609,
                        110.6
                    ],
                    [
                        28.860507,
                        61.880759,
                        112.6
                    ],
                    [
                        28.860979,
                        61.880802,
                        112.8
                    ],
                    [
                        28.861953,
                        61.88085,
                        113
                    ],
                    [
                        28.862402,
                        61.88086,
                        112.1
                    ],
                    [
                        28.863362,
                        61.880847,
                        111.3
                    ],
                    [
                        28.864261,
                        61.880807,
                        109.4
                    ],
                    [
                        28.865997,
                        61.880617,
                        106
                    ],
                    [
                        28.866734,
                        61.880481,
                        102.6
                    ],
                    [
                        28.868763,
                        61.879988,
                        92.5
                    ],
                    [
                        28.869794,
                        61.879674,
                        90.1
                    ],
                    [
                        28.870414,
                        61.879442,
                        87.6
                    ],
                    [
                        28.87095,
                        61.879208,
                        87.1
                    ],
                    [
                        28.871887,
                        61.878671,
                        85.2
                    ],
                    [
                        28.872378,
                        61.878282,
                        84.4
                    ],
                    [
                        28.873096,
                        61.87764,
                        83.6
                    ],
                    [
                        28.873556,
                        61.877302,
                        82.9
                    ],
                    [
                        28.873892,
                        61.877095,
                        82
                    ],
                    [
                        28.87398,
                        61.877009,
                        81.5
                    ],
                    [
                        28.874646,
                        61.876669,
                        81
                    ],
                    [
                        28.875144,
                        61.876435,
                        72
                    ],
                    [
                        28.875287,
                        61.876371,
                        72
                    ],
                    [
                        28.876187,
                        61.87603,
                        72
                    ],
                    [
                        28.876711,
                        61.875824,
                        72
                    ],
                    [
                        28.878162,
                        61.875228,
                        67.7
                    ],
                    [
                        28.878562,
                        61.875083,
                        66
                    ],
                    [
                        28.879025,
                        61.874846,
                        69.1
                    ],
                    [
                        28.879388,
                        61.874602,
                        72
                    ],
                    [
                        28.879971,
                        61.874194,
                        72
                    ],
                    [
                        28.880278,
                        61.873935,
                        72
                    ],
                    [
                        28.88077,
                        61.873503,
                        71.8
                    ],
                    [
                        28.881114,
                        61.873102,
                        71.3
                    ],
                    [
                        28.881486,
                        61.872514,
                        72.1
                    ],
                    [
                        28.881993,
                        61.871574,
                        75.3
                    ],
                    [
                        28.882176,
                        61.871302,
                        77
                    ],
                    [
                        28.882413,
                        61.871028,
                        77
                    ],
                    [
                        28.882629,
                        61.870804,
                        77
                    ],
                    [
                        28.882674,
                        61.870764,
                        77
                    ],
                    [
                        28.882676,
                        61.870716,
                        82
                    ],
                    [
                        28.882745,
                        61.870624,
                        83.3
                    ],
                    [
                        28.882903,
                        61.870491,
                        87
                    ],
                    [
                        28.883243,
                        61.870249,
                        73
                    ],
                    [
                        28.883527,
                        61.87006,
                        73
                    ],
                    [
                        28.88413,
                        61.869743,
                        73
                    ],
                    [
                        28.884578,
                        61.86954,
                        73
                    ],
                    [
                        28.884932,
                        61.869413,
                        71.9
                    ],
                    [
                        28.885603,
                        61.869223,
                        70
                    ],
                    [
                        28.886138,
                        61.869117,
                        70
                    ],
                    [
                        28.886457,
                        61.869038,
                        70
                    ],
                    [
                        28.886806,
                        61.868964,
                        70
                    ],
                    [
                        28.887266,
                        61.868882,
                        71.8
                    ],
                    [
                        28.888014,
                        61.868781,
                        72.1
                    ],
                    [
                        28.888961,
                        61.868706,
                        72.5
                    ],
                    [
                        28.890188,
                        61.868695,
                        76.2
                    ],
                    [
                        28.892384,
                        61.868725,
                        83.5
                    ],
                    [
                        28.893447,
                        61.868706,
                        86
                    ],
                    [
                        28.894279,
                        61.868656,
                        91
                    ],
                    [
                        28.895243,
                        61.868566,
                        101.7
                    ],
                    [
                        28.896628,
                        61.868409,
                        106
                    ],
                    [
                        28.89785,
                        61.868331,
                        95
                    ],
                    [
                        28.898283,
                        61.868334,
                        95
                    ],
                    [
                        28.898759,
                        61.868334,
                        95
                    ],
                    [
                        28.89952,
                        61.868414,
                        95
                    ],
                    [
                        28.899798,
                        61.868418,
                        95
                    ],
                    [
                        28.899863,
                        61.86838,
                        84
                    ],
                    [
                        28.90006,
                        61.868325,
                        84
                    ],
                    [
                        28.900314,
                        61.868312,
                        84
                    ],
                    [
                        28.900549,
                        61.868346,
                        84
                    ],
                    [
                        28.900673,
                        61.868401,
                        84
                    ],
                    [
                        28.900938,
                        61.868496,
                        82
                    ],
                    [
                        28.902225,
                        61.869051,
                        79.4
                    ],
                    [
                        28.90265,
                        61.869191,
                        79.5
                    ],
                    [
                        28.903487,
                        61.869394,
                        78.9
                    ],
                    [
                        28.903978,
                        61.869478,
                        78
                    ],
                    [
                        28.912234,
                        61.870409,
                        81
                    ],
                    [
                        28.91279,
                        61.870445,
                        95.8
                    ],
                    [
                        28.913551,
                        61.870453,
                        98.8
                    ],
                    [
                        28.914288,
                        61.870438,
                        99.5
                    ],
                    [
                        28.915195,
                        61.870358,
                        102.4
                    ],
                    [
                        28.91584,
                        61.870283,
                        102.7
                    ],
                    [
                        28.917007,
                        61.870096,
                        100.9
                    ],
                    [
                        28.918063,
                        61.869895,
                        100.7
                    ],
                    [
                        28.919565,
                        61.869499,
                        100.8
                    ],
                    [
                        28.922672,
                        61.868576,
                        99
                    ],
                    [
                        28.923004,
                        61.868473,
                        97
                    ],
                    [
                        28.923179,
                        61.868421,
                        97
                    ],
                    [
                        28.92346,
                        61.868337,
                        97
                    ],
                    [
                        28.923991,
                        61.868204,
                        101.8
                    ],
                    [
                        28.925098,
                        61.867964,
                        105
                    ],
                    [
                        28.926963,
                        61.8677,
                        113.3
                    ],
                    [
                        28.929305,
                        61.86754,
                        117.8
                    ],
                    [
                        28.929981,
                        61.86755,
                        120
                    ],
                    [
                        28.933583,
                        61.867329,
                        113
                    ],
                    [
                        28.934831,
                        61.867246,
                        113
                    ],
                    [
                        28.93489,
                        61.867242,
                        113
                    ],
                    [
                        28.935132,
                        61.867192,
                        111.5
                    ],
                    [
                        28.936863,
                        61.867054,
                        110.3
                    ],
                    [
                        28.938536,
                        61.866982,
                        106
                    ],
                    [
                        28.939255,
                        61.866956,
                        106
                    ],
                    [
                        28.939423,
                        61.866951,
                        106
                    ],
                    [
                        28.940156,
                        61.866943,
                        102.7
                    ],
                    [
                        28.940706,
                        61.866958,
                        101
                    ],
                    [
                        28.941307,
                        61.866985,
                        97.7
                    ],
                    [
                        28.942493,
                        61.86709,
                        97.3
                    ],
                    [
                        28.942935,
                        61.867147,
                        97.5
                    ],
                    [
                        28.943321,
                        61.867231,
                        96
                    ],
                    [
                        28.944022,
                        61.867354,
                        93.6
                    ],
                    [
                        28.945048,
                        61.867605,
                        93.4
                    ],
                    [
                        28.946049,
                        61.867963,
                        93.1
                    ],
                    [
                        28.946921,
                        61.868317,
                        92.5
                    ],
                    [
                        28.947563,
                        61.868652,
                        93.4
                    ],
                    [
                        28.948096,
                        61.869012,
                        92.3
                    ],
                    [
                        28.948488,
                        61.869326,
                        88
                    ],
                    [
                        28.948772,
                        61.869573,
                        88
                    ],
                    [
                        28.949099,
                        61.869905,
                        88
                    ],
                    [
                        28.949428,
                        61.870291,
                        88
                    ],
                    [
                        28.95088,
                        61.872523,
                        83
                    ],
                    [
                        28.951639,
                        61.873531,
                        92
                    ],
                    [
                        28.952131,
                        61.874216,
                        87
                    ],
                    [
                        28.952489,
                        61.874704,
                        87
                    ],
                    [
                        28.952744,
                        61.875031,
                        95.7
                    ],
                    [
                        28.953045,
                        61.875351,
                        98
                    ],
                    [
                        28.953134,
                        61.875432,
                        98
                    ],
                    [
                        28.953621,
                        61.875812,
                        98.9
                    ],
                    [
                        28.953888,
                        61.875993,
                        99
                    ],
                    [
                        28.954188,
                        61.876179,
                        99.2
                    ],
                    [
                        28.954973,
                        61.87658,
                        100
                    ],
                    [
                        28.955386,
                        61.87677,
                        101.8
                    ],
                    [
                        28.956059,
                        61.877036,
                        107
                    ],
                    [
                        28.956491,
                        61.877158,
                        107.7
                    ],
                    [
                        28.957259,
                        61.877328,
                        108
                    ],
                    [
                        28.957869,
                        61.877439,
                        110
                    ],
                    [
                        28.958469,
                        61.877521,
                        110.6
                    ],
                    [
                        28.959095,
                        61.877579,
                        110.8
                    ],
                    [
                        28.959726,
                        61.877617,
                        111
                    ],
                    [
                        28.960391,
                        61.877637,
                        111.7
                    ],
                    [
                        28.961259,
                        61.877633,
                        113
                    ],
                    [
                        28.966807,
                        61.87755,
                        106
                    ],
                    [
                        28.969912,
                        61.87749,
                        104
                    ],
                    [
                        28.975932,
                        61.877387,
                        97
                    ],
                    [
                        28.979882,
                        61.877327,
                        92
                    ],
                    [
                        28.990815,
                        61.877161,
                        96
                    ],
                    [
                        29.000293,
                        61.877038,
                        94
                    ],
                    [
                        29.001823,
                        61.877033,
                        94.7
                    ],
                    [
                        29.003568,
                        61.8771,
                        96
                    ],
                    [
                        29.00504,
                        61.877233,
                        100
                    ],
                    [
                        29.006862,
                        61.877479,
                        105
                    ],
                    [
                        29.008575,
                        61.877791,
                        106.2
                    ],
                    [
                        29.012272,
                        61.878621,
                        106
                    ],
                    [
                        29.014726,
                        61.879101,
                        103
                    ],
                    [
                        29.016115,
                        61.879319,
                        103
                    ],
                    [
                        29.017834,
                        61.879503,
                        103
                    ],
                    [
                        29.023341,
                        61.879869,
                        97
                    ],
                    [
                        29.029468,
                        61.880213,
                        100
                    ],
                    [
                        29.034114,
                        61.880499,
                        105
                    ],
                    [
                        29.034828,
                        61.880542,
                        105
                    ],
                    [
                        29.036387,
                        61.880628,
                        105
                    ],
                    [
                        29.040602,
                        61.880871,
                        102
                    ],
                    [
                        29.045334,
                        61.881155,
                        97
                    ],
                    [
                        29.050046,
                        61.881423,
                        103
                    ],
                    [
                        29.064347,
                        61.882273,
                        106
                    ],
                    [
                        29.075113,
                        61.882895,
                        122
                    ],
                    [
                        29.08043,
                        61.883221,
                        128
                    ],
                    [
                        29.082241,
                        61.883358,
                        131
                    ],
                    [
                        29.083021,
                        61.883373,
                        131
                    ],
                    [
                        29.083284,
                        61.883375,
                        130.4
                    ],
                    [
                        29.085641,
                        61.883547,
                        128
                    ],
                    [
                        29.08595,
                        61.883569,
                        128
                    ],
                    [
                        29.087037,
                        61.883652,
                        126.1
                    ],
                    [
                        29.089117,
                        61.883761,
                        125.5
                    ],
                    [
                        29.089333,
                        61.883798,
                        125
                    ],
                    [
                        29.092517,
                        61.883961,
                        116
                    ],
                    [
                        29.093668,
                        61.883979,
                        111.9
                    ],
                    [
                        29.094976,
                        61.88396,
                        110
                    ],
                    [
                        29.095297,
                        61.883954,
                        110
                    ],
                    [
                        29.096734,
                        61.883899,
                        111.7
                    ],
                    [
                        29.098378,
                        61.88376,
                        113.3
                    ],
                    [
                        29.099266,
                        61.883653,
                        114.6
                    ],
                    [
                        29.100042,
                        61.883541,
                        116.8
                    ],
                    [
                        29.101679,
                        61.883256,
                        120.6
                    ],
                    [
                        29.102411,
                        61.883097,
                        122.1
                    ],
                    [
                        29.104096,
                        61.882646,
                        125.8
                    ],
                    [
                        29.105003,
                        61.882369,
                        129.3
                    ],
                    [
                        29.10646,
                        61.881856,
                        135
                    ],
                    [
                        29.106673,
                        61.881773,
                        135
                    ],
                    [
                        29.107048,
                        61.881618,
                        134.2
                    ]
                ]
            }
        },
        {
            "type": "Feature",
            "properties": {
                "label": "Linnankatu, Turku,Finland"
            },
            "geometry": {
                "type": "Point",
                "coordinates": [
                    22.22147941589356,
                    60.43549995759725
                ]
            }
        },
        {
            "type": "Feature",
            "properties": {
                "label": "Valtatie 10, Forssa,Finland"
            },
            "geometry": {
                "type": "Point",
                "coordinates": [
                    23.57872009277344,
                    60.825900191813254
                ]
            }
        },
        {
            "type": "Feature",
            "properties": {
                "label": "Pohjoistenjoki, Hameenlinna,Finland"
            },
            "geometry": {
                "type": "Point",
                "coordinates": [
                    24.862060546875004,
                    61.1041899615649
                ]
            }
        },
        {
            "type": "Feature",
            "properties": {
                "label": "Radanrakentajien muistokivi, Lahti,Finland"
            },
            "geometry": {
                "type": "Point",
                "coordinates": [
                    25.712471008300785,
                    60.97177438449758
                ]
            }
        },
        {
            "type": "Feature",
            "properties": {
                "label": "Vuorikivenkatu 15, Imatra,Finland"
            },
            "geometry": {
                "type": "Point",
                "coordinates": [
                    28.885459899902347,
                    61.25401459474001
                ]
            }
        },
        {
            "type": "Feature",
            "properties": {
                "label": "Urpola Lappeenrannantie, P,Mikkeli,Finland"
            },
            "geometry": {
                "type": "Point",
                "coordinates": [
                    27.273602485656742,
                    61.677902705670235
                ]
            }
        },
        {
            "type": "Feature",
            "properties": {
                "label": "Savonlinnantie, Savonlinna,Finland",
                "type": "end"
            },
            "geometry": {
                "type": "Point",
                "coordinates": [
                    29.10724639892578,
                    61.88172477007172
                ]
            }
        }
    ]
}