{
    "type": "FeatureCollection",
    "features": [
        {
            "type": "Feature",
            "properties": {
                "_gpxType": "trk",
                "name": "Day 1: Fredericia to Kapellskär</br>949.9 km, 10 h 52 min",
                "coordinateProperties": {}
            },
            "geometry": {
                "type": "LineString",
                "coordinates": [
                    [
                        9.75612,
                        55.56501
                    ],
                    [
                        9.75611,
                        55.56457
                    ],
                    [
                        9.75568,
                        55.56457
                    ],
                    [
                        9.75552,
                        55.56458
                    ],
                    [
                        9.75552,
                        55.56458
                    ],
                    [
                        9.75552,
                        55.5644
                    ],
                    [
                        9.75552,
                        55.56433
                    ],
                    [
                        9.75552,
                        55.56426
                    ],
                    [
                        9.75551,
                        55.56414
                    ],
                    [
                        9.75551,
                        55.56409
                    ],
                    [
                        9.75551,
                        55.56409
                    ],
                    [
                        9.75478,
                        55.56409
                    ],
                    [
                        9.75463,
                        55.56409
                    ],
                    [
                        9.75448,
                        55.5641
                    ],
                    [
                        9.75372,
                        55.5641
                    ],
                    [
                        9.75273,
                        55.56411
                    ],
                    [
                        9.75256,
                        55.56411
                    ],
                    [
                        9.75256,
                        55.56411
                    ],
                    [
                        9.75256,
                        55.56402
                    ],
                    [
                        9.75255,
                        55.56356
                    ],
                    [
                        9.75253,
                        55.56308
                    ],
                    [
                        9.75251,
                        55.56245
                    ],
                    [
                        9.7525,
                        55.56238
                    ],
                    [
                        9.7525,
                        55.56232
                    ],
                    [
                        9.7525,
                        55.56226
                    ],
                    [
                        9.75248,
                        55.56193
                    ],
                    [
                        9.75248,
                        55.56187
                    ],
                    [
                        9.75248,
                        55.56187
                    ],
                    [
                        9.75242,
                        55.56187
                    ],
                    [
                        9.75238,
                        55.56185
                    ],
                    [
                        9.75234,
                        55.56184
                    ],
                    [
                        9.75231,
                        55.56181
                    ],
                    [
                        9.75229,
                        55.56178
                    ],
                    [
                        9.75228,
                        55.56176
                    ],
                    [
                        9.75214,
                        55.56175
                    ],
                    [
                        9.752,
                        55.56175
                    ],
                    [
                        9.75183,
                        55.56176
                    ],
                    [
                        9.75169,
                        55.56176
                    ],
                    [
                        9.75104,
                        55.56176
                    ],
                    [
                        9.75066,
                        55.56177
                    ],
                    [
                        9.74532,
                        55.56181
                    ],
                    [
                        9.74237,
                        55.56181
                    ],
                    [
                        9.74165,
                        55.56181
                    ],
                    [
                        9.74133,
                        55.56181
                    ],
                    [
                        9.74089,
                        55.56181
                    ],
                    [
                        9.74045,
                        55.56181
                    ],
                    [
                        9.74033,
                        55.56182
                    ],
                    [
                        9.73996,
                        55.56183
                    ],
                    [
                        9.73961,
                        55.56186
                    ],
                    [
                        9.73938,
                        55.56189
                    ],
                    [
                        9.73908,
                        55.56196
                    ],
                    [
                        9.73871,
                        55.5621
                    ],
                    [
                        9.73843,
                        55.56223
                    ],
                    [
                        9.73835,
                        55.56226
                    ],
                    [
                        9.7383,
                        55.56229
                    ],
                    [
                        9.73824,
                        55.56232
                    ],
                    [
                        9.73824,
                        55.56232
                    ],
                    [
                        9.7381,
                        55.56239
                    ],
                    [
                        9.73805,
                        55.56235
                    ],
                    [
                        9.73674,
                        55.56167
                    ],
                    [
                        9.7366,
                        55.5616
                    ],
                    [
                        9.73645,
                        55.56154
                    ],
                    [
                        9.73628,
                        55.56146
                    ],
                    [
                        9.73606,
                        55.56135
                    ],
                    [
                        9.73562,
                        55.56113
                    ],
                    [
                        9.73532,
                        55.56097
                    ],
                    [
                        9.73341,
                        55.55997
                    ],
                    [
                        9.73204,
                        55.55924
                    ],
                    [
                        9.73169,
                        55.55907
                    ],
                    [
                        9.73143,
                        55.55892
                    ],
                    [
                        9.73101,
                        55.55868
                    ],
                    [
                        9.73094,
                        55.55863
                    ],
                    [
                        9.73031,
                        55.5582
                    ],
                    [
                        9.72978,
                        55.55776
                    ],
                    [
                        9.72954,
                        55.55754
                    ],
                    [
                        9.72937,
                        55.55736
                    ],
                    [
                        9.72926,
                        55.55724
                    ],
                    [
                        9.72894,
                        55.5569
                    ],
                    [
                        9.72888,
                        55.55683
                    ],
                    [
                        9.72885,
                        55.5568
                    ],
                    [
                        9.72878,
                        55.55672
                    ],
                    [
                        9.72876,
                        55.55669
                    ],
                    [
                        9.72875,
                        55.55668
                    ],
                    [
                        9.72874,
                        55.55666
                    ],
                    [
                        9.72864,
                        55.55656
                    ],
                    [
                        9.72858,
                        55.55648
                    ],
                    [
                        9.72792,
                        55.55568
                    ],
                    [
                        9.72767,
                        55.55533
                    ],
                    [
                        9.7276,
                        55.55523
                    ],
                    [
                        9.72656,
                        55.55342
                    ],
                    [
                        9.72647,
                        55.55327
                    ],
                    [
                        9.72613,
                        55.55267
                    ],
                    [
                        9.72607,
                        55.55257
                    ],
                    [
                        9.72602,
                        55.55247
                    ],
                    [
                        9.72533,
                        55.55127
                    ],
                    [
                        9.72519,
                        55.55101
                    ],
                    [
                        9.72511,
                        55.55088
                    ],
                    [
                        9.72511,
                        55.55088
                    ],
                    [
                        9.72507,
                        55.55081
                    ],
                    [
                        9.72502,
                        55.55072
                    ],
                    [
                        9.72423,
                        55.54935
                    ],
                    [
                        9.72396,
                        55.54888
                    ],
                    [
                        9.72362,
                        55.54841
                    ],
                    [
                        9.72342,
                        55.54815
                    ],
                    [
                        9.72015,
                        55.54428
                    ],
                    [
                        9.71992,
                        55.54399
                    ],
                    [
                        9.71982,
                        55.54388
                    ],
                    [
                        9.71943,
                        55.54336
                    ],
                    [
                        9.71939,
                        55.54331
                    ],
                    [
                        9.71934,
                        55.54323
                    ],
                    [
                        9.71928,
                        55.54315
                    ],
                    [
                        9.71921,
                        55.54307
                    ],
                    [
                        9.7189,
                        55.54263
                    ],
                    [
                        9.71874,
                        55.54237
                    ],
                    [
                        9.71841,
                        55.54187
                    ],
                    [
                        9.71816,
                        55.54146
                    ],
                    [
                        9.71754,
                        55.54031
                    ],
                    [
                        9.71714,
                        55.53943
                    ],
                    [
                        9.71683,
                        55.53869
                    ],
                    [
                        9.71657,
                        55.53792
                    ],
                    [
                        9.71655,
                        55.53785
                    ],
                    [
                        9.71651,
                        55.53772
                    ],
                    [
                        9.71649,
                        55.53769
                    ],
                    [
                        9.71647,
                        55.53762
                    ],
                    [
                        9.71645,
                        55.53755
                    ],
                    [
                        9.71644,
                        55.53751
                    ],
                    [
                        9.71638,
                        55.53733
                    ],
                    [
                        9.71632,
                        55.53712
                    ],
                    [
                        9.71622,
                        55.53664
                    ],
                    [
                        9.71613,
                        55.53615
                    ],
                    [
                        9.71612,
                        55.53607
                    ],
                    [
                        9.7161,
                        55.53597
                    ],
                    [
                        9.71599,
                        55.53531
                    ],
                    [
                        9.71596,
                        55.53505
                    ],
                    [
                        9.71595,
                        55.53498
                    ],
                    [
                        9.71591,
                        55.53452
                    ],
                    [
                        9.71589,
                        55.53415
                    ],
                    [
                        9.71588,
                        55.53405
                    ],
                    [
                        9.71588,
                        55.53363
                    ],
                    [
                        9.71591,
                        55.53264
                    ],
                    [
                        9.71591,
                        55.53264
                    ],
                    [
                        9.71597,
                        55.53255
                    ],
                    [
                        9.716,
                        55.53219
                    ],
                    [
                        9.71604,
                        55.53189
                    ],
                    [
                        9.71606,
                        55.53163
                    ],
                    [
                        9.71611,
                        55.53145
                    ],
                    [
                        9.71613,
                        55.53141
                    ],
                    [
                        9.71614,
                        55.53139
                    ],
                    [
                        9.71619,
                        55.53136
                    ],
                    [
                        9.71626,
                        55.53133
                    ],
                    [
                        9.71641,
                        55.53133
                    ],
                    [
                        9.71727,
                        55.53137
                    ],
                    [
                        9.71782,
                        55.53136
                    ],
                    [
                        9.71841,
                        55.53129
                    ],
                    [
                        9.71894,
                        55.5312
                    ],
                    [
                        9.71953,
                        55.53108
                    ],
                    [
                        9.72006,
                        55.5309
                    ],
                    [
                        9.72069,
                        55.5306
                    ],
                    [
                        9.72114,
                        55.53034
                    ],
                    [
                        9.72178,
                        55.52993
                    ],
                    [
                        9.72277,
                        55.52925
                    ],
                    [
                        9.72343,
                        55.52885
                    ],
                    [
                        9.72343,
                        55.52885
                    ],
                    [
                        9.72393,
                        55.52845
                    ],
                    [
                        9.72589,
                        55.52667
                    ],
                    [
                        9.72725,
                        55.5254
                    ],
                    [
                        9.72845,
                        55.52455
                    ],
                    [
                        9.72939,
                        55.52397
                    ],
                    [
                        9.73028,
                        55.52347
                    ],
                    [
                        9.73142,
                        55.52291
                    ],
                    [
                        9.73276,
                        55.52232
                    ],
                    [
                        9.73382,
                        55.52192
                    ],
                    [
                        9.73547,
                        55.5214
                    ],
                    [
                        9.73698,
                        55.52105
                    ],
                    [
                        9.73698,
                        55.52105
                    ],
                    [
                        9.76255,
                        55.51589
                    ],
                    [
                        9.76445,
                        55.5155
                    ],
                    [
                        9.76482,
                        55.51542
                    ],
                    [
                        9.76806,
                        55.51475
                    ],
                    [
                        9.76944,
                        55.51443
                    ],
                    [
                        9.77072,
                        55.51409
                    ],
                    [
                        9.77187,
                        55.51374
                    ],
                    [
                        9.77254,
                        55.51352
                    ],
                    [
                        9.77395,
                        55.51303
                    ],
                    [
                        9.77537,
                        55.51249
                    ],
                    [
                        9.77638,
                        55.51206
                    ],
                    [
                        9.77699,
                        55.51178
                    ],
                    [
                        9.77747,
                        55.51156
                    ],
                    [
                        9.77903,
                        55.51074
                    ],
                    [
                        9.7809,
                        55.50961
                    ],
                    [
                        9.78355,
                        55.50758
                    ],
                    [
                        9.78484,
                        55.50642
                    ],
                    [
                        9.78761,
                        55.50389
                    ],
                    [
                        9.78916,
                        55.5025
                    ],
                    [
                        9.79038,
                        55.50152
                    ],
                    [
                        9.7917,
                        55.50059
                    ],
                    [
                        9.79286,
                        55.49986
                    ],
                    [
                        9.79426,
                        55.49908
                    ],
                    [
                        9.79586,
                        55.49832
                    ],
                    [
                        9.79749,
                        55.49761
                    ],
                    [
                        9.7992,
                        55.49698
                    ],
                    [
                        9.80089,
                        55.49645
                    ],
                    [
                        9.80272,
                        55.49593
                    ],
                    [
                        9.80468,
                        55.49547
                    ],
                    [
                        9.80609,
                        55.49516
                    ],
                    [
                        9.80838,
                        55.49469
                    ],
                    [
                        9.82128,
                        55.49213
                    ],
                    [
                        9.82379,
                        55.49162
                    ],
                    [
                        9.83542,
                        55.48931
                    ],
                    [
                        9.84565,
                        55.48725
                    ],
                    [
                        9.84872,
                        55.4866
                    ],
                    [
                        9.85193,
                        55.48587
                    ],
                    [
                        9.85507,
                        55.4851
                    ],
                    [
                        9.85764,
                        55.48445
                    ],
                    [
                        9.86034,
                        55.48373
                    ],
                    [
                        9.86641,
                        55.48205
                    ],
                    [
                        9.87093,
                        55.4808
                    ],
                    [
                        9.87182,
                        55.48055
                    ],
                    [
                        9.87468,
                        55.47976
                    ],
                    [
                        9.87803,
                        55.47882
                    ],
                    [
                        9.88225,
                        55.47758
                    ],
                    [
                        9.88383,
                        55.47704
                    ],
                    [
                        9.88514,
                        55.47655
                    ],
                    [
                        9.88626,
                        55.47608
                    ],
                    [
                        9.88724,
                        55.47564
                    ],
                    [
                        9.88826,
                        55.47513
                    ],
                    [
                        9.88898,
                        55.47475
                    ],
                    [
                        9.89091,
                        55.47361
                    ],
                    [
                        9.89212,
                        55.47281
                    ],
                    [
                        9.89332,
                        55.47195
                    ],
                    [
                        9.89697,
                        55.46914
                    ],
                    [
                        9.8975,
                        55.46869
                    ],
                    [
                        9.89812,
                        55.46825
                    ],
                    [
                        9.89854,
                        55.46795
                    ],
                    [
                        9.89906,
                        55.46761
                    ],
                    [
                        9.8995,
                        55.46734
                    ],
                    [
                        9.90009,
                        55.46699
                    ],
                    [
                        9.90077,
                        55.46662
                    ],
                    [
                        9.90142,
                        55.46629
                    ],
                    [
                        9.90214,
                        55.46594
                    ],
                    [
                        9.90375,
                        55.46528
                    ],
                    [
                        9.90521,
                        55.46478
                    ],
                    [
                        9.90617,
                        55.46449
                    ],
                    [
                        9.90673,
                        55.46433
                    ],
                    [
                        9.90736,
                        55.46417
                    ],
                    [
                        9.90806,
                        55.464
                    ],
                    [
                        9.91084,
                        55.46341
                    ],
                    [
                        9.91145,
                        55.46329
                    ],
                    [
                        9.91515,
                        55.4625
                    ],
                    [
                        9.917,
                        55.46211
                    ],
                    [
                        9.91875,
                        55.4617
                    ],
                    [
                        9.92057,
                        55.46124
                    ],
                    [
                        9.9218,
                        55.46091
                    ],
                    [
                        9.92531,
                        55.45993
                    ],
                    [
                        9.93991,
                        55.45558
                    ],
                    [
                        9.94082,
                        55.45528
                    ],
                    [
                        9.94461,
                        55.45419
                    ],
                    [
                        9.94644,
                        55.45363
                    ],
                    [
                        9.94787,
                        55.45318
                    ],
                    [
                        9.94906,
                        55.45278
                    ],
                    [
                        9.95139,
                        55.45196
                    ],
                    [
                        9.95249,
                        55.45155
                    ],
                    [
                        9.95466,
                        55.45063
                    ],
                    [
                        9.95579,
                        55.45013
                    ],
                    [
                        9.95645,
                        55.44978
                    ],
                    [
                        9.95858,
                        55.44878
                    ],
                    [
                        9.96042,
                        55.44777
                    ],
                    [
                        9.96185,
                        55.44692
                    ],
                    [
                        9.96303,
                        55.44618
                    ],
                    [
                        9.96482,
                        55.44502
                    ],
                    [
                        9.97231,
                        55.44003
                    ],
                    [
                        9.97429,
                        55.43878
                    ],
                    [
                        9.97632,
                        55.43753
                    ],
                    [
                        9.9809,
                        55.43492
                    ],
                    [
                        9.98553,
                        55.43264
                    ],
                    [
                        9.98866,
                        55.43117
                    ],
                    [
                        9.99225,
                        55.42968
                    ],
                    [
                        9.99448,
                        55.42879
                    ],
                    [
                        9.99601,
                        55.42821
                    ],
                    [
                        9.99843,
                        55.42733
                    ],
                    [
                        10.00148,
                        55.42628
                    ],
                    [
                        10.00571,
                        55.42488
                    ],
                    [
                        10.00976,
                        55.42357
                    ],
                    [
                        10.02294,
                        55.41928
                    ],
                    [
                        10.03875,
                        55.41417
                    ],
                    [
                        10.0419,
                        55.41319
                    ],
                    [
                        10.04416,
                        55.41258
                    ],
                    [
                        10.04558,
                        55.41223
                    ],
                    [
                        10.04768,
                        55.41175
                    ],
                    [
                        10.05014,
                        55.41129
                    ],
                    [
                        10.05273,
                        55.41091
                    ],
                    [
                        10.05525,
                        55.41063
                    ],
                    [
                        10.05619,
                        55.41054
                    ],
                    [
                        10.05644,
                        55.41052
                    ],
                    [
                        10.05697,
                        55.41047
                    ],
                    [
                        10.05843,
                        55.41035
                    ],
                    [
                        10.05997,
                        55.41027
                    ],
                    [
                        10.06148,
                        55.41022
                    ],
                    [
                        10.06212,
                        55.41021
                    ],
                    [
                        10.06274,
                        55.41019
                    ],
                    [
                        10.06323,
                        55.41019
                    ],
                    [
                        10.06393,
                        55.41019
                    ],
                    [
                        10.06474,
                        55.4102
                    ],
                    [
                        10.06634,
                        55.41023
                    ],
                    [
                        10.06737,
                        55.41026
                    ],
                    [
                        10.07443,
                        55.41046
                    ],
                    [
                        10.08092,
                        55.41065
                    ],
                    [
                        10.08828,
                        55.41084
                    ],
                    [
                        10.0916,
                        55.41086
                    ],
                    [
                        10.09495,
                        55.41083
                    ],
                    [
                        10.10034,
                        55.41066
                    ],
                    [
                        10.1057,
                        55.41035
                    ],
                    [
                        10.1088,
                        55.41012
                    ],
                    [
                        10.11034,
                        55.40998
                    ],
                    [
                        10.11225,
                        55.40979
                    ],
                    [
                        10.11603,
                        55.40937
                    ],
                    [
                        10.11966,
                        55.40891
                    ],
                    [
                        10.12331,
                        55.4084
                    ],
                    [
                        10.12684,
                        55.40785
                    ],
                    [
                        10.12721,
                        55.40778
                    ],
                    [
                        10.12766,
                        55.40771
                    ],
                    [
                        10.12788,
                        55.40767
                    ],
                    [
                        10.12993,
                        55.40733
                    ],
                    [
                        10.13302,
                        55.40677
                    ],
                    [
                        10.13684,
                        55.406
                    ],
                    [
                        10.14056,
                        55.40516
                    ],
                    [
                        10.14415,
                        55.40428
                    ],
                    [
                        10.14589,
                        55.40382
                    ],
                    [
                        10.14809,
                        55.40319
                    ],
                    [
                        10.15149,
                        55.40226
                    ],
                    [
                        10.15464,
                        55.40145
                    ],
                    [
                        10.15548,
                        55.40125
                    ],
                    [
                        10.15572,
                        55.4012
                    ],
                    [
                        10.15892,
                        55.40044
                    ],
                    [
                        10.1641,
                        55.39937
                    ],
                    [
                        10.16813,
                        55.39866
                    ],
                    [
                        10.17225,
                        55.39797
                    ],
                    [
                        10.17628,
                        55.39722
                    ],
                    [
                        10.17956,
                        55.39653
                    ],
                    [
                        10.18205,
                        55.39596
                    ],
                    [
                        10.1839,
                        55.39553
                    ],
                    [
                        10.18426,
                        55.39544
                    ],
                    [
                        10.18558,
                        55.39511
                    ],
                    [
                        10.18728,
                        55.39467
                    ],
                    [
                        10.18819,
                        55.39442
                    ],
                    [
                        10.18897,
                        55.39421
                    ],
                    [
                        10.19191,
                        55.39339
                    ],
                    [
                        10.19417,
                        55.39272
                    ],
                    [
                        10.19528,
                        55.39239
                    ],
                    [
                        10.19584,
                        55.39224
                    ],
                    [
                        10.19604,
                        55.39218
                    ],
                    [
                        10.19632,
                        55.39209
                    ],
                    [
                        10.19756,
                        55.39171
                    ],
                    [
                        10.20047,
                        55.39084
                    ],
                    [
                        10.20125,
                        55.39061
                    ],
                    [
                        10.20464,
                        55.38967
                    ],
                    [
                        10.20638,
                        55.38918
                    ],
                    [
                        10.20946,
                        55.38834
                    ],
                    [
                        10.21116,
                        55.38793
                    ],
                    [
                        10.21205,
                        55.38771
                    ],
                    [
                        10.21248,
                        55.3876
                    ],
                    [
                        10.21441,
                        55.38715
                    ],
                    [
                        10.21631,
                        55.38676
                    ],
                    [
                        10.21842,
                        55.38637
                    ],
                    [
                        10.21985,
                        55.38616
                    ],
                    [
                        10.22095,
                        55.38603
                    ],
                    [
                        10.22332,
                        55.38578
                    ],
                    [
                        10.22595,
                        55.38557
                    ],
                    [
                        10.2264,
                        55.38554
                    ],
                    [
                        10.22943,
                        55.3853
                    ],
                    [
                        10.23146,
                        55.38509
                    ],
                    [
                        10.23328,
                        55.38483
                    ],
                    [
                        10.2348,
                        55.38459
                    ],
                    [
                        10.23675,
                        55.3842
                    ],
                    [
                        10.24221,
                        55.38298
                    ],
                    [
                        10.24363,
                        55.38271
                    ],
                    [
                        10.24523,
                        55.38247
                    ],
                    [
                        10.24677,
                        55.38228
                    ],
                    [
                        10.24761,
                        55.3822
                    ],
                    [
                        10.2486,
                        55.38211
                    ],
                    [
                        10.25,
                        55.38201
                    ],
                    [
                        10.25166,
                        55.38196
                    ],
                    [
                        10.25271,
                        55.38196
                    ],
                    [
                        10.25363,
                        55.38196
                    ],
                    [
                        10.25626,
                        55.38202
                    ],
                    [
                        10.26107,
                        55.38211
                    ],
                    [
                        10.263,
                        55.3821
                    ],
                    [
                        10.26425,
                        55.38208
                    ],
                    [
                        10.26448,
                        55.38207
                    ],
                    [
                        10.26516,
                        55.38206
                    ],
                    [
                        10.26736,
                        55.38196
                    ],
                    [
                        10.26979,
                        55.3818
                    ],
                    [
                        10.27211,
                        55.38158
                    ],
                    [
                        10.27396,
                        55.38136
                    ],
                    [
                        10.27619,
                        55.38106
                    ],
                    [
                        10.27821,
                        55.38072
                    ],
                    [
                        10.28012,
                        55.38037
                    ],
                    [
                        10.28165,
                        55.38004
                    ],
                    [
                        10.28222,
                        55.37992
                    ],
                    [
                        10.28408,
                        55.37947
                    ],
                    [
                        10.28549,
                        55.37908
                    ],
                    [
                        10.2858,
                        55.37899
                    ],
                    [
                        10.28759,
                        55.37843
                    ],
                    [
                        10.28979,
                        55.37763
                    ],
                    [
                        10.29279,
                        55.37638
                    ],
                    [
                        10.29931,
                        55.37312
                    ],
                    [
                        10.30006,
                        55.37275
                    ],
                    [
                        10.30233,
                        55.37162
                    ],
                    [
                        10.30473,
                        55.37048
                    ],
                    [
                        10.30737,
                        55.36931
                    ],
                    [
                        10.30948,
                        55.36845
                    ],
                    [
                        10.31073,
                        55.36798
                    ],
                    [
                        10.31197,
                        55.36753
                    ],
                    [
                        10.31298,
                        55.36719
                    ],
                    [
                        10.31398,
                        55.36685
                    ],
                    [
                        10.31499,
                        55.36654
                    ],
                    [
                        10.31604,
                        55.36622
                    ],
                    [
                        10.31806,
                        55.36565
                    ],
                    [
                        10.3191,
                        55.36537
                    ],
                    [
                        10.32015,
                        55.36511
                    ],
                    [
                        10.32142,
                        55.36481
                    ],
                    [
                        10.32261,
                        55.36454
                    ],
                    [
                        10.32382,
                        55.36428
                    ],
                    [
                        10.32557,
                        55.36394
                    ],
                    [
                        10.32627,
                        55.36382
                    ],
                    [
                        10.32657,
                        55.36377
                    ],
                    [
                        10.32733,
                        55.36363
                    ],
                    [
                        10.32843,
                        55.36345
                    ],
                    [
                        10.32955,
                        55.36328
                    ],
                    [
                        10.33177,
                        55.36297
                    ],
                    [
                        10.33663,
                        55.36236
                    ],
                    [
                        10.33678,
                        55.36234
                    ],
                    [
                        10.33862,
                        55.3621
                    ],
                    [
                        10.34155,
                        55.36173
                    ],
                    [
                        10.34262,
                        55.36158
                    ],
                    [
                        10.34369,
                        55.36142
                    ],
                    [
                        10.34468,
                        55.36126
                    ],
                    [
                        10.3448,
                        55.36124
                    ],
                    [
                        10.34567,
                        55.36108
                    ],
                    [
                        10.34662,
                        55.36089
                    ],
                    [
                        10.34754,
                        55.3607
                    ],
                    [
                        10.34842,
                        55.3605
                    ],
                    [
                        10.3493,
                        55.36028
                    ],
                    [
                        10.35016,
                        55.36006
                    ],
                    [
                        10.35101,
                        55.35982
                    ],
                    [
                        10.35213,
                        55.35948
                    ],
                    [
                        10.35344,
                        55.35907
                    ],
                    [
                        10.35465,
                        55.35864
                    ],
                    [
                        10.35545,
                        55.35833
                    ],
                    [
                        10.35664,
                        55.35787
                    ],
                    [
                        10.35855,
                        55.3571
                    ],
                    [
                        10.36043,
                        55.35637
                    ],
                    [
                        10.3614,
                        55.35603
                    ],
                    [
                        10.36239,
                        55.3557
                    ],
                    [
                        10.36283,
                        55.35556
                    ],
                    [
                        10.36327,
                        55.35542
                    ],
                    [
                        10.36372,
                        55.35528
                    ],
                    [
                        10.36418,
                        55.35515
                    ],
                    [
                        10.36512,
                        55.35489
                    ],
                    [
                        10.36751,
                        55.3543
                    ],
                    [
                        10.36913,
                        55.35396
                    ],
                    [
                        10.37041,
                        55.35372
                    ],
                    [
                        10.37172,
                        55.35351
                    ],
                    [
                        10.37302,
                        55.35332
                    ],
                    [
                        10.37432,
                        55.35314
                    ],
                    [
                        10.37562,
                        55.35297
                    ],
                    [
                        10.37716,
                        55.35279
                    ],
                    [
                        10.37851,
                        55.35264
                    ],
                    [
                        10.38002,
                        55.35249
                    ],
                    [
                        10.38159,
                        55.35235
                    ],
                    [
                        10.38338,
                        55.3522
                    ],
                    [
                        10.38511,
                        55.35208
                    ],
                    [
                        10.38655,
                        55.35197
                    ],
                    [
                        10.38922,
                        55.35187
                    ],
                    [
                        10.38945,
                        55.35186
                    ],
                    [
                        10.38957,
                        55.35185
                    ],
                    [
                        10.39059,
                        55.35181
                    ],
                    [
                        10.39246,
                        55.35175
                    ],
                    [
                        10.39642,
                        55.35167
                    ],
                    [
                        10.39824,
                        55.35163
                    ],
                    [
                        10.40537,
                        55.35152
                    ],
                    [
                        10.40759,
                        55.35149
                    ],
                    [
                        10.4087,
                        55.35146
                    ],
                    [
                        10.40978,
                        55.35142
                    ],
                    [
                        10.41072,
                        55.35137
                    ],
                    [
                        10.41162,
                        55.35131
                    ],
                    [
                        10.41227,
                        55.35126
                    ],
                    [
                        10.4129,
                        55.35121
                    ],
                    [
                        10.41417,
                        55.35108
                    ],
                    [
                        10.41489,
                        55.351
                    ],
                    [
                        10.41595,
                        55.35086
                    ],
                    [
                        10.41723,
                        55.35067
                    ],
                    [
                        10.41871,
                        55.35042
                    ],
                    [
                        10.41991,
                        55.35019
                    ],
                    [
                        10.42566,
                        55.34901
                    ],
                    [
                        10.42729,
                        55.3487
                    ],
                    [
                        10.42961,
                        55.34835
                    ],
                    [
                        10.43101,
                        55.34817
                    ],
                    [
                        10.4323,
                        55.34803
                    ],
                    [
                        10.43337,
                        55.34795
                    ],
                    [
                        10.43455,
                        55.34787
                    ],
                    [
                        10.43575,
                        55.3478
                    ],
                    [
                        10.43692,
                        55.34776
                    ],
                    [
                        10.43807,
                        55.34773
                    ],
                    [
                        10.4392,
                        55.34773
                    ],
                    [
                        10.44041,
                        55.34774
                    ],
                    [
                        10.44156,
                        55.34776
                    ],
                    [
                        10.44276,
                        55.34779
                    ],
                    [
                        10.44427,
                        55.34787
                    ],
                    [
                        10.44562,
                        55.34796
                    ],
                    [
                        10.4471,
                        55.34808
                    ],
                    [
                        10.44895,
                        55.34826
                    ],
                    [
                        10.45041,
                        55.34844
                    ],
                    [
                        10.45213,
                        55.34868
                    ],
                    [
                        10.45387,
                        55.34896
                    ],
                    [
                        10.45593,
                        55.34934
                    ],
                    [
                        10.45778,
                        55.34974
                    ],
                    [
                        10.45936,
                        55.35012
                    ],
                    [
                        10.46114,
                        55.35058
                    ],
                    [
                        10.46281,
                        55.35105
                    ],
                    [
                        10.46443,
                        55.35152
                    ],
                    [
                        10.46679,
                        55.35223
                    ],
                    [
                        10.47231,
                        55.35389
                    ],
                    [
                        10.47924,
                        55.35598
                    ],
                    [
                        10.48446,
                        55.35754
                    ],
                    [
                        10.48973,
                        55.35913
                    ],
                    [
                        10.49556,
                        55.36085
                    ],
                    [
                        10.49727,
                        55.36136
                    ],
                    [
                        10.49927,
                        55.36195
                    ],
                    [
                        10.50197,
                        55.36266
                    ],
                    [
                        10.50595,
                        55.36364
                    ],
                    [
                        10.50876,
                        55.36423
                    ],
                    [
                        10.51115,
                        55.36466
                    ],
                    [
                        10.51218,
                        55.36482
                    ],
                    [
                        10.51321,
                        55.36497
                    ],
                    [
                        10.51438,
                        55.36512
                    ],
                    [
                        10.51577,
                        55.36527
                    ],
                    [
                        10.51719,
                        55.36539
                    ],
                    [
                        10.51897,
                        55.36551
                    ],
                    [
                        10.52107,
                        55.36558
                    ],
                    [
                        10.52294,
                        55.36558
                    ],
                    [
                        10.52529,
                        55.36551
                    ],
                    [
                        10.52658,
                        55.36544
                    ],
                    [
                        10.52797,
                        55.36533
                    ],
                    [
                        10.5297,
                        55.36516
                    ],
                    [
                        10.53018,
                        55.3651
                    ],
                    [
                        10.53271,
                        55.36474
                    ],
                    [
                        10.53453,
                        55.36441
                    ],
                    [
                        10.53577,
                        55.36417
                    ],
                    [
                        10.53698,
                        55.36387
                    ],
                    [
                        10.5388,
                        55.3634
                    ],
                    [
                        10.54053,
                        55.36289
                    ],
                    [
                        10.54235,
                        55.3623
                    ],
                    [
                        10.54439,
                        55.36158
                    ],
                    [
                        10.54805,
                        55.36023
                    ],
                    [
                        10.55275,
                        55.35848
                    ],
                    [
                        10.55296,
                        55.3584
                    ],
                    [
                        10.55314,
                        55.35833
                    ],
                    [
                        10.55768,
                        55.35665
                    ],
                    [
                        10.56053,
                        55.35559
                    ],
                    [
                        10.56387,
                        55.3544
                    ],
                    [
                        10.56423,
                        55.35427
                    ],
                    [
                        10.56432,
                        55.35424
                    ],
                    [
                        10.56678,
                        55.35347
                    ],
                    [
                        10.56901,
                        55.35284
                    ],
                    [
                        10.57172,
                        55.35215
                    ],
                    [
                        10.57374,
                        55.35169
                    ],
                    [
                        10.57546,
                        55.35133
                    ],
                    [
                        10.57738,
                        55.35098
                    ],
                    [
                        10.57925,
                        55.35066
                    ],
                    [
                        10.58149,
                        55.35034
                    ],
                    [
                        10.58284,
                        55.35016
                    ],
                    [
                        10.58319,
                        55.35012
                    ],
                    [
                        10.58493,
                        55.34992
                    ],
                    [
                        10.58775,
                        55.34967
                    ],
                    [
                        10.5894,
                        55.34956
                    ],
                    [
                        10.59091,
                        55.34947
                    ],
                    [
                        10.59654,
                        55.34919
                    ],
                    [
                        10.59893,
                        55.34902
                    ],
                    [
                        10.60085,
                        55.34883
                    ],
                    [
                        10.60329,
                        55.34854
                    ],
                    [
                        10.60441,
                        55.34838
                    ],
                    [
                        10.60468,
                        55.34834
                    ],
                    [
                        10.60686,
                        55.34798
                    ],
                    [
                        10.60851,
                        55.34767
                    ],
                    [
                        10.61143,
                        55.34709
                    ],
                    [
                        10.61163,
                        55.34705
                    ],
                    [
                        10.61603,
                        55.34618
                    ],
                    [
                        10.61943,
                        55.34553
                    ],
                    [
                        10.62144,
                        55.34517
                    ],
                    [
                        10.62264,
                        55.34496
                    ],
                    [
                        10.6255,
                        55.34457
                    ],
                    [
                        10.62721,
                        55.34434
                    ],
                    [
                        10.6289,
                        55.34414
                    ],
                    [
                        10.62944,
                        55.34408
                    ],
                    [
                        10.63442,
                        55.34366
                    ],
                    [
                        10.63591,
                        55.34357
                    ],
                    [
                        10.63859,
                        55.34346
                    ],
                    [
                        10.64107,
                        55.34339
                    ],
                    [
                        10.64307,
                        55.34337
                    ],
                    [
                        10.64452,
                        55.34337
                    ],
                    [
                        10.6479,
                        55.34346
                    ],
                    [
                        10.65311,
                        55.34363
                    ],
                    [
                        10.65728,
                        55.34371
                    ],
                    [
                        10.66194,
                        55.34371
                    ],
                    [
                        10.66694,
                        55.34352
                    ],
                    [
                        10.66813,
                        55.34344
                    ],
                    [
                        10.66876,
                        55.34339
                    ],
                    [
                        10.67143,
                        55.34321
                    ],
                    [
                        10.67467,
                        55.34288
                    ],
                    [
                        10.67776,
                        55.34244
                    ],
                    [
                        10.67899,
                        55.34223
                    ],
                    [
                        10.67995,
                        55.34207
                    ],
                    [
                        10.68207,
                        55.34167
                    ],
                    [
                        10.68418,
                        55.34122
                    ],
                    [
                        10.69057,
                        55.33966
                    ],
                    [
                        10.69644,
                        55.33829
                    ],
                    [
                        10.70148,
                        55.33717
                    ],
                    [
                        10.70519,
                        55.33642
                    ],
                    [
                        10.70914,
                        55.33565
                    ],
                    [
                        10.71455,
                        55.33471
                    ],
                    [
                        10.71754,
                        55.33423
                    ],
                    [
                        10.72054,
                        55.33377
                    ],
                    [
                        10.72355,
                        55.33335
                    ],
                    [
                        10.72678,
                        55.33293
                    ],
                    [
                        10.73044,
                        55.33249
                    ],
                    [
                        10.73249,
                        55.33227
                    ],
                    [
                        10.7344,
                        55.3321
                    ],
                    [
                        10.73609,
                        55.33196
                    ],
                    [
                        10.73796,
                        55.33183
                    ],
                    [
                        10.74058,
                        55.33169
                    ],
                    [
                        10.74121,
                        55.33167
                    ],
                    [
                        10.74214,
                        55.33163
                    ],
                    [
                        10.74282,
                        55.33162
                    ],
                    [
                        10.74456,
                        55.33158
                    ],
                    [
                        10.74627,
                        55.33157
                    ],
                    [
                        10.74789,
                        55.33157
                    ],
                    [
                        10.74928,
                        55.33159
                    ],
                    [
                        10.75065,
                        55.33163
                    ],
                    [
                        10.75092,
                        55.33164
                    ],
                    [
                        10.75337,
                        55.33174
                    ],
                    [
                        10.75513,
                        55.33184
                    ],
                    [
                        10.75583,
                        55.33188
                    ],
                    [
                        10.76119,
                        55.33223
                    ],
                    [
                        10.7854,
                        55.3338
                    ],
                    [
                        10.78622,
                        55.33384
                    ],
                    [
                        10.78733,
                        55.33386
                    ],
                    [
                        10.78837,
                        55.33384
                    ],
                    [
                        10.7895,
                        55.33378
                    ],
                    [
                        10.79044,
                        55.33369
                    ],
                    [
                        10.79132,
                        55.33359
                    ],
                    [
                        10.79233,
                        55.33343
                    ],
                    [
                        10.79335,
                        55.33323
                    ],
                    [
                        10.79421,
                        55.33303
                    ],
                    [
                        10.7952,
                        55.33277
                    ],
                    [
                        10.79589,
                        55.33256
                    ],
                    [
                        10.79656,
                        55.33234
                    ],
                    [
                        10.79757,
                        55.33193
                    ],
                    [
                        10.79853,
                        55.33149
                    ],
                    [
                        10.79928,
                        55.3311
                    ],
                    [
                        10.79999,
                        55.33069
                    ],
                    [
                        10.80081,
                        55.33015
                    ],
                    [
                        10.80154,
                        55.32958
                    ],
                    [
                        10.80214,
                        55.32904
                    ],
                    [
                        10.80269,
                        55.32848
                    ],
                    [
                        10.80312,
                        55.32795
                    ],
                    [
                        10.80348,
                        55.32744
                    ],
                    [
                        10.80373,
                        55.32702
                    ],
                    [
                        10.80395,
                        55.3266
                    ],
                    [
                        10.80421,
                        55.32597
                    ],
                    [
                        10.8044,
                        55.32533
                    ],
                    [
                        10.80453,
                        55.32469
                    ],
                    [
                        10.80524,
                        55.32078
                    ],
                    [
                        10.80577,
                        55.31794
                    ],
                    [
                        10.80599,
                        55.31674
                    ],
                    [
                        10.80614,
                        55.31602
                    ],
                    [
                        10.80621,
                        55.31572
                    ],
                    [
                        10.80639,
                        55.31519
                    ],
                    [
                        10.80662,
                        55.3146
                    ],
                    [
                        10.80689,
                        55.31404
                    ],
                    [
                        10.80731,
                        55.31333
                    ],
                    [
                        10.80778,
                        55.31264
                    ],
                    [
                        10.80829,
                        55.312
                    ],
                    [
                        10.80885,
                        55.31137
                    ],
                    [
                        10.80973,
                        55.31061
                    ],
                    [
                        10.8105,
                        55.30993
                    ],
                    [
                        10.81217,
                        55.30875
                    ],
                    [
                        10.81451,
                        55.30749
                    ],
                    [
                        10.8152,
                        55.30718
                    ],
                    [
                        10.81585,
                        55.3069
                    ],
                    [
                        10.81635,
                        55.30671
                    ],
                    [
                        10.81681,
                        55.30654
                    ],
                    [
                        10.8176,
                        55.30626
                    ],
                    [
                        10.81843,
                        55.306
                    ],
                    [
                        10.81983,
                        55.3056
                    ],
                    [
                        10.82116,
                        55.30522
                    ],
                    [
                        10.82197,
                        55.30498
                    ],
                    [
                        10.82243,
                        55.30484
                    ],
                    [
                        10.82292,
                        55.30468
                    ],
                    [
                        10.8234,
                        55.3045
                    ],
                    [
                        10.82392,
                        55.30431
                    ],
                    [
                        10.82446,
                        55.30408
                    ],
                    [
                        10.82503,
                        55.30383
                    ],
                    [
                        10.82572,
                        55.3035
                    ],
                    [
                        10.82731,
                        55.30272
                    ],
                    [
                        10.82809,
                        55.30234
                    ],
                    [
                        10.83012,
                        55.30134
                    ],
                    [
                        10.83117,
                        55.30083
                    ],
                    [
                        10.8318,
                        55.30053
                    ],
                    [
                        10.83231,
                        55.30031
                    ],
                    [
                        10.83284,
                        55.3001
                    ],
                    [
                        10.83339,
                        55.29989
                    ],
                    [
                        10.83402,
                        55.29968
                    ],
                    [
                        10.8346,
                        55.2995
                    ],
                    [
                        10.83494,
                        55.2994
                    ],
                    [
                        10.83536,
                        55.29928
                    ],
                    [
                        10.83569,
                        55.2992
                    ],
                    [
                        10.83606,
                        55.29911
                    ],
                    [
                        10.83649,
                        55.29901
                    ],
                    [
                        10.837,
                        55.2989
                    ],
                    [
                        10.83748,
                        55.29882
                    ],
                    [
                        10.83801,
                        55.29873
                    ],
                    [
                        10.83856,
                        55.29864
                    ],
                    [
                        10.83919,
                        55.29857
                    ],
                    [
                        10.83999,
                        55.29848
                    ],
                    [
                        10.84082,
                        55.29842
                    ],
                    [
                        10.84169,
                        55.29838
                    ],
                    [
                        10.84248,
                        55.29837
                    ],
                    [
                        10.84329,
                        55.29837
                    ],
                    [
                        10.84444,
                        55.29841
                    ],
                    [
                        10.84552,
                        55.2985
                    ],
                    [
                        10.84626,
                        55.29858
                    ],
                    [
                        10.84703,
                        55.29869
                    ],
                    [
                        10.85262,
                        55.29958
                    ],
                    [
                        10.85699,
                        55.30033
                    ],
                    [
                        10.86133,
                        55.30111
                    ],
                    [
                        10.86566,
                        55.30193
                    ],
                    [
                        10.86997,
                        55.30279
                    ],
                    [
                        10.87384,
                        55.30359
                    ],
                    [
                        10.8777,
                        55.30443
                    ],
                    [
                        10.88153,
                        55.30529
                    ],
                    [
                        10.88536,
                        55.30618
                    ],
                    [
                        10.88955,
                        55.3072
                    ],
                    [
                        10.89372,
                        55.30825
                    ],
                    [
                        10.89787,
                        55.30933
                    ],
                    [
                        10.90199,
                        55.31045
                    ],
                    [
                        10.90569,
                        55.31149
                    ],
                    [
                        10.90936,
                        55.31256
                    ],
                    [
                        10.91301,
                        55.31366
                    ],
                    [
                        10.91664,
                        55.31479
                    ],
                    [
                        10.92024,
                        55.31593
                    ],
                    [
                        10.92381,
                        55.31711
                    ],
                    [
                        10.92736,
                        55.31831
                    ],
                    [
                        10.93088,
                        55.31954
                    ],
                    [
                        10.93474,
                        55.32094
                    ],
                    [
                        10.93856,
                        55.32236
                    ],
                    [
                        10.94234,
                        55.32381
                    ],
                    [
                        10.94612,
                        55.3253
                    ],
                    [
                        10.95039,
                        55.32701
                    ],
                    [
                        10.95297,
                        55.32799
                    ],
                    [
                        10.95547,
                        55.32888
                    ],
                    [
                        10.95765,
                        55.3296
                    ],
                    [
                        10.95934,
                        55.33012
                    ],
                    [
                        10.9612,
                        55.33068
                    ],
                    [
                        10.96248,
                        55.33103
                    ],
                    [
                        10.96341,
                        55.33129
                    ],
                    [
                        10.96488,
                        55.33167
                    ],
                    [
                        10.96686,
                        55.33216
                    ],
                    [
                        10.96918,
                        55.33268
                    ],
                    [
                        10.97136,
                        55.33314
                    ],
                    [
                        10.97369,
                        55.33359
                    ],
                    [
                        10.97444,
                        55.33372
                    ],
                    [
                        10.97573,
                        55.33394
                    ],
                    [
                        10.97779,
                        55.33429
                    ],
                    [
                        10.9798,
                        55.33461
                    ],
                    [
                        10.98373,
                        55.33518
                    ],
                    [
                        10.99097,
                        55.33614
                    ],
                    [
                        11.01496,
                        55.33921
                    ],
                    [
                        11.05648,
                        55.34453
                    ],
                    [
                        11.0864,
                        55.34837
                    ],
                    [
                        11.08806,
                        55.34857
                    ],
                    [
                        11.08984,
                        55.34879
                    ],
                    [
                        11.09162,
                        55.34899
                    ],
                    [
                        11.09348,
                        55.34918
                    ],
                    [
                        11.09535,
                        55.34934
                    ],
                    [
                        11.09731,
                        55.34948
                    ],
                    [
                        11.0987,
                        55.34957
                    ],
                    [
                        11.1001,
                        55.34964
                    ],
                    [
                        11.10152,
                        55.34969
                    ],
                    [
                        11.10237,
                        55.34971
                    ],
                    [
                        11.10435,
                        55.34974
                    ],
                    [
                        11.10435,
                        55.34974
                    ],
                    [
                        11.10812,
                        55.34951
                    ],
                    [
                        11.10879,
                        55.34948
                    ],
                    [
                        11.10901,
                        55.34947
                    ],
                    [
                        11.11143,
                        55.34943
                    ],
                    [
                        11.11255,
                        55.34935
                    ],
                    [
                        11.11392,
                        55.34921
                    ],
                    [
                        11.11698,
                        55.34886
                    ],
                    [
                        11.11845,
                        55.3487
                    ],
                    [
                        11.11995,
                        55.34858
                    ],
                    [
                        11.12088,
                        55.34851
                    ],
                    [
                        11.12223,
                        55.34844
                    ],
                    [
                        11.12337,
                        55.34841
                    ],
                    [
                        11.12454,
                        55.34839
                    ],
                    [
                        11.1266,
                        55.34842
                    ],
                    [
                        11.12919,
                        55.34853
                    ],
                    [
                        11.13052,
                        55.34864
                    ],
                    [
                        11.13177,
                        55.34876
                    ],
                    [
                        11.13284,
                        55.34889
                    ],
                    [
                        11.13437,
                        55.34908
                    ],
                    [
                        11.13551,
                        55.34928
                    ],
                    [
                        11.13644,
                        55.34945
                    ],
                    [
                        11.13731,
                        55.34962
                    ],
                    [
                        11.13882,
                        55.34997
                    ],
                    [
                        11.14006,
                        55.35029
                    ],
                    [
                        11.14127,
                        55.35065
                    ],
                    [
                        11.14177,
                        55.3508
                    ],
                    [
                        11.14313,
                        55.35127
                    ],
                    [
                        11.14414,
                        55.35165
                    ],
                    [
                        11.14555,
                        55.35224
                    ],
                    [
                        11.14611,
                        55.35248
                    ],
                    [
                        11.14758,
                        55.35315
                    ],
                    [
                        11.14946,
                        55.354
                    ],
                    [
                        11.15178,
                        55.35505
                    ],
                    [
                        11.15486,
                        55.35644
                    ],
                    [
                        11.15681,
                        55.35732
                    ],
                    [
                        11.15865,
                        55.35815
                    ],
                    [
                        11.15927,
                        55.35841
                    ],
                    [
                        11.15974,
                        55.35859
                    ],
                    [
                        11.16063,
                        55.35892
                    ],
                    [
                        11.16153,
                        55.35922
                    ],
                    [
                        11.16255,
                        55.35952
                    ],
                    [
                        11.16353,
                        55.35978
                    ],
                    [
                        11.16464,
                        55.36004
                    ],
                    [
                        11.16562,
                        55.36024
                    ],
                    [
                        11.16648,
                        55.36038
                    ],
                    [
                        11.16726,
                        55.36051
                    ],
                    [
                        11.1681,
                        55.36062
                    ],
                    [
                        11.16891,
                        55.36071
                    ],
                    [
                        11.17313,
                        55.36112
                    ],
                    [
                        11.17663,
                        55.36147
                    ],
                    [
                        11.18288,
                        55.3621
                    ],
                    [
                        11.18481,
                        55.36226
                    ],
                    [
                        11.18688,
                        55.36234
                    ],
                    [
                        11.19733,
                        55.36237
                    ],
                    [
                        11.22184,
                        55.36239
                    ],
                    [
                        11.22307,
                        55.36241
                    ],
                    [
                        11.22452,
                        55.36246
                    ],
                    [
                        11.22598,
                        55.36256
                    ],
                    [
                        11.22855,
                        55.36277
                    ],
                    [
                        11.22877,
                        55.36279
                    ],
                    [
                        11.23778,
                        55.36354
                    ],
                    [
                        11.2386,
                        55.3636
                    ],
                    [
                        11.23883,
                        55.36362
                    ],
                    [
                        11.24062,
                        55.36376
                    ],
                    [
                        11.24613,
                        55.36421
                    ],
                    [
                        11.25242,
                        55.36473
                    ],
                    [
                        11.25933,
                        55.36529
                    ],
                    [
                        11.25964,
                        55.36531
                    ],
                    [
                        11.26784,
                        55.36598
                    ],
                    [
                        11.27128,
                        55.36622
                    ],
                    [
                        11.27346,
                        55.36627
                    ],
                    [
                        11.27478,
                        55.3663
                    ],
                    [
                        11.27678,
                        55.36635
                    ],
                    [
                        11.27793,
                        55.36641
                    ],
                    [
                        11.27957,
                        55.36651
                    ],
                    [
                        11.28094,
                        55.36664
                    ],
                    [
                        11.2816,
                        55.3667
                    ],
                    [
                        11.28248,
                        55.36681
                    ],
                    [
                        11.28376,
                        55.36698
                    ],
                    [
                        11.28444,
                        55.36708
                    ],
                    [
                        11.28543,
                        55.36726
                    ],
                    [
                        11.28591,
                        55.36735
                    ],
                    [
                        11.28718,
                        55.36757
                    ],
                    [
                        11.29066,
                        55.36844
                    ],
                    [
                        11.29315,
                        55.3692
                    ],
                    [
                        11.29472,
                        55.36975
                    ],
                    [
                        11.29582,
                        55.37018
                    ],
                    [
                        11.29892,
                        55.37159
                    ],
                    [
                        11.30164,
                        55.37289
                    ],
                    [
                        11.30488,
                        55.37437
                    ],
                    [
                        11.30685,
                        55.3752
                    ],
                    [
                        11.30813,
                        55.3757
                    ],
                    [
                        11.30854,
                        55.37586
                    ],
                    [
                        11.30892,
                        55.37601
                    ],
                    [
                        11.31145,
                        55.37692
                    ],
                    [
                        11.31354,
                        55.37763
                    ],
                    [
                        11.31559,
                        55.37828
                    ],
                    [
                        11.31956,
                        55.37942
                    ],
                    [
                        11.32106,
                        55.37983
                    ],
                    [
                        11.32348,
                        55.38049
                    ],
                    [
                        11.32575,
                        55.38113
                    ],
                    [
                        11.32911,
                        55.38208
                    ],
                    [
                        11.3301,
                        55.38236
                    ],
                    [
                        11.33539,
                        55.38383
                    ],
                    [
                        11.33932,
                        55.38494
                    ],
                    [
                        11.33966,
                        55.38502
                    ],
                    [
                        11.3403,
                        55.38519
                    ],
                    [
                        11.34084,
                        55.38533
                    ],
                    [
                        11.3419,
                        55.3856
                    ],
                    [
                        11.34389,
                        55.38609
                    ],
                    [
                        11.34596,
                        55.38654
                    ],
                    [
                        11.34993,
                        55.38733
                    ],
                    [
                        11.36099,
                        55.38916
                    ],
                    [
                        11.36108,
                        55.38917
                    ],
                    [
                        11.3618,
                        55.38932
                    ],
                    [
                        11.36188,
                        55.38934
                    ],
                    [
                        11.36303,
                        55.38962
                    ],
                    [
                        11.36385,
                        55.38986
                    ],
                    [
                        11.36462,
                        55.39012
                    ],
                    [
                        11.36541,
                        55.3904
                    ],
                    [
                        11.36615,
                        55.39071
                    ],
                    [
                        11.36687,
                        55.39104
                    ],
                    [
                        11.36723,
                        55.39123
                    ],
                    [
                        11.36774,
                        55.3915
                    ],
                    [
                        11.36841,
                        55.39189
                    ],
                    [
                        11.36938,
                        55.39255
                    ],
                    [
                        11.37077,
                        55.39371
                    ],
                    [
                        11.37245,
                        55.39522
                    ],
                    [
                        11.37341,
                        55.39597
                    ],
                    [
                        11.37439,
                        55.39664
                    ],
                    [
                        11.37542,
                        55.39729
                    ],
                    [
                        11.37733,
                        55.39823
                    ],
                    [
                        11.37824,
                        55.39866
                    ],
                    [
                        11.37926,
                        55.39905
                    ],
                    [
                        11.38017,
                        55.39939
                    ],
                    [
                        11.38036,
                        55.39944
                    ],
                    [
                        11.3809,
                        55.3996
                    ],
                    [
                        11.38169,
                        55.39984
                    ],
                    [
                        11.38222,
                        55.39996
                    ],
                    [
                        11.3838,
                        55.40039
                    ],
                    [
                        11.38851,
                        55.40155
                    ],
                    [
                        11.39842,
                        55.40406
                    ],
                    [
                        11.39988,
                        55.40448
                    ],
                    [
                        11.4013,
                        55.405
                    ],
                    [
                        11.40205,
                        55.40531
                    ],
                    [
                        11.40303,
                        55.40575
                    ],
                    [
                        11.40404,
                        55.40625
                    ],
                    [
                        11.40466,
                        55.40659
                    ],
                    [
                        11.40532,
                        55.40698
                    ],
                    [
                        11.40667,
                        55.40788
                    ],
                    [
                        11.40757,
                        55.40858
                    ],
                    [
                        11.40852,
                        55.40943
                    ],
                    [
                        11.40914,
                        55.41006
                    ],
                    [
                        11.40955,
                        55.41053
                    ],
                    [
                        11.41006,
                        55.41121
                    ],
                    [
                        11.41084,
                        55.41248
                    ],
                    [
                        11.41234,
                        55.41516
                    ],
                    [
                        11.41296,
                        55.4163
                    ],
                    [
                        11.41391,
                        55.418
                    ],
                    [
                        11.4143,
                        55.41857
                    ],
                    [
                        11.41479,
                        55.41923
                    ],
                    [
                        11.41528,
                        55.4198
                    ],
                    [
                        11.41577,
                        55.42031
                    ],
                    [
                        11.41628,
                        55.42079
                    ],
                    [
                        11.41699,
                        55.42138
                    ],
                    [
                        11.4177,
                        55.42192
                    ],
                    [
                        11.41827,
                        55.4223
                    ],
                    [
                        11.41916,
                        55.42286
                    ],
                    [
                        11.41989,
                        55.42326
                    ],
                    [
                        11.42023,
                        55.42346
                    ],
                    [
                        11.42161,
                        55.42416
                    ],
                    [
                        11.42289,
                        55.42477
                    ],
                    [
                        11.42417,
                        55.42534
                    ],
                    [
                        11.42572,
                        55.42599
                    ],
                    [
                        11.4272,
                        55.42657
                    ],
                    [
                        11.4287,
                        55.42711
                    ],
                    [
                        11.43088,
                        55.42784
                    ],
                    [
                        11.43332,
                        55.42854
                    ],
                    [
                        11.43531,
                        55.42906
                    ],
                    [
                        11.4365,
                        55.42935
                    ],
                    [
                        11.43766,
                        55.42961
                    ],
                    [
                        11.44067,
                        55.43021
                    ],
                    [
                        11.44333,
                        55.43068
                    ],
                    [
                        11.44523,
                        55.431
                    ],
                    [
                        11.44712,
                        55.43129
                    ],
                    [
                        11.44991,
                        55.43168
                    ],
                    [
                        11.4535,
                        55.43214
                    ],
                    [
                        11.457,
                        55.43251
                    ],
                    [
                        11.45938,
                        55.43274
                    ],
                    [
                        11.46455,
                        55.43312
                    ],
                    [
                        11.46744,
                        55.43328
                    ],
                    [
                        11.47264,
                        55.43351
                    ],
                    [
                        11.47539,
                        55.43364
                    ],
                    [
                        11.4787,
                        55.43387
                    ],
                    [
                        11.48186,
                        55.43417
                    ],
                    [
                        11.48483,
                        55.43453
                    ],
                    [
                        11.4878,
                        55.43497
                    ],
                    [
                        11.48977,
                        55.43531
                    ],
                    [
                        11.49157,
                        55.43565
                    ],
                    [
                        11.49334,
                        55.43601
                    ],
                    [
                        11.496,
                        55.43661
                    ],
                    [
                        11.49852,
                        55.43726
                    ],
                    [
                        11.50016,
                        55.43772
                    ],
                    [
                        11.50199,
                        55.43826
                    ],
                    [
                        11.50336,
                        55.4387
                    ],
                    [
                        11.50473,
                        55.43915
                    ],
                    [
                        11.5061,
                        55.43964
                    ],
                    [
                        11.50747,
                        55.44014
                    ],
                    [
                        11.50906,
                        55.44076
                    ],
                    [
                        11.51062,
                        55.44141
                    ],
                    [
                        11.51219,
                        55.4421
                    ],
                    [
                        11.51437,
                        55.44313
                    ],
                    [
                        11.51625,
                        55.44409
                    ],
                    [
                        11.51768,
                        55.44487
                    ],
                    [
                        11.51895,
                        55.4456
                    ],
                    [
                        11.52093,
                        55.44681
                    ],
                    [
                        11.5235,
                        55.44851
                    ],
                    [
                        11.52505,
                        55.44953
                    ],
                    [
                        11.52688,
                        55.45066
                    ],
                    [
                        11.52813,
                        55.45136
                    ],
                    [
                        11.52941,
                        55.45203
                    ],
                    [
                        11.53159,
                        55.45305
                    ],
                    [
                        11.53314,
                        55.45372
                    ],
                    [
                        11.53527,
                        55.45454
                    ],
                    [
                        11.53695,
                        55.45512
                    ],
                    [
                        11.53873,
                        55.45568
                    ],
                    [
                        11.54093,
                        55.45629
                    ],
                    [
                        11.54318,
                        55.45684
                    ],
                    [
                        11.5454,
                        55.45732
                    ],
                    [
                        11.54803,
                        55.45784
                    ],
                    [
                        11.55063,
                        55.45831
                    ],
                    [
                        11.55314,
                        55.45872
                    ],
                    [
                        11.55481,
                        55.45897
                    ],
                    [
                        11.55759,
                        55.45935
                    ],
                    [
                        11.56143,
                        55.4598
                    ],
                    [
                        11.56232,
                        55.45989
                    ],
                    [
                        11.56306,
                        55.45997
                    ],
                    [
                        11.56397,
                        55.46006
                    ],
                    [
                        11.56675,
                        55.46025
                    ],
                    [
                        11.56854,
                        55.46033
                    ],
                    [
                        11.57002,
                        55.46037
                    ],
                    [
                        11.57091,
                        55.46036
                    ],
                    [
                        11.57322,
                        55.46031
                    ],
                    [
                        11.5755,
                        55.4602
                    ],
                    [
                        11.57835,
                        55.45995
                    ],
                    [
                        11.58071,
                        55.45964
                    ],
                    [
                        11.58197,
                        55.45944
                    ],
                    [
                        11.58344,
                        55.45917
                    ],
                    [
                        11.58385,
                        55.45909
                    ],
                    [
                        11.58576,
                        55.45867
                    ],
                    [
                        11.58723,
                        55.45831
                    ],
                    [
                        11.58967,
                        55.45766
                    ],
                    [
                        11.5905,
                        55.45744
                    ],
                    [
                        11.59221,
                        55.457
                    ],
                    [
                        11.59449,
                        55.45646
                    ],
                    [
                        11.59571,
                        55.45621
                    ],
                    [
                        11.59817,
                        55.45577
                    ],
                    [
                        11.60049,
                        55.45542
                    ],
                    [
                        11.60321,
                        55.45506
                    ],
                    [
                        11.60637,
                        55.45461
                    ],
                    [
                        11.60651,
                        55.45459
                    ],
                    [
                        11.6078,
                        55.45439
                    ],
                    [
                        11.60945,
                        55.45411
                    ],
                    [
                        11.61218,
                        55.45357
                    ],
                    [
                        11.61535,
                        55.45285
                    ],
                    [
                        11.61953,
                        55.45182
                    ],
                    [
                        11.62224,
                        55.45118
                    ],
                    [
                        11.62367,
                        55.45087
                    ],
                    [
                        11.62405,
                        55.45079
                    ],
                    [
                        11.62483,
                        55.45062
                    ],
                    [
                        11.62761,
                        55.45008
                    ],
                    [
                        11.6303,
                        55.4496
                    ],
                    [
                        11.63297,
                        55.44919
                    ],
                    [
                        11.63563,
                        55.44882
                    ],
                    [
                        11.63772,
                        55.44855
                    ],
                    [
                        11.64134,
                        55.44818
                    ],
                    [
                        11.64285,
                        55.44805
                    ],
                    [
                        11.6466,
                        55.44778
                    ],
                    [
                        11.64932,
                        55.44763
                    ],
                    [
                        11.65465,
                        55.44745
                    ],
                    [
                        11.65802,
                        55.44738
                    ],
                    [
                        11.66355,
                        55.44736
                    ],
                    [
                        11.6661,
                        55.44739
                    ],
                    [
                        11.66855,
                        55.44744
                    ],
                    [
                        11.67119,
                        55.44751
                    ],
                    [
                        11.67295,
                        55.4476
                    ],
                    [
                        11.67574,
                        55.44772
                    ],
                    [
                        11.67991,
                        55.44796
                    ],
                    [
                        11.68303,
                        55.44817
                    ],
                    [
                        11.68332,
                        55.44819
                    ],
                    [
                        11.68425,
                        55.44826
                    ],
                    [
                        11.69059,
                        55.44885
                    ],
                    [
                        11.69371,
                        55.44919
                    ],
                    [
                        11.69635,
                        55.44954
                    ],
                    [
                        11.69811,
                        55.44979
                    ],
                    [
                        11.69987,
                        55.45006
                    ],
                    [
                        11.70146,
                        55.45034
                    ],
                    [
                        11.70307,
                        55.45061
                    ],
                    [
                        11.70638,
                        55.45127
                    ],
                    [
                        11.70871,
                        55.45172
                    ],
                    [
                        11.71071,
                        55.4521
                    ],
                    [
                        11.71275,
                        55.45245
                    ],
                    [
                        11.71413,
                        55.45266
                    ],
                    [
                        11.71566,
                        55.45288
                    ],
                    [
                        11.71732,
                        55.45309
                    ],
                    [
                        11.71901,
                        55.45327
                    ],
                    [
                        11.7222,
                        55.45355
                    ],
                    [
                        11.72407,
                        55.45367
                    ],
                    [
                        11.72979,
                        55.45403
                    ],
                    [
                        11.73129,
                        55.45417
                    ],
                    [
                        11.73403,
                        55.45449
                    ],
                    [
                        11.73726,
                        55.455
                    ],
                    [
                        11.73999,
                        55.45547
                    ],
                    [
                        11.74503,
                        55.45632
                    ],
                    [
                        11.74827,
                        55.45679
                    ],
                    [
                        11.75025,
                        55.45702
                    ],
                    [
                        11.75292,
                        55.45728
                    ],
                    [
                        11.75552,
                        55.45747
                    ],
                    [
                        11.7572,
                        55.45756
                    ],
                    [
                        11.75924,
                        55.45764
                    ],
                    [
                        11.76037,
                        55.45767
                    ],
                    [
                        11.76371,
                        55.45768
                    ],
                    [
                        11.7662,
                        55.45763
                    ],
                    [
                        11.76922,
                        55.45749
                    ],
                    [
                        11.77131,
                        55.45734
                    ],
                    [
                        11.77581,
                        55.4569
                    ],
                    [
                        11.78042,
                        55.45638
                    ],
                    [
                        11.783,
                        55.45611
                    ],
                    [
                        11.78441,
                        55.45597
                    ],
                    [
                        11.78676,
                        55.45576
                    ],
                    [
                        11.7884,
                        55.45562
                    ],
                    [
                        11.78937,
                        55.45554
                    ],
                    [
                        11.79058,
                        55.45545
                    ],
                    [
                        11.79209,
                        55.45534
                    ],
                    [
                        11.79602,
                        55.45509
                    ],
                    [
                        11.79928,
                        55.45491
                    ],
                    [
                        11.80226,
                        55.4548
                    ],
                    [
                        11.80532,
                        55.45469
                    ],
                    [
                        11.81028,
                        55.45458
                    ],
                    [
                        11.81149,
                        55.45456
                    ],
                    [
                        11.81281,
                        55.45455
                    ],
                    [
                        11.8136,
                        55.45456
                    ],
                    [
                        11.81444,
                        55.45456
                    ],
                    [
                        11.81611,
                        55.45458
                    ],
                    [
                        11.81782,
                        55.45464
                    ],
                    [
                        11.81825,
                        55.45465
                    ],
                    [
                        11.82007,
                        55.45474
                    ],
                    [
                        11.82087,
                        55.4548
                    ],
                    [
                        11.82296,
                        55.45497
                    ],
                    [
                        11.82451,
                        55.45514
                    ],
                    [
                        11.82905,
                        55.45566
                    ],
                    [
                        11.83056,
                        55.45579
                    ],
                    [
                        11.83188,
                        55.45587
                    ],
                    [
                        11.8335,
                        55.45592
                    ],
                    [
                        11.83574,
                        55.45592
                    ],
                    [
                        11.83622,
                        55.45591
                    ],
                    [
                        11.83651,
                        55.4559
                    ],
                    [
                        11.83725,
                        55.45587
                    ],
                    [
                        11.83858,
                        55.45579
                    ],
                    [
                        11.84009,
                        55.45566
                    ],
                    [
                        11.84144,
                        55.4555
                    ],
                    [
                        11.84268,
                        55.45533
                    ],
                    [
                        11.84413,
                        55.45509
                    ],
                    [
                        11.84814,
                        55.45429
                    ],
                    [
                        11.8501,
                        55.45391
                    ],
                    [
                        11.85146,
                        55.45368
                    ],
                    [
                        11.85283,
                        55.45348
                    ],
                    [
                        11.85468,
                        55.45325
                    ],
                    [
                        11.85607,
                        55.45312
                    ],
                    [
                        11.85757,
                        55.45302
                    ],
                    [
                        11.85903,
                        55.45295
                    ],
                    [
                        11.86027,
                        55.45291
                    ],
                    [
                        11.8622,
                        55.45289
                    ],
                    [
                        11.86423,
                        55.45294
                    ],
                    [
                        11.86583,
                        55.45302
                    ],
                    [
                        11.86749,
                        55.45315
                    ],
                    [
                        11.86873,
                        55.45327
                    ],
                    [
                        11.87023,
                        55.45345
                    ],
                    [
                        11.87227,
                        55.45375
                    ],
                    [
                        11.87361,
                        55.45399
                    ],
                    [
                        11.87521,
                        55.4543
                    ],
                    [
                        11.87626,
                        55.45455
                    ],
                    [
                        11.87868,
                        55.45511
                    ],
                    [
                        11.88253,
                        55.45594
                    ],
                    [
                        11.88435,
                        55.45626
                    ],
                    [
                        11.88609,
                        55.45652
                    ],
                    [
                        11.88754,
                        55.4567
                    ],
                    [
                        11.88957,
                        55.45692
                    ],
                    [
                        11.89151,
                        55.45707
                    ],
                    [
                        11.89345,
                        55.45717
                    ],
                    [
                        11.89537,
                        55.45721
                    ],
                    [
                        11.89729,
                        55.45722
                    ],
                    [
                        11.89888,
                        55.45718
                    ],
                    [
                        11.90021,
                        55.45713
                    ],
                    [
                        11.90156,
                        55.45705
                    ],
                    [
                        11.90308,
                        55.45694
                    ],
                    [
                        11.90529,
                        55.45672
                    ],
                    [
                        11.90826,
                        55.45637
                    ],
                    [
                        11.91108,
                        55.45608
                    ],
                    [
                        11.913,
                        55.45594
                    ],
                    [
                        11.91452,
                        55.45587
                    ],
                    [
                        11.91626,
                        55.45585
                    ],
                    [
                        11.91717,
                        55.45586
                    ],
                    [
                        11.91924,
                        55.45593
                    ],
                    [
                        11.92115,
                        55.45607
                    ],
                    [
                        11.9228,
                        55.45625
                    ],
                    [
                        11.92573,
                        55.4566
                    ],
                    [
                        11.92924,
                        55.45701
                    ],
                    [
                        11.93236,
                        55.45732
                    ],
                    [
                        11.93458,
                        55.4575
                    ],
                    [
                        11.93676,
                        55.45763
                    ],
                    [
                        11.93979,
                        55.45777
                    ],
                    [
                        11.94504,
                        55.45785
                    ],
                    [
                        11.95026,
                        55.45775
                    ],
                    [
                        11.95738,
                        55.45741
                    ],
                    [
                        11.96051,
                        55.45727
                    ],
                    [
                        11.96319,
                        55.45716
                    ],
                    [
                        11.96577,
                        55.45707
                    ],
                    [
                        11.96839,
                        55.45702
                    ],
                    [
                        11.97104,
                        55.45699
                    ],
                    [
                        11.9753,
                        55.45702
                    ],
                    [
                        11.9761,
                        55.45703
                    ],
                    [
                        11.97876,
                        55.45708
                    ],
                    [
                        11.98168,
                        55.45719
                    ],
                    [
                        11.98481,
                        55.45735
                    ],
                    [
                        11.98823,
                        55.45758
                    ],
                    [
                        11.99155,
                        55.45785
                    ],
                    [
                        11.99519,
                        55.45821
                    ],
                    [
                        12.0009,
                        55.45888
                    ],
                    [
                        12.00503,
                        55.45948
                    ],
                    [
                        12.00845,
                        55.46003
                    ],
                    [
                        12.01528,
                        55.46122
                    ],
                    [
                        12.01905,
                        55.46185
                    ],
                    [
                        12.02287,
                        55.46245
                    ],
                    [
                        12.0265,
                        55.46297
                    ],
                    [
                        12.03015,
                        55.46343
                    ],
                    [
                        12.03372,
                        55.46383
                    ],
                    [
                        12.03852,
                        55.46434
                    ],
                    [
                        12.04254,
                        55.46476
                    ],
                    [
                        12.04625,
                        55.46523
                    ],
                    [
                        12.04866,
                        55.46555
                    ],
                    [
                        12.05085,
                        55.46587
                    ],
                    [
                        12.0535,
                        55.46629
                    ],
                    [
                        12.05606,
                        55.46672
                    ],
                    [
                        12.0585,
                        55.46717
                    ],
                    [
                        12.06162,
                        55.46778
                    ],
                    [
                        12.06348,
                        55.46819
                    ],
                    [
                        12.06528,
                        55.46862
                    ],
                    [
                        12.06682,
                        55.46901
                    ],
                    [
                        12.06857,
                        55.46948
                    ],
                    [
                        12.07025,
                        55.46995
                    ],
                    [
                        12.0728,
                        55.47072
                    ],
                    [
                        12.07492,
                        55.47141
                    ],
                    [
                        12.07693,
                        55.47212
                    ],
                    [
                        12.07699,
                        55.47214
                    ],
                    [
                        12.0777,
                        55.47238
                    ],
                    [
                        12.07964,
                        55.47308
                    ],
                    [
                        12.08505,
                        55.47499
                    ],
                    [
                        12.08754,
                        55.47584
                    ],
                    [
                        12.08973,
                        55.47653
                    ],
                    [
                        12.09078,
                        55.47684
                    ],
                    [
                        12.09173,
                        55.47709
                    ],
                    [
                        12.09301,
                        55.47741
                    ],
                    [
                        12.09517,
                        55.47789
                    ],
                    [
                        12.09637,
                        55.47813
                    ],
                    [
                        12.09852,
                        55.47852
                    ],
                    [
                        12.09984,
                        55.47874
                    ],
                    [
                        12.10048,
                        55.47883
                    ],
                    [
                        12.10113,
                        55.47892
                    ],
                    [
                        12.1025,
                        55.47909
                    ],
                    [
                        12.10395,
                        55.47925
                    ],
                    [
                        12.10542,
                        55.47938
                    ],
                    [
                        12.10612,
                        55.47943
                    ],
                    [
                        12.10758,
                        55.47953
                    ],
                    [
                        12.10953,
                        55.47963
                    ],
                    [
                        12.1114,
                        55.47966
                    ],
                    [
                        12.11322,
                        55.47968
                    ],
                    [
                        12.12999,
                        55.4795
                    ],
                    [
                        12.13439,
                        55.47945
                    ],
                    [
                        12.13877,
                        55.47939
                    ],
                    [
                        12.14072,
                        55.47939
                    ],
                    [
                        12.14412,
                        55.4795
                    ],
                    [
                        12.14412,
                        55.4795
                    ],
                    [
                        12.14493,
                        55.47956
                    ],
                    [
                        12.14683,
                        55.47977
                    ],
                    [
                        12.1482,
                        55.47996
                    ],
                    [
                        12.14979,
                        55.48023
                    ],
                    [
                        12.1514,
                        55.48055
                    ],
                    [
                        12.15343,
                        55.48104
                    ],
                    [
                        12.15486,
                        55.48145
                    ],
                    [
                        12.1562,
                        55.48189
                    ],
                    [
                        12.15761,
                        55.48238
                    ],
                    [
                        12.15876,
                        55.48284
                    ],
                    [
                        12.15996,
                        55.48336
                    ],
                    [
                        12.16208,
                        55.48442
                    ],
                    [
                        12.16346,
                        55.48522
                    ],
                    [
                        12.16477,
                        55.4861
                    ],
                    [
                        12.16645,
                        55.48742
                    ],
                    [
                        12.16712,
                        55.48801
                    ],
                    [
                        12.16848,
                        55.48938
                    ],
                    [
                        12.16904,
                        55.49006
                    ],
                    [
                        12.16957,
                        55.49076
                    ],
                    [
                        12.16989,
                        55.49124
                    ],
                    [
                        12.1702,
                        55.49175
                    ],
                    [
                        12.17069,
                        55.49265
                    ],
                    [
                        12.17166,
                        55.49484
                    ],
                    [
                        12.17476,
                        55.50156
                    ],
                    [
                        12.17546,
                        55.50308
                    ],
                    [
                        12.17599,
                        55.50423
                    ],
                    [
                        12.17691,
                        55.50623
                    ],
                    [
                        12.17741,
                        55.5072
                    ],
                    [
                        12.17773,
                        55.50774
                    ],
                    [
                        12.17809,
                        55.50828
                    ],
                    [
                        12.17885,
                        55.5093
                    ],
                    [
                        12.17965,
                        55.51021
                    ],
                    [
                        12.18042,
                        55.511
                    ],
                    [
                        12.18133,
                        55.51179
                    ],
                    [
                        12.18243,
                        55.51267
                    ],
                    [
                        12.18315,
                        55.51318
                    ],
                    [
                        12.18431,
                        55.51392
                    ],
                    [
                        12.18535,
                        55.51452
                    ],
                    [
                        12.18708,
                        55.51547
                    ],
                    [
                        12.18782,
                        55.51592
                    ],
                    [
                        12.1885,
                        55.51634
                    ],
                    [
                        12.18971,
                        55.51716
                    ],
                    [
                        12.19086,
                        55.51805
                    ],
                    [
                        12.1917,
                        55.51877
                    ],
                    [
                        12.19202,
                        55.51907
                    ],
                    [
                        12.19259,
                        55.51964
                    ],
                    [
                        12.19328,
                        55.52039
                    ],
                    [
                        12.19357,
                        55.52075
                    ],
                    [
                        12.19412,
                        55.52147
                    ],
                    [
                        12.19448,
                        55.52201
                    ],
                    [
                        12.19483,
                        55.52255
                    ],
                    [
                        12.19539,
                        55.52361
                    ],
                    [
                        12.19577,
                        55.5245
                    ],
                    [
                        12.19602,
                        55.52525
                    ],
                    [
                        12.19626,
                        55.52621
                    ],
                    [
                        12.19639,
                        55.52702
                    ],
                    [
                        12.19648,
                        55.52784
                    ],
                    [
                        12.1966,
                        55.52889
                    ],
                    [
                        12.19676,
                        55.52973
                    ],
                    [
                        12.19707,
                        55.53083
                    ],
                    [
                        12.19747,
                        55.53183
                    ],
                    [
                        12.1978,
                        55.53248
                    ],
                    [
                        12.19809,
                        55.53304
                    ],
                    [
                        12.19836,
                        55.53347
                    ],
                    [
                        12.19888,
                        55.53425
                    ],
                    [
                        12.1996,
                        55.53515
                    ],
                    [
                        12.20056,
                        55.5362
                    ],
                    [
                        12.20107,
                        55.5367
                    ],
                    [
                        12.20198,
                        55.53749
                    ],
                    [
                        12.2032,
                        55.53845
                    ],
                    [
                        12.20445,
                        55.5393
                    ],
                    [
                        12.2057,
                        55.54005
                    ],
                    [
                        12.2072,
                        55.54085
                    ],
                    [
                        12.20869,
                        55.54156
                    ],
                    [
                        12.21033,
                        55.54217
                    ],
                    [
                        12.21152,
                        55.54266
                    ],
                    [
                        12.21208,
                        55.54288
                    ],
                    [
                        12.21356,
                        55.54344
                    ],
                    [
                        12.21408,
                        55.54367
                    ],
                    [
                        12.21534,
                        55.54423
                    ],
                    [
                        12.21629,
                        55.54468
                    ],
                    [
                        12.21715,
                        55.54514
                    ],
                    [
                        12.21831,
                        55.54581
                    ],
                    [
                        12.2197,
                        55.54672
                    ],
                    [
                        12.22133,
                        55.54797
                    ],
                    [
                        12.22182,
                        55.54839
                    ],
                    [
                        12.22267,
                        55.54921
                    ],
                    [
                        12.22371,
                        55.55036
                    ],
                    [
                        12.22419,
                        55.55095
                    ],
                    [
                        12.22455,
                        55.55143
                    ],
                    [
                        12.22508,
                        55.55225
                    ],
                    [
                        12.22645,
                        55.55485
                    ],
                    [
                        12.22675,
                        55.55541
                    ],
                    [
                        12.2269,
                        55.55567
                    ],
                    [
                        12.22799,
                        55.55742
                    ],
                    [
                        12.22828,
                        55.55784
                    ],
                    [
                        12.22858,
                        55.55826
                    ],
                    [
                        12.22894,
                        55.55878
                    ],
                    [
                        12.22931,
                        55.5593
                    ],
                    [
                        12.22991,
                        55.56005
                    ],
                    [
                        12.23035,
                        55.56061
                    ],
                    [
                        12.2309,
                        55.56125
                    ],
                    [
                        12.23155,
                        55.56199
                    ],
                    [
                        12.2321,
                        55.5626
                    ],
                    [
                        12.2325,
                        55.56301
                    ],
                    [
                        12.23281,
                        55.56332
                    ],
                    [
                        12.23327,
                        55.56379
                    ],
                    [
                        12.2355,
                        55.56586
                    ],
                    [
                        12.23585,
                        55.56617
                    ],
                    [
                        12.237,
                        55.5671
                    ],
                    [
                        12.238,
                        55.56791
                    ],
                    [
                        12.23912,
                        55.56879
                    ],
                    [
                        12.24004,
                        55.56945
                    ],
                    [
                        12.24168,
                        55.57058
                    ],
                    [
                        12.24346,
                        55.57174
                    ],
                    [
                        12.24523,
                        55.57281
                    ],
                    [
                        12.24628,
                        55.57343
                    ],
                    [
                        12.24992,
                        55.57546
                    ],
                    [
                        12.25165,
                        55.57649
                    ],
                    [
                        12.25318,
                        55.57746
                    ],
                    [
                        12.2551,
                        55.57878
                    ],
                    [
                        12.25592,
                        55.57936
                    ],
                    [
                        12.25742,
                        55.5805
                    ],
                    [
                        12.25902,
                        55.58179
                    ],
                    [
                        12.25966,
                        55.58234
                    ],
                    [
                        12.2609,
                        55.58336
                    ],
                    [
                        12.26224,
                        55.58438
                    ],
                    [
                        12.26308,
                        55.58501
                    ],
                    [
                        12.26459,
                        55.58607
                    ],
                    [
                        12.2659,
                        55.58694
                    ],
                    [
                        12.26709,
                        55.5877
                    ],
                    [
                        12.26826,
                        55.58842
                    ],
                    [
                        12.27019,
                        55.58952
                    ],
                    [
                        12.27177,
                        55.59038
                    ],
                    [
                        12.2734,
                        55.59121
                    ],
                    [
                        12.27501,
                        55.592
                    ],
                    [
                        12.27734,
                        55.59305
                    ],
                    [
                        12.27949,
                        55.59396
                    ],
                    [
                        12.2808,
                        55.59447
                    ],
                    [
                        12.28246,
                        55.59508
                    ],
                    [
                        12.28413,
                        55.59568
                    ],
                    [
                        12.28578,
                        55.59624
                    ],
                    [
                        12.28718,
                        55.5967
                    ],
                    [
                        12.28861,
                        55.59714
                    ],
                    [
                        12.29074,
                        55.59778
                    ],
                    [
                        12.2924,
                        55.59831
                    ],
                    [
                        12.29404,
                        55.59885
                    ],
                    [
                        12.29519,
                        55.59926
                    ],
                    [
                        12.29661,
                        55.59978
                    ],
                    [
                        12.29763,
                        55.60016
                    ],
                    [
                        12.29892,
                        55.60067
                    ],
                    [
                        12.30006,
                        55.60115
                    ],
                    [
                        12.30136,
                        55.6017
                    ],
                    [
                        12.30217,
                        55.60206
                    ],
                    [
                        12.30299,
                        55.60243
                    ],
                    [
                        12.30425,
                        55.60302
                    ],
                    [
                        12.30549,
                        55.60363
                    ],
                    [
                        12.30673,
                        55.60424
                    ],
                    [
                        12.30796,
                        55.60486
                    ],
                    [
                        12.31014,
                        55.60594
                    ],
                    [
                        12.3123,
                        55.60702
                    ],
                    [
                        12.31435,
                        55.60805
                    ],
                    [
                        12.31582,
                        55.60878
                    ],
                    [
                        12.31582,
                        55.60878
                    ],
                    [
                        12.31635,
                        55.60909
                    ],
                    [
                        12.31691,
                        55.60937
                    ],
                    [
                        12.31828,
                        55.61005
                    ],
                    [
                        12.31933,
                        55.61058
                    ],
                    [
                        12.32036,
                        55.6111
                    ],
                    [
                        12.32378,
                        55.61276
                    ],
                    [
                        12.32483,
                        55.61325
                    ],
                    [
                        12.32532,
                        55.61346
                    ],
                    [
                        12.32663,
                        55.61404
                    ],
                    [
                        12.32855,
                        55.61481
                    ],
                    [
                        12.33114,
                        55.61582
                    ],
                    [
                        12.33357,
                        55.61667
                    ],
                    [
                        12.33583,
                        55.61742
                    ],
                    [
                        12.33804,
                        55.61807
                    ],
                    [
                        12.34055,
                        55.61881
                    ],
                    [
                        12.34298,
                        55.61951
                    ],
                    [
                        12.34858,
                        55.62109
                    ],
                    [
                        12.35132,
                        55.62189
                    ],
                    [
                        12.355,
                        55.62296
                    ],
                    [
                        12.35819,
                        55.62388
                    ],
                    [
                        12.36098,
                        55.62464
                    ],
                    [
                        12.36433,
                        55.62549
                    ],
                    [
                        12.36482,
                        55.6256
                    ],
                    [
                        12.36643,
                        55.62593
                    ],
                    [
                        12.36926,
                        55.62651
                    ],
                    [
                        12.37134,
                        55.62688
                    ],
                    [
                        12.37196,
                        55.62698
                    ],
                    [
                        12.37369,
                        55.62726
                    ],
                    [
                        12.37545,
                        55.6275
                    ],
                    [
                        12.37697,
                        55.6277
                    ],
                    [
                        12.37932,
                        55.62798
                    ],
                    [
                        12.38109,
                        55.62816
                    ],
                    [
                        12.38417,
                        55.62841
                    ],
                    [
                        12.38656,
                        55.62857
                    ],
                    [
                        12.38894,
                        55.62869
                    ],
                    [
                        12.39139,
                        55.62883
                    ],
                    [
                        12.39248,
                        55.62889
                    ],
                    [
                        12.40253,
                        55.6294
                    ],
                    [
                        12.40643,
                        55.62962
                    ],
                    [
                        12.41089,
                        55.62988
                    ],
                    [
                        12.41465,
                        55.63005
                    ],
                    [
                        12.41788,
                        55.63022
                    ],
                    [
                        12.41947,
                        55.63031
                    ],
                    [
                        12.42184,
                        55.63043
                    ],
                    [
                        12.4225,
                        55.63045
                    ],
                    [
                        12.42317,
                        55.63047
                    ],
                    [
                        12.42348,
                        55.63048
                    ],
                    [
                        12.4236,
                        55.63048
                    ],
                    [
                        12.42489,
                        55.63046
                    ],
                    [
                        12.42564,
                        55.63044
                    ],
                    [
                        12.4264,
                        55.63038
                    ],
                    [
                        12.42714,
                        55.63031
                    ],
                    [
                        12.42795,
                        55.63022
                    ],
                    [
                        12.42918,
                        55.63001
                    ],
                    [
                        12.42966,
                        55.62992
                    ],
                    [
                        12.4305,
                        55.62973
                    ],
                    [
                        12.43081,
                        55.62966
                    ],
                    [
                        12.43121,
                        55.62955
                    ],
                    [
                        12.43157,
                        55.62945
                    ],
                    [
                        12.43212,
                        55.62927
                    ],
                    [
                        12.4324,
                        55.62918
                    ],
                    [
                        12.43298,
                        55.62897
                    ],
                    [
                        12.43371,
                        55.62868
                    ],
                    [
                        12.4345,
                        55.62831
                    ],
                    [
                        12.43515,
                        55.62797
                    ],
                    [
                        12.43555,
                        55.62775
                    ],
                    [
                        12.43601,
                        55.62747
                    ],
                    [
                        12.43648,
                        55.62715
                    ],
                    [
                        12.43689,
                        55.62685
                    ],
                    [
                        12.43735,
                        55.62648
                    ],
                    [
                        12.43767,
                        55.6262
                    ],
                    [
                        12.43808,
                        55.6258
                    ],
                    [
                        12.43842,
                        55.62546
                    ],
                    [
                        12.43887,
                        55.62496
                    ],
                    [
                        12.43929,
                        55.62449
                    ],
                    [
                        12.43963,
                        55.6241
                    ],
                    [
                        12.43996,
                        55.62372
                    ],
                    [
                        12.44032,
                        55.6233
                    ],
                    [
                        12.44046,
                        55.62305
                    ],
                    [
                        12.44046,
                        55.62305
                    ],
                    [
                        12.441,
                        55.62243
                    ],
                    [
                        12.4423,
                        55.62092
                    ],
                    [
                        12.44363,
                        55.61954
                    ],
                    [
                        12.44442,
                        55.61887
                    ],
                    [
                        12.44491,
                        55.6185
                    ],
                    [
                        12.44586,
                        55.61787
                    ],
                    [
                        12.44658,
                        55.61746
                    ],
                    [
                        12.44732,
                        55.6171
                    ],
                    [
                        12.4483,
                        55.61668
                    ],
                    [
                        12.44921,
                        55.61634
                    ],
                    [
                        12.45008,
                        55.61606
                    ],
                    [
                        12.45146,
                        55.6157
                    ],
                    [
                        12.45232,
                        55.61552
                    ],
                    [
                        12.45299,
                        55.6154
                    ],
                    [
                        12.45365,
                        55.6153
                    ],
                    [
                        12.45448,
                        55.61519
                    ],
                    [
                        12.45545,
                        55.61512
                    ],
                    [
                        12.45672,
                        55.61504
                    ],
                    [
                        12.45785,
                        55.61503
                    ],
                    [
                        12.45927,
                        55.61508
                    ],
                    [
                        12.46048,
                        55.61518
                    ],
                    [
                        12.46333,
                        55.6155
                    ],
                    [
                        12.46586,
                        55.61583
                    ],
                    [
                        12.46846,
                        55.6161
                    ],
                    [
                        12.47041,
                        55.61624
                    ],
                    [
                        12.47184,
                        55.61629
                    ],
                    [
                        12.47243,
                        55.6163
                    ],
                    [
                        12.47345,
                        55.6163
                    ],
                    [
                        12.47411,
                        55.61629
                    ],
                    [
                        12.47493,
                        55.61627
                    ],
                    [
                        12.47561,
                        55.61625
                    ],
                    [
                        12.47663,
                        55.6162
                    ],
                    [
                        12.47926,
                        55.61603
                    ],
                    [
                        12.48524,
                        55.6156
                    ],
                    [
                        12.48771,
                        55.61543
                    ],
                    [
                        12.49275,
                        55.61507
                    ],
                    [
                        12.50326,
                        55.61435
                    ],
                    [
                        12.50512,
                        55.61423
                    ],
                    [
                        12.50596,
                        55.61417
                    ],
                    [
                        12.50745,
                        55.61407
                    ],
                    [
                        12.50842,
                        55.61401
                    ],
                    [
                        12.50935,
                        55.61395
                    ],
                    [
                        12.51009,
                        55.61392
                    ],
                    [
                        12.51061,
                        55.6139
                    ],
                    [
                        12.51148,
                        55.61388
                    ],
                    [
                        12.51237,
                        55.61387
                    ],
                    [
                        12.51339,
                        55.61389
                    ],
                    [
                        12.51438,
                        55.61391
                    ],
                    [
                        12.51536,
                        55.61396
                    ],
                    [
                        12.51583,
                        55.61399
                    ],
                    [
                        12.51628,
                        55.61404
                    ],
                    [
                        12.51717,
                        55.61412
                    ],
                    [
                        12.51807,
                        55.61425
                    ],
                    [
                        12.51916,
                        55.61444
                    ],
                    [
                        12.52026,
                        55.6147
                    ],
                    [
                        12.5224,
                        55.61532
                    ],
                    [
                        12.52429,
                        55.61611
                    ],
                    [
                        12.52599,
                        55.61713
                    ],
                    [
                        12.52677,
                        55.6177
                    ],
                    [
                        12.5274,
                        55.61824
                    ],
                    [
                        12.52811,
                        55.61895
                    ],
                    [
                        12.5286,
                        55.61956
                    ],
                    [
                        12.52903,
                        55.6201
                    ],
                    [
                        12.52971,
                        55.62101
                    ],
                    [
                        12.53035,
                        55.62187
                    ],
                    [
                        12.53082,
                        55.62247
                    ],
                    [
                        12.531,
                        55.62268
                    ],
                    [
                        12.531,
                        55.62268
                    ],
                    [
                        12.53204,
                        55.62396
                    ],
                    [
                        12.5327,
                        55.62462
                    ],
                    [
                        12.53293,
                        55.62486
                    ],
                    [
                        12.53318,
                        55.62509
                    ],
                    [
                        12.53343,
                        55.62532
                    ],
                    [
                        12.5337,
                        55.62555
                    ],
                    [
                        12.53397,
                        55.62578
                    ],
                    [
                        12.53426,
                        55.626
                    ],
                    [
                        12.53455,
                        55.62621
                    ],
                    [
                        12.53487,
                        55.62642
                    ],
                    [
                        12.53519,
                        55.62663
                    ],
                    [
                        12.53552,
                        55.62683
                    ],
                    [
                        12.53586,
                        55.62702
                    ],
                    [
                        12.53622,
                        55.62721
                    ],
                    [
                        12.53658,
                        55.62739
                    ],
                    [
                        12.53696,
                        55.62756
                    ],
                    [
                        12.53734,
                        55.62773
                    ],
                    [
                        12.53773,
                        55.62789
                    ],
                    [
                        12.53813,
                        55.62804
                    ],
                    [
                        12.53854,
                        55.62819
                    ],
                    [
                        12.53895,
                        55.62833
                    ],
                    [
                        12.53938,
                        55.62846
                    ],
                    [
                        12.5398,
                        55.62859
                    ],
                    [
                        12.54024,
                        55.62871
                    ],
                    [
                        12.54069,
                        55.62881
                    ],
                    [
                        12.54114,
                        55.62892
                    ],
                    [
                        12.54159,
                        55.62901
                    ],
                    [
                        12.54182,
                        55.62906
                    ],
                    [
                        12.54228,
                        55.62914
                    ],
                    [
                        12.54275,
                        55.62921
                    ],
                    [
                        12.54322,
                        55.62928
                    ],
                    [
                        12.54369,
                        55.62934
                    ],
                    [
                        12.54417,
                        55.62939
                    ],
                    [
                        12.54465,
                        55.62943
                    ],
                    [
                        12.54513,
                        55.62946
                    ],
                    [
                        12.54561,
                        55.62949
                    ],
                    [
                        12.54599,
                        55.6295
                    ],
                    [
                        12.54651,
                        55.62951
                    ],
                    [
                        12.54695,
                        55.62951
                    ],
                    [
                        12.54743,
                        55.62951
                    ],
                    [
                        12.54802,
                        55.62949
                    ],
                    [
                        12.54837,
                        55.62948
                    ],
                    [
                        12.54904,
                        55.62945
                    ],
                    [
                        12.54951,
                        55.62943
                    ],
                    [
                        12.55101,
                        55.62935
                    ],
                    [
                        12.55548,
                        55.62912
                    ],
                    [
                        12.5572,
                        55.62903
                    ],
                    [
                        12.5577,
                        55.629
                    ],
                    [
                        12.56117,
                        55.62882
                    ],
                    [
                        12.56315,
                        55.62872
                    ],
                    [
                        12.5698,
                        55.62837
                    ],
                    [
                        12.5717,
                        55.62827
                    ],
                    [
                        12.57438,
                        55.62813
                    ],
                    [
                        12.57802,
                        55.62794
                    ],
                    [
                        12.57974,
                        55.62789
                    ],
                    [
                        12.58116,
                        55.62787
                    ],
                    [
                        12.58268,
                        55.62787
                    ],
                    [
                        12.58412,
                        55.62791
                    ],
                    [
                        12.5864,
                        55.62802
                    ],
                    [
                        12.58716,
                        55.62808
                    ],
                    [
                        12.5875,
                        55.6281
                    ],
                    [
                        12.58848,
                        55.62818
                    ],
                    [
                        12.59137,
                        55.62851
                    ],
                    [
                        12.59254,
                        55.62865
                    ],
                    [
                        12.59296,
                        55.62871
                    ],
                    [
                        12.59368,
                        55.62881
                    ],
                    [
                        12.59441,
                        55.6289
                    ],
                    [
                        12.59515,
                        55.62898
                    ],
                    [
                        12.59662,
                        55.62912
                    ],
                    [
                        12.5991,
                        55.62928
                    ],
                    [
                        12.61015,
                        55.62958
                    ],
                    [
                        12.61132,
                        55.62961
                    ],
                    [
                        12.61211,
                        55.62963
                    ],
                    [
                        12.61271,
                        55.62965
                    ],
                    [
                        12.61427,
                        55.6297
                    ],
                    [
                        12.61508,
                        55.62972
                    ],
                    [
                        12.62427,
                        55.62995
                    ],
                    [
                        12.62694,
                        55.63001
                    ],
                    [
                        12.63509,
                        55.63023
                    ],
                    [
                        12.63763,
                        55.6303
                    ],
                    [
                        12.6395,
                        55.63039
                    ],
                    [
                        12.64109,
                        55.63048
                    ],
                    [
                        12.64271,
                        55.63062
                    ],
                    [
                        12.64407,
                        55.63073
                    ],
                    [
                        12.6458,
                        55.63089
                    ],
                    [
                        12.64789,
                        55.63109
                    ],
                    [
                        12.64901,
                        55.63124
                    ],
                    [
                        12.64932,
                        55.63127
                    ],
                    [
                        12.64994,
                        55.63135
                    ],
                    [
                        12.65141,
                        55.63154
                    ],
                    [
                        12.65272,
                        55.63173
                    ],
                    [
                        12.65375,
                        55.63187
                    ],
                    [
                        12.65434,
                        55.63197
                    ],
                    [
                        12.65606,
                        55.63225
                    ],
                    [
                        12.659,
                        55.63274
                    ],
                    [
                        12.66009,
                        55.63292
                    ],
                    [
                        12.66107,
                        55.63306
                    ],
                    [
                        12.66211,
                        55.63317
                    ],
                    [
                        12.66308,
                        55.63326
                    ],
                    [
                        12.66373,
                        55.63329
                    ],
                    [
                        12.66427,
                        55.63331
                    ],
                    [
                        12.66516,
                        55.63333
                    ],
                    [
                        12.66597,
                        55.63332
                    ],
                    [
                        12.66684,
                        55.6333
                    ],
                    [
                        12.66756,
                        55.63326
                    ],
                    [
                        12.66808,
                        55.63322
                    ],
                    [
                        12.66857,
                        55.63319
                    ],
                    [
                        12.66933,
                        55.63311
                    ],
                    [
                        12.67011,
                        55.63301
                    ],
                    [
                        12.67081,
                        55.63291
                    ],
                    [
                        12.67108,
                        55.63286
                    ],
                    [
                        12.67154,
                        55.63279
                    ],
                    [
                        12.67224,
                        55.63266
                    ],
                    [
                        12.67283,
                        55.63253
                    ],
                    [
                        12.6734,
                        55.63239
                    ],
                    [
                        12.67391,
                        55.63226
                    ],
                    [
                        12.6745,
                        55.6321
                    ],
                    [
                        12.67506,
                        55.63193
                    ],
                    [
                        12.67562,
                        55.63175
                    ],
                    [
                        12.67642,
                        55.63146
                    ],
                    [
                        12.67725,
                        55.63114
                    ],
                    [
                        12.72944,
                        55.60985
                    ],
                    [
                        12.73185,
                        55.60886
                    ],
                    [
                        12.73355,
                        55.60815
                    ],
                    [
                        12.73373,
                        55.60808
                    ],
                    [
                        12.73411,
                        55.60792
                    ],
                    [
                        12.73463,
                        55.6077
                    ],
                    [
                        12.73541,
                        55.60736
                    ],
                    [
                        12.73642,
                        55.60693
                    ],
                    [
                        12.73723,
                        55.60657
                    ],
                    [
                        12.742,
                        55.60443
                    ],
                    [
                        12.74474,
                        55.60315
                    ],
                    [
                        12.74813,
                        55.60158
                    ],
                    [
                        12.75031,
                        55.60055
                    ],
                    [
                        12.75248,
                        55.59952
                    ],
                    [
                        12.75562,
                        55.59806
                    ],
                    [
                        12.7604,
                        55.59582
                    ],
                    [
                        12.76683,
                        55.59293
                    ],
                    [
                        12.769,
                        55.59203
                    ],
                    [
                        12.77109,
                        55.59118
                    ],
                    [
                        12.77261,
                        55.59057
                    ],
                    [
                        12.77446,
                        55.58986
                    ],
                    [
                        12.77633,
                        55.58915
                    ],
                    [
                        12.77794,
                        55.58857
                    ],
                    [
                        12.77955,
                        55.58799
                    ],
                    [
                        12.78118,
                        55.58742
                    ],
                    [
                        12.78303,
                        55.58678
                    ],
                    [
                        12.78489,
                        55.58615
                    ],
                    [
                        12.78676,
                        55.58554
                    ],
                    [
                        12.78864,
                        55.58493
                    ],
                    [
                        12.79053,
                        55.58433
                    ],
                    [
                        12.7925,
                        55.58373
                    ],
                    [
                        12.79447,
                        55.58314
                    ],
                    [
                        12.79646,
                        55.58256
                    ],
                    [
                        12.79845,
                        55.58199
                    ],
                    [
                        12.80046,
                        55.58143
                    ],
                    [
                        12.80247,
                        55.58088
                    ],
                    [
                        12.80449,
                        55.58034
                    ],
                    [
                        12.80652,
                        55.57982
                    ],
                    [
                        12.80856,
                        55.57931
                    ],
                    [
                        12.80891,
                        55.57922
                    ],
                    [
                        12.8106,
                        55.57881
                    ],
                    [
                        12.81267,
                        55.57832
                    ],
                    [
                        12.81474,
                        55.57784
                    ],
                    [
                        12.81681,
                        55.57737
                    ],
                    [
                        12.8189,
                        55.57692
                    ],
                    [
                        12.83503,
                        55.57335
                    ],
                    [
                        12.83716,
                        55.57288
                    ],
                    [
                        12.8393,
                        55.57242
                    ],
                    [
                        12.84144,
                        55.57197
                    ],
                    [
                        12.84337,
                        55.57158
                    ],
                    [
                        12.84554,
                        55.57115
                    ],
                    [
                        12.84774,
                        55.57073
                    ],
                    [
                        12.84992,
                        55.57034
                    ],
                    [
                        12.852,
                        55.56997
                    ],
                    [
                        12.85399,
                        55.56964
                    ],
                    [
                        12.8564,
                        55.56925
                    ],
                    [
                        12.8585,
                        55.56892
                    ],
                    [
                        12.86055,
                        55.56861
                    ],
                    [
                        12.86265,
                        55.56831
                    ],
                    [
                        12.86477,
                        55.56803
                    ],
                    [
                        12.86709,
                        55.56773
                    ],
                    [
                        12.86923,
                        55.56746
                    ],
                    [
                        12.8714,
                        55.56721
                    ],
                    [
                        12.87353,
                        55.56698
                    ],
                    [
                        12.87574,
                        55.56675
                    ],
                    [
                        12.87812,
                        55.56652
                    ],
                    [
                        12.88032,
                        55.56632
                    ],
                    [
                        12.88242,
                        55.56614
                    ],
                    [
                        12.88452,
                        55.56598
                    ],
                    [
                        12.88675,
                        55.56582
                    ],
                    [
                        12.88867,
                        55.56569
                    ],
                    [
                        12.89059,
                        55.56558
                    ],
                    [
                        12.89251,
                        55.56548
                    ],
                    [
                        12.89427,
                        55.56539
                    ],
                    [
                        12.89603,
                        55.56531
                    ],
                    [
                        12.89742,
                        55.56526
                    ],
                    [
                        12.89837,
                        55.56523
                    ],
                    [
                        12.89907,
                        55.56522
                    ],
                    [
                        12.89914,
                        55.56522
                    ],
                    [
                        12.89947,
                        55.56522
                    ],
                    [
                        12.89995,
                        55.56521
                    ],
                    [
                        12.90037,
                        55.56521
                    ],
                    [
                        12.90162,
                        55.56522
                    ],
                    [
                        12.90211,
                        55.56523
                    ],
                    [
                        12.90233,
                        55.56523
                    ],
                    [
                        12.90287,
                        55.56524
                    ],
                    [
                        12.90308,
                        55.56525
                    ],
                    [
                        12.90407,
                        55.56528
                    ],
                    [
                        12.90492,
                        55.56531
                    ],
                    [
                        12.90592,
                        55.56535
                    ],
                    [
                        12.90611,
                        55.56536
                    ],
                    [
                        12.90636,
                        55.56538
                    ],
                    [
                        12.90719,
                        55.56542
                    ],
                    [
                        12.90828,
                        55.56545
                    ],
                    [
                        12.90877,
                        55.56547
                    ],
                    [
                        12.90877,
                        55.56547
                    ],
                    [
                        12.90979,
                        55.56544
                    ],
                    [
                        12.90979,
                        55.56544
                    ],
                    [
                        12.91077,
                        55.56545
                    ],
                    [
                        12.91097,
                        55.56544
                    ],
                    [
                        12.91155,
                        55.56544
                    ],
                    [
                        12.91263,
                        55.56543
                    ],
                    [
                        12.91338,
                        55.56542
                    ],
                    [
                        12.91353,
                        55.56542
                    ],
                    [
                        12.91487,
                        55.56538
                    ],
                    [
                        12.9159,
                        55.56533
                    ],
                    [
                        12.91644,
                        55.56531
                    ],
                    [
                        12.9173,
                        55.56527
                    ],
                    [
                        12.919,
                        55.56512
                    ],
                    [
                        12.91944,
                        55.56507
                    ],
                    [
                        12.91977,
                        55.56503
                    ],
                    [
                        12.92008,
                        55.56498
                    ],
                    [
                        12.92099,
                        55.56485
                    ],
                    [
                        12.92245,
                        55.56461
                    ],
                    [
                        12.9238,
                        55.56434
                    ],
                    [
                        12.92488,
                        55.5641
                    ],
                    [
                        12.92582,
                        55.56387
                    ],
                    [
                        12.92749,
                        55.56342
                    ],
                    [
                        12.92867,
                        55.56308
                    ],
                    [
                        12.92891,
                        55.56301
                    ],
                    [
                        12.92999,
                        55.56266
                    ],
                    [
                        12.93139,
                        55.56218
                    ],
                    [
                        12.93245,
                        55.56178
                    ],
                    [
                        12.93359,
                        55.56132
                    ],
                    [
                        12.93445,
                        55.56095
                    ],
                    [
                        12.93524,
                        55.5606
                    ],
                    [
                        12.93646,
                        55.56002
                    ],
                    [
                        12.93717,
                        55.55965
                    ],
                    [
                        12.93781,
                        55.55932
                    ],
                    [
                        12.93808,
                        55.55917
                    ],
                    [
                        12.93874,
                        55.5588
                    ],
                    [
                        12.93941,
                        55.5584
                    ],
                    [
                        12.94003,
                        55.55802
                    ],
                    [
                        12.94095,
                        55.55742
                    ],
                    [
                        12.94158,
                        55.55699
                    ],
                    [
                        12.94209,
                        55.55662
                    ],
                    [
                        12.94435,
                        55.55498
                    ],
                    [
                        12.94508,
                        55.55445
                    ],
                    [
                        12.94543,
                        55.55422
                    ],
                    [
                        12.94611,
                        55.55377
                    ],
                    [
                        12.94657,
                        55.55346
                    ],
                    [
                        12.94705,
                        55.55317
                    ],
                    [
                        12.948,
                        55.55262
                    ],
                    [
                        12.94885,
                        55.55215
                    ],
                    [
                        12.94975,
                        55.55169
                    ],
                    [
                        12.95119,
                        55.55102
                    ],
                    [
                        12.95196,
                        55.5507
                    ],
                    [
                        12.95339,
                        55.55013
                    ],
                    [
                        12.9541,
                        55.54987
                    ],
                    [
                        12.95504,
                        55.54955
                    ],
                    [
                        12.95649,
                        55.5491
                    ],
                    [
                        12.95743,
                        55.54883
                    ],
                    [
                        12.95821,
                        55.54862
                    ],
                    [
                        12.95963,
                        55.54827
                    ],
                    [
                        12.96038,
                        55.5481
                    ],
                    [
                        12.96141,
                        55.54789
                    ],
                    [
                        12.96226,
                        55.54772
                    ],
                    [
                        12.96374,
                        55.54746
                    ],
                    [
                        12.96582,
                        55.54716
                    ],
                    [
                        12.96792,
                        55.5469
                    ],
                    [
                        12.97038,
                        55.54669
                    ],
                    [
                        12.97142,
                        55.54663
                    ],
                    [
                        12.9724,
                        55.54658
                    ],
                    [
                        12.97399,
                        55.54653
                    ],
                    [
                        12.97509,
                        55.54652
                    ],
                    [
                        12.97631,
                        55.54652
                    ],
                    [
                        12.97666,
                        55.54652
                    ],
                    [
                        12.97813,
                        55.54654
                    ],
                    [
                        12.98115,
                        55.54662
                    ],
                    [
                        12.98209,
                        55.54664
                    ],
                    [
                        12.98565,
                        55.54674
                    ],
                    [
                        12.99465,
                        55.54695
                    ],
                    [
                        12.99695,
                        55.547
                    ],
                    [
                        12.99848,
                        55.54704
                    ],
                    [
                        13.00505,
                        55.5472
                    ],
                    [
                        13.00665,
                        55.54723
                    ],
                    [
                        13.01089,
                        55.54734
                    ],
                    [
                        13.01195,
                        55.54735
                    ],
                    [
                        13.01276,
                        55.54737
                    ],
                    [
                        13.01424,
                        55.54741
                    ],
                    [
                        13.01554,
                        55.54746
                    ],
                    [
                        13.01644,
                        55.5475
                    ],
                    [
                        13.01727,
                        55.54756
                    ],
                    [
                        13.01816,
                        55.54762
                    ],
                    [
                        13.01905,
                        55.54771
                    ],
                    [
                        13.02022,
                        55.54784
                    ],
                    [
                        13.02072,
                        55.54791
                    ],
                    [
                        13.02144,
                        55.54802
                    ],
                    [
                        13.02257,
                        55.54818
                    ],
                    [
                        13.02322,
                        55.54828
                    ],
                    [
                        13.0239,
                        55.5484
                    ],
                    [
                        13.02519,
                        55.5486
                    ],
                    [
                        13.02574,
                        55.54867
                    ],
                    [
                        13.02706,
                        55.54889
                    ],
                    [
                        13.02837,
                        55.54908
                    ],
                    [
                        13.02966,
                        55.54929
                    ],
                    [
                        13.03073,
                        55.54943
                    ],
                    [
                        13.03124,
                        55.5495
                    ],
                    [
                        13.03206,
                        55.54959
                    ],
                    [
                        13.0326,
                        55.54965
                    ],
                    [
                        13.03327,
                        55.54971
                    ],
                    [
                        13.0348,
                        55.54982
                    ],
                    [
                        13.03548,
                        55.54986
                    ],
                    [
                        13.03605,
                        55.54987
                    ],
                    [
                        13.03685,
                        55.5499
                    ],
                    [
                        13.03754,
                        55.54991
                    ],
                    [
                        13.03811,
                        55.54991
                    ],
                    [
                        13.03901,
                        55.5499
                    ],
                    [
                        13.04016,
                        55.54988
                    ],
                    [
                        13.04185,
                        55.54985
                    ],
                    [
                        13.04347,
                        55.54982
                    ],
                    [
                        13.04456,
                        55.5498
                    ],
                    [
                        13.04524,
                        55.54979
                    ],
                    [
                        13.04761,
                        55.54975
                    ],
                    [
                        13.04863,
                        55.54976
                    ],
                    [
                        13.04964,
                        55.54978
                    ],
                    [
                        13.05043,
                        55.54981
                    ],
                    [
                        13.05197,
                        55.5499
                    ],
                    [
                        13.05399,
                        55.55008
                    ],
                    [
                        13.05571,
                        55.5503
                    ],
                    [
                        13.05708,
                        55.5505
                    ],
                    [
                        13.05845,
                        55.55076
                    ],
                    [
                        13.05911,
                        55.5509
                    ],
                    [
                        13.06013,
                        55.55112
                    ],
                    [
                        13.06117,
                        55.55138
                    ],
                    [
                        13.06341,
                        55.55201
                    ],
                    [
                        13.0643,
                        55.55232
                    ],
                    [
                        13.06549,
                        55.55273
                    ],
                    [
                        13.06605,
                        55.55295
                    ],
                    [
                        13.06682,
                        55.55326
                    ],
                    [
                        13.06717,
                        55.55341
                    ],
                    [
                        13.06816,
                        55.55387
                    ],
                    [
                        13.06907,
                        55.55429
                    ],
                    [
                        13.07109,
                        55.55535
                    ],
                    [
                        13.07163,
                        55.55566
                    ],
                    [
                        13.07363,
                        55.55683
                    ],
                    [
                        13.07499,
                        55.55767
                    ],
                    [
                        13.0763,
                        55.55852
                    ],
                    [
                        13.07794,
                        55.55963
                    ],
                    [
                        13.07957,
                        55.56083
                    ],
                    [
                        13.08094,
                        55.5619
                    ],
                    [
                        13.08243,
                        55.56305
                    ],
                    [
                        13.08345,
                        55.56381
                    ],
                    [
                        13.0845,
                        55.56453
                    ],
                    [
                        13.08487,
                        55.56477
                    ],
                    [
                        13.08563,
                        55.56524
                    ],
                    [
                        13.08622,
                        55.56558
                    ],
                    [
                        13.08661,
                        55.56581
                    ],
                    [
                        13.08723,
                        55.56615
                    ],
                    [
                        13.0878,
                        55.56646
                    ],
                    [
                        13.08885,
                        55.567
                    ],
                    [
                        13.08996,
                        55.56752
                    ],
                    [
                        13.09062,
                        55.56783
                    ],
                    [
                        13.09213,
                        55.5685
                    ],
                    [
                        13.0933,
                        55.56899
                    ],
                    [
                        13.09489,
                        55.56963
                    ],
                    [
                        13.09554,
                        55.56989
                    ],
                    [
                        13.09663,
                        55.57032
                    ],
                    [
                        13.09845,
                        55.57107
                    ],
                    [
                        13.10037,
                        55.5719
                    ],
                    [
                        13.10198,
                        55.57275
                    ],
                    [
                        13.10342,
                        55.57353
                    ],
                    [
                        13.10499,
                        55.57456
                    ],
                    [
                        13.10581,
                        55.57516
                    ],
                    [
                        13.10643,
                        55.57563
                    ],
                    [
                        13.10686,
                        55.57598
                    ],
                    [
                        13.10727,
                        55.57635
                    ],
                    [
                        13.10742,
                        55.57648
                    ],
                    [
                        13.10801,
                        55.57702
                    ],
                    [
                        13.10903,
                        55.57807
                    ],
                    [
                        13.10993,
                        55.57908
                    ],
                    [
                        13.11083,
                        55.58016
                    ],
                    [
                        13.11154,
                        55.58112
                    ],
                    [
                        13.11223,
                        55.58206
                    ],
                    [
                        13.11289,
                        55.58313
                    ],
                    [
                        13.11354,
                        55.58435
                    ],
                    [
                        13.11428,
                        55.58579
                    ],
                    [
                        13.11444,
                        55.5861
                    ],
                    [
                        13.11454,
                        55.5863
                    ],
                    [
                        13.11479,
                        55.58681
                    ],
                    [
                        13.11495,
                        55.58716
                    ],
                    [
                        13.11507,
                        55.58743
                    ],
                    [
                        13.11544,
                        55.58825
                    ],
                    [
                        13.11563,
                        55.58869
                    ],
                    [
                        13.11603,
                        55.58965
                    ],
                    [
                        13.11623,
                        55.59024
                    ],
                    [
                        13.11635,
                        55.5906
                    ],
                    [
                        13.11646,
                        55.59091
                    ],
                    [
                        13.11654,
                        55.5912
                    ],
                    [
                        13.11662,
                        55.5915
                    ],
                    [
                        13.11675,
                        55.592
                    ],
                    [
                        13.11686,
                        55.59239
                    ],
                    [
                        13.11703,
                        55.59316
                    ],
                    [
                        13.11711,
                        55.59367
                    ],
                    [
                        13.11716,
                        55.59399
                    ],
                    [
                        13.11719,
                        55.59423
                    ],
                    [
                        13.11726,
                        55.59481
                    ],
                    [
                        13.11728,
                        55.59491
                    ],
                    [
                        13.11734,
                        55.59567
                    ],
                    [
                        13.11735,
                        55.59584
                    ],
                    [
                        13.11741,
                        55.59678
                    ],
                    [
                        13.11745,
                        55.59788
                    ],
                    [
                        13.11744,
                        55.59932
                    ],
                    [
                        13.11741,
                        55.60017
                    ],
                    [
                        13.11736,
                        55.60103
                    ],
                    [
                        13.11731,
                        55.60162
                    ],
                    [
                        13.11725,
                        55.60221
                    ],
                    [
                        13.1171,
                        55.60345
                    ],
                    [
                        13.11692,
                        55.60455
                    ],
                    [
                        13.11684,
                        55.60496
                    ],
                    [
                        13.1168,
                        55.60518
                    ],
                    [
                        13.11671,
                        55.60562
                    ],
                    [
                        13.1165,
                        55.60639
                    ],
                    [
                        13.11607,
                        55.60774
                    ],
                    [
                        13.11587,
                        55.60834
                    ],
                    [
                        13.11549,
                        55.6094
                    ],
                    [
                        13.11533,
                        55.60991
                    ],
                    [
                        13.11507,
                        55.6107
                    ],
                    [
                        13.11489,
                        55.61128
                    ],
                    [
                        13.11466,
                        55.61209
                    ],
                    [
                        13.11452,
                        55.61262
                    ],
                    [
                        13.11443,
                        55.61294
                    ],
                    [
                        13.11425,
                        55.6136
                    ],
                    [
                        13.11416,
                        55.61397
                    ],
                    [
                        13.11408,
                        55.61434
                    ],
                    [
                        13.11396,
                        55.61475
                    ],
                    [
                        13.11368,
                        55.61598
                    ],
                    [
                        13.11347,
                        55.61691
                    ],
                    [
                        13.1133,
                        55.61784
                    ],
                    [
                        13.11318,
                        55.61835
                    ],
                    [
                        13.1131,
                        55.61884
                    ],
                    [
                        13.11306,
                        55.61907
                    ],
                    [
                        13.1129,
                        55.61975
                    ],
                    [
                        13.11267,
                        55.62062
                    ],
                    [
                        13.11249,
                        55.62123
                    ],
                    [
                        13.11239,
                        55.62162
                    ],
                    [
                        13.11228,
                        55.62205
                    ],
                    [
                        13.11223,
                        55.62224
                    ],
                    [
                        13.11219,
                        55.6224
                    ],
                    [
                        13.11206,
                        55.62284
                    ],
                    [
                        13.11176,
                        55.62389
                    ],
                    [
                        13.11169,
                        55.62413
                    ],
                    [
                        13.11147,
                        55.62487
                    ],
                    [
                        13.1104,
                        55.62807
                    ],
                    [
                        13.10975,
                        55.62981
                    ],
                    [
                        13.10917,
                        55.63127
                    ],
                    [
                        13.10905,
                        55.63156
                    ],
                    [
                        13.10878,
                        55.6323
                    ],
                    [
                        13.10837,
                        55.63332
                    ],
                    [
                        13.10793,
                        55.63435
                    ],
                    [
                        13.10729,
                        55.63587
                    ],
                    [
                        13.10692,
                        55.63675
                    ],
                    [
                        13.10683,
                        55.63695
                    ],
                    [
                        13.10661,
                        55.63743
                    ],
                    [
                        13.10603,
                        55.63867
                    ],
                    [
                        13.10546,
                        55.63987
                    ],
                    [
                        13.10526,
                        55.64029
                    ],
                    [
                        13.10494,
                        55.64091
                    ],
                    [
                        13.10469,
                        55.64141
                    ],
                    [
                        13.10411,
                        55.64257
                    ],
                    [
                        13.10394,
                        55.64292
                    ],
                    [
                        13.10374,
                        55.64333
                    ],
                    [
                        13.10332,
                        55.64411
                    ],
                    [
                        13.10311,
                        55.64447
                    ],
                    [
                        13.10291,
                        55.6448
                    ],
                    [
                        13.1027,
                        55.64514
                    ],
                    [
                        13.10241,
                        55.64553
                    ],
                    [
                        13.10206,
                        55.64597
                    ],
                    [
                        13.10144,
                        55.64668
                    ],
                    [
                        13.10083,
                        55.64738
                    ],
                    [
                        13.10061,
                        55.64767
                    ],
                    [
                        13.10018,
                        55.64823
                    ],
                    [
                        13.09992,
                        55.64858
                    ],
                    [
                        13.09968,
                        55.64898
                    ],
                    [
                        13.09948,
                        55.64934
                    ],
                    [
                        13.09928,
                        55.64972
                    ],
                    [
                        13.0989,
                        55.65052
                    ],
                    [
                        13.0988,
                        55.65076
                    ],
                    [
                        13.09871,
                        55.65101
                    ],
                    [
                        13.09867,
                        55.65115
                    ],
                    [
                        13.09855,
                        55.6515
                    ],
                    [
                        13.09849,
                        55.65179
                    ],
                    [
                        13.09839,
                        55.65228
                    ],
                    [
                        13.09834,
                        55.65252
                    ],
                    [
                        13.09831,
                        55.65277
                    ],
                    [
                        13.09827,
                        55.6532
                    ],
                    [
                        13.09826,
                        55.65369
                    ],
                    [
                        13.09827,
                        55.65415
                    ],
                    [
                        13.09847,
                        55.65596
                    ],
                    [
                        13.09875,
                        55.65793
                    ],
                    [
                        13.09883,
                        55.65854
                    ],
                    [
                        13.09935,
                        55.66239
                    ],
                    [
                        13.09965,
                        55.66451
                    ],
                    [
                        13.09976,
                        55.66563
                    ],
                    [
                        13.09985,
                        55.66665
                    ],
                    [
                        13.09984,
                        55.66841
                    ],
                    [
                        13.0997,
                        55.67016
                    ],
                    [
                        13.09959,
                        55.67102
                    ],
                    [
                        13.09945,
                        55.67221
                    ],
                    [
                        13.09926,
                        55.6738
                    ],
                    [
                        13.09923,
                        55.67404
                    ],
                    [
                        13.09853,
                        55.67986
                    ],
                    [
                        13.0983,
                        55.68176
                    ],
                    [
                        13.09823,
                        55.68241
                    ],
                    [
                        13.09792,
                        55.6852
                    ],
                    [
                        13.09785,
                        55.68647
                    ],
                    [
                        13.09783,
                        55.68678
                    ],
                    [
                        13.09774,
                        55.6884
                    ],
                    [
                        13.09773,
                        55.68969
                    ],
                    [
                        13.09774,
                        55.69116
                    ],
                    [
                        13.09775,
                        55.69267
                    ],
                    [
                        13.09777,
                        55.69465
                    ],
                    [
                        13.0978,
                        55.69779
                    ],
                    [
                        13.09781,
                        55.69806
                    ],
                    [
                        13.09782,
                        55.69965
                    ],
                    [
                        13.09782,
                        55.70051
                    ],
                    [
                        13.0978,
                        55.70159
                    ],
                    [
                        13.09771,
                        55.70278
                    ],
                    [
                        13.09756,
                        55.70387
                    ],
                    [
                        13.09731,
                        55.70514
                    ],
                    [
                        13.09706,
                        55.70615
                    ],
                    [
                        13.09675,
                        55.70717
                    ],
                    [
                        13.09652,
                        55.70782
                    ],
                    [
                        13.0961,
                        55.7089
                    ],
                    [
                        13.09563,
                        55.71001
                    ],
                    [
                        13.09465,
                        55.71227
                    ],
                    [
                        13.09239,
                        55.71752
                    ],
                    [
                        13.09174,
                        55.71903
                    ],
                    [
                        13.09138,
                        55.71986
                    ],
                    [
                        13.09106,
                        55.72059
                    ],
                    [
                        13.09074,
                        55.72126
                    ],
                    [
                        13.09028,
                        55.72208
                    ],
                    [
                        13.09011,
                        55.72234
                    ],
                    [
                        13.08985,
                        55.72275
                    ],
                    [
                        13.08961,
                        55.72312
                    ],
                    [
                        13.08931,
                        55.72356
                    ],
                    [
                        13.0888,
                        55.72419
                    ],
                    [
                        13.08856,
                        55.72448
                    ],
                    [
                        13.08799,
                        55.72515
                    ],
                    [
                        13.08739,
                        55.72577
                    ],
                    [
                        13.08678,
                        55.72636
                    ],
                    [
                        13.08623,
                        55.72687
                    ],
                    [
                        13.08537,
                        55.72759
                    ],
                    [
                        13.08447,
                        55.72829
                    ],
                    [
                        13.08324,
                        55.72917
                    ],
                    [
                        13.0823,
                        55.72977
                    ],
                    [
                        13.08144,
                        55.73029
                    ],
                    [
                        13.08054,
                        55.73079
                    ],
                    [
                        13.07968,
                        55.73124
                    ],
                    [
                        13.07848,
                        55.73182
                    ],
                    [
                        13.07749,
                        55.73227
                    ],
                    [
                        13.07649,
                        55.73269
                    ],
                    [
                        13.07529,
                        55.73317
                    ],
                    [
                        13.07411,
                        55.73359
                    ],
                    [
                        13.07258,
                        55.7341
                    ],
                    [
                        13.07129,
                        55.73449
                    ],
                    [
                        13.07065,
                        55.73467
                    ],
                    [
                        13.06326,
                        55.73655
                    ],
                    [
                        13.0628,
                        55.73667
                    ],
                    [
                        13.06197,
                        55.73688
                    ],
                    [
                        13.05172,
                        55.73947
                    ],
                    [
                        13.04597,
                        55.74093
                    ],
                    [
                        13.03848,
                        55.74282
                    ],
                    [
                        13.03273,
                        55.74429
                    ],
                    [
                        13.03046,
                        55.74489
                    ],
                    [
                        13.02975,
                        55.74509
                    ],
                    [
                        13.02853,
                        55.74543
                    ],
                    [
                        13.02775,
                        55.74565
                    ],
                    [
                        13.02545,
                        55.74632
                    ],
                    [
                        13.02209,
                        55.74734
                    ],
                    [
                        13.01986,
                        55.74806
                    ],
                    [
                        13.01533,
                        55.74952
                    ],
                    [
                        13.01476,
                        55.7497
                    ],
                    [
                        13.01135,
                        55.75079
                    ],
                    [
                        13.00815,
                        55.75183
                    ],
                    [
                        13.0072,
                        55.75213
                    ],
                    [
                        13.00566,
                        55.75263
                    ],
                    [
                        13.0043,
                        55.75309
                    ],
                    [
                        13.003,
                        55.75355
                    ],
                    [
                        13.00185,
                        55.75401
                    ],
                    [
                        13.00075,
                        55.75448
                    ],
                    [
                        12.99966,
                        55.755
                    ],
                    [
                        12.99861,
                        55.75557
                    ],
                    [
                        12.99803,
                        55.75593
                    ],
                    [
                        12.99757,
                        55.75621
                    ],
                    [
                        12.99662,
                        55.75685
                    ],
                    [
                        12.99569,
                        55.75758
                    ],
                    [
                        12.99489,
                        55.75828
                    ],
                    [
                        12.99344,
                        55.75975
                    ],
                    [
                        12.99287,
                        55.7604
                    ],
                    [
                        12.99255,
                        55.76076
                    ],
                    [
                        12.99186,
                        55.76155
                    ],
                    [
                        12.99071,
                        55.76289
                    ],
                    [
                        12.9901,
                        55.76356
                    ],
                    [
                        12.989,
                        55.76467
                    ],
                    [
                        12.9877,
                        55.76582
                    ],
                    [
                        12.98643,
                        55.76676
                    ],
                    [
                        12.98489,
                        55.76779
                    ],
                    [
                        12.98397,
                        55.76837
                    ],
                    [
                        12.9834,
                        55.76874
                    ],
                    [
                        12.98165,
                        55.76984
                    ],
                    [
                        12.97755,
                        55.77243
                    ],
                    [
                        12.97624,
                        55.77326
                    ],
                    [
                        12.97484,
                        55.77421
                    ],
                    [
                        12.97398,
                        55.77487
                    ],
                    [
                        12.97279,
                        55.77589
                    ],
                    [
                        12.97219,
                        55.77649
                    ],
                    [
                        12.97166,
                        55.77706
                    ],
                    [
                        12.97093,
                        55.77793
                    ],
                    [
                        12.9702,
                        55.77895
                    ],
                    [
                        12.96976,
                        55.77967
                    ],
                    [
                        12.96927,
                        55.78061
                    ],
                    [
                        12.96851,
                        55.78252
                    ],
                    [
                        12.96737,
                        55.78563
                    ],
                    [
                        12.96624,
                        55.78868
                    ],
                    [
                        12.96532,
                        55.79119
                    ],
                    [
                        12.96465,
                        55.79299
                    ],
                    [
                        12.96363,
                        55.79573
                    ],
                    [
                        12.96321,
                        55.79678
                    ],
                    [
                        12.9628,
                        55.7976
                    ],
                    [
                        12.96243,
                        55.79825
                    ],
                    [
                        12.96198,
                        55.79894
                    ],
                    [
                        12.96132,
                        55.79981
                    ],
                    [
                        12.96078,
                        55.80045
                    ],
                    [
                        12.96005,
                        55.80122
                    ],
                    [
                        12.95927,
                        55.80196
                    ],
                    [
                        12.95854,
                        55.80259
                    ],
                    [
                        12.95771,
                        55.80323
                    ],
                    [
                        12.95028,
                        55.8087
                    ],
                    [
                        12.94736,
                        55.81084
                    ],
                    [
                        12.94688,
                        55.81119
                    ],
                    [
                        12.94657,
                        55.81142
                    ],
                    [
                        12.94274,
                        55.81424
                    ],
                    [
                        12.94221,
                        55.81463
                    ],
                    [
                        12.94076,
                        55.81578
                    ],
                    [
                        12.93992,
                        55.8165
                    ],
                    [
                        12.93915,
                        55.81723
                    ],
                    [
                        12.93799,
                        55.8184
                    ],
                    [
                        12.93746,
                        55.819
                    ],
                    [
                        12.93714,
                        55.81937
                    ],
                    [
                        12.93655,
                        55.82011
                    ],
                    [
                        12.93589,
                        55.821
                    ],
                    [
                        12.93477,
                        55.82267
                    ],
                    [
                        12.93445,
                        55.82314
                    ],
                    [
                        12.93348,
                        55.82457
                    ],
                    [
                        12.93312,
                        55.82511
                    ],
                    [
                        12.93168,
                        55.82723
                    ],
                    [
                        12.93043,
                        55.82908
                    ],
                    [
                        12.92859,
                        55.83181
                    ],
                    [
                        12.92802,
                        55.83265
                    ],
                    [
                        12.92732,
                        55.83363
                    ],
                    [
                        12.9267,
                        55.83439
                    ],
                    [
                        12.92604,
                        55.83511
                    ],
                    [
                        12.92547,
                        55.83567
                    ],
                    [
                        12.92484,
                        55.83624
                    ],
                    [
                        12.92387,
                        55.83702
                    ],
                    [
                        12.92311,
                        55.8376
                    ],
                    [
                        12.92225,
                        55.83818
                    ],
                    [
                        12.92125,
                        55.83881
                    ],
                    [
                        12.92024,
                        55.83939
                    ],
                    [
                        12.91914,
                        55.83996
                    ],
                    [
                        12.91813,
                        55.84044
                    ],
                    [
                        12.91709,
                        55.8409
                    ],
                    [
                        12.91603,
                        55.84138
                    ],
                    [
                        12.9153,
                        55.8417
                    ],
                    [
                        12.91455,
                        55.84204
                    ],
                    [
                        12.91147,
                        55.84343
                    ],
                    [
                        12.90963,
                        55.84433
                    ],
                    [
                        12.90787,
                        55.84524
                    ],
                    [
                        12.90596,
                        55.84628
                    ],
                    [
                        12.90414,
                        55.84736
                    ],
                    [
                        12.90248,
                        55.8484
                    ],
                    [
                        12.90088,
                        55.84944
                    ],
                    [
                        12.89267,
                        55.85484
                    ],
                    [
                        12.89194,
                        55.85532
                    ],
                    [
                        12.89009,
                        55.85653
                    ],
                    [
                        12.8885,
                        55.85758
                    ],
                    [
                        12.88669,
                        55.85879
                    ],
                    [
                        12.88608,
                        55.85926
                    ],
                    [
                        12.88551,
                        55.85971
                    ],
                    [
                        12.88484,
                        55.86027
                    ],
                    [
                        12.88425,
                        55.86081
                    ],
                    [
                        12.88384,
                        55.86121
                    ],
                    [
                        12.8835,
                        55.86155
                    ],
                    [
                        12.88284,
                        55.86228
                    ],
                    [
                        12.88228,
                        55.86296
                    ],
                    [
                        12.88173,
                        55.86371
                    ],
                    [
                        12.88108,
                        55.86472
                    ],
                    [
                        12.88092,
                        55.865
                    ],
                    [
                        12.8807,
                        55.86542
                    ],
                    [
                        12.88058,
                        55.86565
                    ],
                    [
                        12.87999,
                        55.86698
                    ],
                    [
                        12.87961,
                        55.86804
                    ],
                    [
                        12.87938,
                        55.86888
                    ],
                    [
                        12.87919,
                        55.8697
                    ],
                    [
                        12.87906,
                        55.87051
                    ],
                    [
                        12.87906,
                        55.87051
                    ],
                    [
                        12.87913,
                        55.87111
                    ],
                    [
                        12.87917,
                        55.87141
                    ],
                    [
                        12.87921,
                        55.87174
                    ],
                    [
                        12.87923,
                        55.87198
                    ],
                    [
                        12.87923,
                        55.87198
                    ],
                    [
                        12.87922,
                        55.87252
                    ],
                    [
                        12.87919,
                        55.87299
                    ],
                    [
                        12.87905,
                        55.8738
                    ],
                    [
                        12.87891,
                        55.87438
                    ],
                    [
                        12.87887,
                        55.8747
                    ],
                    [
                        12.87878,
                        55.87549
                    ],
                    [
                        12.87874,
                        55.87585
                    ],
                    [
                        12.87874,
                        55.87585
                    ],
                    [
                        12.87849,
                        55.87842
                    ],
                    [
                        12.87837,
                        55.87911
                    ],
                    [
                        12.87813,
                        55.88012
                    ],
                    [
                        12.87813,
                        55.88012
                    ],
                    [
                        12.87802,
                        55.88074
                    ],
                    [
                        12.87789,
                        55.88126
                    ],
                    [
                        12.87773,
                        55.88183
                    ],
                    [
                        12.87744,
                        55.88267
                    ],
                    [
                        12.87723,
                        55.88316
                    ],
                    [
                        12.8769,
                        55.88383
                    ],
                    [
                        12.87653,
                        55.8845
                    ],
                    [
                        12.8761,
                        55.88517
                    ],
                    [
                        12.8756,
                        55.88587
                    ],
                    [
                        12.8749,
                        55.88672
                    ],
                    [
                        12.87415,
                        55.88755
                    ],
                    [
                        12.87161,
                        55.89031
                    ],
                    [
                        12.87077,
                        55.89129
                    ],
                    [
                        12.87012,
                        55.89216
                    ],
                    [
                        12.86959,
                        55.89296
                    ],
                    [
                        12.86932,
                        55.89341
                    ],
                    [
                        12.86892,
                        55.89413
                    ],
                    [
                        12.86789,
                        55.89635
                    ],
                    [
                        12.86706,
                        55.89818
                    ],
                    [
                        12.86648,
                        55.89935
                    ],
                    [
                        12.86589,
                        55.90043
                    ],
                    [
                        12.8653,
                        55.90144
                    ],
                    [
                        12.86447,
                        55.90271
                    ],
                    [
                        12.86373,
                        55.90376
                    ],
                    [
                        12.863,
                        55.90475
                    ],
                    [
                        12.86212,
                        55.90583
                    ],
                    [
                        12.86178,
                        55.90621
                    ],
                    [
                        12.86084,
                        55.90728
                    ],
                    [
                        12.85975,
                        55.90844
                    ],
                    [
                        12.85838,
                        55.90977
                    ],
                    [
                        12.85727,
                        55.91079
                    ],
                    [
                        12.8564,
                        55.91154
                    ],
                    [
                        12.85591,
                        55.91194
                    ],
                    [
                        12.85518,
                        55.91255
                    ],
                    [
                        12.85401,
                        55.91346
                    ],
                    [
                        12.85314,
                        55.9141
                    ],
                    [
                        12.85215,
                        55.91481
                    ],
                    [
                        12.85099,
                        55.91561
                    ],
                    [
                        12.84965,
                        55.91648
                    ],
                    [
                        12.84685,
                        55.91821
                    ],
                    [
                        12.84442,
                        55.9197
                    ],
                    [
                        12.84087,
                        55.92187
                    ],
                    [
                        12.83726,
                        55.92408
                    ],
                    [
                        12.83611,
                        55.9248
                    ],
                    [
                        12.83402,
                        55.92607
                    ],
                    [
                        12.83259,
                        55.92695
                    ],
                    [
                        12.83119,
                        55.92781
                    ],
                    [
                        12.82922,
                        55.92901
                    ],
                    [
                        12.8273,
                        55.93019
                    ],
                    [
                        12.82606,
                        55.93104
                    ],
                    [
                        12.82481,
                        55.93198
                    ],
                    [
                        12.82396,
                        55.93269
                    ],
                    [
                        12.82309,
                        55.93348
                    ],
                    [
                        12.8227,
                        55.93387
                    ],
                    [
                        12.82197,
                        55.93463
                    ],
                    [
                        12.82117,
                        55.93555
                    ],
                    [
                        12.82076,
                        55.93605
                    ],
                    [
                        12.82018,
                        55.93687
                    ],
                    [
                        12.81992,
                        55.93725
                    ],
                    [
                        12.81935,
                        55.93819
                    ],
                    [
                        12.81856,
                        55.93945
                    ],
                    [
                        12.81775,
                        55.94069
                    ],
                    [
                        12.81712,
                        55.94155
                    ],
                    [
                        12.81671,
                        55.94208
                    ],
                    [
                        12.81629,
                        55.94258
                    ],
                    [
                        12.81561,
                        55.94336
                    ],
                    [
                        12.81518,
                        55.9438
                    ],
                    [
                        12.81424,
                        55.94473
                    ],
                    [
                        12.81374,
                        55.94517
                    ],
                    [
                        12.81295,
                        55.94587
                    ],
                    [
                        12.81101,
                        55.94749
                    ],
                    [
                        12.81006,
                        55.94828
                    ],
                    [
                        12.80914,
                        55.94909
                    ],
                    [
                        12.80846,
                        55.94974
                    ],
                    [
                        12.8078,
                        55.9504
                    ],
                    [
                        12.80697,
                        55.95132
                    ],
                    [
                        12.80624,
                        55.95221
                    ],
                    [
                        12.80564,
                        55.95301
                    ],
                    [
                        12.80509,
                        55.9538
                    ],
                    [
                        12.80449,
                        55.95477
                    ],
                    [
                        12.80382,
                        55.95585
                    ],
                    [
                        12.80329,
                        55.95671
                    ],
                    [
                        12.80279,
                        55.95752
                    ],
                    [
                        12.8024,
                        55.95811
                    ],
                    [
                        12.80195,
                        55.95874
                    ],
                    [
                        12.80139,
                        55.95947
                    ],
                    [
                        12.80087,
                        55.96007
                    ],
                    [
                        12.79971,
                        55.96131
                    ],
                    [
                        12.79802,
                        55.96309
                    ],
                    [
                        12.79657,
                        55.96469
                    ],
                    [
                        12.79577,
                        55.96561
                    ],
                    [
                        12.79554,
                        55.96587
                    ],
                    [
                        12.79534,
                        55.9661
                    ],
                    [
                        12.79516,
                        55.96632
                    ],
                    [
                        12.79454,
                        55.96705
                    ],
                    [
                        12.79375,
                        55.96801
                    ],
                    [
                        12.79294,
                        55.96902
                    ],
                    [
                        12.79173,
                        55.97059
                    ],
                    [
                        12.7903,
                        55.97252
                    ],
                    [
                        12.7892,
                        55.97408
                    ],
                    [
                        12.78823,
                        55.97546
                    ],
                    [
                        12.78807,
                        55.9757
                    ],
                    [
                        12.7866,
                        55.97787
                    ],
                    [
                        12.78519,
                        55.98005
                    ],
                    [
                        12.78427,
                        55.9815
                    ],
                    [
                        12.7834,
                        55.98291
                    ],
                    [
                        12.78268,
                        55.98415
                    ],
                    [
                        12.78212,
                        55.98529
                    ],
                    [
                        12.78167,
                        55.98636
                    ],
                    [
                        12.78132,
                        55.9873
                    ],
                    [
                        12.78105,
                        55.98815
                    ],
                    [
                        12.78074,
                        55.98931
                    ],
                    [
                        12.7806,
                        55.98998
                    ],
                    [
                        12.78048,
                        55.9906
                    ],
                    [
                        12.78032,
                        55.99151
                    ],
                    [
                        12.78021,
                        55.9924
                    ],
                    [
                        12.78013,
                        55.99319
                    ],
                    [
                        12.78008,
                        55.99395
                    ],
                    [
                        12.78005,
                        55.99465
                    ],
                    [
                        12.78005,
                        55.99511
                    ],
                    [
                        12.78004,
                        55.99572
                    ],
                    [
                        12.78003,
                        55.99626
                    ],
                    [
                        12.78002,
                        55.99699
                    ],
                    [
                        12.78001,
                        55.99768
                    ],
                    [
                        12.78001,
                        55.99795
                    ],
                    [
                        12.77999,
                        55.99914
                    ],
                    [
                        12.77998,
                        55.9999
                    ],
                    [
                        12.77996,
                        56.00133
                    ],
                    [
                        12.77995,
                        56.00235
                    ],
                    [
                        12.77993,
                        56.00368
                    ],
                    [
                        12.77992,
                        56.00472
                    ],
                    [
                        12.7799,
                        56.00606
                    ],
                    [
                        12.77991,
                        56.00693
                    ],
                    [
                        12.77995,
                        56.00791
                    ],
                    [
                        12.77998,
                        56.00853
                    ],
                    [
                        12.78001,
                        56.00885
                    ],
                    [
                        12.78002,
                        56.00898
                    ],
                    [
                        12.7801,
                        56.01005
                    ],
                    [
                        12.78018,
                        56.01074
                    ],
                    [
                        12.78029,
                        56.01164
                    ],
                    [
                        12.78067,
                        56.01389
                    ],
                    [
                        12.78088,
                        56.01487
                    ],
                    [
                        12.78112,
                        56.01588
                    ],
                    [
                        12.78126,
                        56.01642
                    ],
                    [
                        12.78139,
                        56.01688
                    ],
                    [
                        12.78176,
                        56.01817
                    ],
                    [
                        12.78199,
                        56.01889
                    ],
                    [
                        12.78223,
                        56.01961
                    ],
                    [
                        12.78249,
                        56.02035
                    ],
                    [
                        12.78346,
                        56.02288
                    ],
                    [
                        12.78353,
                        56.02308
                    ],
                    [
                        12.78366,
                        56.02345
                    ],
                    [
                        12.78397,
                        56.02428
                    ],
                    [
                        12.78433,
                        56.02538
                    ],
                    [
                        12.7846,
                        56.02628
                    ],
                    [
                        12.78492,
                        56.0274
                    ],
                    [
                        12.78519,
                        56.02848
                    ],
                    [
                        12.78536,
                        56.02919
                    ],
                    [
                        12.78553,
                        56.02992
                    ],
                    [
                        12.78571,
                        56.03077
                    ],
                    [
                        12.78586,
                        56.03159
                    ],
                    [
                        12.78601,
                        56.03257
                    ],
                    [
                        12.78613,
                        56.03351
                    ],
                    [
                        12.78625,
                        56.03478
                    ],
                    [
                        12.78633,
                        56.03605
                    ],
                    [
                        12.78636,
                        56.03718
                    ],
                    [
                        12.78635,
                        56.03859
                    ],
                    [
                        12.78632,
                        56.03935
                    ],
                    [
                        12.78628,
                        56.04007
                    ],
                    [
                        12.78618,
                        56.0412
                    ],
                    [
                        12.78609,
                        56.04207
                    ],
                    [
                        12.78607,
                        56.04224
                    ],
                    [
                        12.78604,
                        56.04254
                    ],
                    [
                        12.78585,
                        56.0442
                    ],
                    [
                        12.78559,
                        56.04614
                    ],
                    [
                        12.78545,
                        56.04706
                    ],
                    [
                        12.78534,
                        56.0478
                    ],
                    [
                        12.78524,
                        56.04844
                    ],
                    [
                        12.78511,
                        56.04919
                    ],
                    [
                        12.78498,
                        56.04992
                    ],
                    [
                        12.78486,
                        56.05058
                    ],
                    [
                        12.78458,
                        56.05204
                    ],
                    [
                        12.78442,
                        56.05284
                    ],
                    [
                        12.78427,
                        56.05355
                    ],
                    [
                        12.78412,
                        56.05427
                    ],
                    [
                        12.78396,
                        56.05499
                    ],
                    [
                        12.78379,
                        56.05572
                    ],
                    [
                        12.78364,
                        56.05636
                    ],
                    [
                        12.78328,
                        56.05783
                    ],
                    [
                        12.78291,
                        56.05928
                    ],
                    [
                        12.78263,
                        56.06032
                    ],
                    [
                        12.78241,
                        56.06112
                    ],
                    [
                        12.78217,
                        56.06194
                    ],
                    [
                        12.78167,
                        56.06364
                    ],
                    [
                        12.78143,
                        56.06441
                    ],
                    [
                        12.78125,
                        56.06497
                    ],
                    [
                        12.78051,
                        56.06724
                    ],
                    [
                        12.77988,
                        56.06911
                    ],
                    [
                        12.7795,
                        56.07023
                    ],
                    [
                        12.77924,
                        56.071
                    ],
                    [
                        12.77908,
                        56.07153
                    ],
                    [
                        12.7789,
                        56.07217
                    ],
                    [
                        12.77873,
                        56.07285
                    ],
                    [
                        12.77859,
                        56.07355
                    ],
                    [
                        12.77847,
                        56.07422
                    ],
                    [
                        12.77834,
                        56.07516
                    ],
                    [
                        12.77829,
                        56.07577
                    ],
                    [
                        12.77825,
                        56.07636
                    ],
                    [
                        12.77823,
                        56.0769
                    ],
                    [
                        12.77823,
                        56.07787
                    ],
                    [
                        12.77824,
                        56.07833
                    ],
                    [
                        12.77828,
                        56.07884
                    ],
                    [
                        12.77834,
                        56.0795
                    ],
                    [
                        12.77842,
                        56.08025
                    ],
                    [
                        12.77855,
                        56.08098
                    ],
                    [
                        12.77868,
                        56.08164
                    ],
                    [
                        12.77868,
                        56.08164
                    ],
                    [
                        12.77905,
                        56.08237
                    ],
                    [
                        12.77939,
                        56.08301
                    ],
                    [
                        12.77962,
                        56.08337
                    ],
                    [
                        12.77983,
                        56.08369
                    ],
                    [
                        12.78005,
                        56.08398
                    ],
                    [
                        12.78042,
                        56.08444
                    ],
                    [
                        12.78089,
                        56.08494
                    ],
                    [
                        12.7811,
                        56.08515
                    ],
                    [
                        12.78128,
                        56.08531
                    ],
                    [
                        12.78149,
                        56.08548
                    ],
                    [
                        12.78173,
                        56.08566
                    ],
                    [
                        12.782,
                        56.08584
                    ],
                    [
                        12.78227,
                        56.086
                    ],
                    [
                        12.78253,
                        56.08614
                    ],
                    [
                        12.78279,
                        56.08626
                    ],
                    [
                        12.78308,
                        56.08639
                    ],
                    [
                        12.78346,
                        56.08655
                    ],
                    [
                        12.78391,
                        56.0867
                    ],
                    [
                        12.78428,
                        56.08681
                    ],
                    [
                        12.78465,
                        56.08691
                    ],
                    [
                        12.78516,
                        56.08703
                    ],
                    [
                        12.78561,
                        56.08713
                    ],
                    [
                        12.78623,
                        56.08721
                    ],
                    [
                        12.78692,
                        56.0873
                    ],
                    [
                        12.78829,
                        56.08745
                    ],
                    [
                        12.79067,
                        56.08761
                    ],
                    [
                        12.79198,
                        56.0877
                    ],
                    [
                        12.79409,
                        56.08785
                    ],
                    [
                        12.79481,
                        56.08791
                    ],
                    [
                        12.79551,
                        56.08797
                    ],
                    [
                        12.79623,
                        56.08805
                    ],
                    [
                        12.79708,
                        56.08815
                    ],
                    [
                        12.79833,
                        56.08831
                    ],
                    [
                        12.79979,
                        56.08853
                    ],
                    [
                        12.80126,
                        56.08878
                    ],
                    [
                        12.80276,
                        56.08908
                    ],
                    [
                        12.80357,
                        56.08926
                    ],
                    [
                        12.80431,
                        56.08943
                    ],
                    [
                        12.8054,
                        56.0897
                    ],
                    [
                        12.80637,
                        56.08996
                    ],
                    [
                        12.80733,
                        56.09023
                    ],
                    [
                        12.80819,
                        56.09049
                    ],
                    [
                        12.80927,
                        56.09084
                    ],
                    [
                        12.80999,
                        56.09109
                    ],
                    [
                        12.81073,
                        56.09136
                    ],
                    [
                        12.81171,
                        56.09173
                    ],
                    [
                        12.81252,
                        56.09206
                    ],
                    [
                        12.81342,
                        56.09244
                    ],
                    [
                        12.81432,
                        56.09284
                    ],
                    [
                        12.81644,
                        56.09385
                    ],
                    [
                        12.81729,
                        56.09423
                    ],
                    [
                        12.81793,
                        56.09451
                    ],
                    [
                        12.81861,
                        56.09479
                    ],
                    [
                        12.81964,
                        56.09517
                    ],
                    [
                        12.82042,
                        56.09545
                    ],
                    [
                        12.82145,
                        56.09578
                    ],
                    [
                        12.82256,
                        56.09611
                    ],
                    [
                        12.82374,
                        56.09644
                    ],
                    [
                        12.82469,
                        56.09667
                    ],
                    [
                        12.82586,
                        56.09692
                    ],
                    [
                        12.82687,
                        56.09713
                    ],
                    [
                        12.82819,
                        56.09735
                    ],
                    [
                        12.82911,
                        56.0975
                    ],
                    [
                        12.83048,
                        56.09767
                    ],
                    [
                        12.8317,
                        56.0978
                    ],
                    [
                        12.83247,
                        56.09787
                    ],
                    [
                        12.83316,
                        56.09792
                    ],
                    [
                        12.83459,
                        56.09802
                    ],
                    [
                        12.83591,
                        56.0981
                    ],
                    [
                        12.83743,
                        56.09823
                    ],
                    [
                        12.83923,
                        56.09843
                    ],
                    [
                        12.84071,
                        56.09865
                    ],
                    [
                        12.84155,
                        56.09879
                    ],
                    [
                        12.84258,
                        56.09898
                    ],
                    [
                        12.84297,
                        56.09906
                    ],
                    [
                        12.84374,
                        56.09923
                    ],
                    [
                        12.84518,
                        56.09956
                    ],
                    [
                        12.84643,
                        56.0999
                    ],
                    [
                        12.84768,
                        56.10027
                    ],
                    [
                        12.84788,
                        56.10033
                    ],
                    [
                        12.84845,
                        56.10052
                    ],
                    [
                        12.84877,
                        56.10063
                    ],
                    [
                        12.84937,
                        56.10084
                    ],
                    [
                        12.8506,
                        56.10131
                    ],
                    [
                        12.85179,
                        56.10181
                    ],
                    [
                        12.8525,
                        56.10213
                    ],
                    [
                        12.85359,
                        56.10267
                    ],
                    [
                        12.85465,
                        56.10324
                    ],
                    [
                        12.85783,
                        56.10514
                    ],
                    [
                        12.85916,
                        56.10594
                    ],
                    [
                        12.86092,
                        56.10701
                    ],
                    [
                        12.86293,
                        56.10821
                    ],
                    [
                        12.86386,
                        56.10877
                    ],
                    [
                        12.86485,
                        56.10927
                    ],
                    [
                        12.86581,
                        56.10972
                    ],
                    [
                        12.86686,
                        56.11017
                    ],
                    [
                        12.8679,
                        56.11055
                    ],
                    [
                        12.86898,
                        56.11093
                    ],
                    [
                        12.87185,
                        56.11178
                    ],
                    [
                        12.87537,
                        56.1128
                    ],
                    [
                        12.87575,
                        56.1129
                    ],
                    [
                        12.87843,
                        56.11368
                    ],
                    [
                        12.88136,
                        56.11456
                    ],
                    [
                        12.88492,
                        56.11566
                    ],
                    [
                        12.88785,
                        56.11663
                    ],
                    [
                        12.89201,
                        56.11811
                    ],
                    [
                        12.89754,
                        56.12027
                    ],
                    [
                        12.90046,
                        56.12142
                    ],
                    [
                        12.90362,
                        56.12266
                    ],
                    [
                        12.90517,
                        56.12326
                    ],
                    [
                        12.90667,
                        56.1239
                    ],
                    [
                        12.9078,
                        56.12447
                    ],
                    [
                        12.90857,
                        56.12489
                    ],
                    [
                        12.90963,
                        56.12555
                    ],
                    [
                        12.91051,
                        56.12616
                    ],
                    [
                        12.911,
                        56.12654
                    ],
                    [
                        12.91163,
                        56.12702
                    ],
                    [
                        12.9125,
                        56.12768
                    ],
                    [
                        12.91353,
                        56.12847
                    ],
                    [
                        12.91407,
                        56.12889
                    ],
                    [
                        12.91437,
                        56.12911
                    ],
                    [
                        12.91627,
                        56.13056
                    ],
                    [
                        12.91895,
                        56.13258
                    ],
                    [
                        12.92105,
                        56.13418
                    ],
                    [
                        12.92219,
                        56.13506
                    ],
                    [
                        12.92344,
                        56.13602
                    ],
                    [
                        12.9242,
                        56.1366
                    ],
                    [
                        12.92446,
                        56.1368
                    ],
                    [
                        12.92493,
                        56.13715
                    ],
                    [
                        12.92537,
                        56.13749
                    ],
                    [
                        12.92759,
                        56.13918
                    ],
                    [
                        12.92975,
                        56.14084
                    ],
                    [
                        12.92984,
                        56.14091
                    ],
                    [
                        12.93109,
                        56.14187
                    ],
                    [
                        12.93378,
                        56.14392
                    ],
                    [
                        12.93487,
                        56.14475
                    ],
                    [
                        12.93532,
                        56.1451
                    ],
                    [
                        12.93601,
                        56.14562
                    ],
                    [
                        12.93709,
                        56.14643
                    ],
                    [
                        12.9383,
                        56.14731
                    ],
                    [
                        12.93891,
                        56.14774
                    ],
                    [
                        12.93987,
                        56.1484
                    ],
                    [
                        12.94105,
                        56.14919
                    ],
                    [
                        12.94371,
                        56.15087
                    ],
                    [
                        12.94427,
                        56.15121
                    ],
                    [
                        12.94625,
                        56.15238
                    ],
                    [
                        12.94939,
                        56.1541
                    ],
                    [
                        12.9502,
                        56.15452
                    ],
                    [
                        12.95206,
                        56.15547
                    ],
                    [
                        12.95532,
                        56.15702
                    ],
                    [
                        12.95871,
                        56.15851
                    ],
                    [
                        12.95957,
                        56.15888
                    ],
                    [
                        12.96087,
                        56.15943
                    ],
                    [
                        12.96166,
                        56.15976
                    ],
                    [
                        12.96752,
                        56.16222
                    ],
                    [
                        12.97396,
                        56.16492
                    ],
                    [
                        12.98018,
                        56.16752
                    ],
                    [
                        12.98712,
                        56.17043
                    ],
                    [
                        12.99082,
                        56.17197
                    ],
                    [
                        12.99297,
                        56.17288
                    ],
                    [
                        12.99369,
                        56.17317
                    ],
                    [
                        12.99387,
                        56.17325
                    ],
                    [
                        12.99735,
                        56.17469
                    ],
                    [
                        13.00201,
                        56.17663
                    ],
                    [
                        13.00538,
                        56.178
                    ],
                    [
                        13.0068,
                        56.17851
                    ],
                    [
                        13.00826,
                        56.17897
                    ],
                    [
                        13.00982,
                        56.17942
                    ],
                    [
                        13.01142,
                        56.1798
                    ],
                    [
                        13.01284,
                        56.1801
                    ],
                    [
                        13.01383,
                        56.18028
                    ],
                    [
                        13.01485,
                        56.18045
                    ],
                    [
                        13.01572,
                        56.18058
                    ],
                    [
                        13.01675,
                        56.1807
                    ],
                    [
                        13.01789,
                        56.18082
                    ],
                    [
                        13.01943,
                        56.18094
                    ],
                    [
                        13.02315,
                        56.18115
                    ],
                    [
                        13.02447,
                        56.18124
                    ],
                    [
                        13.02557,
                        56.18133
                    ],
                    [
                        13.02697,
                        56.1815
                    ],
                    [
                        13.02836,
                        56.1817
                    ],
                    [
                        13.02966,
                        56.18195
                    ],
                    [
                        13.03064,
                        56.18216
                    ],
                    [
                        13.03161,
                        56.1824
                    ],
                    [
                        13.03256,
                        56.18267
                    ],
                    [
                        13.03352,
                        56.18297
                    ],
                    [
                        13.03462,
                        56.18335
                    ],
                    [
                        13.03553,
                        56.1837
                    ],
                    [
                        13.03703,
                        56.18436
                    ],
                    [
                        13.03999,
                        56.1857
                    ],
                    [
                        13.04158,
                        56.18637
                    ],
                    [
                        13.04326,
                        56.18704
                    ],
                    [
                        13.04518,
                        56.18777
                    ],
                    [
                        13.04661,
                        56.18829
                    ],
                    [
                        13.0477,
                        56.18866
                    ],
                    [
                        13.04964,
                        56.18929
                    ],
                    [
                        13.05128,
                        56.18981
                    ],
                    [
                        13.05281,
                        56.19029
                    ],
                    [
                        13.05341,
                        56.19047
                    ],
                    [
                        13.05653,
                        56.19146
                    ],
                    [
                        13.05838,
                        56.19207
                    ],
                    [
                        13.06037,
                        56.19278
                    ],
                    [
                        13.06217,
                        56.19345
                    ],
                    [
                        13.06644,
                        56.19516
                    ],
                    [
                        13.06909,
                        56.19621
                    ],
                    [
                        13.07234,
                        56.19753
                    ],
                    [
                        13.07299,
                        56.19779
                    ],
                    [
                        13.07348,
                        56.19799
                    ],
                    [
                        13.07438,
                        56.19835
                    ],
                    [
                        13.07836,
                        56.19992
                    ],
                    [
                        13.07992,
                        56.20049
                    ],
                    [
                        13.08148,
                        56.20105
                    ],
                    [
                        13.08456,
                        56.20209
                    ],
                    [
                        13.08814,
                        56.20321
                    ],
                    [
                        13.09072,
                        56.20396
                    ],
                    [
                        13.09416,
                        56.20489
                    ],
                    [
                        13.09762,
                        56.20575
                    ],
                    [
                        13.1007,
                        56.20644
                    ],
                    [
                        13.1016,
                        56.20663
                    ],
                    [
                        13.10392,
                        56.20711
                    ],
                    [
                        13.10674,
                        56.20768
                    ],
                    [
                        13.10895,
                        56.20812
                    ],
                    [
                        13.11164,
                        56.20868
                    ],
                    [
                        13.11306,
                        56.20897
                    ],
                    [
                        13.11438,
                        56.20926
                    ],
                    [
                        13.11561,
                        56.20957
                    ],
                    [
                        13.11682,
                        56.20992
                    ],
                    [
                        13.11786,
                        56.21024
                    ],
                    [
                        13.11885,
                        56.21057
                    ],
                    [
                        13.11996,
                        56.21098
                    ],
                    [
                        13.12105,
                        56.21141
                    ],
                    [
                        13.1224,
                        56.212
                    ],
                    [
                        13.12372,
                        56.21264
                    ],
                    [
                        13.12659,
                        56.21413
                    ],
                    [
                        13.1288,
                        56.21536
                    ],
                    [
                        13.13083,
                        56.21656
                    ],
                    [
                        13.13335,
                        56.21817
                    ],
                    [
                        13.13469,
                        56.21907
                    ],
                    [
                        13.13597,
                        56.21998
                    ],
                    [
                        13.13723,
                        56.22091
                    ],
                    [
                        13.13887,
                        56.22218
                    ],
                    [
                        13.14056,
                        56.22348
                    ],
                    [
                        13.14177,
                        56.22432
                    ],
                    [
                        13.14306,
                        56.22516
                    ],
                    [
                        13.1444,
                        56.22595
                    ],
                    [
                        13.14551,
                        56.22656
                    ],
                    [
                        13.14662,
                        56.22714
                    ],
                    [
                        13.14799,
                        56.22781
                    ],
                    [
                        13.14932,
                        56.22844
                    ],
                    [
                        13.152,
                        56.22964
                    ],
                    [
                        13.15362,
                        56.2303
                    ],
                    [
                        13.15522,
                        56.23088
                    ],
                    [
                        13.15667,
                        56.23139
                    ],
                    [
                        13.15821,
                        56.23188
                    ],
                    [
                        13.15967,
                        56.2323
                    ],
                    [
                        13.16112,
                        56.23269
                    ],
                    [
                        13.16262,
                        56.23306
                    ],
                    [
                        13.16423,
                        56.23341
                    ],
                    [
                        13.16707,
                        56.23397
                    ],
                    [
                        13.16867,
                        56.23428
                    ],
                    [
                        13.16931,
                        56.23441
                    ],
                    [
                        13.17002,
                        56.23455
                    ],
                    [
                        13.17015,
                        56.23458
                    ],
                    [
                        13.17116,
                        56.23481
                    ],
                    [
                        13.17214,
                        56.23506
                    ],
                    [
                        13.17319,
                        56.23535
                    ],
                    [
                        13.17429,
                        56.23568
                    ],
                    [
                        13.17564,
                        56.23613
                    ],
                    [
                        13.17629,
                        56.23637
                    ],
                    [
                        13.17689,
                        56.2366
                    ],
                    [
                        13.17772,
                        56.23694
                    ],
                    [
                        13.17881,
                        56.23742
                    ],
                    [
                        13.1804,
                        56.23819
                    ],
                    [
                        13.18136,
                        56.23863
                    ],
                    [
                        13.18249,
                        56.23909
                    ],
                    [
                        13.18371,
                        56.23956
                    ],
                    [
                        13.185,
                        56.24003
                    ],
                    [
                        13.18628,
                        56.24052
                    ],
                    [
                        13.1868,
                        56.24073
                    ],
                    [
                        13.18816,
                        56.2413
                    ],
                    [
                        13.18959,
                        56.24194
                    ],
                    [
                        13.19212,
                        56.24317
                    ],
                    [
                        13.19327,
                        56.24376
                    ],
                    [
                        13.19472,
                        56.24455
                    ],
                    [
                        13.1974,
                        56.24607
                    ],
                    [
                        13.20023,
                        56.24778
                    ],
                    [
                        13.20126,
                        56.24841
                    ],
                    [
                        13.20193,
                        56.24883
                    ],
                    [
                        13.2026,
                        56.24925
                    ],
                    [
                        13.20389,
                        56.25007
                    ],
                    [
                        13.20553,
                        56.25117
                    ],
                    [
                        13.20622,
                        56.25165
                    ],
                    [
                        13.2072,
                        56.25235
                    ],
                    [
                        13.20833,
                        56.25319
                    ],
                    [
                        13.2103,
                        56.2546
                    ],
                    [
                        13.212,
                        56.25569
                    ],
                    [
                        13.21274,
                        56.25608
                    ],
                    [
                        13.21353,
                        56.25645
                    ],
                    [
                        13.21458,
                        56.25689
                    ],
                    [
                        13.21528,
                        56.25714
                    ],
                    [
                        13.21571,
                        56.25729
                    ],
                    [
                        13.21622,
                        56.25745
                    ],
                    [
                        13.21675,
                        56.25761
                    ],
                    [
                        13.21757,
                        56.25783
                    ],
                    [
                        13.21869,
                        56.2581
                    ],
                    [
                        13.21975,
                        56.25831
                    ],
                    [
                        13.21995,
                        56.25834
                    ],
                    [
                        13.22072,
                        56.25846
                    ],
                    [
                        13.22171,
                        56.25859
                    ],
                    [
                        13.22304,
                        56.25872
                    ],
                    [
                        13.22414,
                        56.25878
                    ],
                    [
                        13.22546,
                        56.25882
                    ],
                    [
                        13.22601,
                        56.25883
                    ],
                    [
                        13.2271,
                        56.25883
                    ],
                    [
                        13.23098,
                        56.25883
                    ],
                    [
                        13.23518,
                        56.25883
                    ],
                    [
                        13.24175,
                        56.25881
                    ],
                    [
                        13.2464,
                        56.25881
                    ],
                    [
                        13.25083,
                        56.2588
                    ],
                    [
                        13.255,
                        56.2588
                    ],
                    [
                        13.25882,
                        56.25879
                    ],
                    [
                        13.26443,
                        56.25878
                    ],
                    [
                        13.2694,
                        56.25882
                    ],
                    [
                        13.27209,
                        56.25888
                    ],
                    [
                        13.27422,
                        56.25895
                    ],
                    [
                        13.2765,
                        56.25906
                    ],
                    [
                        13.279,
                        56.25922
                    ],
                    [
                        13.28194,
                        56.25945
                    ],
                    [
                        13.28504,
                        56.25975
                    ],
                    [
                        13.28755,
                        56.26003
                    ],
                    [
                        13.28998,
                        56.26034
                    ],
                    [
                        13.29242,
                        56.26069
                    ],
                    [
                        13.2947,
                        56.26105
                    ],
                    [
                        13.2969,
                        56.26143
                    ],
                    [
                        13.29942,
                        56.26191
                    ],
                    [
                        13.30059,
                        56.26214
                    ],
                    [
                        13.30186,
                        56.26241
                    ],
                    [
                        13.30434,
                        56.26296
                    ],
                    [
                        13.30643,
                        56.26346
                    ],
                    [
                        13.30843,
                        56.26397
                    ],
                    [
                        13.31064,
                        56.26457
                    ],
                    [
                        13.31328,
                        56.26533
                    ],
                    [
                        13.31603,
                        56.26619
                    ],
                    [
                        13.31832,
                        56.26697
                    ],
                    [
                        13.32022,
                        56.26772
                    ],
                    [
                        13.32218,
                        56.26859
                    ],
                    [
                        13.324,
                        56.26952
                    ],
                    [
                        13.32552,
                        56.27042
                    ],
                    [
                        13.3266,
                        56.27112
                    ],
                    [
                        13.32763,
                        56.27185
                    ],
                    [
                        13.32845,
                        56.27248
                    ],
                    [
                        13.32923,
                        56.27313
                    ],
                    [
                        13.33014,
                        56.27397
                    ],
                    [
                        13.33102,
                        56.27485
                    ],
                    [
                        13.3326,
                        56.27651
                    ],
                    [
                        13.33379,
                        56.27776
                    ],
                    [
                        13.33451,
                        56.27849
                    ],
                    [
                        13.33488,
                        56.27888
                    ],
                    [
                        13.33596,
                        56.27994
                    ],
                    [
                        13.33686,
                        56.28075
                    ],
                    [
                        13.33729,
                        56.28111
                    ],
                    [
                        13.33779,
                        56.28153
                    ],
                    [
                        13.3383,
                        56.28193
                    ],
                    [
                        13.33929,
                        56.28268
                    ],
                    [
                        13.3405,
                        56.28353
                    ],
                    [
                        13.34089,
                        56.2838
                    ],
                    [
                        13.34273,
                        56.28499
                    ],
                    [
                        13.34441,
                        56.28597
                    ],
                    [
                        13.34547,
                        56.28654
                    ],
                    [
                        13.34632,
                        56.28698
                    ],
                    [
                        13.34709,
                        56.28737
                    ],
                    [
                        13.34949,
                        56.28848
                    ],
                    [
                        13.35167,
                        56.28938
                    ],
                    [
                        13.35253,
                        56.28972
                    ],
                    [
                        13.35434,
                        56.29039
                    ],
                    [
                        13.3568,
                        56.2912
                    ],
                    [
                        13.3583,
                        56.29165
                    ],
                    [
                        13.35987,
                        56.29208
                    ],
                    [
                        13.36248,
                        56.29273
                    ],
                    [
                        13.36532,
                        56.29335
                    ],
                    [
                        13.36816,
                        56.29387
                    ],
                    [
                        13.37063,
                        56.29428
                    ],
                    [
                        13.37359,
                        56.29475
                    ],
                    [
                        13.3761,
                        56.29522
                    ],
                    [
                        13.37854,
                        56.29578
                    ],
                    [
                        13.38104,
                        56.29647
                    ],
                    [
                        13.38375,
                        56.29738
                    ],
                    [
                        13.38616,
                        56.29834
                    ],
                    [
                        13.38718,
                        56.29883
                    ],
                    [
                        13.38868,
                        56.29956
                    ],
                    [
                        13.39057,
                        56.30062
                    ],
                    [
                        13.3919,
                        56.30146
                    ],
                    [
                        13.39308,
                        56.3023
                    ],
                    [
                        13.39552,
                        56.30408
                    ],
                    [
                        13.39676,
                        56.30495
                    ],
                    [
                        13.398,
                        56.30576
                    ],
                    [
                        13.40051,
                        56.30729
                    ],
                    [
                        13.40295,
                        56.30875
                    ],
                    [
                        13.40509,
                        56.31001
                    ],
                    [
                        13.40761,
                        56.31152
                    ],
                    [
                        13.41019,
                        56.31303
                    ],
                    [
                        13.41329,
                        56.31484
                    ],
                    [
                        13.41588,
                        56.31635
                    ],
                    [
                        13.41922,
                        56.31829
                    ],
                    [
                        13.42243,
                        56.32009
                    ],
                    [
                        13.4249,
                        56.32125
                    ],
                    [
                        13.42615,
                        56.32176
                    ],
                    [
                        13.42748,
                        56.32225
                    ],
                    [
                        13.4292,
                        56.32281
                    ],
                    [
                        13.43098,
                        56.32332
                    ],
                    [
                        13.43499,
                        56.3244
                    ],
                    [
                        13.43671,
                        56.32492
                    ],
                    [
                        13.43821,
                        56.32541
                    ],
                    [
                        13.44073,
                        56.32635
                    ],
                    [
                        13.44243,
                        56.3271
                    ],
                    [
                        13.44482,
                        56.32828
                    ],
                    [
                        13.44683,
                        56.32937
                    ],
                    [
                        13.44833,
                        56.33027
                    ],
                    [
                        13.44946,
                        56.331
                    ],
                    [
                        13.45107,
                        56.33212
                    ],
                    [
                        13.45242,
                        56.33314
                    ],
                    [
                        13.45341,
                        56.33395
                    ],
                    [
                        13.45534,
                        56.33571
                    ],
                    [
                        13.4571,
                        56.33753
                    ],
                    [
                        13.45858,
                        56.33918
                    ],
                    [
                        13.46017,
                        56.34108
                    ],
                    [
                        13.46099,
                        56.34213
                    ],
                    [
                        13.46178,
                        56.34315
                    ],
                    [
                        13.46231,
                        56.34388
                    ],
                    [
                        13.46317,
                        56.34504
                    ],
                    [
                        13.4649,
                        56.34745
                    ],
                    [
                        13.46662,
                        56.34982
                    ],
                    [
                        13.46755,
                        56.35102
                    ],
                    [
                        13.46859,
                        56.3523
                    ],
                    [
                        13.46955,
                        56.3534
                    ],
                    [
                        13.47061,
                        56.35456
                    ],
                    [
                        13.47079,
                        56.35473
                    ],
                    [
                        13.4711,
                        56.35506
                    ],
                    [
                        13.47176,
                        56.35571
                    ],
                    [
                        13.47252,
                        56.35644
                    ],
                    [
                        13.47317,
                        56.35704
                    ],
                    [
                        13.47367,
                        56.35749
                    ],
                    [
                        13.47437,
                        56.35807
                    ],
                    [
                        13.47562,
                        56.35905
                    ],
                    [
                        13.47636,
                        56.35956
                    ],
                    [
                        13.47714,
                        56.3601
                    ],
                    [
                        13.47789,
                        56.36061
                    ],
                    [
                        13.47949,
                        56.36154
                    ],
                    [
                        13.48051,
                        56.36207
                    ],
                    [
                        13.4822,
                        56.36285
                    ],
                    [
                        13.48312,
                        56.36323
                    ],
                    [
                        13.48478,
                        56.36386
                    ],
                    [
                        13.48539,
                        56.36407
                    ],
                    [
                        13.48589,
                        56.36424
                    ],
                    [
                        13.48699,
                        56.36462
                    ],
                    [
                        13.48887,
                        56.36527
                    ],
                    [
                        13.4904,
                        56.36585
                    ],
                    [
                        13.49212,
                        56.36657
                    ],
                    [
                        13.49425,
                        56.36759
                    ],
                    [
                        13.49649,
                        56.36883
                    ],
                    [
                        13.49856,
                        56.37017
                    ],
                    [
                        13.49982,
                        56.37111
                    ],
                    [
                        13.50081,
                        56.37194
                    ],
                    [
                        13.50187,
                        56.373
                    ],
                    [
                        13.50261,
                        56.37392
                    ],
                    [
                        13.50321,
                        56.37484
                    ],
                    [
                        13.50375,
                        56.37588
                    ],
                    [
                        13.50416,
                        56.377
                    ],
                    [
                        13.50455,
                        56.37819
                    ],
                    [
                        13.50499,
                        56.37948
                    ],
                    [
                        13.50539,
                        56.38042
                    ],
                    [
                        13.50599,
                        56.38157
                    ],
                    [
                        13.50657,
                        56.38248
                    ],
                    [
                        13.50721,
                        56.38332
                    ],
                    [
                        13.50799,
                        56.38422
                    ],
                    [
                        13.50851,
                        56.38476
                    ],
                    [
                        13.50892,
                        56.38515
                    ],
                    [
                        13.50944,
                        56.38563
                    ],
                    [
                        13.50996,
                        56.38606
                    ],
                    [
                        13.51025,
                        56.3863
                    ],
                    [
                        13.51086,
                        56.38675
                    ],
                    [
                        13.51144,
                        56.38717
                    ],
                    [
                        13.51215,
                        56.38765
                    ],
                    [
                        13.51287,
                        56.3881
                    ],
                    [
                        13.51456,
                        56.38906
                    ],
                    [
                        13.5159,
                        56.38971
                    ],
                    [
                        13.5171,
                        56.39024
                    ],
                    [
                        13.51936,
                        56.39118
                    ],
                    [
                        13.52054,
                        56.39166
                    ],
                    [
                        13.5225,
                        56.39248
                    ],
                    [
                        13.52451,
                        56.39339
                    ],
                    [
                        13.52645,
                        56.39436
                    ],
                    [
                        13.52833,
                        56.39538
                    ],
                    [
                        13.52988,
                        56.3963
                    ],
                    [
                        13.53153,
                        56.39736
                    ],
                    [
                        13.53307,
                        56.39845
                    ],
                    [
                        13.53432,
                        56.39942
                    ],
                    [
                        13.53541,
                        56.40033
                    ],
                    [
                        13.53655,
                        56.40135
                    ],
                    [
                        13.53752,
                        56.4023
                    ],
                    [
                        13.53768,
                        56.40248
                    ],
                    [
                        13.53874,
                        56.40361
                    ],
                    [
                        13.53965,
                        56.40467
                    ],
                    [
                        13.53996,
                        56.40501
                    ],
                    [
                        13.54103,
                        56.40624
                    ],
                    [
                        13.54126,
                        56.40651
                    ],
                    [
                        13.54301,
                        56.40854
                    ],
                    [
                        13.54483,
                        56.41067
                    ],
                    [
                        13.54564,
                        56.41166
                    ],
                    [
                        13.54592,
                        56.41201
                    ],
                    [
                        13.54644,
                        56.41265
                    ],
                    [
                        13.54721,
                        56.41372
                    ],
                    [
                        13.54797,
                        56.41484
                    ],
                    [
                        13.54871,
                        56.416
                    ],
                    [
                        13.54942,
                        56.4172
                    ],
                    [
                        13.55017,
                        56.41838
                    ],
                    [
                        13.55109,
                        56.41962
                    ],
                    [
                        13.55208,
                        56.42076
                    ],
                    [
                        13.55321,
                        56.42193
                    ],
                    [
                        13.55418,
                        56.42281
                    ],
                    [
                        13.5554,
                        56.42384
                    ],
                    [
                        13.55668,
                        56.4248
                    ],
                    [
                        13.55783,
                        56.42559
                    ],
                    [
                        13.55883,
                        56.42622
                    ],
                    [
                        13.55976,
                        56.42678
                    ],
                    [
                        13.56058,
                        56.42725
                    ],
                    [
                        13.56192,
                        56.42796
                    ],
                    [
                        13.56311,
                        56.42854
                    ],
                    [
                        13.56437,
                        56.42911
                    ],
                    [
                        13.5675,
                        56.43044
                    ],
                    [
                        13.56976,
                        56.43138
                    ],
                    [
                        13.5714,
                        56.43211
                    ],
                    [
                        13.57292,
                        56.43284
                    ],
                    [
                        13.57395,
                        56.43333
                    ],
                    [
                        13.575,
                        56.43387
                    ],
                    [
                        13.57604,
                        56.43444
                    ],
                    [
                        13.57801,
                        56.43555
                    ],
                    [
                        13.58215,
                        56.43808
                    ],
                    [
                        13.58472,
                        56.43964
                    ],
                    [
                        13.58732,
                        56.44118
                    ],
                    [
                        13.58959,
                        56.44242
                    ],
                    [
                        13.58986,
                        56.44256
                    ],
                    [
                        13.5902,
                        56.44274
                    ],
                    [
                        13.593,
                        56.44414
                    ],
                    [
                        13.59575,
                        56.44538
                    ],
                    [
                        13.59728,
                        56.44604
                    ],
                    [
                        13.59791,
                        56.4463
                    ],
                    [
                        13.59837,
                        56.44649
                    ],
                    [
                        13.5989,
                        56.4467
                    ],
                    [
                        13.60015,
                        56.44719
                    ],
                    [
                        13.60058,
                        56.44735
                    ],
                    [
                        13.60123,
                        56.44761
                    ],
                    [
                        13.60339,
                        56.44839
                    ],
                    [
                        13.60439,
                        56.44874
                    ],
                    [
                        13.60635,
                        56.44938
                    ],
                    [
                        13.60858,
                        56.45011
                    ],
                    [
                        13.6115,
                        56.45103
                    ],
                    [
                        13.61311,
                        56.45155
                    ],
                    [
                        13.61448,
                        56.45201
                    ],
                    [
                        13.61524,
                        56.45229
                    ],
                    [
                        13.61608,
                        56.45262
                    ],
                    [
                        13.61695,
                        56.453
                    ],
                    [
                        13.6179,
                        56.45343
                    ],
                    [
                        13.61877,
                        56.45388
                    ],
                    [
                        13.61945,
                        56.45425
                    ],
                    [
                        13.62057,
                        56.45492
                    ],
                    [
                        13.62116,
                        56.45531
                    ],
                    [
                        13.62193,
                        56.45586
                    ],
                    [
                        13.62291,
                        56.45665
                    ],
                    [
                        13.62349,
                        56.45717
                    ],
                    [
                        13.62405,
                        56.45773
                    ],
                    [
                        13.62471,
                        56.45845
                    ],
                    [
                        13.62536,
                        56.45922
                    ],
                    [
                        13.62627,
                        56.46033
                    ],
                    [
                        13.62649,
                        56.4606
                    ],
                    [
                        13.62669,
                        56.46084
                    ],
                    [
                        13.62706,
                        56.46128
                    ],
                    [
                        13.62872,
                        56.46328
                    ],
                    [
                        13.62923,
                        56.46388
                    ],
                    [
                        13.62983,
                        56.46455
                    ],
                    [
                        13.63078,
                        56.46553
                    ],
                    [
                        13.63185,
                        56.46655
                    ],
                    [
                        13.63318,
                        56.46772
                    ],
                    [
                        13.634,
                        56.46837
                    ],
                    [
                        13.63426,
                        56.46857
                    ],
                    [
                        13.63448,
                        56.46874
                    ],
                    [
                        13.6355,
                        56.4695
                    ],
                    [
                        13.63697,
                        56.47053
                    ],
                    [
                        13.63774,
                        56.47105
                    ],
                    [
                        13.63846,
                        56.47154
                    ],
                    [
                        13.63964,
                        56.47234
                    ],
                    [
                        13.64158,
                        56.47369
                    ],
                    [
                        13.64331,
                        56.47506
                    ],
                    [
                        13.64354,
                        56.47527
                    ],
                    [
                        13.64384,
                        56.47554
                    ],
                    [
                        13.64464,
                        56.47634
                    ],
                    [
                        13.64554,
                        56.47737
                    ],
                    [
                        13.64642,
                        56.4786
                    ],
                    [
                        13.64714,
                        56.47983
                    ],
                    [
                        13.64759,
                        56.48084
                    ],
                    [
                        13.64785,
                        56.48158
                    ],
                    [
                        13.64807,
                        56.48235
                    ],
                    [
                        13.64836,
                        56.48372
                    ],
                    [
                        13.64865,
                        56.48525
                    ],
                    [
                        13.64902,
                        56.48672
                    ],
                    [
                        13.64953,
                        56.48802
                    ],
                    [
                        13.65025,
                        56.48937
                    ],
                    [
                        13.65104,
                        56.49073
                    ],
                    [
                        13.6516,
                        56.4918
                    ],
                    [
                        13.65191,
                        56.49253
                    ],
                    [
                        13.65215,
                        56.49322
                    ],
                    [
                        13.65245,
                        56.49443
                    ],
                    [
                        13.65259,
                        56.49562
                    ],
                    [
                        13.65258,
                        56.49701
                    ],
                    [
                        13.6524,
                        56.49858
                    ],
                    [
                        13.65238,
                        56.49875
                    ],
                    [
                        13.65223,
                        56.50004
                    ],
                    [
                        13.65217,
                        56.50075
                    ],
                    [
                        13.65217,
                        56.50167
                    ],
                    [
                        13.65222,
                        56.50243
                    ],
                    [
                        13.65231,
                        56.50305
                    ],
                    [
                        13.65251,
                        56.50393
                    ],
                    [
                        13.65264,
                        56.50438
                    ],
                    [
                        13.6528,
                        56.50483
                    ],
                    [
                        13.65309,
                        56.50556
                    ],
                    [
                        13.65344,
                        56.50627
                    ],
                    [
                        13.65392,
                        56.50712
                    ],
                    [
                        13.65445,
                        56.50791
                    ],
                    [
                        13.65529,
                        56.50897
                    ],
                    [
                        13.6558,
                        56.50954
                    ],
                    [
                        13.65674,
                        56.51048
                    ],
                    [
                        13.65821,
                        56.51172
                    ],
                    [
                        13.66,
                        56.51298
                    ],
                    [
                        13.66097,
                        56.51358
                    ],
                    [
                        13.66225,
                        56.51429
                    ],
                    [
                        13.66412,
                        56.51519
                    ],
                    [
                        13.66532,
                        56.5157
                    ],
                    [
                        13.66585,
                        56.51592
                    ],
                    [
                        13.66708,
                        56.5164
                    ],
                    [
                        13.66921,
                        56.51722
                    ],
                    [
                        13.67199,
                        56.51835
                    ],
                    [
                        13.67442,
                        56.5195
                    ],
                    [
                        13.6767,
                        56.52073
                    ],
                    [
                        13.67881,
                        56.52205
                    ],
                    [
                        13.6806,
                        56.52333
                    ],
                    [
                        13.68184,
                        56.52433
                    ],
                    [
                        13.6833,
                        56.52566
                    ],
                    [
                        13.68457,
                        56.52693
                    ],
                    [
                        13.6861,
                        56.52846
                    ],
                    [
                        13.6875,
                        56.52973
                    ],
                    [
                        13.68872,
                        56.53075
                    ],
                    [
                        13.69007,
                        56.53178
                    ],
                    [
                        13.69131,
                        56.53266
                    ],
                    [
                        13.69252,
                        56.53347
                    ],
                    [
                        13.69376,
                        56.53428
                    ],
                    [
                        13.69494,
                        56.53504
                    ],
                    [
                        13.69626,
                        56.53593
                    ],
                    [
                        13.69774,
                        56.53694
                    ],
                    [
                        13.70079,
                        56.53914
                    ],
                    [
                        13.70333,
                        56.54107
                    ],
                    [
                        13.70482,
                        56.54226
                    ],
                    [
                        13.7051,
                        56.54249
                    ],
                    [
                        13.70551,
                        56.54283
                    ],
                    [
                        13.70602,
                        56.54324
                    ],
                    [
                        13.70747,
                        56.54449
                    ],
                    [
                        13.70874,
                        56.54563
                    ],
                    [
                        13.70999,
                        56.54679
                    ],
                    [
                        13.71129,
                        56.5481
                    ],
                    [
                        13.71256,
                        56.54943
                    ],
                    [
                        13.71367,
                        56.55067
                    ],
                    [
                        13.71471,
                        56.55188
                    ],
                    [
                        13.71571,
                        56.55312
                    ],
                    [
                        13.71589,
                        56.55336
                    ],
                    [
                        13.71671,
                        56.55442
                    ],
                    [
                        13.7175,
                        56.55548
                    ],
                    [
                        13.71827,
                        56.55655
                    ],
                    [
                        13.71869,
                        56.55713
                    ],
                    [
                        13.71945,
                        56.55822
                    ],
                    [
                        13.71996,
                        56.559
                    ],
                    [
                        13.72028,
                        56.5596
                    ],
                    [
                        13.72051,
                        56.56004
                    ],
                    [
                        13.72086,
                        56.56081
                    ],
                    [
                        13.72117,
                        56.56161
                    ],
                    [
                        13.72124,
                        56.56186
                    ],
                    [
                        13.72135,
                        56.56221
                    ],
                    [
                        13.72143,
                        56.56248
                    ],
                    [
                        13.72163,
                        56.56332
                    ],
                    [
                        13.72175,
                        56.56403
                    ],
                    [
                        13.72183,
                        56.56477
                    ],
                    [
                        13.72187,
                        56.56533
                    ],
                    [
                        13.72188,
                        56.56622
                    ],
                    [
                        13.72179,
                        56.56771
                    ],
                    [
                        13.72161,
                        56.56893
                    ],
                    [
                        13.72134,
                        56.57004
                    ],
                    [
                        13.72109,
                        56.57089
                    ],
                    [
                        13.72076,
                        56.57191
                    ],
                    [
                        13.72026,
                        56.57364
                    ],
                    [
                        13.72003,
                        56.57513
                    ],
                    [
                        13.72002,
                        56.57637
                    ],
                    [
                        13.72019,
                        56.57779
                    ],
                    [
                        13.7205,
                        56.57898
                    ],
                    [
                        13.72102,
                        56.58032
                    ],
                    [
                        13.72181,
                        56.58177
                    ],
                    [
                        13.72266,
                        56.58298
                    ],
                    [
                        13.72371,
                        56.58418
                    ],
                    [
                        13.72445,
                        56.58492
                    ],
                    [
                        13.72579,
                        56.58608
                    ],
                    [
                        13.72725,
                        56.58729
                    ],
                    [
                        13.7288,
                        56.58858
                    ],
                    [
                        13.73156,
                        56.59086
                    ],
                    [
                        13.73316,
                        56.59219
                    ],
                    [
                        13.7345,
                        56.59336
                    ],
                    [
                        13.73576,
                        56.59455
                    ],
                    [
                        13.73685,
                        56.59568
                    ],
                    [
                        13.73822,
                        56.59725
                    ],
                    [
                        13.73943,
                        56.5987
                    ],
                    [
                        13.74065,
                        56.60017
                    ],
                    [
                        13.74181,
                        56.60158
                    ],
                    [
                        13.74296,
                        56.60296
                    ],
                    [
                        13.74433,
                        56.60463
                    ],
                    [
                        13.74536,
                        56.60583
                    ],
                    [
                        13.74654,
                        56.60713
                    ],
                    [
                        13.74703,
                        56.60764
                    ],
                    [
                        13.74795,
                        56.60855
                    ],
                    [
                        13.74923,
                        56.60969
                    ],
                    [
                        13.75043,
                        56.61061
                    ],
                    [
                        13.75167,
                        56.61145
                    ],
                    [
                        13.7528,
                        56.61213
                    ],
                    [
                        13.75466,
                        56.61311
                    ],
                    [
                        13.75528,
                        56.6134
                    ],
                    [
                        13.7559,
                        56.6137
                    ],
                    [
                        13.75783,
                        56.61448
                    ],
                    [
                        13.75988,
                        56.6152
                    ],
                    [
                        13.76039,
                        56.61536
                    ],
                    [
                        13.76089,
                        56.61551
                    ],
                    [
                        13.76192,
                        56.6158
                    ],
                    [
                        13.76301,
                        56.61608
                    ],
                    [
                        13.76326,
                        56.61614
                    ],
                    [
                        13.76502,
                        56.61653
                    ],
                    [
                        13.76646,
                        56.61683
                    ],
                    [
                        13.76844,
                        56.61724
                    ],
                    [
                        13.77119,
                        56.61781
                    ],
                    [
                        13.77392,
                        56.61838
                    ],
                    [
                        13.77492,
                        56.61861
                    ],
                    [
                        13.77589,
                        56.61887
                    ],
                    [
                        13.77696,
                        56.6192
                    ],
                    [
                        13.77791,
                        56.61953
                    ],
                    [
                        13.77951,
                        56.62019
                    ],
                    [
                        13.78071,
                        56.62081
                    ],
                    [
                        13.78151,
                        56.62127
                    ],
                    [
                        13.78211,
                        56.62165
                    ],
                    [
                        13.78305,
                        56.62233
                    ],
                    [
                        13.78353,
                        56.62273
                    ],
                    [
                        13.78417,
                        56.62334
                    ],
                    [
                        13.78458,
                        56.62377
                    ],
                    [
                        13.78491,
                        56.62417
                    ],
                    [
                        13.78528,
                        56.62466
                    ],
                    [
                        13.78557,
                        56.62512
                    ],
                    [
                        13.78608,
                        56.62594
                    ],
                    [
                        13.78675,
                        56.62692
                    ],
                    [
                        13.78729,
                        56.62759
                    ],
                    [
                        13.78773,
                        56.62809
                    ],
                    [
                        13.78828,
                        56.62866
                    ],
                    [
                        13.7893,
                        56.6296
                    ],
                    [
                        13.7906,
                        56.63075
                    ],
                    [
                        13.79165,
                        56.63166
                    ],
                    [
                        13.79253,
                        56.63243
                    ],
                    [
                        13.79361,
                        56.63338
                    ],
                    [
                        13.79501,
                        56.63462
                    ],
                    [
                        13.79619,
                        56.63566
                    ],
                    [
                        13.79745,
                        56.63689
                    ],
                    [
                        13.79845,
                        56.63806
                    ],
                    [
                        13.79933,
                        56.63925
                    ],
                    [
                        13.80025,
                        56.6405
                    ],
                    [
                        13.80128,
                        56.64188
                    ],
                    [
                        13.80206,
                        56.64292
                    ],
                    [
                        13.80263,
                        56.64373
                    ],
                    [
                        13.80304,
                        56.64446
                    ],
                    [
                        13.80332,
                        56.64509
                    ],
                    [
                        13.80354,
                        56.64574
                    ],
                    [
                        13.80389,
                        56.64734
                    ],
                    [
                        13.80424,
                        56.64902
                    ],
                    [
                        13.80431,
                        56.64936
                    ],
                    [
                        13.80459,
                        56.65076
                    ],
                    [
                        13.8048,
                        56.65146
                    ],
                    [
                        13.8051,
                        56.6522
                    ],
                    [
                        13.80544,
                        56.65286
                    ],
                    [
                        13.80584,
                        56.65346
                    ],
                    [
                        13.80651,
                        56.65434
                    ],
                    [
                        13.80749,
                        56.65539
                    ],
                    [
                        13.80882,
                        56.65668
                    ],
                    [
                        13.80957,
                        56.65741
                    ],
                    [
                        13.8101,
                        56.65792
                    ],
                    [
                        13.81177,
                        56.65954
                    ],
                    [
                        13.81277,
                        56.66052
                    ],
                    [
                        13.81417,
                        56.66188
                    ],
                    [
                        13.81597,
                        56.66364
                    ],
                    [
                        13.81776,
                        56.66546
                    ],
                    [
                        13.81971,
                        56.66747
                    ],
                    [
                        13.82182,
                        56.66965
                    ],
                    [
                        13.82385,
                        56.67174
                    ],
                    [
                        13.82583,
                        56.67377
                    ],
                    [
                        13.82773,
                        56.67574
                    ],
                    [
                        13.82905,
                        56.67716
                    ],
                    [
                        13.82978,
                        56.67794
                    ],
                    [
                        13.83031,
                        56.67851
                    ],
                    [
                        13.83145,
                        56.67979
                    ],
                    [
                        13.83236,
                        56.68102
                    ],
                    [
                        13.83312,
                        56.68232
                    ],
                    [
                        13.83363,
                        56.68344
                    ],
                    [
                        13.834,
                        56.68459
                    ],
                    [
                        13.83426,
                        56.68588
                    ],
                    [
                        13.83435,
                        56.68709
                    ],
                    [
                        13.83439,
                        56.68825
                    ],
                    [
                        13.83445,
                        56.69018
                    ],
                    [
                        13.83452,
                        56.69237
                    ],
                    [
                        13.83453,
                        56.69276
                    ],
                    [
                        13.83454,
                        56.69333
                    ],
                    [
                        13.83463,
                        56.69586
                    ],
                    [
                        13.83464,
                        56.69648
                    ],
                    [
                        13.83468,
                        56.6974
                    ],
                    [
                        13.83474,
                        56.6981
                    ],
                    [
                        13.83478,
                        56.69835
                    ],
                    [
                        13.83488,
                        56.69895
                    ],
                    [
                        13.83511,
                        56.69987
                    ],
                    [
                        13.83534,
                        56.70053
                    ],
                    [
                        13.8355,
                        56.70094
                    ],
                    [
                        13.83578,
                        56.70156
                    ],
                    [
                        13.836,
                        56.70199
                    ],
                    [
                        13.83677,
                        56.70324
                    ],
                    [
                        13.83758,
                        56.70441
                    ],
                    [
                        13.83825,
                        56.70547
                    ],
                    [
                        13.83871,
                        56.70639
                    ],
                    [
                        13.83897,
                        56.70698
                    ],
                    [
                        13.83926,
                        56.7078
                    ],
                    [
                        13.83951,
                        56.70881
                    ],
                    [
                        13.83967,
                        56.70983
                    ],
                    [
                        13.83977,
                        56.71098
                    ],
                    [
                        13.8399,
                        56.71236
                    ],
                    [
                        13.84,
                        56.71351
                    ],
                    [
                        13.84016,
                        56.71514
                    ],
                    [
                        13.8403,
                        56.71665
                    ],
                    [
                        13.8405,
                        56.71782
                    ],
                    [
                        13.84096,
                        56.71929
                    ],
                    [
                        13.84161,
                        56.7207
                    ],
                    [
                        13.84241,
                        56.72199
                    ],
                    [
                        13.84337,
                        56.72321
                    ],
                    [
                        13.84431,
                        56.72422
                    ],
                    [
                        13.84529,
                        56.72523
                    ],
                    [
                        13.8458,
                        56.72575
                    ],
                    [
                        13.84686,
                        56.72686
                    ],
                    [
                        13.84743,
                        56.72752
                    ],
                    [
                        13.84802,
                        56.7283
                    ],
                    [
                        13.84882,
                        56.72954
                    ],
                    [
                        13.84946,
                        56.73082
                    ],
                    [
                        13.85009,
                        56.73225
                    ],
                    [
                        13.8508,
                        56.73386
                    ],
                    [
                        13.85193,
                        56.73641
                    ],
                    [
                        13.85235,
                        56.73737
                    ],
                    [
                        13.85246,
                        56.73761
                    ],
                    [
                        13.85286,
                        56.73852
                    ],
                    [
                        13.85322,
                        56.73933
                    ],
                    [
                        13.85383,
                        56.74047
                    ],
                    [
                        13.85471,
                        56.74177
                    ],
                    [
                        13.85526,
                        56.74244
                    ],
                    [
                        13.85598,
                        56.74324
                    ],
                    [
                        13.85699,
                        56.74422
                    ],
                    [
                        13.85823,
                        56.74529
                    ],
                    [
                        13.8597,
                        56.7464
                    ],
                    [
                        13.86143,
                        56.74756
                    ],
                    [
                        13.8635,
                        56.7488
                    ],
                    [
                        13.86498,
                        56.74962
                    ],
                    [
                        13.86746,
                        56.75089
                    ],
                    [
                        13.86929,
                        56.75176
                    ],
                    [
                        13.87167,
                        56.75295
                    ],
                    [
                        13.87393,
                        56.75432
                    ],
                    [
                        13.87565,
                        56.7556
                    ],
                    [
                        13.87658,
                        56.7564
                    ],
                    [
                        13.87748,
                        56.75726
                    ],
                    [
                        13.87858,
                        56.75853
                    ],
                    [
                        13.87926,
                        56.75946
                    ],
                    [
                        13.87977,
                        56.76029
                    ],
                    [
                        13.8802,
                        56.76111
                    ],
                    [
                        13.88058,
                        56.76196
                    ],
                    [
                        13.88079,
                        56.76256
                    ],
                    [
                        13.88097,
                        56.76315
                    ],
                    [
                        13.88119,
                        56.76424
                    ],
                    [
                        13.88131,
                        56.76529
                    ],
                    [
                        13.88138,
                        56.76603
                    ],
                    [
                        13.88142,
                        56.76683
                    ],
                    [
                        13.88177,
                        56.77472
                    ],
                    [
                        13.88187,
                        56.77596
                    ],
                    [
                        13.88202,
                        56.77713
                    ],
                    [
                        13.88218,
                        56.77817
                    ],
                    [
                        13.88241,
                        56.77931
                    ],
                    [
                        13.88277,
                        56.78079
                    ],
                    [
                        13.88289,
                        56.78123
                    ],
                    [
                        13.88316,
                        56.78214
                    ],
                    [
                        13.8835,
                        56.78316
                    ],
                    [
                        13.88372,
                        56.78376
                    ],
                    [
                        13.88394,
                        56.78435
                    ],
                    [
                        13.88406,
                        56.78467
                    ],
                    [
                        13.88448,
                        56.78562
                    ],
                    [
                        13.8851,
                        56.78694
                    ],
                    [
                        13.8857,
                        56.78814
                    ],
                    [
                        13.88632,
                        56.78923
                    ],
                    [
                        13.88752,
                        56.79114
                    ],
                    [
                        13.88862,
                        56.79278
                    ],
                    [
                        13.88962,
                        56.79412
                    ],
                    [
                        13.89075,
                        56.79562
                    ],
                    [
                        13.89196,
                        56.79713
                    ],
                    [
                        13.89293,
                        56.79824
                    ],
                    [
                        13.89393,
                        56.79929
                    ],
                    [
                        13.89489,
                        56.80028
                    ],
                    [
                        13.89663,
                        56.80206
                    ],
                    [
                        13.8975,
                        56.803
                    ],
                    [
                        13.89835,
                        56.804
                    ],
                    [
                        13.89898,
                        56.80483
                    ],
                    [
                        13.89958,
                        56.80568
                    ],
                    [
                        13.90014,
                        56.80655
                    ],
                    [
                        13.90064,
                        56.80737
                    ],
                    [
                        13.90148,
                        56.80904
                    ],
                    [
                        13.90168,
                        56.80945
                    ],
                    [
                        13.90182,
                        56.80981
                    ],
                    [
                        13.90201,
                        56.81021
                    ],
                    [
                        13.90224,
                        56.81077
                    ],
                    [
                        13.90268,
                        56.81203
                    ],
                    [
                        13.90276,
                        56.81233
                    ],
                    [
                        13.90285,
                        56.8127
                    ],
                    [
                        13.90298,
                        56.8132
                    ],
                    [
                        13.90327,
                        56.81448
                    ],
                    [
                        13.90354,
                        56.81553
                    ],
                    [
                        13.90365,
                        56.81612
                    ],
                    [
                        13.90397,
                        56.81803
                    ],
                    [
                        13.90424,
                        56.81991
                    ],
                    [
                        13.90454,
                        56.82181
                    ],
                    [
                        13.90464,
                        56.82254
                    ],
                    [
                        13.90476,
                        56.82337
                    ],
                    [
                        13.90507,
                        56.82522
                    ],
                    [
                        13.90524,
                        56.82611
                    ],
                    [
                        13.90535,
                        56.82656
                    ],
                    [
                        13.90568,
                        56.82766
                    ],
                    [
                        13.90593,
                        56.8283
                    ],
                    [
                        13.90619,
                        56.82888
                    ],
                    [
                        13.90642,
                        56.82935
                    ],
                    [
                        13.90672,
                        56.8299
                    ],
                    [
                        13.90703,
                        56.83044
                    ],
                    [
                        13.9074,
                        56.831
                    ],
                    [
                        13.9078,
                        56.83157
                    ],
                    [
                        13.90805,
                        56.83193
                    ],
                    [
                        13.90841,
                        56.83238
                    ],
                    [
                        13.90877,
                        56.83284
                    ],
                    [
                        13.90953,
                        56.83369
                    ],
                    [
                        13.9102,
                        56.83441
                    ],
                    [
                        13.91083,
                        56.83504
                    ],
                    [
                        13.91155,
                        56.83572
                    ],
                    [
                        13.91221,
                        56.8363
                    ],
                    [
                        13.91297,
                        56.83692
                    ],
                    [
                        13.91348,
                        56.83731
                    ],
                    [
                        13.91414,
                        56.83781
                    ],
                    [
                        13.91486,
                        56.8383
                    ],
                    [
                        13.91548,
                        56.83871
                    ],
                    [
                        13.91618,
                        56.83913
                    ],
                    [
                        13.91725,
                        56.83976
                    ],
                    [
                        13.91831,
                        56.84034
                    ],
                    [
                        13.91988,
                        56.84111
                    ],
                    [
                        13.92095,
                        56.84162
                    ],
                    [
                        13.92199,
                        56.84212
                    ],
                    [
                        13.92325,
                        56.84272
                    ],
                    [
                        13.92442,
                        56.84329
                    ],
                    [
                        13.92675,
                        56.84442
                    ],
                    [
                        13.92851,
                        56.84525
                    ],
                    [
                        13.92958,
                        56.84579
                    ],
                    [
                        13.93069,
                        56.84638
                    ],
                    [
                        13.93165,
                        56.84693
                    ],
                    [
                        13.93261,
                        56.8475
                    ],
                    [
                        13.93335,
                        56.84797
                    ],
                    [
                        13.93408,
                        56.84845
                    ],
                    [
                        13.9348,
                        56.84895
                    ],
                    [
                        13.93557,
                        56.84952
                    ],
                    [
                        13.93643,
                        56.85021
                    ],
                    [
                        13.93723,
                        56.85092
                    ],
                    [
                        13.93775,
                        56.85142
                    ],
                    [
                        13.93834,
                        56.85201
                    ],
                    [
                        13.93927,
                        56.85307
                    ],
                    [
                        13.93943,
                        56.85326
                    ],
                    [
                        13.9404,
                        56.85441
                    ],
                    [
                        13.94104,
                        56.85516
                    ],
                    [
                        13.94169,
                        56.85588
                    ],
                    [
                        13.94226,
                        56.85655
                    ],
                    [
                        13.94299,
                        56.8573
                    ],
                    [
                        13.94323,
                        56.85753
                    ],
                    [
                        13.94362,
                        56.85792
                    ],
                    [
                        13.94422,
                        56.85853
                    ],
                    [
                        13.94481,
                        56.85909
                    ],
                    [
                        13.94517,
                        56.85944
                    ],
                    [
                        13.94589,
                        56.8601
                    ],
                    [
                        13.94739,
                        56.86148
                    ],
                    [
                        13.94817,
                        56.86223
                    ],
                    [
                        13.94878,
                        56.86285
                    ],
                    [
                        13.94931,
                        56.86339
                    ],
                    [
                        13.95008,
                        56.86431
                    ],
                    [
                        13.95052,
                        56.86489
                    ],
                    [
                        13.95085,
                        56.86538
                    ],
                    [
                        13.95122,
                        56.86596
                    ],
                    [
                        13.95157,
                        56.86659
                    ],
                    [
                        13.95192,
                        56.86728
                    ],
                    [
                        13.9522,
                        56.86792
                    ],
                    [
                        13.95244,
                        56.86854
                    ],
                    [
                        13.95267,
                        56.86922
                    ],
                    [
                        13.95304,
                        56.87046
                    ],
                    [
                        13.95324,
                        56.87128
                    ],
                    [
                        13.95354,
                        56.87262
                    ],
                    [
                        13.9538,
                        56.87427
                    ],
                    [
                        13.95388,
                        56.87489
                    ],
                    [
                        13.954,
                        56.87614
                    ],
                    [
                        13.95405,
                        56.87698
                    ],
                    [
                        13.95408,
                        56.87782
                    ],
                    [
                        13.95408,
                        56.87869
                    ],
                    [
                        13.95406,
                        56.87956
                    ],
                    [
                        13.95399,
                        56.88135
                    ],
                    [
                        13.95395,
                        56.88225
                    ],
                    [
                        13.95396,
                        56.88313
                    ],
                    [
                        13.95401,
                        56.88371
                    ],
                    [
                        13.95404,
                        56.88407
                    ],
                    [
                        13.95414,
                        56.88466
                    ],
                    [
                        13.95427,
                        56.88537
                    ],
                    [
                        13.9545,
                        56.88627
                    ],
                    [
                        13.95463,
                        56.88667
                    ],
                    [
                        13.95487,
                        56.88734
                    ],
                    [
                        13.95514,
                        56.88801
                    ],
                    [
                        13.95558,
                        56.88898
                    ],
                    [
                        13.95602,
                        56.88983
                    ],
                    [
                        13.95667,
                        56.89098
                    ],
                    [
                        13.95719,
                        56.8918
                    ],
                    [
                        13.95776,
                        56.89263
                    ],
                    [
                        13.95846,
                        56.89358
                    ],
                    [
                        13.95919,
                        56.89448
                    ],
                    [
                        13.95993,
                        56.89533
                    ],
                    [
                        13.96075,
                        56.89621
                    ],
                    [
                        13.96375,
                        56.89932
                    ],
                    [
                        13.96505,
                        56.90067
                    ],
                    [
                        13.9656,
                        56.90126
                    ],
                    [
                        13.96634,
                        56.90209
                    ],
                    [
                        13.96684,
                        56.90269
                    ],
                    [
                        13.96727,
                        56.90323
                    ],
                    [
                        13.96777,
                        56.9039
                    ],
                    [
                        13.96827,
                        56.9046
                    ],
                    [
                        13.96884,
                        56.90545
                    ],
                    [
                        13.96931,
                        56.90622
                    ],
                    [
                        13.96972,
                        56.90693
                    ],
                    [
                        13.97009,
                        56.90762
                    ],
                    [
                        13.97047,
                        56.90839
                    ],
                    [
                        13.97069,
                        56.90887
                    ],
                    [
                        13.97118,
                        56.91006
                    ],
                    [
                        13.97142,
                        56.91075
                    ],
                    [
                        13.97158,
                        56.91123
                    ],
                    [
                        13.97177,
                        56.91187
                    ],
                    [
                        13.9719,
                        56.91239
                    ],
                    [
                        13.97211,
                        56.91328
                    ],
                    [
                        13.97222,
                        56.9138
                    ],
                    [
                        13.97265,
                        56.91567
                    ],
                    [
                        13.97287,
                        56.91668
                    ],
                    [
                        13.97309,
                        56.91757
                    ],
                    [
                        13.97329,
                        56.9184
                    ],
                    [
                        13.97349,
                        56.91908
                    ],
                    [
                        13.97366,
                        56.91959
                    ],
                    [
                        13.97379,
                        56.91996
                    ],
                    [
                        13.97409,
                        56.92072
                    ],
                    [
                        13.97434,
                        56.92127
                    ],
                    [
                        13.97457,
                        56.92175
                    ],
                    [
                        13.97494,
                        56.92246
                    ],
                    [
                        13.97543,
                        56.92325
                    ],
                    [
                        13.97588,
                        56.9239
                    ],
                    [
                        13.97636,
                        56.92455
                    ],
                    [
                        13.97667,
                        56.92494
                    ],
                    [
                        13.97697,
                        56.9253
                    ],
                    [
                        13.97724,
                        56.92561
                    ],
                    [
                        13.97768,
                        56.92609
                    ],
                    [
                        13.97841,
                        56.92684
                    ],
                    [
                        13.9788,
                        56.92724
                    ],
                    [
                        13.97927,
                        56.92768
                    ],
                    [
                        13.97976,
                        56.92814
                    ],
                    [
                        13.98047,
                        56.92878
                    ],
                    [
                        13.98124,
                        56.92943
                    ],
                    [
                        13.98204,
                        56.93003
                    ],
                    [
                        13.98301,
                        56.93072
                    ],
                    [
                        13.98396,
                        56.93134
                    ],
                    [
                        13.98516,
                        56.93212
                    ],
                    [
                        13.98673,
                        56.93319
                    ],
                    [
                        13.98826,
                        56.93418
                    ],
                    [
                        13.98971,
                        56.93513
                    ],
                    [
                        13.99103,
                        56.93599
                    ],
                    [
                        13.99196,
                        56.93663
                    ],
                    [
                        13.99254,
                        56.93704
                    ],
                    [
                        13.99324,
                        56.93756
                    ],
                    [
                        13.99367,
                        56.93791
                    ],
                    [
                        13.99397,
                        56.93817
                    ],
                    [
                        13.99448,
                        56.93861
                    ],
                    [
                        13.99516,
                        56.93924
                    ],
                    [
                        13.99568,
                        56.93976
                    ],
                    [
                        13.99604,
                        56.94015
                    ],
                    [
                        13.99623,
                        56.94037
                    ],
                    [
                        13.99644,
                        56.94061
                    ],
                    [
                        13.99677,
                        56.94102
                    ],
                    [
                        13.99738,
                        56.94184
                    ],
                    [
                        13.99785,
                        56.94254
                    ],
                    [
                        13.99826,
                        56.9432
                    ],
                    [
                        13.9985,
                        56.9436
                    ],
                    [
                        13.99892,
                        56.94437
                    ],
                    [
                        13.99929,
                        56.94516
                    ],
                    [
                        13.99958,
                        56.94588
                    ],
                    [
                        13.99984,
                        56.9467
                    ],
                    [
                        14.00005,
                        56.9475
                    ],
                    [
                        14.00016,
                        56.94792
                    ],
                    [
                        14.00035,
                        56.94884
                    ],
                    [
                        14.00063,
                        56.95018
                    ],
                    [
                        14.00099,
                        56.95187
                    ],
                    [
                        14.00123,
                        56.95292
                    ],
                    [
                        14.00143,
                        56.95368
                    ],
                    [
                        14.00164,
                        56.9544
                    ],
                    [
                        14.00188,
                        56.95514
                    ],
                    [
                        14.00207,
                        56.95565
                    ],
                    [
                        14.00231,
                        56.95623
                    ],
                    [
                        14.0025,
                        56.95666
                    ],
                    [
                        14.00282,
                        56.95732
                    ],
                    [
                        14.00303,
                        56.95775
                    ],
                    [
                        14.00331,
                        56.95825
                    ],
                    [
                        14.00361,
                        56.95875
                    ],
                    [
                        14.00388,
                        56.95915
                    ],
                    [
                        14.00412,
                        56.95948
                    ],
                    [
                        14.00457,
                        56.96006
                    ],
                    [
                        14.0047,
                        56.96021
                    ],
                    [
                        14.00505,
                        56.96062
                    ],
                    [
                        14.00548,
                        56.96108
                    ],
                    [
                        14.00604,
                        56.96164
                    ],
                    [
                        14.00647,
                        56.96204
                    ],
                    [
                        14.00667,
                        56.96222
                    ],
                    [
                        14.0073,
                        56.96274
                    ],
                    [
                        14.00774,
                        56.96309
                    ],
                    [
                        14.00812,
                        56.96338
                    ],
                    [
                        14.00895,
                        56.96397
                    ],
                    [
                        14.00946,
                        56.96433
                    ],
                    [
                        14.01124,
                        56.96559
                    ],
                    [
                        14.01211,
                        56.96621
                    ],
                    [
                        14.01281,
                        56.9667
                    ],
                    [
                        14.01383,
                        56.96743
                    ],
                    [
                        14.01438,
                        56.96783
                    ],
                    [
                        14.01502,
                        56.96835
                    ],
                    [
                        14.01544,
                        56.96873
                    ],
                    [
                        14.01585,
                        56.96911
                    ],
                    [
                        14.01609,
                        56.96937
                    ],
                    [
                        14.0163,
                        56.96959
                    ],
                    [
                        14.01686,
                        56.97025
                    ],
                    [
                        14.01724,
                        56.97076
                    ],
                    [
                        14.01753,
                        56.97121
                    ],
                    [
                        14.01789,
                        56.97183
                    ],
                    [
                        14.01821,
                        56.97247
                    ],
                    [
                        14.01846,
                        56.9731
                    ],
                    [
                        14.01862,
                        56.97366
                    ],
                    [
                        14.01876,
                        56.97429
                    ],
                    [
                        14.01885,
                        56.97492
                    ],
                    [
                        14.01887,
                        56.97557
                    ],
                    [
                        14.01886,
                        56.97606
                    ],
                    [
                        14.0188,
                        56.97683
                    ],
                    [
                        14.01871,
                        56.97811
                    ],
                    [
                        14.01861,
                        56.97942
                    ],
                    [
                        14.01854,
                        56.98098
                    ],
                    [
                        14.01855,
                        56.98163
                    ],
                    [
                        14.01859,
                        56.98218
                    ],
                    [
                        14.01867,
                        56.98278
                    ],
                    [
                        14.01879,
                        56.98329
                    ],
                    [
                        14.01894,
                        56.9838
                    ],
                    [
                        14.0191,
                        56.98423
                    ],
                    [
                        14.01931,
                        56.98474
                    ],
                    [
                        14.0195,
                        56.98513
                    ],
                    [
                        14.01974,
                        56.98554
                    ],
                    [
                        14.02005,
                        56.98604
                    ],
                    [
                        14.02053,
                        56.98674
                    ],
                    [
                        14.02109,
                        56.98755
                    ],
                    [
                        14.02269,
                        56.98986
                    ],
                    [
                        14.02339,
                        56.99086
                    ],
                    [
                        14.02407,
                        56.99176
                    ],
                    [
                        14.02467,
                        56.99253
                    ],
                    [
                        14.02508,
                        56.99301
                    ],
                    [
                        14.02556,
                        56.99357
                    ],
                    [
                        14.02631,
                        56.99435
                    ],
                    [
                        14.02683,
                        56.99487
                    ],
                    [
                        14.02747,
                        56.99547
                    ],
                    [
                        14.02886,
                        56.99668
                    ],
                    [
                        14.03,
                        56.99766
                    ],
                    [
                        14.03185,
                        56.99926
                    ],
                    [
                        14.03266,
                        57.00002
                    ],
                    [
                        14.03318,
                        57.00053
                    ],
                    [
                        14.03395,
                        57.00132
                    ],
                    [
                        14.03449,
                        57.00194
                    ],
                    [
                        14.03506,
                        57.00264
                    ],
                    [
                        14.03557,
                        57.00329
                    ],
                    [
                        14.03604,
                        57.00396
                    ],
                    [
                        14.03652,
                        57.00468
                    ],
                    [
                        14.03695,
                        57.00542
                    ],
                    [
                        14.03736,
                        57.00616
                    ],
                    [
                        14.03771,
                        57.00689
                    ],
                    [
                        14.03798,
                        57.00752
                    ],
                    [
                        14.03828,
                        57.00832
                    ],
                    [
                        14.03854,
                        57.00912
                    ],
                    [
                        14.03876,
                        57.01
                    ],
                    [
                        14.03895,
                        57.01092
                    ],
                    [
                        14.03929,
                        57.01305
                    ],
                    [
                        14.03947,
                        57.01402
                    ],
                    [
                        14.03969,
                        57.01494
                    ],
                    [
                        14.03994,
                        57.01582
                    ],
                    [
                        14.04015,
                        57.01641
                    ],
                    [
                        14.04038,
                        57.017
                    ],
                    [
                        14.04058,
                        57.01748
                    ],
                    [
                        14.04087,
                        57.01809
                    ],
                    [
                        14.04114,
                        57.01862
                    ],
                    [
                        14.04126,
                        57.01885
                    ],
                    [
                        14.04156,
                        57.01939
                    ],
                    [
                        14.04187,
                        57.01992
                    ],
                    [
                        14.04243,
                        57.02084
                    ],
                    [
                        14.04295,
                        57.02168
                    ],
                    [
                        14.04398,
                        57.02335
                    ],
                    [
                        14.04512,
                        57.0252
                    ],
                    [
                        14.04537,
                        57.02557
                    ],
                    [
                        14.04625,
                        57.027
                    ],
                    [
                        14.04699,
                        57.02823
                    ],
                    [
                        14.04777,
                        57.02948
                    ],
                    [
                        14.04876,
                        57.03108
                    ],
                    [
                        14.04902,
                        57.0315
                    ],
                    [
                        14.04974,
                        57.03274
                    ],
                    [
                        14.05056,
                        57.03429
                    ],
                    [
                        14.05091,
                        57.03499
                    ],
                    [
                        14.05139,
                        57.03602
                    ],
                    [
                        14.0516,
                        57.03648
                    ],
                    [
                        14.052,
                        57.03744
                    ],
                    [
                        14.05244,
                        57.03855
                    ],
                    [
                        14.0526,
                        57.03898
                    ],
                    [
                        14.05278,
                        57.03949
                    ],
                    [
                        14.05348,
                        57.04135
                    ],
                    [
                        14.05386,
                        57.04227
                    ],
                    [
                        14.0543,
                        57.04329
                    ],
                    [
                        14.05512,
                        57.04502
                    ],
                    [
                        14.05607,
                        57.04683
                    ],
                    [
                        14.05629,
                        57.04722
                    ],
                    [
                        14.05702,
                        57.04842
                    ],
                    [
                        14.05798,
                        57.04984
                    ],
                    [
                        14.05873,
                        57.05084
                    ],
                    [
                        14.05998,
                        57.05248
                    ],
                    [
                        14.06111,
                        57.05401
                    ],
                    [
                        14.06188,
                        57.05521
                    ],
                    [
                        14.06261,
                        57.05653
                    ],
                    [
                        14.0632,
                        57.05774
                    ],
                    [
                        14.06376,
                        57.05914
                    ],
                    [
                        14.06419,
                        57.06052
                    ],
                    [
                        14.06451,
                        57.06204
                    ],
                    [
                        14.0647,
                        57.06362
                    ],
                    [
                        14.06472,
                        57.06503
                    ],
                    [
                        14.06461,
                        57.06635
                    ],
                    [
                        14.06442,
                        57.06745
                    ],
                    [
                        14.06423,
                        57.06833
                    ],
                    [
                        14.06378,
                        57.06989
                    ],
                    [
                        14.06335,
                        57.07155
                    ],
                    [
                        14.06307,
                        57.07291
                    ],
                    [
                        14.06286,
                        57.07427
                    ],
                    [
                        14.06276,
                        57.07512
                    ],
                    [
                        14.0627,
                        57.0758
                    ],
                    [
                        14.06263,
                        57.07712
                    ],
                    [
                        14.06265,
                        57.07828
                    ],
                    [
                        14.06273,
                        57.07941
                    ],
                    [
                        14.063,
                        57.08103
                    ],
                    [
                        14.06338,
                        57.08246
                    ],
                    [
                        14.06386,
                        57.08389
                    ],
                    [
                        14.06438,
                        57.0853
                    ],
                    [
                        14.0648,
                        57.08655
                    ],
                    [
                        14.06519,
                        57.08796
                    ],
                    [
                        14.0655,
                        57.08941
                    ],
                    [
                        14.06573,
                        57.09087
                    ],
                    [
                        14.06585,
                        57.09209
                    ],
                    [
                        14.06591,
                        57.09366
                    ],
                    [
                        14.06588,
                        57.0952
                    ],
                    [
                        14.06578,
                        57.09652
                    ],
                    [
                        14.06556,
                        57.0981
                    ],
                    [
                        14.06528,
                        57.09948
                    ],
                    [
                        14.06491,
                        57.10091
                    ],
                    [
                        14.06451,
                        57.1022
                    ],
                    [
                        14.06403,
                        57.10346
                    ],
                    [
                        14.06353,
                        57.10467
                    ],
                    [
                        14.06266,
                        57.10664
                    ],
                    [
                        14.06201,
                        57.10815
                    ],
                    [
                        14.06146,
                        57.10948
                    ],
                    [
                        14.06103,
                        57.11065
                    ],
                    [
                        14.0606,
                        57.11199
                    ],
                    [
                        14.06026,
                        57.1133
                    ],
                    [
                        14.05998,
                        57.11461
                    ],
                    [
                        14.05974,
                        57.11611
                    ],
                    [
                        14.05956,
                        57.11775
                    ],
                    [
                        14.0595,
                        57.11946
                    ],
                    [
                        14.05951,
                        57.12095
                    ],
                    [
                        14.05962,
                        57.12234
                    ],
                    [
                        14.05983,
                        57.12397
                    ],
                    [
                        14.06011,
                        57.12553
                    ],
                    [
                        14.06053,
                        57.1275
                    ],
                    [
                        14.06134,
                        57.13122
                    ],
                    [
                        14.06174,
                        57.13308
                    ],
                    [
                        14.06216,
                        57.13502
                    ],
                    [
                        14.06259,
                        57.13678
                    ],
                    [
                        14.06288,
                        57.13773
                    ],
                    [
                        14.0632,
                        57.13864
                    ],
                    [
                        14.06388,
                        57.14022
                    ],
                    [
                        14.06458,
                        57.14159
                    ],
                    [
                        14.06537,
                        57.14292
                    ],
                    [
                        14.06655,
                        57.14478
                    ],
                    [
                        14.06947,
                        57.14934
                    ],
                    [
                        14.06996,
                        57.15012
                    ],
                    [
                        14.0703,
                        57.15074
                    ],
                    [
                        14.07056,
                        57.1513
                    ],
                    [
                        14.07078,
                        57.15184
                    ],
                    [
                        14.07093,
                        57.1523
                    ],
                    [
                        14.07105,
                        57.15277
                    ],
                    [
                        14.07115,
                        57.15324
                    ],
                    [
                        14.07121,
                        57.15372
                    ],
                    [
                        14.07124,
                        57.15443
                    ],
                    [
                        14.07126,
                        57.15484
                    ],
                    [
                        14.07127,
                        57.15528
                    ],
                    [
                        14.07128,
                        57.15632
                    ],
                    [
                        14.07131,
                        57.15735
                    ],
                    [
                        14.07135,
                        57.15974
                    ],
                    [
                        14.07138,
                        57.1609
                    ],
                    [
                        14.07144,
                        57.16243
                    ],
                    [
                        14.07152,
                        57.16329
                    ],
                    [
                        14.07157,
                        57.1636
                    ],
                    [
                        14.07165,
                        57.16407
                    ],
                    [
                        14.07186,
                        57.16508
                    ],
                    [
                        14.07194,
                        57.16538
                    ],
                    [
                        14.07222,
                        57.16633
                    ],
                    [
                        14.07261,
                        57.16746
                    ],
                    [
                        14.07302,
                        57.16842
                    ],
                    [
                        14.07325,
                        57.16891
                    ],
                    [
                        14.07373,
                        57.16982
                    ],
                    [
                        14.07412,
                        57.17051
                    ],
                    [
                        14.07477,
                        57.17156
                    ],
                    [
                        14.07571,
                        57.17304
                    ],
                    [
                        14.07672,
                        57.17464
                    ],
                    [
                        14.07757,
                        57.17601
                    ],
                    [
                        14.07845,
                        57.17745
                    ],
                    [
                        14.07922,
                        57.17893
                    ],
                    [
                        14.07985,
                        57.18029
                    ],
                    [
                        14.08034,
                        57.18159
                    ],
                    [
                        14.08041,
                        57.18176
                    ],
                    [
                        14.08085,
                        57.18319
                    ],
                    [
                        14.08112,
                        57.18431
                    ],
                    [
                        14.08133,
                        57.18541
                    ],
                    [
                        14.08152,
                        57.18671
                    ],
                    [
                        14.08159,
                        57.18769
                    ],
                    [
                        14.08162,
                        57.18875
                    ],
                    [
                        14.08164,
                        57.19007
                    ],
                    [
                        14.08165,
                        57.19318
                    ],
                    [
                        14.08166,
                        57.19556
                    ],
                    [
                        14.08166,
                        57.19671
                    ],
                    [
                        14.08167,
                        57.19819
                    ],
                    [
                        14.0817,
                        57.19971
                    ],
                    [
                        14.08179,
                        57.20139
                    ],
                    [
                        14.08191,
                        57.20249
                    ],
                    [
                        14.08206,
                        57.20365
                    ],
                    [
                        14.08225,
                        57.20488
                    ],
                    [
                        14.0824,
                        57.20564
                    ],
                    [
                        14.08259,
                        57.2066
                    ],
                    [
                        14.08301,
                        57.20836
                    ],
                    [
                        14.08347,
                        57.21018
                    ],
                    [
                        14.0839,
                        57.21182
                    ],
                    [
                        14.08416,
                        57.21298
                    ],
                    [
                        14.08425,
                        57.21381
                    ],
                    [
                        14.08426,
                        57.21438
                    ],
                    [
                        14.08422,
                        57.21516
                    ],
                    [
                        14.0841,
                        57.21587
                    ],
                    [
                        14.08384,
                        57.2169
                    ],
                    [
                        14.08355,
                        57.21763
                    ],
                    [
                        14.08111,
                        57.22295
                    ],
                    [
                        14.07956,
                        57.22631
                    ],
                    [
                        14.07876,
                        57.22807
                    ],
                    [
                        14.07819,
                        57.22947
                    ],
                    [
                        14.07774,
                        57.23092
                    ],
                    [
                        14.07748,
                        57.2322
                    ],
                    [
                        14.07731,
                        57.23361
                    ],
                    [
                        14.07727,
                        57.23499
                    ],
                    [
                        14.07738,
                        57.23636
                    ],
                    [
                        14.07758,
                        57.2376
                    ],
                    [
                        14.07789,
                        57.2388
                    ],
                    [
                        14.07842,
                        57.24041
                    ],
                    [
                        14.07892,
                        57.24179
                    ],
                    [
                        14.07954,
                        57.24352
                    ],
                    [
                        14.0797,
                        57.24395
                    ],
                    [
                        14.08027,
                        57.24557
                    ],
                    [
                        14.08087,
                        57.24725
                    ],
                    [
                        14.08153,
                        57.24916
                    ],
                    [
                        14.08185,
                        57.25021
                    ],
                    [
                        14.08215,
                        57.25126
                    ],
                    [
                        14.08252,
                        57.25283
                    ],
                    [
                        14.08263,
                        57.25336
                    ],
                    [
                        14.08269,
                        57.2537
                    ],
                    [
                        14.08289,
                        57.25496
                    ],
                    [
                        14.08313,
                        57.25696
                    ],
                    [
                        14.08324,
                        57.25866
                    ],
                    [
                        14.08326,
                        57.25994
                    ],
                    [
                        14.08325,
                        57.26093
                    ],
                    [
                        14.08318,
                        57.26229
                    ],
                    [
                        14.08298,
                        57.26594
                    ],
                    [
                        14.08293,
                        57.26682
                    ],
                    [
                        14.08283,
                        57.26857
                    ],
                    [
                        14.08269,
                        57.27088
                    ],
                    [
                        14.08259,
                        57.27262
                    ],
                    [
                        14.08251,
                        57.27429
                    ],
                    [
                        14.0825,
                        57.276
                    ],
                    [
                        14.08263,
                        57.2782
                    ],
                    [
                        14.08282,
                        57.27987
                    ],
                    [
                        14.08316,
                        57.28182
                    ],
                    [
                        14.08357,
                        57.28369
                    ],
                    [
                        14.08407,
                        57.28548
                    ],
                    [
                        14.08467,
                        57.28727
                    ],
                    [
                        14.08493,
                        57.28796
                    ],
                    [
                        14.08532,
                        57.28894
                    ],
                    [
                        14.08616,
                        57.29085
                    ],
                    [
                        14.08692,
                        57.29239
                    ],
                    [
                        14.08762,
                        57.29377
                    ],
                    [
                        14.08877,
                        57.2961
                    ],
                    [
                        14.08992,
                        57.29842
                    ],
                    [
                        14.09095,
                        57.30062
                    ],
                    [
                        14.09127,
                        57.30133
                    ],
                    [
                        14.09203,
                        57.30309
                    ],
                    [
                        14.09351,
                        57.30662
                    ],
                    [
                        14.09438,
                        57.30871
                    ],
                    [
                        14.09582,
                        57.31211
                    ],
                    [
                        14.09641,
                        57.3135
                    ],
                    [
                        14.09724,
                        57.31548
                    ],
                    [
                        14.09774,
                        57.31666
                    ],
                    [
                        14.09816,
                        57.31766
                    ],
                    [
                        14.09884,
                        57.31927
                    ],
                    [
                        14.09948,
                        57.32082
                    ],
                    [
                        14.0996,
                        57.32111
                    ],
                    [
                        14.10018,
                        57.32269
                    ],
                    [
                        14.10058,
                        57.3243
                    ],
                    [
                        14.10072,
                        57.32519
                    ],
                    [
                        14.10084,
                        57.3261
                    ],
                    [
                        14.10124,
                        57.32944
                    ],
                    [
                        14.1017,
                        57.33334
                    ],
                    [
                        14.10213,
                        57.33689
                    ],
                    [
                        14.10224,
                        57.33778
                    ],
                    [
                        14.1023,
                        57.33823
                    ],
                    [
                        14.10254,
                        57.34034
                    ],
                    [
                        14.10279,
                        57.34231
                    ],
                    [
                        14.10296,
                        57.34325
                    ],
                    [
                        14.10319,
                        57.34436
                    ],
                    [
                        14.10342,
                        57.34527
                    ],
                    [
                        14.10377,
                        57.3464
                    ],
                    [
                        14.10413,
                        57.34755
                    ],
                    [
                        14.10477,
                        57.34961
                    ],
                    [
                        14.10496,
                        57.35028
                    ],
                    [
                        14.10524,
                        57.35124
                    ],
                    [
                        14.10548,
                        57.3522
                    ],
                    [
                        14.10559,
                        57.35271
                    ],
                    [
                        14.10568,
                        57.35314
                    ],
                    [
                        14.10588,
                        57.35442
                    ],
                    [
                        14.10606,
                        57.35616
                    ],
                    [
                        14.10609,
                        57.35775
                    ],
                    [
                        14.10598,
                        57.35945
                    ],
                    [
                        14.10581,
                        57.36048
                    ],
                    [
                        14.10557,
                        57.3615
                    ],
                    [
                        14.10516,
                        57.36285
                    ],
                    [
                        14.10459,
                        57.36459
                    ],
                    [
                        14.10329,
                        57.36862
                    ],
                    [
                        14.10265,
                        57.37059
                    ],
                    [
                        14.10202,
                        57.37255
                    ],
                    [
                        14.10148,
                        57.37431
                    ],
                    [
                        14.10107,
                        57.37607
                    ],
                    [
                        14.10079,
                        57.37782
                    ],
                    [
                        14.10054,
                        57.37974
                    ],
                    [
                        14.10039,
                        57.38105
                    ],
                    [
                        14.10035,
                        57.38142
                    ],
                    [
                        14.10019,
                        57.38314
                    ],
                    [
                        14.10006,
                        57.38478
                    ],
                    [
                        14.09995,
                        57.38669
                    ],
                    [
                        14.09984,
                        57.39042
                    ],
                    [
                        14.09984,
                        57.39198
                    ],
                    [
                        14.09986,
                        57.39392
                    ],
                    [
                        14.09991,
                        57.39538
                    ],
                    [
                        14.10001,
                        57.39728
                    ],
                    [
                        14.10013,
                        57.39905
                    ],
                    [
                        14.10028,
                        57.40078
                    ],
                    [
                        14.10046,
                        57.40247
                    ],
                    [
                        14.10066,
                        57.40414
                    ],
                    [
                        14.10096,
                        57.4062
                    ],
                    [
                        14.10141,
                        57.40922
                    ],
                    [
                        14.10147,
                        57.40968
                    ],
                    [
                        14.10161,
                        57.41074
                    ],
                    [
                        14.10169,
                        57.41184
                    ],
                    [
                        14.1017,
                        57.41315
                    ],
                    [
                        14.10165,
                        57.41409
                    ],
                    [
                        14.10155,
                        57.4153
                    ],
                    [
                        14.1015,
                        57.41587
                    ],
                    [
                        14.10142,
                        57.41685
                    ],
                    [
                        14.10146,
                        57.41756
                    ],
                    [
                        14.10153,
                        57.41802
                    ],
                    [
                        14.10165,
                        57.41848
                    ],
                    [
                        14.10186,
                        57.41924
                    ],
                    [
                        14.10207,
                        57.41973
                    ],
                    [
                        14.10236,
                        57.42029
                    ],
                    [
                        14.10331,
                        57.42193
                    ],
                    [
                        14.10365,
                        57.42263
                    ],
                    [
                        14.10391,
                        57.42329
                    ],
                    [
                        14.10414,
                        57.42401
                    ],
                    [
                        14.10425,
                        57.42451
                    ],
                    [
                        14.10436,
                        57.42522
                    ],
                    [
                        14.1044,
                        57.42583
                    ],
                    [
                        14.10438,
                        57.42682
                    ],
                    [
                        14.10435,
                        57.42752
                    ],
                    [
                        14.10432,
                        57.42783
                    ],
                    [
                        14.10428,
                        57.42823
                    ],
                    [
                        14.10419,
                        57.42919
                    ],
                    [
                        14.10398,
                        57.43054
                    ],
                    [
                        14.10372,
                        57.43171
                    ],
                    [
                        14.10344,
                        57.43261
                    ],
                    [
                        14.10292,
                        57.43417
                    ],
                    [
                        14.10235,
                        57.43585
                    ],
                    [
                        14.10162,
                        57.43801
                    ],
                    [
                        14.10142,
                        57.43863
                    ],
                    [
                        14.10091,
                        57.44014
                    ],
                    [
                        14.10035,
                        57.44201
                    ],
                    [
                        14.09985,
                        57.44381
                    ],
                    [
                        14.09934,
                        57.44599
                    ],
                    [
                        14.09903,
                        57.44748
                    ],
                    [
                        14.09869,
                        57.44942
                    ],
                    [
                        14.09853,
                        57.45055
                    ],
                    [
                        14.09831,
                        57.45235
                    ],
                    [
                        14.09826,
                        57.4529
                    ],
                    [
                        14.0982,
                        57.45355
                    ],
                    [
                        14.09817,
                        57.4539
                    ],
                    [
                        14.09805,
                        57.45557
                    ],
                    [
                        14.09802,
                        57.45642
                    ],
                    [
                        14.09798,
                        57.45834
                    ],
                    [
                        14.09797,
                        57.45979
                    ],
                    [
                        14.098,
                        57.46131
                    ],
                    [
                        14.09809,
                        57.46356
                    ],
                    [
                        14.0982,
                        57.46503
                    ],
                    [
                        14.09831,
                        57.46627
                    ],
                    [
                        14.09849,
                        57.46794
                    ],
                    [
                        14.09875,
                        57.46987
                    ],
                    [
                        14.09898,
                        57.47131
                    ],
                    [
                        14.09921,
                        57.47257
                    ],
                    [
                        14.09944,
                        57.47361
                    ],
                    [
                        14.09952,
                        57.47398
                    ],
                    [
                        14.09986,
                        57.47538
                    ],
                    [
                        14.10011,
                        57.47629
                    ],
                    [
                        14.1004,
                        57.4773
                    ],
                    [
                        14.10107,
                        57.47937
                    ],
                    [
                        14.10184,
                        57.4815
                    ],
                    [
                        14.10269,
                        57.48382
                    ],
                    [
                        14.10342,
                        57.48591
                    ],
                    [
                        14.10419,
                        57.48822
                    ],
                    [
                        14.1046,
                        57.48956
                    ],
                    [
                        14.10492,
                        57.49065
                    ],
                    [
                        14.10523,
                        57.4917
                    ],
                    [
                        14.10557,
                        57.49297
                    ],
                    [
                        14.10583,
                        57.49398
                    ],
                    [
                        14.10617,
                        57.49529
                    ],
                    [
                        14.10653,
                        57.49684
                    ],
                    [
                        14.10697,
                        57.49889
                    ],
                    [
                        14.10764,
                        57.50225
                    ],
                    [
                        14.10834,
                        57.50585
                    ],
                    [
                        14.10876,
                        57.50763
                    ],
                    [
                        14.10917,
                        57.50913
                    ],
                    [
                        14.10984,
                        57.51117
                    ],
                    [
                        14.11024,
                        57.51226
                    ],
                    [
                        14.11033,
                        57.5125
                    ],
                    [
                        14.11111,
                        57.51437
                    ],
                    [
                        14.11173,
                        57.51571
                    ],
                    [
                        14.11246,
                        57.51715
                    ],
                    [
                        14.113,
                        57.51816
                    ],
                    [
                        14.11392,
                        57.51977
                    ],
                    [
                        14.11499,
                        57.52147
                    ],
                    [
                        14.11567,
                        57.52248
                    ],
                    [
                        14.11697,
                        57.52431
                    ],
                    [
                        14.11849,
                        57.52631
                    ],
                    [
                        14.11969,
                        57.52786
                    ],
                    [
                        14.11988,
                        57.52812
                    ],
                    [
                        14.12057,
                        57.52912
                    ],
                    [
                        14.12145,
                        57.53048
                    ],
                    [
                        14.12252,
                        57.53238
                    ],
                    [
                        14.12298,
                        57.53333
                    ],
                    [
                        14.12342,
                        57.53429
                    ],
                    [
                        14.12382,
                        57.53523
                    ],
                    [
                        14.12439,
                        57.53654
                    ],
                    [
                        14.12494,
                        57.53785
                    ],
                    [
                        14.12562,
                        57.53933
                    ],
                    [
                        14.12627,
                        57.54062
                    ],
                    [
                        14.12717,
                        57.54226
                    ],
                    [
                        14.12806,
                        57.54372
                    ],
                    [
                        14.12891,
                        57.54504
                    ],
                    [
                        14.13006,
                        57.54667
                    ],
                    [
                        14.13123,
                        57.54821
                    ],
                    [
                        14.1326,
                        57.54988
                    ],
                    [
                        14.13388,
                        57.55132
                    ],
                    [
                        14.13569,
                        57.55321
                    ],
                    [
                        14.13668,
                        57.55418
                    ],
                    [
                        14.13783,
                        57.55526
                    ],
                    [
                        14.13837,
                        57.55576
                    ],
                    [
                        14.13933,
                        57.55664
                    ],
                    [
                        14.14085,
                        57.55806
                    ],
                    [
                        14.14182,
                        57.55904
                    ],
                    [
                        14.14291,
                        57.56026
                    ],
                    [
                        14.14404,
                        57.56163
                    ],
                    [
                        14.14513,
                        57.56313
                    ],
                    [
                        14.14562,
                        57.5639
                    ],
                    [
                        14.14627,
                        57.56498
                    ],
                    [
                        14.14681,
                        57.566
                    ],
                    [
                        14.14736,
                        57.56713
                    ],
                    [
                        14.14783,
                        57.5683
                    ],
                    [
                        14.14826,
                        57.56954
                    ],
                    [
                        14.1487,
                        57.57122
                    ],
                    [
                        14.14892,
                        57.57233
                    ],
                    [
                        14.14899,
                        57.5728
                    ],
                    [
                        14.14917,
                        57.57452
                    ],
                    [
                        14.14934,
                        57.57624
                    ],
                    [
                        14.14953,
                        57.57796
                    ],
                    [
                        14.14979,
                        57.57934
                    ],
                    [
                        14.15008,
                        57.58047
                    ],
                    [
                        14.15063,
                        57.58212
                    ],
                    [
                        14.15122,
                        57.58358
                    ],
                    [
                        14.15185,
                        57.58496
                    ],
                    [
                        14.1526,
                        57.58641
                    ],
                    [
                        14.15379,
                        57.58842
                    ],
                    [
                        14.1539,
                        57.58859
                    ],
                    [
                        14.15454,
                        57.58956
                    ],
                    [
                        14.15537,
                        57.59071
                    ],
                    [
                        14.15592,
                        57.59144
                    ],
                    [
                        14.15664,
                        57.59234
                    ],
                    [
                        14.1575,
                        57.59336
                    ],
                    [
                        14.15869,
                        57.59468
                    ],
                    [
                        14.15932,
                        57.59534
                    ],
                    [
                        14.16001,
                        57.59603
                    ],
                    [
                        14.16077,
                        57.59675
                    ],
                    [
                        14.16149,
                        57.59743
                    ],
                    [
                        14.16196,
                        57.59789
                    ],
                    [
                        14.16351,
                        57.59936
                    ],
                    [
                        14.16476,
                        57.60055
                    ],
                    [
                        14.16598,
                        57.6017
                    ],
                    [
                        14.16734,
                        57.60305
                    ],
                    [
                        14.16854,
                        57.60431
                    ],
                    [
                        14.16995,
                        57.60593
                    ],
                    [
                        14.17107,
                        57.60731
                    ],
                    [
                        14.172,
                        57.60855
                    ],
                    [
                        14.17312,
                        57.61018
                    ],
                    [
                        14.1741,
                        57.61171
                    ],
                    [
                        14.17503,
                        57.61318
                    ],
                    [
                        14.1761,
                        57.61482
                    ],
                    [
                        14.17725,
                        57.61653
                    ],
                    [
                        14.17884,
                        57.61881
                    ],
                    [
                        14.17917,
                        57.61927
                    ],
                    [
                        14.18108,
                        57.62186
                    ],
                    [
                        14.1812,
                        57.62203
                    ],
                    [
                        14.18179,
                        57.62281
                    ],
                    [
                        14.18231,
                        57.62351
                    ],
                    [
                        14.18349,
                        57.62518
                    ],
                    [
                        14.18393,
                        57.62587
                    ],
                    [
                        14.18451,
                        57.6268
                    ],
                    [
                        14.1851,
                        57.62783
                    ],
                    [
                        14.18577,
                        57.62908
                    ],
                    [
                        14.1866,
                        57.63085
                    ],
                    [
                        14.18707,
                        57.632
                    ],
                    [
                        14.18716,
                        57.63224
                    ],
                    [
                        14.18735,
                        57.63276
                    ],
                    [
                        14.18773,
                        57.63377
                    ],
                    [
                        14.18789,
                        57.63429
                    ],
                    [
                        14.18801,
                        57.6348
                    ],
                    [
                        14.18836,
                        57.63614
                    ],
                    [
                        14.18868,
                        57.63768
                    ],
                    [
                        14.18883,
                        57.63858
                    ],
                    [
                        14.18895,
                        57.63953
                    ],
                    [
                        14.18905,
                        57.64111
                    ],
                    [
                        14.18905,
                        57.64207
                    ],
                    [
                        14.18904,
                        57.64273
                    ],
                    [
                        14.18899,
                        57.64401
                    ],
                    [
                        14.18893,
                        57.64528
                    ],
                    [
                        14.18876,
                        57.64658
                    ],
                    [
                        14.1886,
                        57.64732
                    ],
                    [
                        14.18841,
                        57.64805
                    ],
                    [
                        14.18833,
                        57.6483
                    ],
                    [
                        14.18822,
                        57.64866
                    ],
                    [
                        14.18794,
                        57.64935
                    ],
                    [
                        14.18748,
                        57.65035
                    ],
                    [
                        14.18706,
                        57.65113
                    ],
                    [
                        14.1866,
                        57.65187
                    ],
                    [
                        14.18605,
                        57.65267
                    ],
                    [
                        14.18533,
                        57.65363
                    ],
                    [
                        14.18394,
                        57.65556
                    ],
                    [
                        14.18281,
                        57.65714
                    ],
                    [
                        14.18167,
                        57.65881
                    ],
                    [
                        14.18077,
                        57.66026
                    ],
                    [
                        14.18054,
                        57.66064
                    ],
                    [
                        14.17995,
                        57.66162
                    ],
                    [
                        14.17892,
                        57.66338
                    ],
                    [
                        14.17811,
                        57.66477
                    ],
                    [
                        14.1772,
                        57.66632
                    ],
                    [
                        14.17659,
                        57.66726
                    ],
                    [
                        14.17602,
                        57.66815
                    ],
                    [
                        14.17453,
                        57.67029
                    ],
                    [
                        14.17327,
                        57.67197
                    ],
                    [
                        14.1723,
                        57.67321
                    ],
                    [
                        14.17101,
                        57.67478
                    ],
                    [
                        14.16966,
                        57.67642
                    ],
                    [
                        14.1684,
                        57.67793
                    ],
                    [
                        14.16693,
                        57.67971
                    ],
                    [
                        14.16557,
                        57.68136
                    ],
                    [
                        14.16451,
                        57.68264
                    ],
                    [
                        14.16302,
                        57.6845
                    ],
                    [
                        14.16225,
                        57.68554
                    ],
                    [
                        14.16206,
                        57.68581
                    ],
                    [
                        14.16128,
                        57.687
                    ],
                    [
                        14.16075,
                        57.68787
                    ],
                    [
                        14.16028,
                        57.68869
                    ],
                    [
                        14.15967,
                        57.68986
                    ],
                    [
                        14.15927,
                        57.69075
                    ],
                    [
                        14.1591,
                        57.69111
                    ],
                    [
                        14.15893,
                        57.69149
                    ],
                    [
                        14.15849,
                        57.69259
                    ],
                    [
                        14.1581,
                        57.69367
                    ],
                    [
                        14.15775,
                        57.6948
                    ],
                    [
                        14.15745,
                        57.69612
                    ],
                    [
                        14.15726,
                        57.69696
                    ],
                    [
                        14.15711,
                        57.69787
                    ],
                    [
                        14.15697,
                        57.69902
                    ],
                    [
                        14.15694,
                        57.69947
                    ],
                    [
                        14.15686,
                        57.70139
                    ],
                    [
                        14.15691,
                        57.70289
                    ],
                    [
                        14.15699,
                        57.70395
                    ],
                    [
                        14.15723,
                        57.70557
                    ],
                    [
                        14.15752,
                        57.70705
                    ],
                    [
                        14.15783,
                        57.7082
                    ],
                    [
                        14.15836,
                        57.70986
                    ],
                    [
                        14.15909,
                        57.71176
                    ],
                    [
                        14.15976,
                        57.71348
                    ],
                    [
                        14.16037,
                        57.71504
                    ],
                    [
                        14.16067,
                        57.7159
                    ],
                    [
                        14.1609,
                        57.71664
                    ],
                    [
                        14.16106,
                        57.71735
                    ],
                    [
                        14.1612,
                        57.71856
                    ],
                    [
                        14.1612,
                        57.71938
                    ],
                    [
                        14.16114,
                        57.72023
                    ],
                    [
                        14.16102,
                        57.72098
                    ],
                    [
                        14.1607,
                        57.7222
                    ],
                    [
                        14.16039,
                        57.72302
                    ],
                    [
                        14.15995,
                        57.72395
                    ],
                    [
                        14.15914,
                        57.72544
                    ],
                    [
                        14.1587,
                        57.72633
                    ],
                    [
                        14.15841,
                        57.72705
                    ],
                    [
                        14.15826,
                        57.72753
                    ],
                    [
                        14.15807,
                        57.72821
                    ],
                    [
                        14.15793,
                        57.72894
                    ],
                    [
                        14.15784,
                        57.72978
                    ],
                    [
                        14.15781,
                        57.73067
                    ],
                    [
                        14.15788,
                        57.73151
                    ],
                    [
                        14.15823,
                        57.73493
                    ],
                    [
                        14.15844,
                        57.73696
                    ],
                    [
                        14.15862,
                        57.73876
                    ],
                    [
                        14.15867,
                        57.7392
                    ],
                    [
                        14.15879,
                        57.74045
                    ],
                    [
                        14.15895,
                        57.74191
                    ],
                    [
                        14.15908,
                        57.74334
                    ],
                    [
                        14.15914,
                        57.74476
                    ],
                    [
                        14.15914,
                        57.74567
                    ],
                    [
                        14.15906,
                        57.7468
                    ],
                    [
                        14.159,
                        57.74729
                    ],
                    [
                        14.15882,
                        57.74876
                    ],
                    [
                        14.15869,
                        57.74942
                    ],
                    [
                        14.15856,
                        57.75006
                    ],
                    [
                        14.1584,
                        57.75068
                    ],
                    [
                        14.15823,
                        57.75127
                    ],
                    [
                        14.15738,
                        57.75389
                    ],
                    [
                        14.15738,
                        57.75389
                    ],
                    [
                        14.15737,
                        57.75457
                    ],
                    [
                        14.1574,
                        57.75493
                    ],
                    [
                        14.15755,
                        57.75538
                    ],
                    [
                        14.15777,
                        57.75584
                    ],
                    [
                        14.158,
                        57.75618
                    ],
                    [
                        14.15832,
                        57.75655
                    ],
                    [
                        14.15874,
                        57.75694
                    ],
                    [
                        14.15937,
                        57.75739
                    ],
                    [
                        14.16006,
                        57.75776
                    ],
                    [
                        14.16082,
                        57.7581
                    ],
                    [
                        14.16145,
                        57.75832
                    ],
                    [
                        14.16214,
                        57.75851
                    ],
                    [
                        14.16288,
                        57.75867
                    ],
                    [
                        14.16335,
                        57.75875
                    ],
                    [
                        14.16425,
                        57.75888
                    ],
                    [
                        14.16496,
                        57.75895
                    ],
                    [
                        14.16631,
                        57.75904
                    ],
                    [
                        14.1672,
                        57.7591
                    ],
                    [
                        14.16931,
                        57.75924
                    ],
                    [
                        14.17099,
                        57.75935
                    ],
                    [
                        14.17528,
                        57.75964
                    ],
                    [
                        14.17871,
                        57.75988
                    ],
                    [
                        14.18109,
                        57.76002
                    ],
                    [
                        14.18217,
                        57.76011
                    ],
                    [
                        14.18318,
                        57.76023
                    ],
                    [
                        14.18391,
                        57.76035
                    ],
                    [
                        14.18454,
                        57.76049
                    ],
                    [
                        14.18517,
                        57.76066
                    ],
                    [
                        14.18569,
                        57.76083
                    ],
                    [
                        14.18632,
                        57.76107
                    ],
                    [
                        14.18673,
                        57.76126
                    ],
                    [
                        14.18728,
                        57.76156
                    ],
                    [
                        14.18758,
                        57.76174
                    ],
                    [
                        14.18791,
                        57.76197
                    ],
                    [
                        14.18835,
                        57.76234
                    ],
                    [
                        14.18874,
                        57.76274
                    ],
                    [
                        14.189,
                        57.76308
                    ],
                    [
                        14.1891,
                        57.76324
                    ],
                    [
                        14.18927,
                        57.76357
                    ],
                    [
                        14.18936,
                        57.7638
                    ],
                    [
                        14.18946,
                        57.76417
                    ],
                    [
                        14.18949,
                        57.76438
                    ],
                    [
                        14.18951,
                        57.76472
                    ],
                    [
                        14.18948,
                        57.76518
                    ],
                    [
                        14.18943,
                        57.7655
                    ],
                    [
                        14.18935,
                        57.76606
                    ],
                    [
                        14.18929,
                        57.76653
                    ],
                    [
                        14.18927,
                        57.76698
                    ],
                    [
                        14.18928,
                        57.76734
                    ],
                    [
                        14.1893,
                        57.76754
                    ],
                    [
                        14.18933,
                        57.76777
                    ],
                    [
                        14.18937,
                        57.76802
                    ],
                    [
                        14.18943,
                        57.76823
                    ],
                    [
                        14.18949,
                        57.76846
                    ],
                    [
                        14.18955,
                        57.76864
                    ],
                    [
                        14.18963,
                        57.76885
                    ],
                    [
                        14.18974,
                        57.7691
                    ],
                    [
                        14.18984,
                        57.76933
                    ],
                    [
                        14.18998,
                        57.76957
                    ],
                    [
                        14.19008,
                        57.76974
                    ],
                    [
                        14.19019,
                        57.7699
                    ],
                    [
                        14.19034,
                        57.7701
                    ],
                    [
                        14.19047,
                        57.77025
                    ],
                    [
                        14.19067,
                        57.77047
                    ],
                    [
                        14.19093,
                        57.77069
                    ],
                    [
                        14.19115,
                        57.77088
                    ],
                    [
                        14.19143,
                        57.77108
                    ],
                    [
                        14.19166,
                        57.77123
                    ],
                    [
                        14.19191,
                        57.77138
                    ],
                    [
                        14.19208,
                        57.77147
                    ],
                    [
                        14.19228,
                        57.77158
                    ],
                    [
                        14.19262,
                        57.77175
                    ],
                    [
                        14.19313,
                        57.77198
                    ],
                    [
                        14.19369,
                        57.77222
                    ],
                    [
                        14.19431,
                        57.7725
                    ],
                    [
                        14.19541,
                        57.77296
                    ],
                    [
                        14.19569,
                        57.77307
                    ],
                    [
                        14.19599,
                        57.77318
                    ],
                    [
                        14.19633,
                        57.77329
                    ],
                    [
                        14.19673,
                        57.7734
                    ],
                    [
                        14.19719,
                        57.77351
                    ],
                    [
                        14.19755,
                        57.77359
                    ],
                    [
                        14.19796,
                        57.77366
                    ],
                    [
                        14.19822,
                        57.7737
                    ],
                    [
                        14.19859,
                        57.77375
                    ],
                    [
                        14.19886,
                        57.77378
                    ],
                    [
                        14.19908,
                        57.7738
                    ],
                    [
                        14.19938,
                        57.77382
                    ],
                    [
                        14.19966,
                        57.77384
                    ],
                    [
                        14.19997,
                        57.77385
                    ],
                    [
                        14.20027,
                        57.77386
                    ],
                    [
                        14.20057,
                        57.77386
                    ],
                    [
                        14.20084,
                        57.77385
                    ],
                    [
                        14.20112,
                        57.77384
                    ],
                    [
                        14.20161,
                        57.77381
                    ],
                    [
                        14.20205,
                        57.77378
                    ],
                    [
                        14.20262,
                        57.77375
                    ],
                    [
                        14.20312,
                        57.77373
                    ],
                    [
                        14.20402,
                        57.77373
                    ],
                    [
                        14.20414,
                        57.77373
                    ],
                    [
                        14.20456,
                        57.77375
                    ],
                    [
                        14.205,
                        57.77379
                    ],
                    [
                        14.20545,
                        57.77383
                    ],
                    [
                        14.20595,
                        57.7739
                    ],
                    [
                        14.20636,
                        57.77397
                    ],
                    [
                        14.20707,
                        57.77412
                    ],
                    [
                        14.20746,
                        57.77422
                    ],
                    [
                        14.20818,
                        57.77444
                    ],
                    [
                        14.20849,
                        57.77456
                    ],
                    [
                        14.20881,
                        57.77468
                    ],
                    [
                        14.20946,
                        57.77496
                    ],
                    [
                        14.21022,
                        57.77526
                    ],
                    [
                        14.21053,
                        57.77538
                    ],
                    [
                        14.21106,
                        57.77556
                    ],
                    [
                        14.21142,
                        57.77568
                    ],
                    [
                        14.21174,
                        57.77578
                    ],
                    [
                        14.21221,
                        57.77592
                    ],
                    [
                        14.21386,
                        57.77637
                    ],
                    [
                        14.21529,
                        57.77676
                    ],
                    [
                        14.2162,
                        57.77701
                    ],
                    [
                        14.21656,
                        57.77711
                    ],
                    [
                        14.21773,
                        57.77744
                    ],
                    [
                        14.21876,
                        57.77772
                    ],
                    [
                        14.22006,
                        57.77807
                    ],
                    [
                        14.22097,
                        57.77832
                    ],
                    [
                        14.22318,
                        57.77892
                    ],
                    [
                        14.22428,
                        57.77922
                    ],
                    [
                        14.22582,
                        57.77966
                    ],
                    [
                        14.22645,
                        57.77985
                    ],
                    [
                        14.22684,
                        57.77999
                    ],
                    [
                        14.22757,
                        57.78026
                    ],
                    [
                        14.22815,
                        57.78052
                    ],
                    [
                        14.22877,
                        57.78083
                    ],
                    [
                        14.22984,
                        57.78147
                    ],
                    [
                        14.23038,
                        57.78185
                    ],
                    [
                        14.23099,
                        57.78236
                    ],
                    [
                        14.23208,
                        57.7833
                    ],
                    [
                        14.23347,
                        57.78451
                    ],
                    [
                        14.23411,
                        57.78505
                    ],
                    [
                        14.23442,
                        57.78527
                    ],
                    [
                        14.23459,
                        57.78539
                    ],
                    [
                        14.23512,
                        57.78571
                    ],
                    [
                        14.23537,
                        57.78585
                    ],
                    [
                        14.23563,
                        57.78599
                    ],
                    [
                        14.23615,
                        57.78624
                    ],
                    [
                        14.23657,
                        57.78642
                    ],
                    [
                        14.23716,
                        57.78665
                    ],
                    [
                        14.23782,
                        57.78686
                    ],
                    [
                        14.23851,
                        57.78706
                    ],
                    [
                        14.23919,
                        57.78722
                    ],
                    [
                        14.23995,
                        57.78737
                    ],
                    [
                        14.24077,
                        57.78749
                    ],
                    [
                        14.24155,
                        57.78758
                    ],
                    [
                        14.24247,
                        57.78765
                    ],
                    [
                        14.24347,
                        57.78769
                    ],
                    [
                        14.24434,
                        57.78769
                    ],
                    [
                        14.24524,
                        57.78768
                    ],
                    [
                        14.24704,
                        57.78759
                    ],
                    [
                        14.24936,
                        57.78748
                    ],
                    [
                        14.25052,
                        57.78742
                    ],
                    [
                        14.2525,
                        57.78734
                    ],
                    [
                        14.25383,
                        57.78731
                    ],
                    [
                        14.25446,
                        57.78731
                    ],
                    [
                        14.25505,
                        57.78732
                    ],
                    [
                        14.25588,
                        57.78736
                    ],
                    [
                        14.25669,
                        57.78744
                    ],
                    [
                        14.25727,
                        57.78752
                    ],
                    [
                        14.25777,
                        57.7876
                    ],
                    [
                        14.25836,
                        57.78772
                    ],
                    [
                        14.259,
                        57.78787
                    ],
                    [
                        14.25964,
                        57.78806
                    ],
                    [
                        14.26034,
                        57.78829
                    ],
                    [
                        14.26089,
                        57.78851
                    ],
                    [
                        14.26135,
                        57.78871
                    ],
                    [
                        14.26209,
                        57.7891
                    ],
                    [
                        14.26239,
                        57.78929
                    ],
                    [
                        14.26307,
                        57.78978
                    ],
                    [
                        14.26356,
                        57.79022
                    ],
                    [
                        14.26382,
                        57.79048
                    ],
                    [
                        14.26409,
                        57.79078
                    ],
                    [
                        14.2646,
                        57.79141
                    ],
                    [
                        14.26518,
                        57.79218
                    ],
                    [
                        14.26577,
                        57.79297
                    ],
                    [
                        14.26603,
                        57.79331
                    ],
                    [
                        14.26639,
                        57.7938
                    ],
                    [
                        14.26689,
                        57.79445
                    ],
                    [
                        14.26737,
                        57.79509
                    ],
                    [
                        14.26807,
                        57.79602
                    ],
                    [
                        14.26834,
                        57.79638
                    ],
                    [
                        14.26957,
                        57.79802
                    ],
                    [
                        14.27017,
                        57.79883
                    ],
                    [
                        14.27068,
                        57.79962
                    ],
                    [
                        14.27106,
                        57.80032
                    ],
                    [
                        14.27128,
                        57.8008
                    ],
                    [
                        14.27144,
                        57.80119
                    ],
                    [
                        14.27172,
                        57.80198
                    ],
                    [
                        14.27195,
                        57.80284
                    ],
                    [
                        14.27206,
                        57.80355
                    ],
                    [
                        14.27213,
                        57.80441
                    ],
                    [
                        14.27212,
                        57.80525
                    ],
                    [
                        14.27204,
                        57.80606
                    ],
                    [
                        14.27183,
                        57.80715
                    ],
                    [
                        14.27168,
                        57.80792
                    ],
                    [
                        14.2716,
                        57.80847
                    ],
                    [
                        14.27154,
                        57.80942
                    ],
                    [
                        14.27155,
                        57.81001
                    ],
                    [
                        14.27156,
                        57.81053
                    ],
                    [
                        14.27163,
                        57.81191
                    ],
                    [
                        14.27168,
                        57.81336
                    ],
                    [
                        14.27172,
                        57.81443
                    ],
                    [
                        14.27176,
                        57.81528
                    ],
                    [
                        14.27179,
                        57.81606
                    ],
                    [
                        14.27181,
                        57.81654
                    ],
                    [
                        14.27183,
                        57.81741
                    ],
                    [
                        14.2718,
                        57.81799
                    ],
                    [
                        14.27177,
                        57.8183
                    ],
                    [
                        14.27171,
                        57.81866
                    ],
                    [
                        14.27154,
                        57.81939
                    ],
                    [
                        14.27145,
                        57.81972
                    ],
                    [
                        14.27121,
                        57.82045
                    ],
                    [
                        14.27095,
                        57.82125
                    ],
                    [
                        14.27041,
                        57.82288
                    ],
                    [
                        14.27017,
                        57.82367
                    ],
                    [
                        14.27002,
                        57.82438
                    ],
                    [
                        14.26993,
                        57.82495
                    ],
                    [
                        14.26989,
                        57.82577
                    ],
                    [
                        14.26991,
                        57.82645
                    ],
                    [
                        14.26997,
                        57.82694
                    ],
                    [
                        14.27007,
                        57.82757
                    ],
                    [
                        14.2703,
                        57.82883
                    ],
                    [
                        14.27036,
                        57.8293
                    ],
                    [
                        14.27037,
                        57.82976
                    ],
                    [
                        14.27032,
                        57.83041
                    ],
                    [
                        14.27009,
                        57.83192
                    ],
                    [
                        14.26991,
                        57.83309
                    ],
                    [
                        14.26973,
                        57.83422
                    ],
                    [
                        14.26951,
                        57.83559
                    ],
                    [
                        14.26926,
                        57.83675
                    ],
                    [
                        14.26904,
                        57.83759
                    ],
                    [
                        14.26873,
                        57.83885
                    ],
                    [
                        14.26858,
                        57.83965
                    ],
                    [
                        14.26851,
                        57.84026
                    ],
                    [
                        14.2684,
                        57.84126
                    ],
                    [
                        14.26823,
                        57.84274
                    ],
                    [
                        14.26807,
                        57.84405
                    ],
                    [
                        14.26793,
                        57.84526
                    ],
                    [
                        14.26781,
                        57.84587
                    ],
                    [
                        14.26768,
                        57.84635
                    ],
                    [
                        14.2675,
                        57.84691
                    ],
                    [
                        14.2672,
                        57.84782
                    ],
                    [
                        14.2669,
                        57.8487
                    ],
                    [
                        14.26669,
                        57.84939
                    ],
                    [
                        14.26659,
                        57.84979
                    ],
                    [
                        14.26652,
                        57.85017
                    ],
                    [
                        14.26648,
                        57.85039
                    ],
                    [
                        14.26645,
                        57.85072
                    ],
                    [
                        14.26642,
                        57.85136
                    ],
                    [
                        14.26646,
                        57.8521
                    ],
                    [
                        14.26655,
                        57.85272
                    ],
                    [
                        14.26675,
                        57.85367
                    ],
                    [
                        14.26705,
                        57.85514
                    ],
                    [
                        14.26721,
                        57.85588
                    ],
                    [
                        14.26745,
                        57.8571
                    ],
                    [
                        14.26753,
                        57.85758
                    ],
                    [
                        14.26759,
                        57.8581
                    ],
                    [
                        14.26765,
                        57.85876
                    ],
                    [
                        14.26776,
                        57.86015
                    ],
                    [
                        14.26785,
                        57.86132
                    ],
                    [
                        14.26791,
                        57.86202
                    ],
                    [
                        14.26796,
                        57.86242
                    ],
                    [
                        14.26803,
                        57.86279
                    ],
                    [
                        14.26817,
                        57.8633
                    ],
                    [
                        14.26835,
                        57.86376
                    ],
                    [
                        14.26867,
                        57.86435
                    ],
                    [
                        14.26904,
                        57.86491
                    ],
                    [
                        14.26947,
                        57.86547
                    ],
                    [
                        14.27036,
                        57.86666
                    ],
                    [
                        14.2706,
                        57.867
                    ],
                    [
                        14.27092,
                        57.86751
                    ],
                    [
                        14.27109,
                        57.8679
                    ],
                    [
                        14.27125,
                        57.8683
                    ],
                    [
                        14.27154,
                        57.86898
                    ],
                    [
                        14.27173,
                        57.86935
                    ],
                    [
                        14.27193,
                        57.86971
                    ],
                    [
                        14.27222,
                        57.87015
                    ],
                    [
                        14.27256,
                        57.87057
                    ],
                    [
                        14.27298,
                        57.8711
                    ],
                    [
                        14.27419,
                        57.87264
                    ],
                    [
                        14.27468,
                        57.87336
                    ],
                    [
                        14.27505,
                        57.87403
                    ],
                    [
                        14.27572,
                        57.87537
                    ],
                    [
                        14.27655,
                        57.877
                    ],
                    [
                        14.27699,
                        57.87787
                    ],
                    [
                        14.27734,
                        57.87849
                    ],
                    [
                        14.27766,
                        57.87898
                    ],
                    [
                        14.27804,
                        57.87953
                    ],
                    [
                        14.27848,
                        57.8801
                    ],
                    [
                        14.27903,
                        57.88072
                    ],
                    [
                        14.28013,
                        57.88192
                    ],
                    [
                        14.28112,
                        57.88298
                    ],
                    [
                        14.28175,
                        57.88369
                    ],
                    [
                        14.28229,
                        57.88433
                    ],
                    [
                        14.28304,
                        57.88537
                    ],
                    [
                        14.28368,
                        57.88633
                    ],
                    [
                        14.28423,
                        57.88709
                    ],
                    [
                        14.28467,
                        57.88763
                    ],
                    [
                        14.28527,
                        57.88826
                    ],
                    [
                        14.2859,
                        57.88886
                    ],
                    [
                        14.28719,
                        57.88993
                    ],
                    [
                        14.28864,
                        57.89115
                    ],
                    [
                        14.28949,
                        57.89196
                    ],
                    [
                        14.29013,
                        57.89265
                    ],
                    [
                        14.29115,
                        57.8938
                    ],
                    [
                        14.29169,
                        57.89447
                    ],
                    [
                        14.29197,
                        57.89496
                    ],
                    [
                        14.29222,
                        57.89553
                    ],
                    [
                        14.29253,
                        57.89625
                    ],
                    [
                        14.29286,
                        57.89683
                    ],
                    [
                        14.29313,
                        57.89724
                    ],
                    [
                        14.29356,
                        57.89777
                    ],
                    [
                        14.29419,
                        57.89847
                    ],
                    [
                        14.29522,
                        57.89965
                    ],
                    [
                        14.29576,
                        57.90032
                    ],
                    [
                        14.29641,
                        57.90115
                    ],
                    [
                        14.2968,
                        57.9016
                    ],
                    [
                        14.29738,
                        57.90218
                    ],
                    [
                        14.29834,
                        57.90302
                    ],
                    [
                        14.29911,
                        57.90377
                    ],
                    [
                        14.29953,
                        57.90427
                    ],
                    [
                        14.29998,
                        57.90494
                    ],
                    [
                        14.30042,
                        57.90573
                    ],
                    [
                        14.30059,
                        57.90604
                    ],
                    [
                        14.30099,
                        57.90675
                    ],
                    [
                        14.30151,
                        57.90763
                    ],
                    [
                        14.30199,
                        57.90831
                    ],
                    [
                        14.30247,
                        57.9089
                    ],
                    [
                        14.30315,
                        57.90961
                    ],
                    [
                        14.30468,
                        57.91109
                    ],
                    [
                        14.30534,
                        57.91169
                    ],
                    [
                        14.30589,
                        57.91213
                    ],
                    [
                        14.30648,
                        57.91258
                    ],
                    [
                        14.30725,
                        57.91313
                    ],
                    [
                        14.30816,
                        57.91374
                    ],
                    [
                        14.30889,
                        57.9143
                    ],
                    [
                        14.30949,
                        57.91483
                    ],
                    [
                        14.30993,
                        57.91529
                    ],
                    [
                        14.31034,
                        57.91576
                    ],
                    [
                        14.31077,
                        57.91639
                    ],
                    [
                        14.31111,
                        57.91704
                    ],
                    [
                        14.31132,
                        57.91753
                    ],
                    [
                        14.31154,
                        57.91815
                    ],
                    [
                        14.31173,
                        57.91868
                    ],
                    [
                        14.31198,
                        57.91926
                    ],
                    [
                        14.31226,
                        57.91979
                    ],
                    [
                        14.31257,
                        57.92028
                    ],
                    [
                        14.313,
                        57.92087
                    ],
                    [
                        14.31331,
                        57.92126
                    ],
                    [
                        14.31366,
                        57.92166
                    ],
                    [
                        14.31419,
                        57.92221
                    ],
                    [
                        14.31468,
                        57.92267
                    ],
                    [
                        14.3152,
                        57.9231
                    ],
                    [
                        14.31579,
                        57.92354
                    ],
                    [
                        14.31641,
                        57.92397
                    ],
                    [
                        14.31695,
                        57.92431
                    ],
                    [
                        14.31763,
                        57.92471
                    ],
                    [
                        14.31832,
                        57.92512
                    ],
                    [
                        14.32031,
                        57.92629
                    ],
                    [
                        14.32091,
                        57.92664
                    ],
                    [
                        14.3228,
                        57.92777
                    ],
                    [
                        14.32355,
                        57.92822
                    ],
                    [
                        14.32433,
                        57.92871
                    ],
                    [
                        14.32587,
                        57.92968
                    ],
                    [
                        14.32741,
                        57.93076
                    ],
                    [
                        14.32842,
                        57.93152
                    ],
                    [
                        14.32923,
                        57.93217
                    ],
                    [
                        14.32994,
                        57.93279
                    ],
                    [
                        14.33076,
                        57.93356
                    ],
                    [
                        14.3314,
                        57.93427
                    ],
                    [
                        14.33194,
                        57.93491
                    ],
                    [
                        14.33242,
                        57.9356
                    ],
                    [
                        14.33275,
                        57.93619
                    ],
                    [
                        14.33305,
                        57.9369
                    ],
                    [
                        14.33325,
                        57.93745
                    ],
                    [
                        14.33354,
                        57.93873
                    ],
                    [
                        14.33372,
                        57.93946
                    ],
                    [
                        14.33401,
                        57.94009
                    ],
                    [
                        14.33431,
                        57.94063
                    ],
                    [
                        14.33483,
                        57.9414
                    ],
                    [
                        14.33523,
                        57.94188
                    ],
                    [
                        14.33569,
                        57.94235
                    ],
                    [
                        14.33631,
                        57.94293
                    ],
                    [
                        14.33681,
                        57.94334
                    ],
                    [
                        14.33743,
                        57.94379
                    ],
                    [
                        14.33808,
                        57.9442
                    ],
                    [
                        14.33958,
                        57.94514
                    ],
                    [
                        14.3405,
                        57.94573
                    ],
                    [
                        14.34135,
                        57.94633
                    ],
                    [
                        14.3419,
                        57.94678
                    ],
                    [
                        14.34266,
                        57.94748
                    ],
                    [
                        14.34319,
                        57.94807
                    ],
                    [
                        14.34367,
                        57.94868
                    ],
                    [
                        14.34416,
                        57.94931
                    ],
                    [
                        14.34472,
                        57.94996
                    ],
                    [
                        14.34517,
                        57.95041
                    ],
                    [
                        14.34558,
                        57.95085
                    ],
                    [
                        14.34605,
                        57.95128
                    ],
                    [
                        14.34732,
                        57.95245
                    ],
                    [
                        14.34779,
                        57.95296
                    ],
                    [
                        14.34819,
                        57.95349
                    ],
                    [
                        14.34878,
                        57.9544
                    ],
                    [
                        14.34951,
                        57.9555
                    ],
                    [
                        14.34999,
                        57.95618
                    ],
                    [
                        14.35042,
                        57.95671
                    ],
                    [
                        14.35098,
                        57.95737
                    ],
                    [
                        14.35146,
                        57.95789
                    ],
                    [
                        14.35223,
                        57.95865
                    ],
                    [
                        14.35298,
                        57.95935
                    ],
                    [
                        14.35387,
                        57.96009
                    ],
                    [
                        14.3546,
                        57.96067
                    ],
                    [
                        14.35521,
                        57.96114
                    ],
                    [
                        14.35595,
                        57.96168
                    ],
                    [
                        14.35685,
                        57.96228
                    ],
                    [
                        14.35787,
                        57.96294
                    ],
                    [
                        14.35872,
                        57.96347
                    ],
                    [
                        14.36034,
                        57.9644
                    ],
                    [
                        14.36271,
                        57.96568
                    ],
                    [
                        14.36433,
                        57.96651
                    ],
                    [
                        14.36615,
                        57.96737
                    ],
                    [
                        14.36766,
                        57.96805
                    ],
                    [
                        14.36982,
                        57.96897
                    ],
                    [
                        14.37184,
                        57.96978
                    ],
                    [
                        14.37403,
                        57.9706
                    ],
                    [
                        14.37623,
                        57.97135
                    ],
                    [
                        14.37794,
                        57.97193
                    ],
                    [
                        14.38002,
                        57.97262
                    ],
                    [
                        14.38277,
                        57.97356
                    ],
                    [
                        14.38602,
                        57.97471
                    ],
                    [
                        14.38822,
                        57.97549
                    ],
                    [
                        14.38954,
                        57.97598
                    ],
                    [
                        14.39055,
                        57.97639
                    ],
                    [
                        14.39136,
                        57.97679
                    ],
                    [
                        14.39238,
                        57.97735
                    ],
                    [
                        14.3932,
                        57.97787
                    ],
                    [
                        14.39428,
                        57.97864
                    ],
                    [
                        14.39519,
                        57.9793
                    ],
                    [
                        14.39575,
                        57.97966
                    ],
                    [
                        14.39636,
                        57.98004
                    ],
                    [
                        14.39689,
                        57.98032
                    ],
                    [
                        14.39756,
                        57.98065
                    ],
                    [
                        14.39808,
                        57.98088
                    ],
                    [
                        14.39889,
                        57.98122
                    ],
                    [
                        14.40159,
                        57.98229
                    ],
                    [
                        14.40229,
                        57.98258
                    ],
                    [
                        14.40311,
                        57.98292
                    ],
                    [
                        14.40448,
                        57.98353
                    ],
                    [
                        14.40626,
                        57.98438
                    ],
                    [
                        14.40769,
                        57.9851
                    ],
                    [
                        14.4093,
                        57.98598
                    ],
                    [
                        14.41232,
                        57.98768
                    ],
                    [
                        14.41378,
                        57.98845
                    ],
                    [
                        14.41481,
                        57.98894
                    ],
                    [
                        14.41601,
                        57.98945
                    ],
                    [
                        14.41711,
                        57.98986
                    ],
                    [
                        14.41817,
                        57.99018
                    ],
                    [
                        14.41933,
                        57.99047
                    ],
                    [
                        14.42046,
                        57.99071
                    ],
                    [
                        14.42146,
                        57.99088
                    ],
                    [
                        14.4227,
                        57.99104
                    ],
                    [
                        14.42412,
                        57.9912
                    ],
                    [
                        14.42594,
                        57.99137
                    ],
                    [
                        14.42942,
                        57.99164
                    ],
                    [
                        14.4322,
                        57.99184
                    ],
                    [
                        14.43278,
                        57.9919
                    ],
                    [
                        14.43363,
                        57.99196
                    ],
                    [
                        14.43436,
                        57.99204
                    ],
                    [
                        14.43498,
                        57.99212
                    ],
                    [
                        14.43556,
                        57.99221
                    ],
                    [
                        14.43605,
                        57.99229
                    ],
                    [
                        14.43679,
                        57.99245
                    ],
                    [
                        14.43757,
                        57.99265
                    ],
                    [
                        14.43808,
                        57.9928
                    ],
                    [
                        14.43864,
                        57.99297
                    ],
                    [
                        14.43981,
                        57.99342
                    ],
                    [
                        14.44047,
                        57.99371
                    ],
                    [
                        14.44068,
                        57.99381
                    ],
                    [
                        14.44157,
                        57.99429
                    ],
                    [
                        14.44263,
                        57.99499
                    ],
                    [
                        14.44421,
                        57.99605
                    ],
                    [
                        14.44593,
                        57.99718
                    ],
                    [
                        14.44731,
                        57.99801
                    ],
                    [
                        14.4495,
                        57.99925
                    ],
                    [
                        14.45094,
                        58
                    ],
                    [
                        14.45362,
                        58.00131
                    ],
                    [
                        14.45427,
                        58.00162
                    ],
                    [
                        14.45459,
                        58.00177
                    ],
                    [
                        14.45538,
                        58.00216
                    ],
                    [
                        14.45715,
                        58.00302
                    ],
                    [
                        14.4585,
                        58.00374
                    ],
                    [
                        14.45954,
                        58.00435
                    ],
                    [
                        14.4606,
                        58.00503
                    ],
                    [
                        14.46132,
                        58.00556
                    ],
                    [
                        14.46223,
                        58.00625
                    ],
                    [
                        14.46297,
                        58.00688
                    ],
                    [
                        14.46373,
                        58.0076
                    ],
                    [
                        14.46437,
                        58.00827
                    ],
                    [
                        14.4649,
                        58.00887
                    ],
                    [
                        14.46557,
                        58.00967
                    ],
                    [
                        14.46588,
                        58.01004
                    ],
                    [
                        14.46638,
                        58.01062
                    ],
                    [
                        14.46704,
                        58.0113
                    ],
                    [
                        14.46798,
                        58.01223
                    ],
                    [
                        14.46895,
                        58.01309
                    ],
                    [
                        14.46974,
                        58.01374
                    ],
                    [
                        14.47066,
                        58.01446
                    ],
                    [
                        14.47143,
                        58.01501
                    ],
                    [
                        14.47249,
                        58.01576
                    ],
                    [
                        14.47336,
                        58.01638
                    ],
                    [
                        14.47444,
                        58.01724
                    ],
                    [
                        14.47516,
                        58.01789
                    ],
                    [
                        14.47571,
                        58.0184
                    ],
                    [
                        14.47632,
                        58.01905
                    ],
                    [
                        14.47704,
                        58.0199
                    ],
                    [
                        14.47792,
                        58.02094
                    ],
                    [
                        14.47862,
                        58.02169
                    ],
                    [
                        14.47909,
                        58.02215
                    ],
                    [
                        14.47973,
                        58.02272
                    ],
                    [
                        14.48031,
                        58.02321
                    ],
                    [
                        14.48115,
                        58.02385
                    ],
                    [
                        14.4819,
                        58.02438
                    ],
                    [
                        14.48337,
                        58.02532
                    ],
                    [
                        14.48474,
                        58.02619
                    ],
                    [
                        14.48572,
                        58.0269
                    ],
                    [
                        14.48676,
                        58.02773
                    ],
                    [
                        14.4874,
                        58.02829
                    ],
                    [
                        14.4883,
                        58.02916
                    ],
                    [
                        14.48947,
                        58.03046
                    ],
                    [
                        14.49061,
                        58.03177
                    ],
                    [
                        14.49242,
                        58.03383
                    ],
                    [
                        14.49437,
                        58.03604
                    ],
                    [
                        14.49631,
                        58.03831
                    ],
                    [
                        14.49708,
                        58.03926
                    ],
                    [
                        14.49826,
                        58.04075
                    ],
                    [
                        14.50036,
                        58.04362
                    ],
                    [
                        14.50131,
                        58.04496
                    ],
                    [
                        14.50161,
                        58.04539
                    ],
                    [
                        14.50198,
                        58.0459
                    ],
                    [
                        14.50317,
                        58.04759
                    ],
                    [
                        14.50458,
                        58.04959
                    ],
                    [
                        14.50579,
                        58.05129
                    ],
                    [
                        14.50666,
                        58.0525
                    ],
                    [
                        14.50762,
                        58.05386
                    ],
                    [
                        14.50822,
                        58.0546
                    ],
                    [
                        14.50864,
                        58.0551
                    ],
                    [
                        14.5088,
                        58.05527
                    ],
                    [
                        14.50968,
                        58.05617
                    ],
                    [
                        14.51042,
                        58.05684
                    ],
                    [
                        14.51092,
                        58.05728
                    ],
                    [
                        14.51181,
                        58.05798
                    ],
                    [
                        14.51298,
                        58.05882
                    ],
                    [
                        14.51395,
                        58.05946
                    ],
                    [
                        14.5153,
                        58.06028
                    ],
                    [
                        14.51658,
                        58.06097
                    ],
                    [
                        14.518,
                        58.06166
                    ],
                    [
                        14.51904,
                        58.06214
                    ],
                    [
                        14.5197,
                        58.06246
                    ],
                    [
                        14.5215,
                        58.06334
                    ],
                    [
                        14.52263,
                        58.06395
                    ],
                    [
                        14.52391,
                        58.06469
                    ],
                    [
                        14.52544,
                        58.06568
                    ],
                    [
                        14.52647,
                        58.06641
                    ],
                    [
                        14.5275,
                        58.06721
                    ],
                    [
                        14.52848,
                        58.06805
                    ],
                    [
                        14.52948,
                        58.06897
                    ],
                    [
                        14.53021,
                        58.06974
                    ],
                    [
                        14.53109,
                        58.07072
                    ],
                    [
                        14.53247,
                        58.07248
                    ],
                    [
                        14.53331,
                        58.07356
                    ],
                    [
                        14.53436,
                        58.07488
                    ],
                    [
                        14.53524,
                        58.076
                    ],
                    [
                        14.53623,
                        58.07721
                    ],
                    [
                        14.53693,
                        58.07806
                    ],
                    [
                        14.53777,
                        58.07901
                    ],
                    [
                        14.53877,
                        58.08014
                    ],
                    [
                        14.54002,
                        58.08147
                    ],
                    [
                        14.54146,
                        58.08296
                    ],
                    [
                        14.5426,
                        58.08412
                    ],
                    [
                        14.5429,
                        58.08443
                    ],
                    [
                        14.54341,
                        58.08495
                    ],
                    [
                        14.54402,
                        58.08557
                    ],
                    [
                        14.54513,
                        58.08676
                    ],
                    [
                        14.54621,
                        58.08796
                    ],
                    [
                        14.54715,
                        58.08903
                    ],
                    [
                        14.54787,
                        58.08989
                    ],
                    [
                        14.54888,
                        58.09114
                    ],
                    [
                        14.54984,
                        58.09237
                    ],
                    [
                        14.55064,
                        58.09344
                    ],
                    [
                        14.55151,
                        58.09466
                    ],
                    [
                        14.5524,
                        58.09596
                    ],
                    [
                        14.55297,
                        58.09681
                    ],
                    [
                        14.55359,
                        58.09779
                    ],
                    [
                        14.55439,
                        58.09911
                    ],
                    [
                        14.55508,
                        58.1003
                    ],
                    [
                        14.55576,
                        58.10152
                    ],
                    [
                        14.55638,
                        58.10275
                    ],
                    [
                        14.55693,
                        58.10385
                    ],
                    [
                        14.5573,
                        58.10462
                    ],
                    [
                        14.55758,
                        58.10522
                    ],
                    [
                        14.55821,
                        58.10668
                    ],
                    [
                        14.55877,
                        58.10812
                    ],
                    [
                        14.55917,
                        58.10918
                    ],
                    [
                        14.55963,
                        58.11051
                    ],
                    [
                        14.55987,
                        58.11125
                    ],
                    [
                        14.56035,
                        58.11281
                    ],
                    [
                        14.56058,
                        58.11355
                    ],
                    [
                        14.56063,
                        58.11372
                    ],
                    [
                        14.5607,
                        58.11394
                    ],
                    [
                        14.5611,
                        58.11525
                    ],
                    [
                        14.56144,
                        58.11635
                    ],
                    [
                        14.56188,
                        58.11778
                    ],
                    [
                        14.56239,
                        58.11949
                    ],
                    [
                        14.56289,
                        58.121
                    ],
                    [
                        14.56334,
                        58.12233
                    ],
                    [
                        14.56384,
                        58.12368
                    ],
                    [
                        14.56442,
                        58.12521
                    ],
                    [
                        14.56517,
                        58.12702
                    ],
                    [
                        14.56552,
                        58.12783
                    ],
                    [
                        14.56583,
                        58.12851
                    ],
                    [
                        14.56655,
                        58.13008
                    ],
                    [
                        14.56727,
                        58.13158
                    ],
                    [
                        14.56802,
                        58.13312
                    ],
                    [
                        14.56878,
                        58.13467
                    ],
                    [
                        14.5694,
                        58.13604
                    ],
                    [
                        14.56958,
                        58.13649
                    ],
                    [
                        14.56975,
                        58.13691
                    ],
                    [
                        14.5698,
                        58.13706
                    ],
                    [
                        14.57023,
                        58.13832
                    ],
                    [
                        14.57047,
                        58.13912
                    ],
                    [
                        14.5707,
                        58.13997
                    ],
                    [
                        14.5709,
                        58.14082
                    ],
                    [
                        14.57128,
                        58.14266
                    ],
                    [
                        14.5714,
                        58.14323
                    ],
                    [
                        14.57156,
                        58.14384
                    ],
                    [
                        14.57169,
                        58.14428
                    ],
                    [
                        14.57182,
                        58.14469
                    ],
                    [
                        14.57199,
                        58.14516
                    ],
                    [
                        14.57224,
                        58.1458
                    ],
                    [
                        14.5725,
                        58.14639
                    ],
                    [
                        14.57314,
                        58.14765
                    ],
                    [
                        14.57377,
                        58.14869
                    ],
                    [
                        14.57413,
                        58.14921
                    ],
                    [
                        14.57467,
                        58.14996
                    ],
                    [
                        14.5751,
                        58.1505
                    ],
                    [
                        14.57576,
                        58.15129
                    ],
                    [
                        14.57704,
                        58.15272
                    ],
                    [
                        14.57807,
                        58.15384
                    ],
                    [
                        14.57902,
                        58.15493
                    ],
                    [
                        14.57936,
                        58.15537
                    ],
                    [
                        14.57968,
                        58.1558
                    ],
                    [
                        14.58014,
                        58.15648
                    ],
                    [
                        14.58064,
                        58.15735
                    ],
                    [
                        14.58107,
                        58.15831
                    ],
                    [
                        14.58138,
                        58.15919
                    ],
                    [
                        14.58159,
                        58.15996
                    ],
                    [
                        14.58193,
                        58.1612
                    ],
                    [
                        14.58234,
                        58.16266
                    ],
                    [
                        14.58273,
                        58.16409
                    ],
                    [
                        14.58312,
                        58.16546
                    ],
                    [
                        14.58342,
                        58.16653
                    ],
                    [
                        14.58376,
                        58.16744
                    ],
                    [
                        14.58414,
                        58.16829
                    ],
                    [
                        14.58459,
                        58.16913
                    ],
                    [
                        14.58517,
                        58.17006
                    ],
                    [
                        14.58579,
                        58.17093
                    ],
                    [
                        14.58662,
                        58.17195
                    ],
                    [
                        14.58755,
                        58.17296
                    ],
                    [
                        14.58852,
                        58.17389
                    ],
                    [
                        14.58871,
                        58.17406
                    ],
                    [
                        14.58971,
                        58.17491
                    ],
                    [
                        14.59084,
                        58.17577
                    ],
                    [
                        14.59237,
                        58.17682
                    ],
                    [
                        14.59414,
                        58.1779
                    ],
                    [
                        14.59566,
                        58.1788
                    ],
                    [
                        14.59735,
                        58.17982
                    ],
                    [
                        14.59887,
                        58.18083
                    ],
                    [
                        14.6002,
                        58.18179
                    ],
                    [
                        14.6014,
                        58.18275
                    ],
                    [
                        14.60244,
                        58.18366
                    ],
                    [
                        14.60361,
                        58.18479
                    ],
                    [
                        14.60447,
                        58.18569
                    ],
                    [
                        14.60503,
                        58.18635
                    ],
                    [
                        14.6059,
                        58.18747
                    ],
                    [
                        14.6069,
                        58.18895
                    ],
                    [
                        14.60788,
                        58.19045
                    ],
                    [
                        14.60868,
                        58.1917
                    ],
                    [
                        14.60922,
                        58.19251
                    ],
                    [
                        14.60976,
                        58.19326
                    ],
                    [
                        14.61034,
                        58.19398
                    ],
                    [
                        14.61101,
                        58.19475
                    ],
                    [
                        14.61196,
                        58.19575
                    ],
                    [
                        14.613,
                        58.19674
                    ],
                    [
                        14.61391,
                        58.19753
                    ],
                    [
                        14.61471,
                        58.19818
                    ],
                    [
                        14.61564,
                        58.19885
                    ],
                    [
                        14.61626,
                        58.19928
                    ],
                    [
                        14.61719,
                        58.19987
                    ],
                    [
                        14.61825,
                        58.20049
                    ],
                    [
                        14.61959,
                        58.20126
                    ],
                    [
                        14.61993,
                        58.20145
                    ],
                    [
                        14.62104,
                        58.20205
                    ],
                    [
                        14.62209,
                        58.20258
                    ],
                    [
                        14.62394,
                        58.20344
                    ],
                    [
                        14.62537,
                        58.20407
                    ],
                    [
                        14.6266,
                        58.20456
                    ],
                    [
                        14.62799,
                        58.20508
                    ],
                    [
                        14.62961,
                        58.20564
                    ],
                    [
                        14.63074,
                        58.20601
                    ],
                    [
                        14.63145,
                        58.20623
                    ],
                    [
                        14.63243,
                        58.20652
                    ],
                    [
                        14.63493,
                        58.20722
                    ],
                    [
                        14.63608,
                        58.20755
                    ],
                    [
                        14.63717,
                        58.20787
                    ],
                    [
                        14.63841,
                        58.2083
                    ],
                    [
                        14.63944,
                        58.20871
                    ],
                    [
                        14.64044,
                        58.20916
                    ],
                    [
                        14.64143,
                        58.20967
                    ],
                    [
                        14.64228,
                        58.21015
                    ],
                    [
                        14.64298,
                        58.2106
                    ],
                    [
                        14.64374,
                        58.21115
                    ],
                    [
                        14.64446,
                        58.21174
                    ],
                    [
                        14.64522,
                        58.21248
                    ],
                    [
                        14.64574,
                        58.21308
                    ],
                    [
                        14.64613,
                        58.21363
                    ],
                    [
                        14.64674,
                        58.21464
                    ],
                    [
                        14.64722,
                        58.21548
                    ],
                    [
                        14.64781,
                        58.21645
                    ],
                    [
                        14.64831,
                        58.21715
                    ],
                    [
                        14.64913,
                        58.21814
                    ],
                    [
                        14.64987,
                        58.2189
                    ],
                    [
                        14.65081,
                        58.21976
                    ],
                    [
                        14.65184,
                        58.2206
                    ],
                    [
                        14.65297,
                        58.22141
                    ],
                    [
                        14.65415,
                        58.22218
                    ],
                    [
                        14.65527,
                        58.22281
                    ],
                    [
                        14.65679,
                        58.2236
                    ],
                    [
                        14.6583,
                        58.22435
                    ],
                    [
                        14.65895,
                        58.22466
                    ],
                    [
                        14.66003,
                        58.22517
                    ],
                    [
                        14.6615,
                        58.22586
                    ],
                    [
                        14.66226,
                        58.22618
                    ],
                    [
                        14.66314,
                        58.22654
                    ],
                    [
                        14.66379,
                        58.22679
                    ],
                    [
                        14.66445,
                        58.22703
                    ],
                    [
                        14.66603,
                        58.22756
                    ],
                    [
                        14.66804,
                        58.22814
                    ],
                    [
                        14.66891,
                        58.22837
                    ],
                    [
                        14.66982,
                        58.22859
                    ],
                    [
                        14.67096,
                        58.22883
                    ],
                    [
                        14.67204,
                        58.22905
                    ],
                    [
                        14.67365,
                        58.22932
                    ],
                    [
                        14.67515,
                        58.22953
                    ],
                    [
                        14.67636,
                        58.22968
                    ],
                    [
                        14.67757,
                        58.22981
                    ],
                    [
                        14.68121,
                        58.2302
                    ],
                    [
                        14.68493,
                        58.2306
                    ],
                    [
                        14.69025,
                        58.23117
                    ],
                    [
                        14.69157,
                        58.23132
                    ],
                    [
                        14.6927,
                        58.23145
                    ],
                    [
                        14.69418,
                        58.23166
                    ],
                    [
                        14.69568,
                        58.23189
                    ],
                    [
                        14.69715,
                        58.23214
                    ],
                    [
                        14.69854,
                        58.23241
                    ],
                    [
                        14.70005,
                        58.23273
                    ],
                    [
                        14.70146,
                        58.23305
                    ],
                    [
                        14.70275,
                        58.23337
                    ],
                    [
                        14.70391,
                        58.23367
                    ],
                    [
                        14.70543,
                        58.23412
                    ],
                    [
                        14.7072,
                        58.2347
                    ],
                    [
                        14.7112,
                        58.2361
                    ],
                    [
                        14.71329,
                        58.23681
                    ],
                    [
                        14.71457,
                        58.23723
                    ],
                    [
                        14.71611,
                        58.23766
                    ],
                    [
                        14.71722,
                        58.23793
                    ],
                    [
                        14.71846,
                        58.23821
                    ],
                    [
                        14.71945,
                        58.2384
                    ],
                    [
                        14.72195,
                        58.23883
                    ],
                    [
                        14.72401,
                        58.23919
                    ],
                    [
                        14.73946,
                        58.24187
                    ],
                    [
                        14.74704,
                        58.24319
                    ],
                    [
                        14.74945,
                        58.24359
                    ],
                    [
                        14.75182,
                        58.24397
                    ],
                    [
                        14.75367,
                        58.24424
                    ],
                    [
                        14.75629,
                        58.2446
                    ],
                    [
                        14.75907,
                        58.24496
                    ],
                    [
                        14.76947,
                        58.24633
                    ],
                    [
                        14.77291,
                        58.24678
                    ],
                    [
                        14.77545,
                        58.24711
                    ],
                    [
                        14.77785,
                        58.24745
                    ],
                    [
                        14.78036,
                        58.24782
                    ],
                    [
                        14.78337,
                        58.24831
                    ],
                    [
                        14.78634,
                        58.24884
                    ],
                    [
                        14.78927,
                        58.24938
                    ],
                    [
                        14.79369,
                        58.25021
                    ],
                    [
                        14.79653,
                        58.25072
                    ],
                    [
                        14.79875,
                        58.25106
                    ],
                    [
                        14.80103,
                        58.25138
                    ],
                    [
                        14.80292,
                        58.25161
                    ],
                    [
                        14.80547,
                        58.25188
                    ],
                    [
                        14.80735,
                        58.25209
                    ],
                    [
                        14.80886,
                        58.25227
                    ],
                    [
                        14.8105,
                        58.2525
                    ],
                    [
                        14.81205,
                        58.25274
                    ],
                    [
                        14.81379,
                        58.25305
                    ],
                    [
                        14.81481,
                        58.25325
                    ],
                    [
                        14.81516,
                        58.25332
                    ],
                    [
                        14.81659,
                        58.25362
                    ],
                    [
                        14.81863,
                        58.25411
                    ],
                    [
                        14.82073,
                        58.25467
                    ],
                    [
                        14.82163,
                        58.25492
                    ],
                    [
                        14.82382,
                        58.25561
                    ],
                    [
                        14.82565,
                        58.25624
                    ],
                    [
                        14.82701,
                        58.25675
                    ],
                    [
                        14.82851,
                        58.25736
                    ],
                    [
                        14.83093,
                        58.25841
                    ],
                    [
                        14.83188,
                        58.25885
                    ],
                    [
                        14.83326,
                        58.25946
                    ],
                    [
                        14.83501,
                        58.26024
                    ],
                    [
                        14.83647,
                        58.26084
                    ],
                    [
                        14.83771,
                        58.26131
                    ],
                    [
                        14.83929,
                        58.26185
                    ],
                    [
                        14.84124,
                        58.26245
                    ],
                    [
                        14.84289,
                        58.2629
                    ],
                    [
                        14.84482,
                        58.26336
                    ],
                    [
                        14.84677,
                        58.26376
                    ],
                    [
                        14.8486,
                        58.26414
                    ],
                    [
                        14.8502,
                        58.26451
                    ],
                    [
                        14.85153,
                        58.26487
                    ],
                    [
                        14.8528,
                        58.26525
                    ],
                    [
                        14.85423,
                        58.26576
                    ],
                    [
                        14.8552,
                        58.26615
                    ],
                    [
                        14.85625,
                        58.26661
                    ],
                    [
                        14.85706,
                        58.267
                    ],
                    [
                        14.85773,
                        58.26735
                    ],
                    [
                        14.85863,
                        58.26787
                    ],
                    [
                        14.85962,
                        58.26849
                    ],
                    [
                        14.86055,
                        58.26919
                    ],
                    [
                        14.86144,
                        58.26992
                    ],
                    [
                        14.86204,
                        58.27049
                    ],
                    [
                        14.86267,
                        58.27118
                    ],
                    [
                        14.86319,
                        58.27184
                    ],
                    [
                        14.86368,
                        58.27254
                    ],
                    [
                        14.86435,
                        58.27367
                    ],
                    [
                        14.86509,
                        58.27493
                    ],
                    [
                        14.86636,
                        58.27708
                    ],
                    [
                        14.86678,
                        58.27771
                    ],
                    [
                        14.8671,
                        58.27814
                    ],
                    [
                        14.86741,
                        58.27855
                    ],
                    [
                        14.86823,
                        58.27952
                    ],
                    [
                        14.8689,
                        58.28021
                    ],
                    [
                        14.87005,
                        58.28126
                    ],
                    [
                        14.871,
                        58.28201
                    ],
                    [
                        14.87178,
                        58.28259
                    ],
                    [
                        14.87278,
                        58.28329
                    ],
                    [
                        14.8741,
                        58.28409
                    ],
                    [
                        14.87585,
                        58.28504
                    ],
                    [
                        14.877,
                        58.28561
                    ],
                    [
                        14.8787,
                        58.28635
                    ],
                    [
                        14.88079,
                        58.28716
                    ],
                    [
                        14.88286,
                        58.28788
                    ],
                    [
                        14.88515,
                        58.28861
                    ],
                    [
                        14.88761,
                        58.28932
                    ],
                    [
                        14.89003,
                        58.28996
                    ],
                    [
                        14.89232,
                        58.29051
                    ],
                    [
                        14.89405,
                        58.29088
                    ],
                    [
                        14.89557,
                        58.29119
                    ],
                    [
                        14.89764,
                        58.29158
                    ],
                    [
                        14.89954,
                        58.2919
                    ],
                    [
                        14.90102,
                        58.29212
                    ],
                    [
                        14.90142,
                        58.29218
                    ],
                    [
                        14.90157,
                        58.2922
                    ],
                    [
                        14.90299,
                        58.29239
                    ],
                    [
                        14.90488,
                        58.29262
                    ],
                    [
                        14.90662,
                        58.29281
                    ],
                    [
                        14.90716,
                        58.29286
                    ],
                    [
                        14.90988,
                        58.29313
                    ],
                    [
                        14.91235,
                        58.29338
                    ],
                    [
                        14.91459,
                        58.2936
                    ],
                    [
                        14.91603,
                        58.29375
                    ],
                    [
                        14.91691,
                        58.29386
                    ],
                    [
                        14.91777,
                        58.29397
                    ],
                    [
                        14.91848,
                        58.29407
                    ],
                    [
                        14.91918,
                        58.29418
                    ],
                    [
                        14.92077,
                        58.29444
                    ],
                    [
                        14.92189,
                        58.29465
                    ],
                    [
                        14.92273,
                        58.29482
                    ],
                    [
                        14.92439,
                        58.29516
                    ],
                    [
                        14.92657,
                        58.29566
                    ],
                    [
                        14.92793,
                        58.29601
                    ],
                    [
                        14.92926,
                        58.29636
                    ],
                    [
                        14.93083,
                        58.2968
                    ],
                    [
                        14.93251,
                        58.29731
                    ],
                    [
                        14.93477,
                        58.29803
                    ],
                    [
                        14.93551,
                        58.29826
                    ],
                    [
                        14.93714,
                        58.29877
                    ],
                    [
                        14.93823,
                        58.2991
                    ],
                    [
                        14.93937,
                        58.2994
                    ],
                    [
                        14.94093,
                        58.2998
                    ],
                    [
                        14.94272,
                        58.30021
                    ],
                    [
                        14.94391,
                        58.30045
                    ],
                    [
                        14.94618,
                        58.30085
                    ],
                    [
                        14.94818,
                        58.30116
                    ],
                    [
                        14.95003,
                        58.30138
                    ],
                    [
                        14.95134,
                        58.30152
                    ],
                    [
                        14.95384,
                        58.30173
                    ],
                    [
                        14.9561,
                        58.30193
                    ],
                    [
                        14.95803,
                        58.30212
                    ],
                    [
                        14.95998,
                        58.30235
                    ],
                    [
                        14.96205,
                        58.30261
                    ],
                    [
                        14.96378,
                        58.30285
                    ],
                    [
                        14.96605,
                        58.30318
                    ],
                    [
                        14.96829,
                        58.3035
                    ],
                    [
                        14.97193,
                        58.30404
                    ],
                    [
                        14.97414,
                        58.30436
                    ],
                    [
                        14.97471,
                        58.30445
                    ],
                    [
                        14.97567,
                        58.30459
                    ],
                    [
                        14.97715,
                        58.30478
                    ],
                    [
                        14.9786,
                        58.30496
                    ],
                    [
                        14.98012,
                        58.30511
                    ],
                    [
                        14.98211,
                        58.30528
                    ],
                    [
                        14.98349,
                        58.30537
                    ],
                    [
                        14.98557,
                        58.30546
                    ],
                    [
                        14.98884,
                        58.30554
                    ],
                    [
                        14.99041,
                        58.30557
                    ],
                    [
                        14.99142,
                        58.3056
                    ],
                    [
                        14.99269,
                        58.30566
                    ],
                    [
                        14.9941,
                        58.30575
                    ],
                    [
                        14.99604,
                        58.30593
                    ],
                    [
                        14.99762,
                        58.30611
                    ],
                    [
                        14.99904,
                        58.30632
                    ],
                    [
                        15.00062,
                        58.3066
                    ],
                    [
                        15.0021,
                        58.3069
                    ],
                    [
                        15.00453,
                        58.3074
                    ],
                    [
                        15.00683,
                        58.30788
                    ],
                    [
                        15.01045,
                        58.30865
                    ],
                    [
                        15.01385,
                        58.30936
                    ],
                    [
                        15.01611,
                        58.30984
                    ],
                    [
                        15.01973,
                        58.31059
                    ],
                    [
                        15.02087,
                        58.3108
                    ],
                    [
                        15.02196,
                        58.31098
                    ],
                    [
                        15.02421,
                        58.3113
                    ],
                    [
                        15.02614,
                        58.31159
                    ],
                    [
                        15.0283,
                        58.31194
                    ],
                    [
                        15.02991,
                        58.31223
                    ],
                    [
                        15.03171,
                        58.31258
                    ],
                    [
                        15.03387,
                        58.31303
                    ],
                    [
                        15.03749,
                        58.31383
                    ],
                    [
                        15.03925,
                        58.31422
                    ],
                    [
                        15.04074,
                        58.31458
                    ],
                    [
                        15.04169,
                        58.31482
                    ],
                    [
                        15.043,
                        58.31515
                    ],
                    [
                        15.04446,
                        58.31556
                    ],
                    [
                        15.04562,
                        58.3159
                    ],
                    [
                        15.04899,
                        58.3169
                    ],
                    [
                        15.05066,
                        58.31739
                    ],
                    [
                        15.05262,
                        58.31793
                    ],
                    [
                        15.05431,
                        58.31836
                    ],
                    [
                        15.05662,
                        58.31894
                    ],
                    [
                        15.05802,
                        58.31927
                    ],
                    [
                        15.05955,
                        58.31961
                    ],
                    [
                        15.06177,
                        58.32008
                    ],
                    [
                        15.06365,
                        58.32045
                    ],
                    [
                        15.06564,
                        58.32082
                    ],
                    [
                        15.06814,
                        58.32124
                    ],
                    [
                        15.07019,
                        58.32156
                    ],
                    [
                        15.07221,
                        58.32185
                    ],
                    [
                        15.07418,
                        58.32211
                    ],
                    [
                        15.07663,
                        58.32242
                    ],
                    [
                        15.07855,
                        58.32268
                    ],
                    [
                        15.08038,
                        58.32293
                    ],
                    [
                        15.08204,
                        58.32321
                    ],
                    [
                        15.08264,
                        58.32332
                    ],
                    [
                        15.08335,
                        58.32346
                    ],
                    [
                        15.08361,
                        58.32351
                    ],
                    [
                        15.08482,
                        58.32379
                    ],
                    [
                        15.08593,
                        58.32405
                    ],
                    [
                        15.08695,
                        58.3243
                    ],
                    [
                        15.08912,
                        58.3249
                    ],
                    [
                        15.09006,
                        58.32519
                    ],
                    [
                        15.09104,
                        58.3255
                    ],
                    [
                        15.09191,
                        58.32579
                    ],
                    [
                        15.09316,
                        58.32624
                    ],
                    [
                        15.09406,
                        58.32659
                    ],
                    [
                        15.09487,
                        58.32692
                    ],
                    [
                        15.09633,
                        58.32753
                    ],
                    [
                        15.09727,
                        58.32792
                    ],
                    [
                        15.09862,
                        58.32848
                    ],
                    [
                        15.09932,
                        58.32876
                    ],
                    [
                        15.10044,
                        58.32919
                    ],
                    [
                        15.1018,
                        58.32968
                    ],
                    [
                        15.10317,
                        58.33013
                    ],
                    [
                        15.10441,
                        58.33052
                    ],
                    [
                        15.10566,
                        58.33088
                    ],
                    [
                        15.10696,
                        58.33123
                    ],
                    [
                        15.10834,
                        58.33157
                    ],
                    [
                        15.10953,
                        58.33184
                    ],
                    [
                        15.11077,
                        58.33211
                    ],
                    [
                        15.1122,
                        58.3324
                    ],
                    [
                        15.11394,
                        58.33275
                    ],
                    [
                        15.11513,
                        58.33299
                    ],
                    [
                        15.11592,
                        58.33315
                    ],
                    [
                        15.11709,
                        58.33342
                    ],
                    [
                        15.11831,
                        58.33372
                    ],
                    [
                        15.11954,
                        58.33405
                    ],
                    [
                        15.12066,
                        58.33438
                    ],
                    [
                        15.12156,
                        58.33466
                    ],
                    [
                        15.12281,
                        58.33508
                    ],
                    [
                        15.12393,
                        58.33548
                    ],
                    [
                        15.12526,
                        58.336
                    ],
                    [
                        15.12637,
                        58.33646
                    ],
                    [
                        15.12754,
                        58.33695
                    ],
                    [
                        15.12826,
                        58.33723
                    ],
                    [
                        15.129,
                        58.3375
                    ],
                    [
                        15.12987,
                        58.33777
                    ],
                    [
                        15.13063,
                        58.33798
                    ],
                    [
                        15.13153,
                        58.33821
                    ],
                    [
                        15.13239,
                        58.33839
                    ],
                    [
                        15.13311,
                        58.33851
                    ],
                    [
                        15.13394,
                        58.33863
                    ],
                    [
                        15.13511,
                        58.33879
                    ],
                    [
                        15.13633,
                        58.33892
                    ],
                    [
                        15.13727,
                        58.33899
                    ],
                    [
                        15.1378,
                        58.33902
                    ],
                    [
                        15.13897,
                        58.33908
                    ],
                    [
                        15.14078,
                        58.33914
                    ],
                    [
                        15.14292,
                        58.33919
                    ],
                    [
                        15.14544,
                        58.33925
                    ],
                    [
                        15.14811,
                        58.33931
                    ],
                    [
                        15.15001,
                        58.33936
                    ],
                    [
                        15.1511,
                        58.3394
                    ],
                    [
                        15.15253,
                        58.33948
                    ],
                    [
                        15.15359,
                        58.33955
                    ],
                    [
                        15.15541,
                        58.33971
                    ],
                    [
                        15.15693,
                        58.33988
                    ],
                    [
                        15.15887,
                        58.34012
                    ],
                    [
                        15.16089,
                        58.34039
                    ],
                    [
                        15.16229,
                        58.3406
                    ],
                    [
                        15.16405,
                        58.34087
                    ],
                    [
                        15.16565,
                        58.34113
                    ],
                    [
                        15.16694,
                        58.34134
                    ],
                    [
                        15.1687,
                        58.34164
                    ],
                    [
                        15.17043,
                        58.34196
                    ],
                    [
                        15.17257,
                        58.34239
                    ],
                    [
                        15.1737,
                        58.34263
                    ],
                    [
                        15.17469,
                        58.34285
                    ],
                    [
                        15.17601,
                        58.34316
                    ],
                    [
                        15.17782,
                        58.34362
                    ],
                    [
                        15.17881,
                        58.34389
                    ],
                    [
                        15.18017,
                        58.34429
                    ],
                    [
                        15.1815,
                        58.34472
                    ],
                    [
                        15.18321,
                        58.3453
                    ],
                    [
                        15.1849,
                        58.34589
                    ],
                    [
                        15.18704,
                        58.34664
                    ],
                    [
                        15.18829,
                        58.34708
                    ],
                    [
                        15.18983,
                        58.34762
                    ],
                    [
                        15.19154,
                        58.34821
                    ],
                    [
                        15.19349,
                        58.34885
                    ],
                    [
                        15.19606,
                        58.34967
                    ],
                    [
                        15.19835,
                        58.35036
                    ],
                    [
                        15.2016,
                        58.3513
                    ],
                    [
                        15.20468,
                        58.35214
                    ],
                    [
                        15.20751,
                        58.35287
                    ],
                    [
                        15.21007,
                        58.35349
                    ],
                    [
                        15.21264,
                        58.35408
                    ],
                    [
                        15.21479,
                        58.35456
                    ],
                    [
                        15.2171,
                        58.35505
                    ],
                    [
                        15.22165,
                        58.35594
                    ],
                    [
                        15.22232,
                        58.35606
                    ],
                    [
                        15.22466,
                        58.35647
                    ],
                    [
                        15.22611,
                        58.35672
                    ],
                    [
                        15.22769,
                        58.35697
                    ],
                    [
                        15.23022,
                        58.35736
                    ],
                    [
                        15.23273,
                        58.35772
                    ],
                    [
                        15.23413,
                        58.35792
                    ],
                    [
                        15.23597,
                        58.35815
                    ],
                    [
                        15.23784,
                        58.35838
                    ],
                    [
                        15.24003,
                        58.35863
                    ],
                    [
                        15.24183,
                        58.35883
                    ],
                    [
                        15.24421,
                        58.35909
                    ],
                    [
                        15.24694,
                        58.3594
                    ],
                    [
                        15.24916,
                        58.35965
                    ],
                    [
                        15.25159,
                        58.35995
                    ],
                    [
                        15.25426,
                        58.36031
                    ],
                    [
                        15.25716,
                        58.36073
                    ],
                    [
                        15.25902,
                        58.36103
                    ],
                    [
                        15.26083,
                        58.36132
                    ],
                    [
                        15.26264,
                        58.36163
                    ],
                    [
                        15.26454,
                        58.36198
                    ],
                    [
                        15.26728,
                        58.36251
                    ],
                    [
                        15.26889,
                        58.36283
                    ],
                    [
                        15.27125,
                        58.36333
                    ],
                    [
                        15.27387,
                        58.36392
                    ],
                    [
                        15.27618,
                        58.36446
                    ],
                    [
                        15.2767,
                        58.36459
                    ],
                    [
                        15.27744,
                        58.36477
                    ],
                    [
                        15.27858,
                        58.36506
                    ],
                    [
                        15.28147,
                        58.36581
                    ],
                    [
                        15.28411,
                        58.36654
                    ],
                    [
                        15.28643,
                        58.36722
                    ],
                    [
                        15.28835,
                        58.36779
                    ],
                    [
                        15.29015,
                        58.36834
                    ],
                    [
                        15.29194,
                        58.36889
                    ],
                    [
                        15.29259,
                        58.36908
                    ],
                    [
                        15.29416,
                        58.36956
                    ],
                    [
                        15.2956,
                        58.37
                    ],
                    [
                        15.29627,
                        58.3702
                    ],
                    [
                        15.29763,
                        58.37061
                    ],
                    [
                        15.29919,
                        58.37106
                    ],
                    [
                        15.30158,
                        58.3717
                    ],
                    [
                        15.30269,
                        58.37197
                    ],
                    [
                        15.30454,
                        58.37242
                    ],
                    [
                        15.30573,
                        58.37269
                    ],
                    [
                        15.30662,
                        58.37289
                    ],
                    [
                        15.30889,
                        58.37337
                    ],
                    [
                        15.31166,
                        58.37389
                    ],
                    [
                        15.31453,
                        58.37437
                    ],
                    [
                        15.31766,
                        58.37484
                    ],
                    [
                        15.32026,
                        58.3752
                    ],
                    [
                        15.32296,
                        58.37556
                    ],
                    [
                        15.3259,
                        58.37597
                    ],
                    [
                        15.32933,
                        58.37646
                    ],
                    [
                        15.33187,
                        58.37686
                    ],
                    [
                        15.33422,
                        58.37725
                    ],
                    [
                        15.33665,
                        58.37769
                    ],
                    [
                        15.339,
                        58.37813
                    ],
                    [
                        15.34166,
                        58.37866
                    ],
                    [
                        15.34433,
                        58.37924
                    ],
                    [
                        15.34683,
                        58.37979
                    ],
                    [
                        15.34978,
                        58.38044
                    ],
                    [
                        15.35297,
                        58.38115
                    ],
                    [
                        15.35553,
                        58.38172
                    ],
                    [
                        15.35816,
                        58.38229
                    ],
                    [
                        15.36029,
                        58.38274
                    ],
                    [
                        15.36247,
                        58.38317
                    ],
                    [
                        15.36489,
                        58.38363
                    ],
                    [
                        15.36737,
                        58.38406
                    ],
                    [
                        15.36959,
                        58.38442
                    ],
                    [
                        15.37156,
                        58.38472
                    ],
                    [
                        15.37387,
                        58.38506
                    ],
                    [
                        15.37586,
                        58.38533
                    ],
                    [
                        15.3776,
                        58.38554
                    ],
                    [
                        15.37961,
                        58.38578
                    ],
                    [
                        15.38131,
                        58.38597
                    ],
                    [
                        15.38369,
                        58.38624
                    ],
                    [
                        15.38637,
                        58.38655
                    ],
                    [
                        15.38885,
                        58.38683
                    ],
                    [
                        15.39115,
                        58.3871
                    ],
                    [
                        15.39356,
                        58.38737
                    ],
                    [
                        15.39544,
                        58.38759
                    ],
                    [
                        15.39706,
                        58.38779
                    ],
                    [
                        15.39911,
                        58.3881
                    ],
                    [
                        15.40109,
                        58.38842
                    ],
                    [
                        15.40241,
                        58.38866
                    ],
                    [
                        15.40372,
                        58.3889
                    ],
                    [
                        15.40496,
                        58.38915
                    ],
                    [
                        15.40618,
                        58.38942
                    ],
                    [
                        15.40747,
                        58.38972
                    ],
                    [
                        15.40876,
                        58.39002
                    ],
                    [
                        15.4102,
                        58.39038
                    ],
                    [
                        15.41156,
                        58.39075
                    ],
                    [
                        15.41384,
                        58.39141
                    ],
                    [
                        15.41599,
                        58.39209
                    ],
                    [
                        15.41788,
                        58.39272
                    ],
                    [
                        15.41957,
                        58.39334
                    ],
                    [
                        15.42122,
                        58.39398
                    ],
                    [
                        15.42317,
                        58.39479
                    ],
                    [
                        15.42551,
                        58.39585
                    ],
                    [
                        15.4276,
                        58.39683
                    ],
                    [
                        15.42945,
                        58.3977
                    ],
                    [
                        15.43142,
                        58.39862
                    ],
                    [
                        15.43347,
                        58.39955
                    ],
                    [
                        15.43579,
                        58.40056
                    ],
                    [
                        15.43773,
                        58.40137
                    ],
                    [
                        15.4398,
                        58.40222
                    ],
                    [
                        15.44189,
                        58.40304
                    ],
                    [
                        15.44402,
                        58.40386
                    ],
                    [
                        15.44657,
                        58.4048
                    ],
                    [
                        15.44887,
                        58.40562
                    ],
                    [
                        15.45185,
                        58.40669
                    ],
                    [
                        15.4543,
                        58.40756
                    ],
                    [
                        15.45678,
                        58.40846
                    ],
                    [
                        15.45895,
                        58.40926
                    ],
                    [
                        15.46142,
                        58.4102
                    ],
                    [
                        15.46405,
                        58.41121
                    ],
                    [
                        15.46722,
                        58.41248
                    ],
                    [
                        15.46874,
                        58.4131
                    ],
                    [
                        15.46902,
                        58.41322
                    ],
                    [
                        15.46935,
                        58.41335
                    ],
                    [
                        15.47157,
                        58.41428
                    ],
                    [
                        15.47366,
                        58.41517
                    ],
                    [
                        15.47633,
                        58.41634
                    ],
                    [
                        15.47706,
                        58.41667
                    ],
                    [
                        15.47888,
                        58.41749
                    ],
                    [
                        15.48122,
                        58.41857
                    ],
                    [
                        15.48343,
                        58.41959
                    ],
                    [
                        15.48517,
                        58.42039
                    ],
                    [
                        15.48704,
                        58.42122
                    ],
                    [
                        15.4886,
                        58.4219
                    ],
                    [
                        15.48981,
                        58.42241
                    ],
                    [
                        15.49103,
                        58.42292
                    ],
                    [
                        15.49268,
                        58.42359
                    ],
                    [
                        15.49473,
                        58.42441
                    ],
                    [
                        15.49677,
                        58.42519
                    ],
                    [
                        15.49697,
                        58.42527
                    ],
                    [
                        15.49835,
                        58.42578
                    ],
                    [
                        15.49979,
                        58.42631
                    ],
                    [
                        15.50211,
                        58.42713
                    ],
                    [
                        15.50451,
                        58.42795
                    ],
                    [
                        15.50692,
                        58.42874
                    ],
                    [
                        15.5093,
                        58.42951
                    ],
                    [
                        15.51027,
                        58.42981
                    ],
                    [
                        15.51094,
                        58.43001
                    ],
                    [
                        15.51195,
                        58.43031
                    ],
                    [
                        15.51442,
                        58.43104
                    ],
                    [
                        15.51613,
                        58.43152
                    ],
                    [
                        15.51786,
                        58.43201
                    ],
                    [
                        15.51937,
                        58.43241
                    ],
                    [
                        15.52081,
                        58.43279
                    ],
                    [
                        15.52258,
                        58.43325
                    ],
                    [
                        15.52575,
                        58.43402
                    ],
                    [
                        15.52661,
                        58.43423
                    ],
                    [
                        15.52703,
                        58.43433
                    ],
                    [
                        15.52866,
                        58.4347
                    ],
                    [
                        15.53158,
                        58.43535
                    ],
                    [
                        15.53214,
                        58.43547
                    ],
                    [
                        15.53264,
                        58.43558
                    ],
                    [
                        15.53359,
                        58.43577
                    ],
                    [
                        15.53454,
                        58.43596
                    ],
                    [
                        15.53551,
                        58.43615
                    ],
                    [
                        15.5369,
                        58.43641
                    ],
                    [
                        15.53857,
                        58.4367
                    ],
                    [
                        15.53918,
                        58.43681
                    ],
                    [
                        15.54217,
                        58.43726
                    ],
                    [
                        15.54364,
                        58.43746
                    ],
                    [
                        15.54545,
                        58.43769
                    ],
                    [
                        15.54715,
                        58.43788
                    ],
                    [
                        15.549,
                        58.43807
                    ],
                    [
                        15.55096,
                        58.43825
                    ],
                    [
                        15.55236,
                        58.43836
                    ],
                    [
                        15.55331,
                        58.43843
                    ],
                    [
                        15.55581,
                        58.43859
                    ],
                    [
                        15.5577,
                        58.43868
                    ],
                    [
                        15.56019,
                        58.43876
                    ],
                    [
                        15.56331,
                        58.43883
                    ],
                    [
                        15.56483,
                        58.43884
                    ],
                    [
                        15.5664,
                        58.43884
                    ],
                    [
                        15.56911,
                        58.43882
                    ],
                    [
                        15.57005,
                        58.4388
                    ],
                    [
                        15.57151,
                        58.43876
                    ],
                    [
                        15.57339,
                        58.43869
                    ],
                    [
                        15.57558,
                        58.4386
                    ],
                    [
                        15.57721,
                        58.43851
                    ],
                    [
                        15.57874,
                        58.43841
                    ],
                    [
                        15.58109,
                        58.43824
                    ],
                    [
                        15.5827,
                        58.43811
                    ],
                    [
                        15.58455,
                        58.43793
                    ],
                    [
                        15.58609,
                        58.43778
                    ],
                    [
                        15.58757,
                        58.43761
                    ],
                    [
                        15.5894,
                        58.43739
                    ],
                    [
                        15.59024,
                        58.43729
                    ],
                    [
                        15.59187,
                        58.43708
                    ],
                    [
                        15.59399,
                        58.4368
                    ],
                    [
                        15.59773,
                        58.43632
                    ],
                    [
                        15.6009,
                        58.43592
                    ],
                    [
                        15.60385,
                        58.43555
                    ],
                    [
                        15.60776,
                        58.43509
                    ],
                    [
                        15.61156,
                        58.43466
                    ],
                    [
                        15.61424,
                        58.43437
                    ],
                    [
                        15.61646,
                        58.43415
                    ],
                    [
                        15.61839,
                        58.43397
                    ],
                    [
                        15.62016,
                        58.43382
                    ],
                    [
                        15.6221,
                        58.43366
                    ],
                    [
                        15.62386,
                        58.43353
                    ],
                    [
                        15.62621,
                        58.43337
                    ],
                    [
                        15.62851,
                        58.43323
                    ],
                    [
                        15.63105,
                        58.43309
                    ],
                    [
                        15.63291,
                        58.43301
                    ],
                    [
                        15.63463,
                        58.43293
                    ],
                    [
                        15.6364,
                        58.43287
                    ],
                    [
                        15.63805,
                        58.4328
                    ],
                    [
                        15.64008,
                        58.43274
                    ],
                    [
                        15.64328,
                        58.43264
                    ],
                    [
                        15.64661,
                        58.43256
                    ],
                    [
                        15.64974,
                        58.43249
                    ],
                    [
                        15.653,
                        58.43245
                    ],
                    [
                        15.65516,
                        58.43242
                    ],
                    [
                        15.65662,
                        58.43241
                    ],
                    [
                        15.65717,
                        58.43241
                    ],
                    [
                        15.65778,
                        58.4324
                    ],
                    [
                        15.66009,
                        58.4324
                    ],
                    [
                        15.66177,
                        58.4324
                    ],
                    [
                        15.66327,
                        58.43242
                    ],
                    [
                        15.66471,
                        58.43245
                    ],
                    [
                        15.66629,
                        58.4325
                    ],
                    [
                        15.66813,
                        58.43257
                    ],
                    [
                        15.66983,
                        58.43267
                    ],
                    [
                        15.67068,
                        58.43272
                    ],
                    [
                        15.67236,
                        58.43282
                    ],
                    [
                        15.67432,
                        58.43298
                    ],
                    [
                        15.6759,
                        58.43312
                    ],
                    [
                        15.67743,
                        58.43327
                    ],
                    [
                        15.67897,
                        58.43343
                    ],
                    [
                        15.67994,
                        58.43355
                    ],
                    [
                        15.68122,
                        58.43371
                    ],
                    [
                        15.6828,
                        58.43393
                    ],
                    [
                        15.68328,
                        58.434
                    ],
                    [
                        15.68554,
                        58.43433
                    ],
                    [
                        15.68752,
                        58.43465
                    ],
                    [
                        15.68993,
                        58.43507
                    ],
                    [
                        15.69251,
                        58.43556
                    ],
                    [
                        15.69422,
                        58.43591
                    ],
                    [
                        15.69464,
                        58.436
                    ],
                    [
                        15.6965,
                        58.43641
                    ],
                    [
                        15.698,
                        58.43675
                    ],
                    [
                        15.70004,
                        58.43725
                    ],
                    [
                        15.70165,
                        58.43767
                    ],
                    [
                        15.70332,
                        58.43812
                    ],
                    [
                        15.70493,
                        58.43858
                    ],
                    [
                        15.70668,
                        58.43912
                    ],
                    [
                        15.70856,
                        58.43971
                    ],
                    [
                        15.71085,
                        58.4405
                    ],
                    [
                        15.71269,
                        58.44116
                    ],
                    [
                        15.71391,
                        58.44161
                    ],
                    [
                        15.71446,
                        58.44181
                    ],
                    [
                        15.71631,
                        58.44249
                    ],
                    [
                        15.71812,
                        58.44315
                    ],
                    [
                        15.71935,
                        58.4436
                    ],
                    [
                        15.72136,
                        58.44428
                    ],
                    [
                        15.72373,
                        58.44504
                    ],
                    [
                        15.72551,
                        58.44557
                    ],
                    [
                        15.72713,
                        58.44603
                    ],
                    [
                        15.72881,
                        58.44648
                    ],
                    [
                        15.7308,
                        58.44698
                    ],
                    [
                        15.73096,
                        58.44702
                    ],
                    [
                        15.73254,
                        58.4474
                    ],
                    [
                        15.73278,
                        58.44746
                    ],
                    [
                        15.73489,
                        58.44792
                    ],
                    [
                        15.73669,
                        58.44829
                    ],
                    [
                        15.73837,
                        58.44861
                    ],
                    [
                        15.73991,
                        58.44889
                    ],
                    [
                        15.74177,
                        58.4492
                    ],
                    [
                        15.74335,
                        58.44945
                    ],
                    [
                        15.74483,
                        58.44966
                    ],
                    [
                        15.74718,
                        58.44998
                    ],
                    [
                        15.74905,
                        58.45023
                    ],
                    [
                        15.75041,
                        58.45042
                    ],
                    [
                        15.75245,
                        58.45069
                    ],
                    [
                        15.75501,
                        58.45105
                    ],
                    [
                        15.7571,
                        58.45138
                    ],
                    [
                        15.75966,
                        58.45181
                    ],
                    [
                        15.76222,
                        58.45227
                    ],
                    [
                        15.76492,
                        58.45282
                    ],
                    [
                        15.76691,
                        58.45324
                    ],
                    [
                        15.7697,
                        58.45388
                    ],
                    [
                        15.772,
                        58.45445
                    ],
                    [
                        15.77397,
                        58.45497
                    ],
                    [
                        15.77624,
                        58.4556
                    ],
                    [
                        15.77872,
                        58.45633
                    ],
                    [
                        15.78046,
                        58.45687
                    ],
                    [
                        15.78205,
                        58.4574
                    ],
                    [
                        15.78448,
                        58.45823
                    ],
                    [
                        15.78698,
                        58.45913
                    ],
                    [
                        15.78855,
                        58.45973
                    ],
                    [
                        15.79047,
                        58.46051
                    ],
                    [
                        15.79223,
                        58.46125
                    ],
                    [
                        15.79382,
                        58.46194
                    ],
                    [
                        15.79566,
                        58.46275
                    ],
                    [
                        15.79718,
                        58.46343
                    ],
                    [
                        15.79889,
                        58.46418
                    ],
                    [
                        15.80033,
                        58.46478
                    ],
                    [
                        15.80243,
                        58.46564
                    ],
                    [
                        15.80409,
                        58.4663
                    ],
                    [
                        15.80681,
                        58.46733
                    ],
                    [
                        15.81001,
                        58.46848
                    ],
                    [
                        15.81265,
                        58.46937
                    ],
                    [
                        15.81465,
                        58.47002
                    ],
                    [
                        15.81656,
                        58.47061
                    ],
                    [
                        15.81843,
                        58.47118
                    ],
                    [
                        15.82066,
                        58.47183
                    ],
                    [
                        15.82096,
                        58.47191
                    ],
                    [
                        15.82254,
                        58.47235
                    ],
                    [
                        15.82459,
                        58.47289
                    ],
                    [
                        15.82726,
                        58.47357
                    ],
                    [
                        15.82898,
                        58.47399
                    ],
                    [
                        15.83075,
                        58.4744
                    ],
                    [
                        15.83357,
                        58.47503
                    ],
                    [
                        15.83607,
                        58.47556
                    ],
                    [
                        15.83748,
                        58.47585
                    ],
                    [
                        15.83972,
                        58.47629
                    ],
                    [
                        15.84201,
                        58.47671
                    ],
                    [
                        15.84372,
                        58.47702
                    ],
                    [
                        15.84547,
                        58.47732
                    ],
                    [
                        15.8479,
                        58.47772
                    ],
                    [
                        15.85022,
                        58.47807
                    ],
                    [
                        15.85295,
                        58.47847
                    ],
                    [
                        15.85636,
                        58.47893
                    ],
                    [
                        15.85913,
                        58.47926
                    ],
                    [
                        15.86214,
                        58.4796
                    ],
                    [
                        15.86379,
                        58.47977
                    ],
                    [
                        15.86502,
                        58.47989
                    ],
                    [
                        15.86783,
                        58.48014
                    ],
                    [
                        15.87103,
                        58.4804
                    ],
                    [
                        15.87593,
                        58.48076
                    ],
                    [
                        15.87823,
                        58.48093
                    ],
                    [
                        15.87857,
                        58.48096
                    ],
                    [
                        15.87941,
                        58.48103
                    ],
                    [
                        15.87973,
                        58.48106
                    ],
                    [
                        15.8819,
                        58.48125
                    ],
                    [
                        15.88354,
                        58.48142
                    ],
                    [
                        15.88608,
                        58.48169
                    ],
                    [
                        15.88888,
                        58.48204
                    ],
                    [
                        15.89066,
                        58.48229
                    ],
                    [
                        15.89255,
                        58.48257
                    ],
                    [
                        15.89404,
                        58.48282
                    ],
                    [
                        15.89578,
                        58.48312
                    ],
                    [
                        15.89732,
                        58.4834
                    ],
                    [
                        15.89928,
                        58.48379
                    ],
                    [
                        15.90287,
                        58.48451
                    ],
                    [
                        15.90503,
                        58.48493
                    ],
                    [
                        15.90598,
                        58.4851
                    ],
                    [
                        15.90689,
                        58.48526
                    ],
                    [
                        15.90882,
                        58.48558
                    ],
                    [
                        15.91031,
                        58.4858
                    ],
                    [
                        15.91157,
                        58.48597
                    ],
                    [
                        15.91307,
                        58.48616
                    ],
                    [
                        15.91454,
                        58.48633
                    ],
                    [
                        15.91636,
                        58.48651
                    ],
                    [
                        15.91853,
                        58.48672
                    ],
                    [
                        15.92099,
                        58.48694
                    ],
                    [
                        15.92352,
                        58.48714
                    ],
                    [
                        15.92535,
                        58.48728
                    ],
                    [
                        15.9279,
                        58.48745
                    ],
                    [
                        15.92959,
                        58.48757
                    ],
                    [
                        15.92992,
                        58.48759
                    ],
                    [
                        15.93041,
                        58.48763
                    ],
                    [
                        15.93378,
                        58.48787
                    ],
                    [
                        15.93519,
                        58.48798
                    ],
                    [
                        15.93727,
                        58.48816
                    ],
                    [
                        15.93939,
                        58.48836
                    ],
                    [
                        15.94245,
                        58.48866
                    ],
                    [
                        15.94501,
                        58.48894
                    ],
                    [
                        15.94626,
                        58.48909
                    ],
                    [
                        15.94876,
                        58.48939
                    ],
                    [
                        15.94946,
                        58.48949
                    ],
                    [
                        15.95055,
                        58.48963
                    ],
                    [
                        15.95153,
                        58.48977
                    ],
                    [
                        15.95348,
                        58.49007
                    ],
                    [
                        15.95503,
                        58.49032
                    ],
                    [
                        15.95699,
                        58.49069
                    ],
                    [
                        15.9576,
                        58.4908
                    ],
                    [
                        15.95945,
                        58.49119
                    ],
                    [
                        15.96038,
                        58.4914
                    ],
                    [
                        15.96127,
                        58.49161
                    ],
                    [
                        15.96218,
                        58.49182
                    ],
                    [
                        15.96288,
                        58.49199
                    ],
                    [
                        15.96363,
                        58.49219
                    ],
                    [
                        15.96446,
                        58.49242
                    ],
                    [
                        15.96603,
                        58.49286
                    ],
                    [
                        15.96678,
                        58.49308
                    ],
                    [
                        15.96718,
                        58.49319
                    ],
                    [
                        15.96755,
                        58.49331
                    ],
                    [
                        15.96818,
                        58.4935
                    ],
                    [
                        15.96882,
                        58.4937
                    ],
                    [
                        15.97025,
                        58.49419
                    ],
                    [
                        15.9716,
                        58.49467
                    ],
                    [
                        15.97235,
                        58.49495
                    ],
                    [
                        15.97266,
                        58.49507
                    ],
                    [
                        15.97414,
                        58.49567
                    ],
                    [
                        15.97473,
                        58.49591
                    ],
                    [
                        15.97531,
                        58.49617
                    ],
                    [
                        15.97658,
                        58.49676
                    ],
                    [
                        15.97793,
                        58.49742
                    ],
                    [
                        15.97884,
                        58.49791
                    ],
                    [
                        15.97943,
                        58.49822
                    ],
                    [
                        15.97999,
                        58.49854
                    ],
                    [
                        15.98048,
                        58.49882
                    ],
                    [
                        15.98055,
                        58.49886
                    ],
                    [
                        15.98085,
                        58.49904
                    ],
                    [
                        15.98196,
                        58.49974
                    ],
                    [
                        15.98293,
                        58.50037
                    ],
                    [
                        15.98368,
                        58.50089
                    ],
                    [
                        15.98464,
                        58.50158
                    ],
                    [
                        15.98559,
                        58.50231
                    ],
                    [
                        15.98643,
                        58.50298
                    ],
                    [
                        15.98739,
                        58.50381
                    ],
                    [
                        15.98819,
                        58.50453
                    ],
                    [
                        15.98894,
                        58.50527
                    ],
                    [
                        15.98961,
                        58.50603
                    ],
                    [
                        15.99018,
                        58.50674
                    ],
                    [
                        15.99051,
                        58.50723
                    ],
                    [
                        15.99065,
                        58.50743
                    ],
                    [
                        15.99074,
                        58.50756
                    ],
                    [
                        15.99167,
                        58.50909
                    ],
                    [
                        15.99339,
                        58.51197
                    ],
                    [
                        15.99395,
                        58.51288
                    ],
                    [
                        15.9943,
                        58.51338
                    ],
                    [
                        15.99472,
                        58.51392
                    ],
                    [
                        15.99516,
                        58.51441
                    ],
                    [
                        15.99595,
                        58.5152
                    ],
                    [
                        15.99689,
                        58.51606
                    ],
                    [
                        15.9981,
                        58.51714
                    ],
                    [
                        15.99953,
                        58.51836
                    ],
                    [
                        16.00047,
                        58.51912
                    ],
                    [
                        16.00153,
                        58.51997
                    ],
                    [
                        16.00282,
                        58.52095
                    ],
                    [
                        16.00359,
                        58.52148
                    ],
                    [
                        16.00433,
                        58.52193
                    ],
                    [
                        16.00509,
                        58.52234
                    ],
                    [
                        16.00587,
                        58.52273
                    ],
                    [
                        16.00677,
                        58.52313
                    ],
                    [
                        16.0084,
                        58.52378
                    ],
                    [
                        16.00971,
                        58.52433
                    ],
                    [
                        16.01131,
                        58.52508
                    ],
                    [
                        16.01232,
                        58.52555
                    ],
                    [
                        16.01344,
                        58.5261
                    ],
                    [
                        16.01486,
                        58.5268
                    ],
                    [
                        16.016,
                        58.52734
                    ],
                    [
                        16.01711,
                        58.52789
                    ],
                    [
                        16.01849,
                        58.52856
                    ],
                    [
                        16.01943,
                        58.52897
                    ],
                    [
                        16.02041,
                        58.52935
                    ],
                    [
                        16.02126,
                        58.52964
                    ],
                    [
                        16.02225,
                        58.52995
                    ],
                    [
                        16.0234,
                        58.53027
                    ],
                    [
                        16.02415,
                        58.53045
                    ],
                    [
                        16.02493,
                        58.53062
                    ],
                    [
                        16.02608,
                        58.53084
                    ],
                    [
                        16.0285,
                        58.53126
                    ],
                    [
                        16.02989,
                        58.53152
                    ],
                    [
                        16.03064,
                        58.53169
                    ],
                    [
                        16.0313,
                        58.53187
                    ],
                    [
                        16.03203,
                        58.53209
                    ],
                    [
                        16.03268,
                        58.5323
                    ],
                    [
                        16.03337,
                        58.53256
                    ],
                    [
                        16.034,
                        58.53283
                    ],
                    [
                        16.03476,
                        58.53319
                    ],
                    [
                        16.03544,
                        58.53356
                    ],
                    [
                        16.03617,
                        58.534
                    ],
                    [
                        16.03669,
                        58.53436
                    ],
                    [
                        16.03728,
                        58.53479
                    ],
                    [
                        16.03773,
                        58.53516
                    ],
                    [
                        16.03818,
                        58.53557
                    ],
                    [
                        16.03853,
                        58.53594
                    ],
                    [
                        16.039,
                        58.53651
                    ],
                    [
                        16.03949,
                        58.53716
                    ],
                    [
                        16.04009,
                        58.53794
                    ],
                    [
                        16.041,
                        58.53916
                    ],
                    [
                        16.04171,
                        58.54021
                    ],
                    [
                        16.04282,
                        58.54187
                    ],
                    [
                        16.04361,
                        58.54306
                    ],
                    [
                        16.04425,
                        58.54403
                    ],
                    [
                        16.04479,
                        58.54481
                    ],
                    [
                        16.04526,
                        58.54536
                    ],
                    [
                        16.04574,
                        58.54584
                    ],
                    [
                        16.04633,
                        58.54635
                    ],
                    [
                        16.04698,
                        58.54684
                    ],
                    [
                        16.04775,
                        58.54738
                    ],
                    [
                        16.04817,
                        58.54768
                    ],
                    [
                        16.04954,
                        58.54865
                    ],
                    [
                        16.05108,
                        58.54972
                    ],
                    [
                        16.053,
                        58.55108
                    ],
                    [
                        16.05371,
                        58.5516
                    ],
                    [
                        16.0543,
                        58.55205
                    ],
                    [
                        16.05469,
                        58.55236
                    ],
                    [
                        16.05508,
                        58.55267
                    ],
                    [
                        16.05585,
                        58.55334
                    ],
                    [
                        16.05623,
                        58.55369
                    ],
                    [
                        16.05659,
                        58.55404
                    ],
                    [
                        16.05695,
                        58.55439
                    ],
                    [
                        16.05747,
                        58.55493
                    ],
                    [
                        16.05842,
                        58.55602
                    ],
                    [
                        16.05877,
                        58.55646
                    ],
                    [
                        16.05941,
                        58.55735
                    ],
                    [
                        16.05993,
                        58.55809
                    ],
                    [
                        16.06031,
                        58.55861
                    ],
                    [
                        16.06077,
                        58.55918
                    ],
                    [
                        16.06131,
                        58.5598
                    ],
                    [
                        16.06186,
                        58.56037
                    ],
                    [
                        16.06259,
                        58.56107
                    ],
                    [
                        16.06324,
                        58.56162
                    ],
                    [
                        16.06386,
                        58.56212
                    ],
                    [
                        16.06463,
                        58.56268
                    ],
                    [
                        16.06532,
                        58.56316
                    ],
                    [
                        16.06607,
                        58.56363
                    ],
                    [
                        16.06697,
                        58.56417
                    ],
                    [
                        16.06757,
                        58.5645
                    ],
                    [
                        16.06874,
                        58.56513
                    ],
                    [
                        16.06968,
                        58.56562
                    ],
                    [
                        16.07158,
                        58.56656
                    ],
                    [
                        16.07291,
                        58.5672
                    ],
                    [
                        16.07442,
                        58.56788
                    ],
                    [
                        16.07601,
                        58.56856
                    ],
                    [
                        16.07738,
                        58.56912
                    ],
                    [
                        16.07884,
                        58.5697
                    ],
                    [
                        16.07909,
                        58.56979
                    ],
                    [
                        16.08076,
                        58.57042
                    ],
                    [
                        16.08195,
                        58.57084
                    ],
                    [
                        16.08411,
                        58.57158
                    ],
                    [
                        16.08629,
                        58.57227
                    ],
                    [
                        16.08973,
                        58.57329
                    ],
                    [
                        16.09202,
                        58.57395
                    ],
                    [
                        16.09237,
                        58.57405
                    ],
                    [
                        16.09334,
                        58.57433
                    ],
                    [
                        16.09436,
                        58.57462
                    ],
                    [
                        16.09669,
                        58.57526
                    ],
                    [
                        16.09709,
                        58.57537
                    ],
                    [
                        16.0979,
                        58.57559
                    ],
                    [
                        16.09853,
                        58.57576
                    ],
                    [
                        16.10084,
                        58.57644
                    ],
                    [
                        16.10206,
                        58.57683
                    ],
                    [
                        16.10368,
                        58.57737
                    ],
                    [
                        16.10456,
                        58.57767
                    ],
                    [
                        16.1065,
                        58.57833
                    ],
                    [
                        16.11025,
                        58.57961
                    ],
                    [
                        16.11161,
                        58.58008
                    ],
                    [
                        16.11298,
                        58.58054
                    ],
                    [
                        16.11348,
                        58.58072
                    ],
                    [
                        16.11651,
                        58.58175
                    ],
                    [
                        16.11799,
                        58.58226
                    ],
                    [
                        16.11869,
                        58.58251
                    ],
                    [
                        16.11944,
                        58.58279
                    ],
                    [
                        16.12018,
                        58.58309
                    ],
                    [
                        16.12122,
                        58.58352
                    ],
                    [
                        16.1218,
                        58.58378
                    ],
                    [
                        16.12319,
                        58.58443
                    ],
                    [
                        16.12426,
                        58.58497
                    ],
                    [
                        16.12514,
                        58.58551
                    ],
                    [
                        16.12562,
                        58.58584
                    ],
                    [
                        16.12614,
                        58.58624
                    ],
                    [
                        16.12677,
                        58.58683
                    ],
                    [
                        16.1273,
                        58.58742
                    ],
                    [
                        16.1276,
                        58.5878
                    ],
                    [
                        16.12789,
                        58.58822
                    ],
                    [
                        16.12819,
                        58.58874
                    ],
                    [
                        16.12849,
                        58.58935
                    ],
                    [
                        16.12864,
                        58.58976
                    ],
                    [
                        16.12873,
                        58.59004
                    ],
                    [
                        16.12888,
                        58.59061
                    ],
                    [
                        16.12893,
                        58.59096
                    ],
                    [
                        16.12896,
                        58.59136
                    ],
                    [
                        16.12897,
                        58.5917
                    ],
                    [
                        16.12896,
                        58.59207
                    ],
                    [
                        16.1289,
                        58.59258
                    ],
                    [
                        16.12878,
                        58.59318
                    ],
                    [
                        16.12858,
                        58.59377
                    ],
                    [
                        16.12819,
                        58.59463
                    ],
                    [
                        16.12759,
                        58.59591
                    ],
                    [
                        16.12747,
                        58.59618
                    ],
                    [
                        16.12716,
                        58.59682
                    ],
                    [
                        16.12689,
                        58.59745
                    ],
                    [
                        16.12674,
                        58.5979
                    ],
                    [
                        16.12663,
                        58.59829
                    ],
                    [
                        16.12661,
                        58.5984
                    ],
                    [
                        16.12659,
                        58.59851
                    ],
                    [
                        16.12657,
                        58.59862
                    ],
                    [
                        16.12655,
                        58.59872
                    ],
                    [
                        16.12652,
                        58.59893
                    ],
                    [
                        16.12649,
                        58.59916
                    ],
                    [
                        16.12648,
                        58.59926
                    ],
                    [
                        16.12647,
                        58.59937
                    ],
                    [
                        16.12646,
                        58.59948
                    ],
                    [
                        16.12645,
                        58.59959
                    ],
                    [
                        16.12645,
                        58.59969
                    ],
                    [
                        16.12644,
                        58.5998
                    ],
                    [
                        16.12644,
                        58.59991
                    ],
                    [
                        16.12644,
                        58.60002
                    ],
                    [
                        16.12644,
                        58.60012
                    ],
                    [
                        16.12645,
                        58.60023
                    ],
                    [
                        16.12646,
                        58.60034
                    ],
                    [
                        16.12647,
                        58.60045
                    ],
                    [
                        16.12647,
                        58.60053
                    ],
                    [
                        16.12648,
                        58.60066
                    ],
                    [
                        16.1265,
                        58.6008
                    ],
                    [
                        16.12651,
                        58.60088
                    ],
                    [
                        16.12653,
                        58.60098
                    ],
                    [
                        16.12655,
                        58.60109
                    ],
                    [
                        16.12656,
                        58.6012
                    ],
                    [
                        16.12659,
                        58.6013
                    ],
                    [
                        16.12661,
                        58.60141
                    ],
                    [
                        16.12677,
                        58.60198
                    ],
                    [
                        16.12687,
                        58.60227
                    ],
                    [
                        16.12704,
                        58.60269
                    ],
                    [
                        16.12728,
                        58.60321
                    ],
                    [
                        16.12773,
                        58.60397
                    ],
                    [
                        16.12821,
                        58.60464
                    ],
                    [
                        16.1287,
                        58.60524
                    ],
                    [
                        16.1295,
                        58.60613
                    ],
                    [
                        16.13018,
                        58.60683
                    ],
                    [
                        16.13106,
                        58.60767
                    ],
                    [
                        16.13201,
                        58.6085
                    ],
                    [
                        16.13312,
                        58.6094
                    ],
                    [
                        16.13413,
                        58.61015
                    ],
                    [
                        16.13524,
                        58.61092
                    ],
                    [
                        16.13668,
                        58.61183
                    ],
                    [
                        16.13804,
                        58.61263
                    ],
                    [
                        16.13862,
                        58.61295
                    ],
                    [
                        16.13944,
                        58.61338
                    ],
                    [
                        16.14151,
                        58.6145
                    ],
                    [
                        16.14203,
                        58.61478
                    ],
                    [
                        16.14438,
                        58.61604
                    ],
                    [
                        16.1455,
                        58.61665
                    ],
                    [
                        16.14616,
                        58.61706
                    ],
                    [
                        16.14683,
                        58.61749
                    ],
                    [
                        16.14759,
                        58.61806
                    ],
                    [
                        16.14816,
                        58.61855
                    ],
                    [
                        16.14879,
                        58.61914
                    ],
                    [
                        16.14919,
                        58.61957
                    ],
                    [
                        16.14959,
                        58.62007
                    ],
                    [
                        16.15012,
                        58.6208
                    ],
                    [
                        16.15041,
                        58.62129
                    ],
                    [
                        16.15068,
                        58.62185
                    ],
                    [
                        16.15091,
                        58.62244
                    ],
                    [
                        16.15104,
                        58.62287
                    ],
                    [
                        16.15115,
                        58.62339
                    ],
                    [
                        16.15121,
                        58.62382
                    ],
                    [
                        16.15137,
                        58.62517
                    ],
                    [
                        16.1515,
                        58.62629
                    ],
                    [
                        16.15161,
                        58.62681
                    ],
                    [
                        16.15175,
                        58.62723
                    ],
                    [
                        16.1518,
                        58.62738
                    ],
                    [
                        16.15207,
                        58.62793
                    ],
                    [
                        16.15212,
                        58.62803
                    ],
                    [
                        16.1525,
                        58.62864
                    ],
                    [
                        16.15287,
                        58.62913
                    ],
                    [
                        16.15331,
                        58.62962
                    ],
                    [
                        16.15391,
                        58.63019
                    ],
                    [
                        16.15431,
                        58.63051
                    ],
                    [
                        16.15485,
                        58.63091
                    ],
                    [
                        16.15572,
                        58.6315
                    ],
                    [
                        16.15646,
                        58.632
                    ],
                    [
                        16.15799,
                        58.63304
                    ],
                    [
                        16.15863,
                        58.63348
                    ],
                    [
                        16.15929,
                        58.63397
                    ],
                    [
                        16.15991,
                        58.63452
                    ],
                    [
                        16.16019,
                        58.6348
                    ],
                    [
                        16.16038,
                        58.63497
                    ],
                    [
                        16.16048,
                        58.63506
                    ],
                    [
                        16.16086,
                        58.63547
                    ],
                    [
                        16.16116,
                        58.63586
                    ],
                    [
                        16.16163,
                        58.63652
                    ],
                    [
                        16.16199,
                        58.63707
                    ],
                    [
                        16.16199,
                        58.63707
                    ],
                    [
                        16.16295,
                        58.63862
                    ],
                    [
                        16.16367,
                        58.63975
                    ],
                    [
                        16.16392,
                        58.64013
                    ],
                    [
                        16.16455,
                        58.64106
                    ],
                    [
                        16.16525,
                        58.642
                    ],
                    [
                        16.16613,
                        58.64304
                    ],
                    [
                        16.16693,
                        58.6439
                    ],
                    [
                        16.16734,
                        58.6443
                    ],
                    [
                        16.16768,
                        58.6446
                    ],
                    [
                        16.16798,
                        58.64487
                    ],
                    [
                        16.16827,
                        58.64511
                    ],
                    [
                        16.1694,
                        58.64597
                    ],
                    [
                        16.17039,
                        58.64662
                    ],
                    [
                        16.17136,
                        58.64718
                    ],
                    [
                        16.17177,
                        58.6474
                    ],
                    [
                        16.17233,
                        58.64769
                    ],
                    [
                        16.17302,
                        58.64801
                    ],
                    [
                        16.17367,
                        58.6483
                    ],
                    [
                        16.17466,
                        58.64871
                    ],
                    [
                        16.17505,
                        58.64886
                    ],
                    [
                        16.17594,
                        58.64918
                    ],
                    [
                        16.17646,
                        58.64936
                    ],
                    [
                        16.18008,
                        58.65056
                    ],
                    [
                        16.18087,
                        58.65083
                    ],
                    [
                        16.18232,
                        58.65134
                    ],
                    [
                        16.18359,
                        58.65182
                    ],
                    [
                        16.18469,
                        58.65229
                    ],
                    [
                        16.18555,
                        58.65267
                    ],
                    [
                        16.18618,
                        58.65298
                    ],
                    [
                        16.18673,
                        58.65325
                    ],
                    [
                        16.18781,
                        58.65382
                    ],
                    [
                        16.18943,
                        58.65474
                    ],
                    [
                        16.19062,
                        58.65548
                    ],
                    [
                        16.19116,
                        58.65583
                    ],
                    [
                        16.19157,
                        58.6561
                    ],
                    [
                        16.19323,
                        58.65722
                    ],
                    [
                        16.1948,
                        58.65836
                    ],
                    [
                        16.19648,
                        58.65961
                    ],
                    [
                        16.19849,
                        58.66109
                    ],
                    [
                        16.19948,
                        58.66183
                    ],
                    [
                        16.20026,
                        58.66239
                    ],
                    [
                        16.20184,
                        58.66348
                    ],
                    [
                        16.20255,
                        58.66396
                    ],
                    [
                        16.20345,
                        58.66455
                    ],
                    [
                        16.20548,
                        58.66582
                    ],
                    [
                        16.20665,
                        58.66651
                    ],
                    [
                        16.20743,
                        58.66697
                    ],
                    [
                        16.20821,
                        58.6674
                    ],
                    [
                        16.20986,
                        58.66828
                    ],
                    [
                        16.21061,
                        58.66865
                    ],
                    [
                        16.21138,
                        58.66901
                    ],
                    [
                        16.21225,
                        58.6694
                    ],
                    [
                        16.21316,
                        58.66978
                    ],
                    [
                        16.21379,
                        58.67002
                    ],
                    [
                        16.21439,
                        58.67024
                    ],
                    [
                        16.21502,
                        58.67046
                    ],
                    [
                        16.21565,
                        58.67065
                    ],
                    [
                        16.21642,
                        58.67086
                    ],
                    [
                        16.21693,
                        58.67099
                    ],
                    [
                        16.21759,
                        58.67114
                    ],
                    [
                        16.21831,
                        58.6713
                    ],
                    [
                        16.21899,
                        58.67142
                    ],
                    [
                        16.21971,
                        58.67153
                    ],
                    [
                        16.22018,
                        58.6716
                    ],
                    [
                        16.22109,
                        58.6717
                    ],
                    [
                        16.22181,
                        58.67176
                    ],
                    [
                        16.22231,
                        58.6718
                    ],
                    [
                        16.22251,
                        58.67181
                    ],
                    [
                        16.22329,
                        58.67185
                    ],
                    [
                        16.22396,
                        58.67187
                    ],
                    [
                        16.22467,
                        58.67187
                    ],
                    [
                        16.22505,
                        58.67186
                    ],
                    [
                        16.22579,
                        58.67184
                    ],
                    [
                        16.22645,
                        58.67181
                    ],
                    [
                        16.22726,
                        58.67175
                    ],
                    [
                        16.22797,
                        58.67169
                    ],
                    [
                        16.22917,
                        58.67156
                    ],
                    [
                        16.23096,
                        58.67135
                    ],
                    [
                        16.23272,
                        58.67111
                    ],
                    [
                        16.2353,
                        58.67078
                    ],
                    [
                        16.2371,
                        58.67059
                    ],
                    [
                        16.23789,
                        58.67054
                    ],
                    [
                        16.23876,
                        58.67049
                    ],
                    [
                        16.2394,
                        58.67049
                    ],
                    [
                        16.24038,
                        58.67049
                    ],
                    [
                        16.24137,
                        58.67052
                    ],
                    [
                        16.24251,
                        58.67058
                    ],
                    [
                        16.24364,
                        58.67069
                    ],
                    [
                        16.24427,
                        58.67077
                    ],
                    [
                        16.24498,
                        58.67088
                    ],
                    [
                        16.24559,
                        58.67098
                    ],
                    [
                        16.24615,
                        58.67109
                    ],
                    [
                        16.24687,
                        58.67124
                    ],
                    [
                        16.24732,
                        58.67134
                    ],
                    [
                        16.2491,
                        58.67183
                    ],
                    [
                        16.25106,
                        58.67245
                    ],
                    [
                        16.25287,
                        58.67311
                    ],
                    [
                        16.25486,
                        58.67389
                    ],
                    [
                        16.25609,
                        58.67436
                    ],
                    [
                        16.257,
                        58.6747
                    ],
                    [
                        16.25901,
                        58.67542
                    ],
                    [
                        16.26011,
                        58.67579
                    ],
                    [
                        16.26116,
                        58.67609
                    ],
                    [
                        16.26167,
                        58.67623
                    ],
                    [
                        16.26287,
                        58.67653
                    ],
                    [
                        16.26358,
                        58.67668
                    ],
                    [
                        16.26399,
                        58.67678
                    ],
                    [
                        16.26615,
                        58.67716
                    ],
                    [
                        16.26704,
                        58.67728
                    ],
                    [
                        16.26793,
                        58.67739
                    ],
                    [
                        16.2686,
                        58.67746
                    ],
                    [
                        16.26952,
                        58.67754
                    ],
                    [
                        16.27073,
                        58.67762
                    ],
                    [
                        16.27133,
                        58.67765
                    ],
                    [
                        16.27263,
                        58.67768
                    ],
                    [
                        16.27451,
                        58.67768
                    ],
                    [
                        16.27593,
                        58.67764
                    ],
                    [
                        16.27845,
                        58.67754
                    ],
                    [
                        16.27923,
                        58.67752
                    ],
                    [
                        16.27993,
                        58.67751
                    ],
                    [
                        16.28149,
                        58.67751
                    ],
                    [
                        16.28267,
                        58.67753
                    ],
                    [
                        16.28372,
                        58.67758
                    ],
                    [
                        16.2843,
                        58.6776
                    ],
                    [
                        16.28564,
                        58.67769
                    ],
                    [
                        16.28667,
                        58.67776
                    ],
                    [
                        16.28722,
                        58.67781
                    ],
                    [
                        16.28843,
                        58.67791
                    ],
                    [
                        16.28991,
                        58.67801
                    ],
                    [
                        16.29113,
                        58.67808
                    ],
                    [
                        16.29232,
                        58.67812
                    ],
                    [
                        16.29348,
                        58.67814
                    ],
                    [
                        16.29475,
                        58.67814
                    ],
                    [
                        16.2972,
                        58.67808
                    ],
                    [
                        16.29844,
                        58.67806
                    ],
                    [
                        16.29991,
                        58.67804
                    ],
                    [
                        16.30165,
                        58.67807
                    ],
                    [
                        16.30296,
                        58.67811
                    ],
                    [
                        16.30425,
                        58.67819
                    ],
                    [
                        16.30528,
                        58.67827
                    ],
                    [
                        16.3075,
                        58.67849
                    ],
                    [
                        16.3089,
                        58.67868
                    ],
                    [
                        16.31026,
                        58.67888
                    ],
                    [
                        16.3124,
                        58.67927
                    ],
                    [
                        16.31381,
                        58.67958
                    ],
                    [
                        16.31517,
                        58.67991
                    ],
                    [
                        16.31761,
                        58.6806
                    ],
                    [
                        16.31973,
                        58.68133
                    ],
                    [
                        16.32162,
                        58.68205
                    ],
                    [
                        16.32219,
                        58.68229
                    ],
                    [
                        16.32285,
                        58.68256
                    ],
                    [
                        16.32324,
                        58.68272
                    ],
                    [
                        16.32461,
                        58.68332
                    ],
                    [
                        16.32634,
                        58.68411
                    ],
                    [
                        16.32759,
                        58.6847
                    ],
                    [
                        16.32882,
                        58.68533
                    ],
                    [
                        16.33015,
                        58.68604
                    ],
                    [
                        16.33059,
                        58.6863
                    ],
                    [
                        16.33139,
                        58.68681
                    ],
                    [
                        16.33209,
                        58.68732
                    ],
                    [
                        16.3324,
                        58.68754
                    ],
                    [
                        16.33277,
                        58.68788
                    ],
                    [
                        16.33314,
                        58.6882
                    ],
                    [
                        16.33355,
                        58.6886
                    ],
                    [
                        16.33395,
                        58.68904
                    ],
                    [
                        16.33434,
                        58.6895
                    ],
                    [
                        16.33455,
                        58.68976
                    ],
                    [
                        16.33463,
                        58.6899
                    ],
                    [
                        16.33501,
                        58.69047
                    ],
                    [
                        16.33543,
                        58.69129
                    ],
                    [
                        16.33573,
                        58.69204
                    ],
                    [
                        16.33599,
                        58.69278
                    ],
                    [
                        16.33648,
                        58.69435
                    ],
                    [
                        16.3367,
                        58.69507
                    ],
                    [
                        16.33694,
                        58.69581
                    ],
                    [
                        16.33741,
                        58.69699
                    ],
                    [
                        16.33764,
                        58.69751
                    ],
                    [
                        16.33789,
                        58.69803
                    ],
                    [
                        16.33834,
                        58.69879
                    ],
                    [
                        16.33848,
                        58.69901
                    ],
                    [
                        16.33889,
                        58.6996
                    ],
                    [
                        16.33919,
                        58.7
                    ],
                    [
                        16.33935,
                        58.70021
                    ],
                    [
                        16.33952,
                        58.70039
                    ],
                    [
                        16.3401,
                        58.70099
                    ],
                    [
                        16.34076,
                        58.7016
                    ],
                    [
                        16.34123,
                        58.70197
                    ],
                    [
                        16.34173,
                        58.70234
                    ],
                    [
                        16.34202,
                        58.70253
                    ],
                    [
                        16.34236,
                        58.70274
                    ],
                    [
                        16.34279,
                        58.70302
                    ],
                    [
                        16.34306,
                        58.70316
                    ],
                    [
                        16.34421,
                        58.70376
                    ],
                    [
                        16.34493,
                        58.70407
                    ],
                    [
                        16.34542,
                        58.70427
                    ],
                    [
                        16.34591,
                        58.70446
                    ],
                    [
                        16.34651,
                        58.70467
                    ],
                    [
                        16.3477,
                        58.70505
                    ],
                    [
                        16.34884,
                        58.70537
                    ],
                    [
                        16.35003,
                        58.7057
                    ],
                    [
                        16.35246,
                        58.70635
                    ],
                    [
                        16.35367,
                        58.70669
                    ],
                    [
                        16.35483,
                        58.70705
                    ],
                    [
                        16.35591,
                        58.70742
                    ],
                    [
                        16.35697,
                        58.70781
                    ],
                    [
                        16.35802,
                        58.70823
                    ],
                    [
                        16.35878,
                        58.70854
                    ],
                    [
                        16.35954,
                        58.70885
                    ],
                    [
                        16.3602,
                        58.70917
                    ],
                    [
                        16.36082,
                        58.70947
                    ],
                    [
                        16.36242,
                        58.71036
                    ],
                    [
                        16.36328,
                        58.71085
                    ],
                    [
                        16.3639,
                        58.71122
                    ],
                    [
                        16.36476,
                        58.71176
                    ],
                    [
                        16.3664,
                        58.71282
                    ],
                    [
                        16.36787,
                        58.71377
                    ],
                    [
                        16.36862,
                        58.71427
                    ],
                    [
                        16.36939,
                        58.71476
                    ],
                    [
                        16.37105,
                        58.71583
                    ],
                    [
                        16.37251,
                        58.71678
                    ],
                    [
                        16.37386,
                        58.71763
                    ],
                    [
                        16.37497,
                        58.71823
                    ],
                    [
                        16.37619,
                        58.7188
                    ],
                    [
                        16.3775,
                        58.71931
                    ],
                    [
                        16.37874,
                        58.71972
                    ],
                    [
                        16.38008,
                        58.72011
                    ],
                    [
                        16.38643,
                        58.72184
                    ],
                    [
                        16.39306,
                        58.72369
                    ],
                    [
                        16.39373,
                        58.72388
                    ],
                    [
                        16.39535,
                        58.72437
                    ],
                    [
                        16.39672,
                        58.72479
                    ],
                    [
                        16.39831,
                        58.72534
                    ],
                    [
                        16.39966,
                        58.72583
                    ],
                    [
                        16.40094,
                        58.72633
                    ],
                    [
                        16.40213,
                        58.72682
                    ],
                    [
                        16.40362,
                        58.72748
                    ],
                    [
                        16.405,
                        58.72814
                    ],
                    [
                        16.40653,
                        58.7289
                    ],
                    [
                        16.40829,
                        58.72991
                    ],
                    [
                        16.40963,
                        58.73073
                    ],
                    [
                        16.4107,
                        58.73136
                    ],
                    [
                        16.41178,
                        58.73194
                    ],
                    [
                        16.4137,
                        58.73296
                    ],
                    [
                        16.41487,
                        58.73352
                    ],
                    [
                        16.41604,
                        58.73407
                    ],
                    [
                        16.41804,
                        58.73496
                    ],
                    [
                        16.41943,
                        58.73553
                    ],
                    [
                        16.42018,
                        58.73582
                    ],
                    [
                        16.42116,
                        58.73618
                    ],
                    [
                        16.42226,
                        58.73654
                    ],
                    [
                        16.42408,
                        58.73707
                    ],
                    [
                        16.42521,
                        58.73736
                    ],
                    [
                        16.42642,
                        58.73764
                    ],
                    [
                        16.42784,
                        58.73793
                    ],
                    [
                        16.42926,
                        58.73818
                    ],
                    [
                        16.43062,
                        58.73837
                    ],
                    [
                        16.43213,
                        58.73856
                    ],
                    [
                        16.4344,
                        58.73876
                    ],
                    [
                        16.4373,
                        58.73897
                    ],
                    [
                        16.4404,
                        58.73924
                    ],
                    [
                        16.44255,
                        58.73946
                    ],
                    [
                        16.44474,
                        58.73971
                    ],
                    [
                        16.44608,
                        58.73987
                    ],
                    [
                        16.44787,
                        58.74011
                    ],
                    [
                        16.45091,
                        58.74054
                    ],
                    [
                        16.45401,
                        58.74101
                    ],
                    [
                        16.45634,
                        58.74131
                    ],
                    [
                        16.45938,
                        58.74167
                    ],
                    [
                        16.46154,
                        58.74188
                    ],
                    [
                        16.46369,
                        58.74207
                    ],
                    [
                        16.46628,
                        58.74227
                    ],
                    [
                        16.46743,
                        58.74233
                    ],
                    [
                        16.46842,
                        58.74239
                    ],
                    [
                        16.47123,
                        58.74253
                    ],
                    [
                        16.47351,
                        58.7426
                    ],
                    [
                        16.4765,
                        58.74265
                    ],
                    [
                        16.47972,
                        58.74265
                    ],
                    [
                        16.48117,
                        58.74266
                    ],
                    [
                        16.4827,
                        58.74269
                    ],
                    [
                        16.48496,
                        58.74276
                    ],
                    [
                        16.48773,
                        58.74289
                    ],
                    [
                        16.49019,
                        58.74306
                    ],
                    [
                        16.49265,
                        58.74327
                    ],
                    [
                        16.4952,
                        58.74355
                    ],
                    [
                        16.49782,
                        58.74388
                    ],
                    [
                        16.50025,
                        58.74425
                    ],
                    [
                        16.50347,
                        58.74478
                    ],
                    [
                        16.5061,
                        58.74524
                    ],
                    [
                        16.50876,
                        58.74574
                    ],
                    [
                        16.51144,
                        58.74627
                    ],
                    [
                        16.51412,
                        58.74684
                    ],
                    [
                        16.51681,
                        58.74744
                    ],
                    [
                        16.51897,
                        58.74795
                    ],
                    [
                        16.52113,
                        58.74849
                    ],
                    [
                        16.52346,
                        58.7491
                    ],
                    [
                        16.52561,
                        58.74968
                    ],
                    [
                        16.52833,
                        58.75045
                    ],
                    [
                        16.52956,
                        58.7508
                    ],
                    [
                        16.53087,
                        58.75112
                    ],
                    [
                        16.53203,
                        58.75138
                    ],
                    [
                        16.5332,
                        58.75161
                    ],
                    [
                        16.53451,
                        58.75184
                    ],
                    [
                        16.53586,
                        58.75204
                    ],
                    [
                        16.53699,
                        58.75218
                    ],
                    [
                        16.53818,
                        58.75231
                    ],
                    [
                        16.53932,
                        58.7524
                    ],
                    [
                        16.54049,
                        58.75248
                    ],
                    [
                        16.54293,
                        58.75262
                    ],
                    [
                        16.54362,
                        58.75267
                    ],
                    [
                        16.54421,
                        58.75273
                    ],
                    [
                        16.54472,
                        58.75278
                    ],
                    [
                        16.54522,
                        58.75283
                    ],
                    [
                        16.54571,
                        58.75289
                    ],
                    [
                        16.54631,
                        58.75297
                    ],
                    [
                        16.54753,
                        58.75314
                    ],
                    [
                        16.54835,
                        58.75328
                    ],
                    [
                        16.54911,
                        58.75342
                    ],
                    [
                        16.5502,
                        58.75362
                    ],
                    [
                        16.55126,
                        58.75384
                    ],
                    [
                        16.55239,
                        58.75405
                    ],
                    [
                        16.55373,
                        58.75427
                    ],
                    [
                        16.55485,
                        58.75443
                    ],
                    [
                        16.55597,
                        58.75458
                    ],
                    [
                        16.55736,
                        58.75473
                    ],
                    [
                        16.55976,
                        58.75491
                    ],
                    [
                        16.56207,
                        58.75502
                    ],
                    [
                        16.56369,
                        58.75507
                    ],
                    [
                        16.56522,
                        58.7551
                    ],
                    [
                        16.56756,
                        58.75511
                    ],
                    [
                        16.57004,
                        58.75507
                    ],
                    [
                        16.57289,
                        58.75498
                    ],
                    [
                        16.57428,
                        58.7549
                    ],
                    [
                        16.5757,
                        58.75481
                    ],
                    [
                        16.5782,
                        58.75465
                    ],
                    [
                        16.58079,
                        58.7545
                    ],
                    [
                        16.58359,
                        58.75439
                    ],
                    [
                        16.58669,
                        58.75432
                    ],
                    [
                        16.58927,
                        58.75431
                    ],
                    [
                        16.59201,
                        58.75434
                    ],
                    [
                        16.59507,
                        58.75442
                    ],
                    [
                        16.59793,
                        58.75455
                    ],
                    [
                        16.60018,
                        58.7547
                    ],
                    [
                        16.60104,
                        58.75475
                    ],
                    [
                        16.6035,
                        58.75495
                    ],
                    [
                        16.60537,
                        58.75513
                    ],
                    [
                        16.60682,
                        58.75528
                    ],
                    [
                        16.6104,
                        58.75571
                    ],
                    [
                        16.61199,
                        58.75587
                    ],
                    [
                        16.61334,
                        58.756
                    ],
                    [
                        16.61466,
                        58.7561
                    ],
                    [
                        16.61592,
                        58.75618
                    ],
                    [
                        16.61834,
                        58.75628
                    ],
                    [
                        16.62081,
                        58.75632
                    ],
                    [
                        16.62222,
                        58.7563
                    ],
                    [
                        16.62349,
                        58.75627
                    ],
                    [
                        16.62437,
                        58.75624
                    ],
                    [
                        16.62509,
                        58.7562
                    ],
                    [
                        16.62668,
                        58.7561
                    ],
                    [
                        16.62873,
                        58.75595
                    ],
                    [
                        16.63088,
                        58.75576
                    ],
                    [
                        16.63332,
                        58.75549
                    ],
                    [
                        16.63568,
                        58.75519
                    ],
                    [
                        16.63692,
                        58.75504
                    ],
                    [
                        16.63816,
                        58.75491
                    ],
                    [
                        16.63991,
                        58.75478
                    ],
                    [
                        16.64029,
                        58.75475
                    ],
                    [
                        16.64184,
                        58.75466
                    ],
                    [
                        16.64297,
                        58.75461
                    ],
                    [
                        16.6442,
                        58.75458
                    ],
                    [
                        16.64547,
                        58.75457
                    ],
                    [
                        16.6467,
                        58.75458
                    ],
                    [
                        16.64806,
                        58.75463
                    ],
                    [
                        16.64952,
                        58.75473
                    ],
                    [
                        16.65092,
                        58.75486
                    ],
                    [
                        16.6521,
                        58.755
                    ],
                    [
                        16.65334,
                        58.75519
                    ],
                    [
                        16.65477,
                        58.75545
                    ],
                    [
                        16.65725,
                        58.75591
                    ],
                    [
                        16.65829,
                        58.75607
                    ],
                    [
                        16.6594,
                        58.75622
                    ],
                    [
                        16.66058,
                        58.75637
                    ],
                    [
                        16.66172,
                        58.7565
                    ],
                    [
                        16.6642,
                        58.75671
                    ],
                    [
                        16.66667,
                        58.75689
                    ],
                    [
                        16.66958,
                        58.7571
                    ],
                    [
                        16.67225,
                        58.75732
                    ],
                    [
                        16.6737,
                        58.75745
                    ],
                    [
                        16.67505,
                        58.7576
                    ],
                    [
                        16.67662,
                        58.7578
                    ],
                    [
                        16.67822,
                        58.75802
                    ],
                    [
                        16.67977,
                        58.75826
                    ],
                    [
                        16.68134,
                        58.75849
                    ],
                    [
                        16.68268,
                        58.75865
                    ],
                    [
                        16.68403,
                        58.75878
                    ],
                    [
                        16.68547,
                        58.75887
                    ],
                    [
                        16.68695,
                        58.75892
                    ],
                    [
                        16.68843,
                        58.75893
                    ],
                    [
                        16.68996,
                        58.75888
                    ],
                    [
                        16.69137,
                        58.75881
                    ],
                    [
                        16.69283,
                        58.75868
                    ],
                    [
                        16.69497,
                        58.75844
                    ],
                    [
                        16.69654,
                        58.7583
                    ],
                    [
                        16.69799,
                        58.75823
                    ],
                    [
                        16.69941,
                        58.75819
                    ],
                    [
                        16.70076,
                        58.75818
                    ],
                    [
                        16.70208,
                        58.75822
                    ],
                    [
                        16.70353,
                        58.75829
                    ],
                    [
                        16.70465,
                        58.75835
                    ],
                    [
                        16.70565,
                        58.75839
                    ],
                    [
                        16.70686,
                        58.75839
                    ],
                    [
                        16.70792,
                        58.75838
                    ],
                    [
                        16.70861,
                        58.75836
                    ],
                    [
                        16.70917,
                        58.75833
                    ],
                    [
                        16.7103,
                        58.75827
                    ],
                    [
                        16.7109,
                        58.75822
                    ],
                    [
                        16.71144,
                        58.75817
                    ],
                    [
                        16.71196,
                        58.75812
                    ],
                    [
                        16.71292,
                        58.75801
                    ],
                    [
                        16.71414,
                        58.75784
                    ],
                    [
                        16.71545,
                        58.75762
                    ],
                    [
                        16.71657,
                        58.7574
                    ],
                    [
                        16.7178,
                        58.75713
                    ],
                    [
                        16.7203,
                        58.75662
                    ],
                    [
                        16.72271,
                        58.75616
                    ],
                    [
                        16.72499,
                        58.75576
                    ],
                    [
                        16.72748,
                        58.75536
                    ],
                    [
                        16.72997,
                        58.75499
                    ],
                    [
                        16.73105,
                        58.75484
                    ],
                    [
                        16.73145,
                        58.75479
                    ],
                    [
                        16.73279,
                        58.75461
                    ],
                    [
                        16.73468,
                        58.75438
                    ],
                    [
                        16.73632,
                        58.75418
                    ],
                    [
                        16.73746,
                        58.75403
                    ],
                    [
                        16.73896,
                        58.7538
                    ],
                    [
                        16.74007,
                        58.7536
                    ],
                    [
                        16.74122,
                        58.75339
                    ],
                    [
                        16.7422,
                        58.75319
                    ],
                    [
                        16.74362,
                        58.75289
                    ],
                    [
                        16.74448,
                        58.75273
                    ],
                    [
                        16.74537,
                        58.75258
                    ],
                    [
                        16.7464,
                        58.75243
                    ],
                    [
                        16.74739,
                        58.7523
                    ],
                    [
                        16.7483,
                        58.75221
                    ],
                    [
                        16.74921,
                        58.75213
                    ],
                    [
                        16.75036,
                        58.75206
                    ],
                    [
                        16.7514,
                        58.75201
                    ],
                    [
                        16.75252,
                        58.75199
                    ],
                    [
                        16.75369,
                        58.75199
                    ],
                    [
                        16.75512,
                        58.75203
                    ],
                    [
                        16.7566,
                        58.75212
                    ],
                    [
                        16.75803,
                        58.75224
                    ],
                    [
                        16.76,
                        58.75249
                    ],
                    [
                        16.76161,
                        58.75276
                    ],
                    [
                        16.76354,
                        58.75316
                    ],
                    [
                        16.76469,
                        58.75345
                    ],
                    [
                        16.76605,
                        58.75382
                    ],
                    [
                        16.76783,
                        58.75432
                    ],
                    [
                        16.7697,
                        58.75481
                    ],
                    [
                        16.77309,
                        58.7556
                    ],
                    [
                        16.77548,
                        58.75608
                    ],
                    [
                        16.77834,
                        58.7566
                    ],
                    [
                        16.78141,
                        58.75708
                    ],
                    [
                        16.78283,
                        58.75728
                    ],
                    [
                        16.7842,
                        58.75745
                    ],
                    [
                        16.78508,
                        58.75754
                    ],
                    [
                        16.78702,
                        58.75775
                    ],
                    [
                        16.7903,
                        58.75803
                    ],
                    [
                        16.79356,
                        58.75822
                    ],
                    [
                        16.79661,
                        58.75832
                    ],
                    [
                        16.79903,
                        58.75837
                    ],
                    [
                        16.80199,
                        58.75833
                    ],
                    [
                        16.80469,
                        58.75826
                    ],
                    [
                        16.80765,
                        58.75812
                    ],
                    [
                        16.81008,
                        58.75794
                    ],
                    [
                        16.81213,
                        58.75777
                    ],
                    [
                        16.81471,
                        58.7575
                    ],
                    [
                        16.81632,
                        58.75731
                    ],
                    [
                        16.81781,
                        58.75717
                    ],
                    [
                        16.81974,
                        58.75703
                    ],
                    [
                        16.82106,
                        58.75695
                    ],
                    [
                        16.82235,
                        58.7569
                    ],
                    [
                        16.82376,
                        58.75687
                    ],
                    [
                        16.82508,
                        58.75686
                    ],
                    [
                        16.82738,
                        58.75689
                    ],
                    [
                        16.82878,
                        58.75694
                    ],
                    [
                        16.83006,
                        58.75701
                    ],
                    [
                        16.83237,
                        58.75718
                    ],
                    [
                        16.83473,
                        58.75739
                    ],
                    [
                        16.83715,
                        58.75756
                    ],
                    [
                        16.83983,
                        58.75766
                    ],
                    [
                        16.84257,
                        58.75767
                    ],
                    [
                        16.84601,
                        58.75758
                    ],
                    [
                        16.84907,
                        58.75744
                    ],
                    [
                        16.85225,
                        58.75722
                    ],
                    [
                        16.85565,
                        58.75693
                    ],
                    [
                        16.85725,
                        58.75677
                    ],
                    [
                        16.85871,
                        58.7566
                    ],
                    [
                        16.86073,
                        58.75635
                    ],
                    [
                        16.86205,
                        58.75616
                    ],
                    [
                        16.86329,
                        58.75593
                    ],
                    [
                        16.86475,
                        58.75562
                    ],
                    [
                        16.8658,
                        58.75536
                    ],
                    [
                        16.86666,
                        58.75513
                    ],
                    [
                        16.86773,
                        58.7548
                    ],
                    [
                        16.86883,
                        58.75443
                    ],
                    [
                        16.86996,
                        58.75401
                    ],
                    [
                        16.87096,
                        58.75359
                    ],
                    [
                        16.87195,
                        58.75315
                    ],
                    [
                        16.87284,
                        58.75276
                    ],
                    [
                        16.87379,
                        58.75238
                    ],
                    [
                        16.87472,
                        58.75205
                    ],
                    [
                        16.87583,
                        58.75171
                    ],
                    [
                        16.87706,
                        58.75137
                    ],
                    [
                        16.87813,
                        58.75114
                    ],
                    [
                        16.87925,
                        58.75093
                    ],
                    [
                        16.88012,
                        58.75079
                    ],
                    [
                        16.88147,
                        58.75061
                    ],
                    [
                        16.88261,
                        58.7505
                    ],
                    [
                        16.88381,
                        58.75042
                    ],
                    [
                        16.88478,
                        58.75038
                    ],
                    [
                        16.88587,
                        58.75036
                    ],
                    [
                        16.88712,
                        58.75038
                    ],
                    [
                        16.88841,
                        58.75044
                    ],
                    [
                        16.88958,
                        58.75054
                    ],
                    [
                        16.89087,
                        58.75068
                    ],
                    [
                        16.89213,
                        58.75087
                    ],
                    [
                        16.89349,
                        58.7511
                    ],
                    [
                        16.89458,
                        58.75128
                    ],
                    [
                        16.8957,
                        58.75143
                    ],
                    [
                        16.89685,
                        58.75154
                    ],
                    [
                        16.89816,
                        58.75164
                    ],
                    [
                        16.89933,
                        58.75168
                    ],
                    [
                        16.90068,
                        58.7517
                    ],
                    [
                        16.90191,
                        58.75166
                    ],
                    [
                        16.9032,
                        58.75159
                    ],
                    [
                        16.90437,
                        58.75149
                    ],
                    [
                        16.90566,
                        58.75133
                    ],
                    [
                        16.90777,
                        58.75104
                    ],
                    [
                        16.91003,
                        58.75071
                    ],
                    [
                        16.9108,
                        58.75059
                    ],
                    [
                        16.91372,
                        58.75012
                    ],
                    [
                        16.91619,
                        58.74968
                    ],
                    [
                        16.91699,
                        58.74953
                    ],
                    [
                        16.9201,
                        58.7489
                    ],
                    [
                        16.92067,
                        58.74878
                    ],
                    [
                        16.92327,
                        58.74823
                    ],
                    [
                        16.92563,
                        58.74768
                    ],
                    [
                        16.9269,
                        58.74737
                    ],
                    [
                        16.92842,
                        58.74698
                    ],
                    [
                        16.92926,
                        58.74675
                    ],
                    [
                        16.9309,
                        58.74627
                    ],
                    [
                        16.93169,
                        58.74605
                    ],
                    [
                        16.93315,
                        58.74572
                    ],
                    [
                        16.93391,
                        58.74558
                    ],
                    [
                        16.93473,
                        58.74544
                    ],
                    [
                        16.93568,
                        58.74532
                    ],
                    [
                        16.93694,
                        58.74521
                    ],
                    [
                        16.93814,
                        58.74514
                    ],
                    [
                        16.93886,
                        58.74512
                    ],
                    [
                        16.93973,
                        58.74511
                    ],
                    [
                        16.94101,
                        58.74515
                    ],
                    [
                        16.94276,
                        58.74527
                    ],
                    [
                        16.94483,
                        58.74544
                    ],
                    [
                        16.94683,
                        58.74565
                    ],
                    [
                        16.94957,
                        58.746
                    ],
                    [
                        16.95207,
                        58.74634
                    ],
                    [
                        16.95464,
                        58.74668
                    ],
                    [
                        16.95875,
                        58.74722
                    ],
                    [
                        16.96095,
                        58.74751
                    ],
                    [
                        16.96481,
                        58.74803
                    ],
                    [
                        16.96606,
                        58.7482
                    ],
                    [
                        16.9673,
                        58.74841
                    ],
                    [
                        16.96886,
                        58.74873
                    ],
                    [
                        16.96992,
                        58.74897
                    ],
                    [
                        16.97094,
                        58.74924
                    ],
                    [
                        16.97195,
                        58.74952
                    ],
                    [
                        16.97337,
                        58.74998
                    ],
                    [
                        16.97498,
                        58.75058
                    ],
                    [
                        16.9759,
                        58.75096
                    ],
                    [
                        16.97684,
                        58.75138
                    ],
                    [
                        16.97842,
                        58.7522
                    ],
                    [
                        16.97916,
                        58.75263
                    ],
                    [
                        16.98017,
                        58.75328
                    ],
                    [
                        16.98062,
                        58.7536
                    ],
                    [
                        16.98091,
                        58.75381
                    ],
                    [
                        16.98132,
                        58.75412
                    ],
                    [
                        16.98211,
                        58.75479
                    ],
                    [
                        16.98237,
                        58.75503
                    ],
                    [
                        16.98293,
                        58.75558
                    ],
                    [
                        16.9835,
                        58.75617
                    ],
                    [
                        16.98572,
                        58.75845
                    ],
                    [
                        16.98648,
                        58.75925
                    ],
                    [
                        16.98717,
                        58.75996
                    ],
                    [
                        16.98812,
                        58.76096
                    ],
                    [
                        16.99033,
                        58.76325
                    ],
                    [
                        16.99063,
                        58.76356
                    ],
                    [
                        16.99101,
                        58.76394
                    ],
                    [
                        16.99114,
                        58.76408
                    ],
                    [
                        16.9919,
                        58.76487
                    ],
                    [
                        16.99237,
                        58.76535
                    ],
                    [
                        16.99272,
                        58.76571
                    ],
                    [
                        16.99301,
                        58.76598
                    ],
                    [
                        16.99323,
                        58.76617
                    ],
                    [
                        16.99354,
                        58.76641
                    ],
                    [
                        16.99386,
                        58.76664
                    ],
                    [
                        16.99424,
                        58.7669
                    ],
                    [
                        16.99464,
                        58.76714
                    ],
                    [
                        16.99513,
                        58.76741
                    ],
                    [
                        16.99563,
                        58.76767
                    ],
                    [
                        16.9961,
                        58.76788
                    ],
                    [
                        16.99676,
                        58.76814
                    ],
                    [
                        16.99738,
                        58.76837
                    ],
                    [
                        16.99784,
                        58.76852
                    ],
                    [
                        16.99868,
                        58.76876
                    ],
                    [
                        16.99938,
                        58.76894
                    ],
                    [
                        16.99986,
                        58.76903
                    ],
                    [
                        17.00081,
                        58.76921
                    ],
                    [
                        17.00189,
                        58.76936
                    ],
                    [
                        17.00262,
                        58.76944
                    ],
                    [
                        17.00557,
                        58.76968
                    ],
                    [
                        17.00778,
                        58.76985
                    ],
                    [
                        17.01048,
                        58.77007
                    ],
                    [
                        17.01313,
                        58.77028
                    ],
                    [
                        17.01582,
                        58.7705
                    ],
                    [
                        17.018,
                        58.77068
                    ],
                    [
                        17.02022,
                        58.77088
                    ],
                    [
                        17.02154,
                        58.77105
                    ],
                    [
                        17.02196,
                        58.77112
                    ],
                    [
                        17.02298,
                        58.77132
                    ],
                    [
                        17.02383,
                        58.7715
                    ],
                    [
                        17.02449,
                        58.77166
                    ],
                    [
                        17.02643,
                        58.77211
                    ],
                    [
                        17.02796,
                        58.77246
                    ],
                    [
                        17.02959,
                        58.77286
                    ],
                    [
                        17.03189,
                        58.77354
                    ],
                    [
                        17.03423,
                        58.77424
                    ],
                    [
                        17.03598,
                        58.77476
                    ],
                    [
                        17.03866,
                        58.77557
                    ],
                    [
                        17.03985,
                        58.77596
                    ],
                    [
                        17.04099,
                        58.77636
                    ],
                    [
                        17.0433,
                        58.77719
                    ],
                    [
                        17.04547,
                        58.77796
                    ],
                    [
                        17.04841,
                        58.77901
                    ],
                    [
                        17.05132,
                        58.78005
                    ],
                    [
                        17.05348,
                        58.78082
                    ],
                    [
                        17.05586,
                        58.78167
                    ],
                    [
                        17.05911,
                        58.78283
                    ],
                    [
                        17.06065,
                        58.78336
                    ],
                    [
                        17.06201,
                        58.78379
                    ],
                    [
                        17.06343,
                        58.78419
                    ],
                    [
                        17.06454,
                        58.78448
                    ],
                    [
                        17.06553,
                        58.78471
                    ],
                    [
                        17.0671,
                        58.78505
                    ],
                    [
                        17.0687,
                        58.78542
                    ],
                    [
                        17.06974,
                        58.78569
                    ],
                    [
                        17.07061,
                        58.78594
                    ],
                    [
                        17.07134,
                        58.78616
                    ],
                    [
                        17.07258,
                        58.78658
                    ],
                    [
                        17.07397,
                        58.78713
                    ],
                    [
                        17.07562,
                        58.78787
                    ],
                    [
                        17.07736,
                        58.78882
                    ],
                    [
                        17.07905,
                        58.78972
                    ],
                    [
                        17.08058,
                        58.79043
                    ],
                    [
                        17.08212,
                        58.7911
                    ],
                    [
                        17.08374,
                        58.79179
                    ],
                    [
                        17.08547,
                        58.79256
                    ],
                    [
                        17.08681,
                        58.79318
                    ],
                    [
                        17.08751,
                        58.79351
                    ],
                    [
                        17.08981,
                        58.79459
                    ],
                    [
                        17.09071,
                        58.79498
                    ],
                    [
                        17.09157,
                        58.79531
                    ],
                    [
                        17.09264,
                        58.79566
                    ],
                    [
                        17.09458,
                        58.79621
                    ],
                    [
                        17.0958,
                        58.79657
                    ],
                    [
                        17.09683,
                        58.79693
                    ],
                    [
                        17.09766,
                        58.79727
                    ],
                    [
                        17.09854,
                        58.79766
                    ],
                    [
                        17.10002,
                        58.79849
                    ],
                    [
                        17.10125,
                        58.79935
                    ],
                    [
                        17.10239,
                        58.80014
                    ],
                    [
                        17.1035,
                        58.80077
                    ],
                    [
                        17.10481,
                        58.80139
                    ],
                    [
                        17.10561,
                        58.8017
                    ],
                    [
                        17.10639,
                        58.80199
                    ],
                    [
                        17.10737,
                        58.80228
                    ],
                    [
                        17.10834,
                        58.80256
                    ],
                    [
                        17.11055,
                        58.80316
                    ],
                    [
                        17.1125,
                        58.80372
                    ],
                    [
                        17.11447,
                        58.80432
                    ],
                    [
                        17.11576,
                        58.80471
                    ],
                    [
                        17.117,
                        58.80512
                    ],
                    [
                        17.11803,
                        58.8055
                    ],
                    [
                        17.11905,
                        58.80592
                    ],
                    [
                        17.11996,
                        58.80636
                    ],
                    [
                        17.1207,
                        58.80677
                    ],
                    [
                        17.122,
                        58.80762
                    ],
                    [
                        17.12313,
                        58.80859
                    ],
                    [
                        17.12381,
                        58.80931
                    ],
                    [
                        17.12442,
                        58.81002
                    ],
                    [
                        17.12533,
                        58.81119
                    ],
                    [
                        17.12599,
                        58.8119
                    ],
                    [
                        17.12678,
                        58.81261
                    ],
                    [
                        17.12745,
                        58.81311
                    ],
                    [
                        17.12809,
                        58.81352
                    ],
                    [
                        17.12884,
                        58.81395
                    ],
                    [
                        17.12958,
                        58.81432
                    ],
                    [
                        17.13037,
                        58.81468
                    ],
                    [
                        17.13117,
                        58.81499
                    ],
                    [
                        17.13289,
                        58.81558
                    ],
                    [
                        17.13487,
                        58.8162
                    ],
                    [
                        17.13752,
                        58.81698
                    ],
                    [
                        17.13955,
                        58.81756
                    ],
                    [
                        17.14073,
                        58.8179
                    ],
                    [
                        17.14181,
                        58.81824
                    ],
                    [
                        17.14401,
                        58.81905
                    ],
                    [
                        17.14585,
                        58.81986
                    ],
                    [
                        17.14746,
                        58.82071
                    ],
                    [
                        17.1488,
                        58.82155
                    ],
                    [
                        17.15001,
                        58.82237
                    ],
                    [
                        17.15009,
                        58.82243
                    ],
                    [
                        17.15145,
                        58.82339
                    ],
                    [
                        17.15292,
                        58.82434
                    ],
                    [
                        17.15473,
                        58.82537
                    ],
                    [
                        17.15657,
                        58.82629
                    ],
                    [
                        17.15843,
                        58.82713
                    ],
                    [
                        17.16013,
                        58.82781
                    ],
                    [
                        17.16188,
                        58.82855
                    ],
                    [
                        17.16346,
                        58.82934
                    ],
                    [
                        17.16426,
                        58.82983
                    ],
                    [
                        17.16494,
                        58.83029
                    ],
                    [
                        17.16562,
                        58.83079
                    ],
                    [
                        17.1662,
                        58.83127
                    ],
                    [
                        17.16738,
                        58.83231
                    ],
                    [
                        17.16831,
                        58.833
                    ],
                    [
                        17.16884,
                        58.83334
                    ],
                    [
                        17.16981,
                        58.83388
                    ],
                    [
                        17.17103,
                        58.8345
                    ],
                    [
                        17.17209,
                        58.83503
                    ],
                    [
                        17.17262,
                        58.83533
                    ],
                    [
                        17.17419,
                        58.83621
                    ],
                    [
                        17.17566,
                        58.83712
                    ],
                    [
                        17.17692,
                        58.83796
                    ],
                    [
                        17.178,
                        58.83864
                    ],
                    [
                        17.17885,
                        58.83912
                    ],
                    [
                        17.17961,
                        58.8395
                    ],
                    [
                        17.18036,
                        58.83984
                    ],
                    [
                        17.18106,
                        58.84013
                    ],
                    [
                        17.18309,
                        58.84095
                    ],
                    [
                        17.18508,
                        58.84178
                    ],
                    [
                        17.1866,
                        58.84247
                    ],
                    [
                        17.18812,
                        58.8432
                    ],
                    [
                        17.18975,
                        58.84402
                    ],
                    [
                        17.19145,
                        58.84496
                    ],
                    [
                        17.19278,
                        58.8458
                    ],
                    [
                        17.1943,
                        58.84679
                    ],
                    [
                        17.19546,
                        58.84754
                    ],
                    [
                        17.19684,
                        58.84833
                    ],
                    [
                        17.19809,
                        58.84895
                    ],
                    [
                        17.19979,
                        58.84969
                    ],
                    [
                        17.20101,
                        58.8502
                    ],
                    [
                        17.20174,
                        58.8505
                    ],
                    [
                        17.20234,
                        58.8508
                    ],
                    [
                        17.20304,
                        58.85118
                    ],
                    [
                        17.20375,
                        58.85161
                    ],
                    [
                        17.20442,
                        58.85207
                    ],
                    [
                        17.20501,
                        58.85253
                    ],
                    [
                        17.20552,
                        58.853
                    ],
                    [
                        17.20645,
                        58.85394
                    ],
                    [
                        17.20723,
                        58.85478
                    ],
                    [
                        17.20792,
                        58.85561
                    ],
                    [
                        17.20854,
                        58.8563
                    ],
                    [
                        17.20899,
                        58.85676
                    ],
                    [
                        17.20944,
                        58.85717
                    ],
                    [
                        17.21035,
                        58.85789
                    ],
                    [
                        17.21099,
                        58.85834
                    ],
                    [
                        17.21168,
                        58.85877
                    ],
                    [
                        17.21305,
                        58.85952
                    ],
                    [
                        17.21494,
                        58.86052
                    ],
                    [
                        17.2157,
                        58.86091
                    ],
                    [
                        17.21688,
                        58.8615
                    ],
                    [
                        17.21893,
                        58.86251
                    ],
                    [
                        17.21968,
                        58.86292
                    ],
                    [
                        17.22038,
                        58.86334
                    ],
                    [
                        17.22109,
                        58.86381
                    ],
                    [
                        17.22173,
                        58.86431
                    ],
                    [
                        17.2223,
                        58.86481
                    ],
                    [
                        17.22286,
                        58.86534
                    ],
                    [
                        17.22382,
                        58.86639
                    ],
                    [
                        17.22473,
                        58.86753
                    ],
                    [
                        17.22547,
                        58.86866
                    ],
                    [
                        17.22615,
                        58.86987
                    ],
                    [
                        17.22672,
                        58.87095
                    ],
                    [
                        17.22729,
                        58.87195
                    ],
                    [
                        17.22789,
                        58.87278
                    ],
                    [
                        17.22853,
                        58.87345
                    ],
                    [
                        17.22914,
                        58.87396
                    ],
                    [
                        17.22967,
                        58.87435
                    ],
                    [
                        17.23016,
                        58.87467
                    ],
                    [
                        17.23074,
                        58.87502
                    ],
                    [
                        17.23131,
                        58.87532
                    ],
                    [
                        17.23179,
                        58.87555
                    ],
                    [
                        17.23241,
                        58.87581
                    ],
                    [
                        17.23319,
                        58.87612
                    ],
                    [
                        17.2345,
                        58.87655
                    ],
                    [
                        17.23511,
                        58.87675
                    ],
                    [
                        17.2356,
                        58.8769
                    ],
                    [
                        17.23622,
                        58.8771
                    ],
                    [
                        17.23744,
                        58.87751
                    ],
                    [
                        17.23823,
                        58.8778
                    ],
                    [
                        17.23902,
                        58.87812
                    ],
                    [
                        17.23968,
                        58.87841
                    ],
                    [
                        17.24031,
                        58.87869
                    ],
                    [
                        17.24112,
                        58.8791
                    ],
                    [
                        17.24194,
                        58.87954
                    ],
                    [
                        17.2426,
                        58.87991
                    ],
                    [
                        17.24331,
                        58.88032
                    ],
                    [
                        17.2442,
                        58.88084
                    ],
                    [
                        17.24509,
                        58.88137
                    ],
                    [
                        17.24583,
                        58.88181
                    ],
                    [
                        17.24674,
                        58.88233
                    ],
                    [
                        17.24757,
                        58.88277
                    ],
                    [
                        17.24806,
                        58.88301
                    ],
                    [
                        17.24974,
                        58.88376
                    ],
                    [
                        17.25146,
                        58.8844
                    ],
                    [
                        17.2538,
                        58.88516
                    ],
                    [
                        17.25582,
                        58.88586
                    ],
                    [
                        17.25763,
                        58.8866
                    ],
                    [
                        17.25914,
                        58.88735
                    ],
                    [
                        17.2606,
                        58.88818
                    ],
                    [
                        17.26143,
                        58.88874
                    ],
                    [
                        17.26237,
                        58.88941
                    ],
                    [
                        17.26386,
                        58.89045
                    ],
                    [
                        17.26466,
                        58.89096
                    ],
                    [
                        17.26583,
                        58.89161
                    ],
                    [
                        17.26707,
                        58.89222
                    ],
                    [
                        17.26888,
                        58.89296
                    ],
                    [
                        17.2708,
                        58.89362
                    ],
                    [
                        17.27267,
                        58.89415
                    ],
                    [
                        17.27458,
                        58.89461
                    ],
                    [
                        17.27593,
                        58.89489
                    ],
                    [
                        17.27855,
                        58.89539
                    ],
                    [
                        17.28048,
                        58.89569
                    ],
                    [
                        17.28306,
                        58.89603
                    ],
                    [
                        17.28676,
                        58.89645
                    ],
                    [
                        17.28846,
                        58.89664
                    ],
                    [
                        17.29091,
                        58.89693
                    ],
                    [
                        17.29179,
                        58.89706
                    ],
                    [
                        17.29234,
                        58.89714
                    ],
                    [
                        17.29322,
                        58.89729
                    ],
                    [
                        17.29487,
                        58.89762
                    ],
                    [
                        17.29634,
                        58.89798
                    ],
                    [
                        17.29853,
                        58.89861
                    ],
                    [
                        17.30056,
                        58.89923
                    ],
                    [
                        17.30312,
                        58.90006
                    ],
                    [
                        17.30545,
                        58.90085
                    ],
                    [
                        17.30771,
                        58.90176
                    ],
                    [
                        17.30919,
                        58.90245
                    ],
                    [
                        17.30938,
                        58.90253
                    ],
                    [
                        17.31021,
                        58.90288
                    ],
                    [
                        17.3112,
                        58.90328
                    ],
                    [
                        17.31313,
                        58.90394
                    ],
                    [
                        17.31631,
                        58.90486
                    ],
                    [
                        17.31682,
                        58.905
                    ],
                    [
                        17.31895,
                        58.90557
                    ],
                    [
                        17.3207,
                        58.90603
                    ],
                    [
                        17.32294,
                        58.90659
                    ],
                    [
                        17.32534,
                        58.90718
                    ],
                    [
                        17.32564,
                        58.90725
                    ],
                    [
                        17.32885,
                        58.90797
                    ],
                    [
                        17.33005,
                        58.9082
                    ],
                    [
                        17.33124,
                        58.9084
                    ],
                    [
                        17.33235,
                        58.90856
                    ],
                    [
                        17.33345,
                        58.90869
                    ],
                    [
                        17.33496,
                        58.90883
                    ],
                    [
                        17.33771,
                        58.90902
                    ],
                    [
                        17.33954,
                        58.90917
                    ],
                    [
                        17.34114,
                        58.90935
                    ],
                    [
                        17.34195,
                        58.90946
                    ],
                    [
                        17.3427,
                        58.90956
                    ],
                    [
                        17.34425,
                        58.9098
                    ],
                    [
                        17.34593,
                        58.91012
                    ],
                    [
                        17.34754,
                        58.91048
                    ],
                    [
                        17.34915,
                        58.91088
                    ],
                    [
                        17.35069,
                        58.91132
                    ],
                    [
                        17.35286,
                        58.91203
                    ],
                    [
                        17.35484,
                        58.91278
                    ],
                    [
                        17.35692,
                        58.91358
                    ],
                    [
                        17.35913,
                        58.91439
                    ],
                    [
                        17.36045,
                        58.91486
                    ],
                    [
                        17.36221,
                        58.91545
                    ],
                    [
                        17.36445,
                        58.91616
                    ],
                    [
                        17.3664,
                        58.91675
                    ],
                    [
                        17.36899,
                        58.91749
                    ],
                    [
                        17.371,
                        58.91801
                    ],
                    [
                        17.37163,
                        58.91815
                    ],
                    [
                        17.3729,
                        58.91843
                    ],
                    [
                        17.3739,
                        58.91865
                    ],
                    [
                        17.376,
                        58.91909
                    ],
                    [
                        17.3776,
                        58.91946
                    ],
                    [
                        17.37925,
                        58.91987
                    ],
                    [
                        17.38079,
                        58.9203
                    ],
                    [
                        17.38231,
                        58.92078
                    ],
                    [
                        17.38385,
                        58.92128
                    ],
                    [
                        17.38545,
                        58.92185
                    ],
                    [
                        17.38696,
                        58.92244
                    ],
                    [
                        17.38841,
                        58.92305
                    ],
                    [
                        17.391,
                        58.92426
                    ],
                    [
                        17.39358,
                        58.9257
                    ],
                    [
                        17.39631,
                        58.9274
                    ],
                    [
                        17.39745,
                        58.92804
                    ],
                    [
                        17.39882,
                        58.92873
                    ],
                    [
                        17.4001,
                        58.92932
                    ],
                    [
                        17.40137,
                        58.92984
                    ],
                    [
                        17.40341,
                        58.93059
                    ],
                    [
                        17.4054,
                        58.93121
                    ],
                    [
                        17.40756,
                        58.93179
                    ],
                    [
                        17.40915,
                        58.93219
                    ],
                    [
                        17.41093,
                        58.9326
                    ],
                    [
                        17.41332,
                        58.93313
                    ],
                    [
                        17.4154,
                        58.93354
                    ],
                    [
                        17.4177,
                        58.93403
                    ],
                    [
                        17.41982,
                        58.93459
                    ],
                    [
                        17.42098,
                        58.93495
                    ],
                    [
                        17.42124,
                        58.93504
                    ],
                    [
                        17.42199,
                        58.93531
                    ],
                    [
                        17.42321,
                        58.93577
                    ],
                    [
                        17.42454,
                        58.93636
                    ],
                    [
                        17.42583,
                        58.93702
                    ],
                    [
                        17.42715,
                        58.93778
                    ],
                    [
                        17.42811,
                        58.93844
                    ],
                    [
                        17.42905,
                        58.93915
                    ],
                    [
                        17.42989,
                        58.93989
                    ],
                    [
                        17.43061,
                        58.94063
                    ],
                    [
                        17.43155,
                        58.94182
                    ],
                    [
                        17.43206,
                        58.94263
                    ],
                    [
                        17.43241,
                        58.94334
                    ],
                    [
                        17.43257,
                        58.94374
                    ],
                    [
                        17.43268,
                        58.94401
                    ],
                    [
                        17.43326,
                        58.94549
                    ],
                    [
                        17.43399,
                        58.94706
                    ],
                    [
                        17.43503,
                        58.94895
                    ],
                    [
                        17.43556,
                        58.94984
                    ],
                    [
                        17.4362,
                        58.95071
                    ],
                    [
                        17.4369,
                        58.95152
                    ],
                    [
                        17.43758,
                        58.95218
                    ],
                    [
                        17.43855,
                        58.95297
                    ],
                    [
                        17.4396,
                        58.95372
                    ],
                    [
                        17.44157,
                        58.95486
                    ],
                    [
                        17.44379,
                        58.95586
                    ],
                    [
                        17.44496,
                        58.9563
                    ],
                    [
                        17.44618,
                        58.9567
                    ],
                    [
                        17.44774,
                        58.95714
                    ],
                    [
                        17.44936,
                        58.95752
                    ],
                    [
                        17.45079,
                        58.9578
                    ],
                    [
                        17.45225,
                        58.95805
                    ],
                    [
                        17.45547,
                        58.95853
                    ],
                    [
                        17.45893,
                        58.95899
                    ],
                    [
                        17.45921,
                        58.95903
                    ],
                    [
                        17.46218,
                        58.95937
                    ],
                    [
                        17.46465,
                        58.95963
                    ],
                    [
                        17.4665,
                        58.9598
                    ],
                    [
                        17.4687,
                        58.96
                    ],
                    [
                        17.47035,
                        58.96013
                    ],
                    [
                        17.47106,
                        58.96019
                    ],
                    [
                        17.47395,
                        58.96044
                    ],
                    [
                        17.47649,
                        58.96068
                    ],
                    [
                        17.47905,
                        58.96093
                    ],
                    [
                        17.48201,
                        58.96123
                    ],
                    [
                        17.48525,
                        58.96159
                    ],
                    [
                        17.48747,
                        58.96188
                    ],
                    [
                        17.48965,
                        58.96222
                    ],
                    [
                        17.49121,
                        58.96249
                    ],
                    [
                        17.49297,
                        58.96286
                    ],
                    [
                        17.49391,
                        58.96306
                    ],
                    [
                        17.49549,
                        58.96343
                    ],
                    [
                        17.49658,
                        58.96371
                    ],
                    [
                        17.49816,
                        58.96416
                    ],
                    [
                        17.49934,
                        58.96453
                    ],
                    [
                        17.50193,
                        58.96547
                    ],
                    [
                        17.50427,
                        58.96649
                    ],
                    [
                        17.50653,
                        58.96761
                    ],
                    [
                        17.50855,
                        58.96861
                    ],
                    [
                        17.51023,
                        58.96938
                    ],
                    [
                        17.51225,
                        58.97019
                    ],
                    [
                        17.51477,
                        58.97102
                    ],
                    [
                        17.51587,
                        58.97137
                    ],
                    [
                        17.51831,
                        58.97214
                    ],
                    [
                        17.52102,
                        58.97306
                    ],
                    [
                        17.52308,
                        58.9739
                    ],
                    [
                        17.52393,
                        58.97429
                    ],
                    [
                        17.52484,
                        58.97475
                    ],
                    [
                        17.52635,
                        58.97564
                    ],
                    [
                        17.52716,
                        58.97621
                    ],
                    [
                        17.52791,
                        58.97679
                    ],
                    [
                        17.52918,
                        58.97797
                    ],
                    [
                        17.53017,
                        58.97915
                    ],
                    [
                        17.5308,
                        58.98018
                    ],
                    [
                        17.53108,
                        58.98077
                    ],
                    [
                        17.53134,
                        58.98145
                    ],
                    [
                        17.53153,
                        58.98216
                    ],
                    [
                        17.53165,
                        58.98277
                    ],
                    [
                        17.53184,
                        58.98407
                    ],
                    [
                        17.53212,
                        58.98543
                    ],
                    [
                        17.53267,
                        58.98697
                    ],
                    [
                        17.53333,
                        58.98831
                    ],
                    [
                        17.53398,
                        58.98947
                    ],
                    [
                        17.53466,
                        58.99062
                    ],
                    [
                        17.53529,
                        58.99169
                    ],
                    [
                        17.53573,
                        58.99261
                    ],
                    [
                        17.53578,
                        58.99273
                    ],
                    [
                        17.53593,
                        58.99314
                    ],
                    [
                        17.53617,
                        58.994
                    ],
                    [
                        17.53636,
                        58.9953
                    ],
                    [
                        17.53647,
                        58.99662
                    ],
                    [
                        17.53666,
                        58.99762
                    ],
                    [
                        17.53682,
                        58.99821
                    ],
                    [
                        17.53706,
                        58.9988
                    ],
                    [
                        17.53749,
                        58.99967
                    ],
                    [
                        17.53807,
                        59.00054
                    ],
                    [
                        17.53931,
                        59.00212
                    ],
                    [
                        17.53983,
                        59.00276
                    ],
                    [
                        17.54035,
                        59.00352
                    ],
                    [
                        17.54066,
                        59.00408
                    ],
                    [
                        17.54098,
                        59.00481
                    ],
                    [
                        17.54127,
                        59.00566
                    ],
                    [
                        17.54158,
                        59.00681
                    ],
                    [
                        17.54187,
                        59.0078
                    ],
                    [
                        17.54226,
                        59.0087
                    ],
                    [
                        17.54271,
                        59.00947
                    ],
                    [
                        17.54329,
                        59.01027
                    ],
                    [
                        17.54378,
                        59.01086
                    ],
                    [
                        17.54434,
                        59.01143
                    ],
                    [
                        17.546,
                        59.01297
                    ],
                    [
                        17.54754,
                        59.0144
                    ],
                    [
                        17.5489,
                        59.01575
                    ],
                    [
                        17.54987,
                        59.01677
                    ],
                    [
                        17.55025,
                        59.01716
                    ],
                    [
                        17.55162,
                        59.01867
                    ],
                    [
                        17.55255,
                        59.01981
                    ],
                    [
                        17.55329,
                        59.02083
                    ],
                    [
                        17.55392,
                        59.02186
                    ],
                    [
                        17.55419,
                        59.0224
                    ],
                    [
                        17.55444,
                        59.02294
                    ],
                    [
                        17.55476,
                        59.02377
                    ],
                    [
                        17.55503,
                        59.0247
                    ],
                    [
                        17.55538,
                        59.02606
                    ],
                    [
                        17.55564,
                        59.02688
                    ],
                    [
                        17.556,
                        59.0278
                    ],
                    [
                        17.55622,
                        59.02824
                    ],
                    [
                        17.55642,
                        59.02862
                    ],
                    [
                        17.55696,
                        59.02957
                    ],
                    [
                        17.55784,
                        59.03095
                    ],
                    [
                        17.55888,
                        59.03243
                    ],
                    [
                        17.55961,
                        59.0334
                    ],
                    [
                        17.55982,
                        59.03368
                    ],
                    [
                        17.5608,
                        59.03492
                    ],
                    [
                        17.56158,
                        59.03598
                    ],
                    [
                        17.56246,
                        59.03734
                    ],
                    [
                        17.56319,
                        59.03867
                    ],
                    [
                        17.56351,
                        59.03933
                    ],
                    [
                        17.56391,
                        59.04017
                    ],
                    [
                        17.56437,
                        59.04131
                    ],
                    [
                        17.56471,
                        59.04235
                    ],
                    [
                        17.56502,
                        59.04343
                    ],
                    [
                        17.56529,
                        59.04464
                    ],
                    [
                        17.5656,
                        59.04585
                    ],
                    [
                        17.56589,
                        59.04666
                    ],
                    [
                        17.56629,
                        59.04751
                    ],
                    [
                        17.56673,
                        59.04827
                    ],
                    [
                        17.5671,
                        59.04888
                    ],
                    [
                        17.56779,
                        59.04982
                    ],
                    [
                        17.56845,
                        59.05058
                    ],
                    [
                        17.56924,
                        59.0514
                    ],
                    [
                        17.57002,
                        59.05214
                    ],
                    [
                        17.57098,
                        59.05297
                    ],
                    [
                        17.57211,
                        59.05391
                    ],
                    [
                        17.57343,
                        59.05491
                    ],
                    [
                        17.575,
                        59.05605
                    ],
                    [
                        17.5765,
                        59.05713
                    ],
                    [
                        17.57773,
                        59.05805
                    ],
                    [
                        17.57899,
                        59.05916
                    ],
                    [
                        17.57996,
                        59.06023
                    ],
                    [
                        17.58082,
                        59.06134
                    ],
                    [
                        17.58154,
                        59.06239
                    ],
                    [
                        17.58233,
                        59.06361
                    ],
                    [
                        17.58325,
                        59.065
                    ],
                    [
                        17.58383,
                        59.06571
                    ],
                    [
                        17.58443,
                        59.06638
                    ],
                    [
                        17.58491,
                        59.06683
                    ],
                    [
                        17.5855,
                        59.06733
                    ],
                    [
                        17.58663,
                        59.06818
                    ],
                    [
                        17.58796,
                        59.06913
                    ],
                    [
                        17.58925,
                        59.07008
                    ],
                    [
                        17.59047,
                        59.07114
                    ],
                    [
                        17.59104,
                        59.07171
                    ],
                    [
                        17.59155,
                        59.0723
                    ],
                    [
                        17.59211,
                        59.07306
                    ],
                    [
                        17.59257,
                        59.07385
                    ],
                    [
                        17.59295,
                        59.07465
                    ],
                    [
                        17.59324,
                        59.0755
                    ],
                    [
                        17.59355,
                        59.07646
                    ],
                    [
                        17.5937,
                        59.07688
                    ],
                    [
                        17.59382,
                        59.07725
                    ],
                    [
                        17.59429,
                        59.07856
                    ],
                    [
                        17.59466,
                        59.07955
                    ],
                    [
                        17.59519,
                        59.08098
                    ],
                    [
                        17.59566,
                        59.08207
                    ],
                    [
                        17.59603,
                        59.08288
                    ],
                    [
                        17.59691,
                        59.08465
                    ],
                    [
                        17.59764,
                        59.086
                    ],
                    [
                        17.59793,
                        59.08651
                    ],
                    [
                        17.59821,
                        59.08699
                    ],
                    [
                        17.59871,
                        59.08784
                    ],
                    [
                        17.59978,
                        59.08956
                    ],
                    [
                        17.60124,
                        59.09168
                    ],
                    [
                        17.60235,
                        59.09316
                    ],
                    [
                        17.60274,
                        59.09363
                    ],
                    [
                        17.60356,
                        59.09461
                    ],
                    [
                        17.60382,
                        59.09492
                    ],
                    [
                        17.60526,
                        59.09678
                    ],
                    [
                        17.60657,
                        59.09869
                    ],
                    [
                        17.60752,
                        59.10025
                    ],
                    [
                        17.60802,
                        59.10114
                    ],
                    [
                        17.60854,
                        59.10213
                    ],
                    [
                        17.60911,
                        59.10333
                    ],
                    [
                        17.60956,
                        59.10446
                    ],
                    [
                        17.60977,
                        59.10519
                    ],
                    [
                        17.60991,
                        59.10592
                    ],
                    [
                        17.61001,
                        59.1069
                    ],
                    [
                        17.61004,
                        59.10756
                    ],
                    [
                        17.60996,
                        59.10878
                    ],
                    [
                        17.60993,
                        59.10983
                    ],
                    [
                        17.61002,
                        59.11058
                    ],
                    [
                        17.61024,
                        59.11132
                    ],
                    [
                        17.61053,
                        59.11197
                    ],
                    [
                        17.61081,
                        59.11244
                    ],
                    [
                        17.6112,
                        59.11297
                    ],
                    [
                        17.6117,
                        59.11355
                    ],
                    [
                        17.61219,
                        59.11403
                    ],
                    [
                        17.61275,
                        59.11451
                    ],
                    [
                        17.61353,
                        59.11507
                    ],
                    [
                        17.61486,
                        59.11586
                    ],
                    [
                        17.61598,
                        59.11639
                    ],
                    [
                        17.61736,
                        59.11695
                    ],
                    [
                        17.61824,
                        59.11724
                    ],
                    [
                        17.62014,
                        59.11781
                    ],
                    [
                        17.62206,
                        59.11838
                    ],
                    [
                        17.62344,
                        59.11878
                    ],
                    [
                        17.62429,
                        59.11905
                    ],
                    [
                        17.62518,
                        59.11936
                    ],
                    [
                        17.62611,
                        59.11973
                    ],
                    [
                        17.62688,
                        59.12008
                    ],
                    [
                        17.62767,
                        59.12049
                    ],
                    [
                        17.62849,
                        59.12096
                    ],
                    [
                        17.62935,
                        59.12155
                    ],
                    [
                        17.62989,
                        59.12197
                    ],
                    [
                        17.63042,
                        59.12245
                    ],
                    [
                        17.63134,
                        59.12339
                    ],
                    [
                        17.63214,
                        59.12429
                    ],
                    [
                        17.63272,
                        59.12487
                    ],
                    [
                        17.63335,
                        59.12544
                    ],
                    [
                        17.63413,
                        59.12604
                    ],
                    [
                        17.63481,
                        59.12648
                    ],
                    [
                        17.63558,
                        59.12692
                    ],
                    [
                        17.63648,
                        59.12739
                    ],
                    [
                        17.63781,
                        59.12803
                    ],
                    [
                        17.63966,
                        59.12899
                    ],
                    [
                        17.64079,
                        59.1297
                    ],
                    [
                        17.64163,
                        59.13027
                    ],
                    [
                        17.64236,
                        59.13083
                    ],
                    [
                        17.64316,
                        59.1315
                    ],
                    [
                        17.64376,
                        59.13206
                    ],
                    [
                        17.64426,
                        59.13259
                    ],
                    [
                        17.64474,
                        59.13316
                    ],
                    [
                        17.64515,
                        59.13371
                    ],
                    [
                        17.64548,
                        59.13418
                    ],
                    [
                        17.64576,
                        59.13467
                    ],
                    [
                        17.64609,
                        59.1353
                    ],
                    [
                        17.64634,
                        59.13588
                    ],
                    [
                        17.64698,
                        59.13768
                    ],
                    [
                        17.64738,
                        59.13873
                    ],
                    [
                        17.64777,
                        59.13965
                    ],
                    [
                        17.64842,
                        59.14096
                    ],
                    [
                        17.64938,
                        59.14263
                    ],
                    [
                        17.6497,
                        59.14324
                    ],
                    [
                        17.64991,
                        59.14377
                    ],
                    [
                        17.65011,
                        59.14449
                    ],
                    [
                        17.65018,
                        59.14508
                    ],
                    [
                        17.65018,
                        59.14573
                    ],
                    [
                        17.65011,
                        59.14622
                    ],
                    [
                        17.64992,
                        59.14688
                    ],
                    [
                        17.64969,
                        59.14747
                    ],
                    [
                        17.64912,
                        59.14845
                    ],
                    [
                        17.64848,
                        59.14924
                    ],
                    [
                        17.64798,
                        59.14975
                    ],
                    [
                        17.6463,
                        59.15139
                    ],
                    [
                        17.64602,
                        59.1517
                    ],
                    [
                        17.64557,
                        59.15231
                    ],
                    [
                        17.64524,
                        59.1529
                    ],
                    [
                        17.64503,
                        59.15337
                    ],
                    [
                        17.64488,
                        59.15389
                    ],
                    [
                        17.64481,
                        59.15436
                    ],
                    [
                        17.64478,
                        59.15507
                    ],
                    [
                        17.64481,
                        59.15535
                    ],
                    [
                        17.64486,
                        59.15564
                    ],
                    [
                        17.64495,
                        59.15603
                    ],
                    [
                        17.64511,
                        59.15651
                    ],
                    [
                        17.64535,
                        59.15701
                    ],
                    [
                        17.64556,
                        59.15735
                    ],
                    [
                        17.64577,
                        59.15766
                    ],
                    [
                        17.64603,
                        59.15799
                    ],
                    [
                        17.64624,
                        59.15825
                    ],
                    [
                        17.64638,
                        59.15841
                    ],
                    [
                        17.64724,
                        59.15932
                    ],
                    [
                        17.6481,
                        59.16029
                    ],
                    [
                        17.64851,
                        59.16087
                    ],
                    [
                        17.64879,
                        59.16129
                    ],
                    [
                        17.64895,
                        59.16157
                    ],
                    [
                        17.64915,
                        59.16194
                    ],
                    [
                        17.64938,
                        59.16248
                    ],
                    [
                        17.64957,
                        59.16301
                    ],
                    [
                        17.64965,
                        59.16332
                    ],
                    [
                        17.64983,
                        59.16424
                    ],
                    [
                        17.64988,
                        59.16478
                    ],
                    [
                        17.64988,
                        59.16533
                    ],
                    [
                        17.64976,
                        59.16626
                    ],
                    [
                        17.64945,
                        59.16737
                    ],
                    [
                        17.64912,
                        59.16825
                    ],
                    [
                        17.64874,
                        59.16918
                    ],
                    [
                        17.64819,
                        59.1704
                    ],
                    [
                        17.64741,
                        59.17187
                    ],
                    [
                        17.64665,
                        59.17313
                    ],
                    [
                        17.64625,
                        59.17376
                    ],
                    [
                        17.64602,
                        59.17411
                    ],
                    [
                        17.64582,
                        59.1744
                    ],
                    [
                        17.64539,
                        59.175
                    ],
                    [
                        17.6449,
                        59.17557
                    ],
                    [
                        17.64353,
                        59.17702
                    ],
                    [
                        17.64339,
                        59.17717
                    ],
                    [
                        17.64304,
                        59.17755
                    ],
                    [
                        17.64286,
                        59.17778
                    ],
                    [
                        17.64252,
                        59.17827
                    ],
                    [
                        17.64231,
                        59.17866
                    ],
                    [
                        17.64212,
                        59.17908
                    ],
                    [
                        17.64194,
                        59.17967
                    ],
                    [
                        17.6419,
                        59.18011
                    ],
                    [
                        17.6419,
                        59.18054
                    ],
                    [
                        17.64193,
                        59.18094
                    ],
                    [
                        17.64197,
                        59.1812
                    ],
                    [
                        17.64204,
                        59.18166
                    ],
                    [
                        17.64213,
                        59.1821
                    ],
                    [
                        17.64227,
                        59.18269
                    ],
                    [
                        17.64275,
                        59.1842
                    ],
                    [
                        17.64291,
                        59.18464
                    ],
                    [
                        17.64315,
                        59.18525
                    ],
                    [
                        17.64335,
                        59.1857
                    ],
                    [
                        17.64359,
                        59.18617
                    ],
                    [
                        17.64394,
                        59.18667
                    ],
                    [
                        17.64411,
                        59.18688
                    ],
                    [
                        17.6443,
                        59.18709
                    ],
                    [
                        17.64452,
                        59.18729
                    ],
                    [
                        17.64473,
                        59.18747
                    ],
                    [
                        17.64504,
                        59.18768
                    ],
                    [
                        17.64563,
                        59.18803
                    ],
                    [
                        17.64659,
                        59.18848
                    ],
                    [
                        17.64742,
                        59.18879
                    ],
                    [
                        17.64847,
                        59.18913
                    ],
                    [
                        17.65222,
                        59.19017
                    ],
                    [
                        17.65342,
                        59.19056
                    ],
                    [
                        17.65463,
                        59.19104
                    ],
                    [
                        17.65548,
                        59.19144
                    ],
                    [
                        17.65572,
                        59.19156
                    ],
                    [
                        17.65638,
                        59.19193
                    ],
                    [
                        17.65712,
                        59.19241
                    ],
                    [
                        17.65778,
                        59.1929
                    ],
                    [
                        17.65821,
                        59.19328
                    ],
                    [
                        17.65841,
                        59.19347
                    ],
                    [
                        17.65889,
                        59.194
                    ],
                    [
                        17.65931,
                        59.19453
                    ],
                    [
                        17.65962,
                        59.19502
                    ],
                    [
                        17.6604,
                        59.19665
                    ],
                    [
                        17.66065,
                        59.19708
                    ],
                    [
                        17.66086,
                        59.1974
                    ],
                    [
                        17.66125,
                        59.19787
                    ],
                    [
                        17.66154,
                        59.19818
                    ],
                    [
                        17.66191,
                        59.19852
                    ],
                    [
                        17.6626,
                        59.19906
                    ],
                    [
                        17.66323,
                        59.19946
                    ],
                    [
                        17.66396,
                        59.19987
                    ],
                    [
                        17.66452,
                        59.20014
                    ],
                    [
                        17.6652,
                        59.20043
                    ],
                    [
                        17.66595,
                        59.20071
                    ],
                    [
                        17.66683,
                        59.201
                    ],
                    [
                        17.66793,
                        59.20131
                    ],
                    [
                        17.66869,
                        59.20151
                    ],
                    [
                        17.6705,
                        59.20194
                    ],
                    [
                        17.67443,
                        59.20292
                    ],
                    [
                        17.67714,
                        59.2036
                    ],
                    [
                        17.67856,
                        59.20398
                    ],
                    [
                        17.6794,
                        59.20422
                    ],
                    [
                        17.68078,
                        59.20465
                    ],
                    [
                        17.68232,
                        59.20518
                    ],
                    [
                        17.68325,
                        59.20548
                    ],
                    [
                        17.6838,
                        59.20565
                    ],
                    [
                        17.68445,
                        59.20583
                    ],
                    [
                        17.6851,
                        59.20597
                    ],
                    [
                        17.68581,
                        59.20611
                    ],
                    [
                        17.68657,
                        59.20622
                    ],
                    [
                        17.6874,
                        59.20633
                    ],
                    [
                        17.68813,
                        59.2064
                    ],
                    [
                        17.6889,
                        59.20645
                    ],
                    [
                        17.68967,
                        59.20648
                    ],
                    [
                        17.69065,
                        59.20649
                    ],
                    [
                        17.69157,
                        59.20646
                    ],
                    [
                        17.69304,
                        59.20639
                    ],
                    [
                        17.69525,
                        59.20628
                    ],
                    [
                        17.69647,
                        59.20625
                    ],
                    [
                        17.69771,
                        59.20627
                    ],
                    [
                        17.69888,
                        59.20633
                    ],
                    [
                        17.70001,
                        59.20642
                    ],
                    [
                        17.70113,
                        59.20655
                    ],
                    [
                        17.70175,
                        59.20664
                    ],
                    [
                        17.70227,
                        59.20673
                    ],
                    [
                        17.70404,
                        59.20708
                    ],
                    [
                        17.70679,
                        59.20765
                    ],
                    [
                        17.70955,
                        59.20824
                    ],
                    [
                        17.71338,
                        59.20904
                    ],
                    [
                        17.71654,
                        59.2097
                    ],
                    [
                        17.71917,
                        59.21025
                    ],
                    [
                        17.71998,
                        59.21041
                    ],
                    [
                        17.72092,
                        59.21058
                    ],
                    [
                        17.72174,
                        59.2107
                    ],
                    [
                        17.72286,
                        59.21083
                    ],
                    [
                        17.72392,
                        59.21091
                    ],
                    [
                        17.72509,
                        59.21097
                    ],
                    [
                        17.7265,
                        59.21098
                    ],
                    [
                        17.73115,
                        59.21084
                    ],
                    [
                        17.73291,
                        59.21081
                    ],
                    [
                        17.73488,
                        59.21083
                    ],
                    [
                        17.73657,
                        59.2109
                    ],
                    [
                        17.73821,
                        59.21101
                    ],
                    [
                        17.74004,
                        59.21118
                    ],
                    [
                        17.74288,
                        59.21148
                    ],
                    [
                        17.74466,
                        59.21165
                    ],
                    [
                        17.74577,
                        59.21176
                    ],
                    [
                        17.74737,
                        59.21189
                    ],
                    [
                        17.74902,
                        59.21198
                    ],
                    [
                        17.74985,
                        59.21202
                    ],
                    [
                        17.7517,
                        59.21213
                    ],
                    [
                        17.7543,
                        59.21223
                    ],
                    [
                        17.75694,
                        59.21231
                    ],
                    [
                        17.75899,
                        59.2124
                    ],
                    [
                        17.75961,
                        59.21243
                    ],
                    [
                        17.76371,
                        59.21261
                    ],
                    [
                        17.76638,
                        59.21272
                    ],
                    [
                        17.76725,
                        59.21279
                    ],
                    [
                        17.76821,
                        59.21288
                    ],
                    [
                        17.76905,
                        59.21298
                    ],
                    [
                        17.76998,
                        59.21311
                    ],
                    [
                        17.77085,
                        59.21327
                    ],
                    [
                        17.77169,
                        59.21343
                    ],
                    [
                        17.77265,
                        59.21366
                    ],
                    [
                        17.77369,
                        59.21394
                    ],
                    [
                        17.77495,
                        59.21433
                    ],
                    [
                        17.77621,
                        59.2148
                    ],
                    [
                        17.77733,
                        59.2153
                    ],
                    [
                        17.77825,
                        59.21576
                    ],
                    [
                        17.77899,
                        59.21618
                    ],
                    [
                        17.7796,
                        59.21658
                    ],
                    [
                        17.78011,
                        59.21694
                    ],
                    [
                        17.78067,
                        59.21738
                    ],
                    [
                        17.78123,
                        59.21787
                    ],
                    [
                        17.78176,
                        59.21842
                    ],
                    [
                        17.78225,
                        59.21902
                    ],
                    [
                        17.78277,
                        59.21975
                    ],
                    [
                        17.78385,
                        59.22161
                    ],
                    [
                        17.78494,
                        59.22348
                    ],
                    [
                        17.78529,
                        59.22399
                    ],
                    [
                        17.78564,
                        59.22443
                    ],
                    [
                        17.78617,
                        59.22499
                    ],
                    [
                        17.78686,
                        59.22559
                    ],
                    [
                        17.78749,
                        59.22606
                    ],
                    [
                        17.78814,
                        59.22649
                    ],
                    [
                        17.78877,
                        59.22686
                    ],
                    [
                        17.78953,
                        59.22725
                    ],
                    [
                        17.79034,
                        59.22763
                    ],
                    [
                        17.79097,
                        59.22789
                    ],
                    [
                        17.79164,
                        59.22815
                    ],
                    [
                        17.79235,
                        59.22839
                    ],
                    [
                        17.79312,
                        59.22862
                    ],
                    [
                        17.79383,
                        59.22881
                    ],
                    [
                        17.79451,
                        59.22898
                    ],
                    [
                        17.79965,
                        59.23019
                    ],
                    [
                        17.80079,
                        59.23048
                    ],
                    [
                        17.80177,
                        59.23077
                    ],
                    [
                        17.80257,
                        59.23104
                    ],
                    [
                        17.80341,
                        59.23136
                    ],
                    [
                        17.80432,
                        59.23176
                    ],
                    [
                        17.805,
                        59.23209
                    ],
                    [
                        17.80633,
                        59.23278
                    ],
                    [
                        17.80764,
                        59.23344
                    ],
                    [
                        17.80899,
                        59.23413
                    ],
                    [
                        17.80956,
                        59.23443
                    ],
                    [
                        17.81015,
                        59.23474
                    ],
                    [
                        17.81178,
                        59.23556
                    ],
                    [
                        17.81238,
                        59.23585
                    ],
                    [
                        17.81319,
                        59.23619
                    ],
                    [
                        17.81416,
                        59.23655
                    ],
                    [
                        17.81513,
                        59.23687
                    ],
                    [
                        17.81604,
                        59.23712
                    ],
                    [
                        17.81715,
                        59.23738
                    ],
                    [
                        17.81791,
                        59.23754
                    ],
                    [
                        17.81906,
                        59.23773
                    ],
                    [
                        17.82006,
                        59.23787
                    ],
                    [
                        17.82413,
                        59.23839
                    ],
                    [
                        17.82723,
                        59.23879
                    ],
                    [
                        17.8297,
                        59.23909
                    ],
                    [
                        17.83094,
                        59.23927
                    ],
                    [
                        17.83206,
                        59.23946
                    ],
                    [
                        17.83282,
                        59.23964
                    ],
                    [
                        17.83338,
                        59.23979
                    ],
                    [
                        17.83396,
                        59.23999
                    ],
                    [
                        17.83466,
                        59.24025
                    ],
                    [
                        17.83536,
                        59.24058
                    ],
                    [
                        17.83598,
                        59.24091
                    ],
                    [
                        17.83656,
                        59.2413
                    ],
                    [
                        17.83693,
                        59.24158
                    ],
                    [
                        17.83734,
                        59.24197
                    ],
                    [
                        17.83765,
                        59.24233
                    ],
                    [
                        17.83795,
                        59.24276
                    ],
                    [
                        17.8386,
                        59.24385
                    ],
                    [
                        17.83889,
                        59.24426
                    ],
                    [
                        17.83932,
                        59.24475
                    ],
                    [
                        17.83974,
                        59.24516
                    ],
                    [
                        17.84021,
                        59.24555
                    ],
                    [
                        17.84075,
                        59.24592
                    ],
                    [
                        17.84115,
                        59.24618
                    ],
                    [
                        17.84179,
                        59.24655
                    ],
                    [
                        17.84262,
                        59.24696
                    ],
                    [
                        17.84356,
                        59.24735
                    ],
                    [
                        17.8454,
                        59.24804
                    ],
                    [
                        17.85117,
                        59.25016
                    ],
                    [
                        17.85371,
                        59.25109
                    ],
                    [
                        17.85494,
                        59.25156
                    ],
                    [
                        17.85591,
                        59.25191
                    ],
                    [
                        17.86108,
                        59.25382
                    ],
                    [
                        17.86184,
                        59.25406
                    ],
                    [
                        17.86267,
                        59.25429
                    ],
                    [
                        17.86353,
                        59.25446
                    ],
                    [
                        17.86426,
                        59.25458
                    ],
                    [
                        17.86495,
                        59.25466
                    ],
                    [
                        17.86566,
                        59.25472
                    ],
                    [
                        17.86632,
                        59.25475
                    ],
                    [
                        17.86716,
                        59.25475
                    ],
                    [
                        17.86784,
                        59.25474
                    ],
                    [
                        17.86858,
                        59.25469
                    ],
                    [
                        17.87292,
                        59.25426
                    ],
                    [
                        17.87366,
                        59.25419
                    ],
                    [
                        17.87439,
                        59.25414
                    ],
                    [
                        17.87515,
                        59.25411
                    ],
                    [
                        17.87587,
                        59.25411
                    ],
                    [
                        17.87676,
                        59.25414
                    ],
                    [
                        17.87741,
                        59.25418
                    ],
                    [
                        17.87825,
                        59.25425
                    ],
                    [
                        17.87894,
                        59.25434
                    ],
                    [
                        17.87963,
                        59.25445
                    ],
                    [
                        17.88031,
                        59.25457
                    ],
                    [
                        17.88079,
                        59.25468
                    ],
                    [
                        17.88123,
                        59.25479
                    ],
                    [
                        17.8823,
                        59.25507
                    ],
                    [
                        17.88346,
                        59.25546
                    ],
                    [
                        17.88442,
                        59.25584
                    ],
                    [
                        17.88523,
                        59.25621
                    ],
                    [
                        17.88598,
                        59.25662
                    ],
                    [
                        17.88616,
                        59.25671
                    ],
                    [
                        17.88695,
                        59.25717
                    ],
                    [
                        17.88757,
                        59.25758
                    ],
                    [
                        17.88804,
                        59.25794
                    ],
                    [
                        17.88908,
                        59.2589
                    ],
                    [
                        17.89014,
                        59.25995
                    ],
                    [
                        17.89089,
                        59.26074
                    ],
                    [
                        17.89144,
                        59.26126
                    ],
                    [
                        17.89184,
                        59.26159
                    ],
                    [
                        17.89219,
                        59.26187
                    ],
                    [
                        17.89239,
                        59.26201
                    ],
                    [
                        17.89309,
                        59.26231
                    ],
                    [
                        17.89367,
                        59.26256
                    ],
                    [
                        17.89439,
                        59.2629
                    ],
                    [
                        17.89487,
                        59.2631
                    ],
                    [
                        17.89545,
                        59.26334
                    ],
                    [
                        17.89618,
                        59.26361
                    ],
                    [
                        17.89724,
                        59.26399
                    ],
                    [
                        17.89821,
                        59.26433
                    ],
                    [
                        17.8987,
                        59.2645
                    ],
                    [
                        17.9001,
                        59.26496
                    ],
                    [
                        17.90102,
                        59.26528
                    ],
                    [
                        17.902,
                        59.26561
                    ],
                    [
                        17.9029,
                        59.26593
                    ],
                    [
                        17.90449,
                        59.26648
                    ],
                    [
                        17.90661,
                        59.26725
                    ],
                    [
                        17.90776,
                        59.2677
                    ],
                    [
                        17.90798,
                        59.26779
                    ],
                    [
                        17.90885,
                        59.26819
                    ],
                    [
                        17.90976,
                        59.26867
                    ],
                    [
                        17.91008,
                        59.26888
                    ],
                    [
                        17.91045,
                        59.26912
                    ],
                    [
                        17.91079,
                        59.26935
                    ],
                    [
                        17.9111,
                        59.26959
                    ],
                    [
                        17.91139,
                        59.26982
                    ],
                    [
                        17.91165,
                        59.27007
                    ],
                    [
                        17.91189,
                        59.2703
                    ],
                    [
                        17.91208,
                        59.27049
                    ],
                    [
                        17.91218,
                        59.27061
                    ],
                    [
                        17.91254,
                        59.27103
                    ],
                    [
                        17.91258,
                        59.27109
                    ],
                    [
                        17.91275,
                        59.27133
                    ],
                    [
                        17.91291,
                        59.27157
                    ],
                    [
                        17.91306,
                        59.27182
                    ],
                    [
                        17.91318,
                        59.27205
                    ],
                    [
                        17.91337,
                        59.27249
                    ],
                    [
                        17.91351,
                        59.27289
                    ],
                    [
                        17.91368,
                        59.27335
                    ],
                    [
                        17.91372,
                        59.2735
                    ],
                    [
                        17.91375,
                        59.27362
                    ],
                    [
                        17.91384,
                        59.27387
                    ],
                    [
                        17.9141,
                        59.27445
                    ],
                    [
                        17.91429,
                        59.27479
                    ],
                    [
                        17.91456,
                        59.27517
                    ],
                    [
                        17.91477,
                        59.27545
                    ],
                    [
                        17.91494,
                        59.27566
                    ],
                    [
                        17.9154,
                        59.27614
                    ],
                    [
                        17.91579,
                        59.2765
                    ],
                    [
                        17.91655,
                        59.27712
                    ],
                    [
                        17.91733,
                        59.27771
                    ],
                    [
                        17.91784,
                        59.27807
                    ],
                    [
                        17.91894,
                        59.27879
                    ],
                    [
                        17.92067,
                        59.27996
                    ],
                    [
                        17.92144,
                        59.28042
                    ],
                    [
                        17.9221,
                        59.28078
                    ],
                    [
                        17.9238,
                        59.28155
                    ],
                    [
                        17.92495,
                        59.28198
                    ],
                    [
                        17.92643,
                        59.2824
                    ],
                    [
                        17.92754,
                        59.28267
                    ],
                    [
                        17.93061,
                        59.28338
                    ],
                    [
                        17.93395,
                        59.28414
                    ],
                    [
                        17.93557,
                        59.28453
                    ],
                    [
                        17.93719,
                        59.28491
                    ],
                    [
                        17.94064,
                        59.2857
                    ],
                    [
                        17.94342,
                        59.28635
                    ],
                    [
                        17.94429,
                        59.28655
                    ],
                    [
                        17.94775,
                        59.28735
                    ],
                    [
                        17.95074,
                        59.28804
                    ],
                    [
                        17.95165,
                        59.28824
                    ],
                    [
                        17.95267,
                        59.28843
                    ],
                    [
                        17.95322,
                        59.28853
                    ],
                    [
                        17.95373,
                        59.2886
                    ],
                    [
                        17.95489,
                        59.28875
                    ],
                    [
                        17.9555,
                        59.28882
                    ],
                    [
                        17.95639,
                        59.28892
                    ],
                    [
                        17.95746,
                        59.28901
                    ],
                    [
                        17.95856,
                        59.28908
                    ],
                    [
                        17.95966,
                        59.28912
                    ],
                    [
                        17.96076,
                        59.28914
                    ],
                    [
                        17.96409,
                        59.28911
                    ],
                    [
                        17.97567,
                        59.28894
                    ],
                    [
                        17.97784,
                        59.28891
                    ],
                    [
                        17.98011,
                        59.28888
                    ],
                    [
                        17.98461,
                        59.28881
                    ],
                    [
                        17.98519,
                        59.28881
                    ],
                    [
                        17.9857,
                        59.28883
                    ],
                    [
                        17.9859,
                        59.28884
                    ],
                    [
                        17.98641,
                        59.28887
                    ],
                    [
                        17.9869,
                        59.28891
                    ],
                    [
                        17.98732,
                        59.28897
                    ],
                    [
                        17.98756,
                        59.289
                    ],
                    [
                        17.98782,
                        59.28904
                    ],
                    [
                        17.98829,
                        59.28913
                    ],
                    [
                        17.98871,
                        59.28921
                    ],
                    [
                        17.99041,
                        59.28957
                    ],
                    [
                        17.99398,
                        59.29038
                    ],
                    [
                        17.99468,
                        59.29057
                    ],
                    [
                        17.99494,
                        59.29063
                    ],
                    [
                        17.99579,
                        59.29092
                    ],
                    [
                        17.99631,
                        59.29114
                    ],
                    [
                        17.99696,
                        59.29145
                    ],
                    [
                        17.99763,
                        59.29187
                    ],
                    [
                        17.9981,
                        59.29218
                    ],
                    [
                        18.0006,
                        59.29385
                    ],
                    [
                        18.00193,
                        59.29475
                    ],
                    [
                        18.00376,
                        59.29599
                    ],
                    [
                        18.00512,
                        59.29691
                    ],
                    [
                        18.00569,
                        59.29727
                    ],
                    [
                        18.00594,
                        59.29743
                    ],
                    [
                        18.00647,
                        59.29771
                    ],
                    [
                        18.00704,
                        59.29794
                    ],
                    [
                        18.00786,
                        59.29828
                    ],
                    [
                        18.00855,
                        59.2985
                    ],
                    [
                        18.00943,
                        59.29875
                    ],
                    [
                        18.01017,
                        59.29894
                    ],
                    [
                        18.01082,
                        59.29909
                    ],
                    [
                        18.01156,
                        59.29924
                    ],
                    [
                        18.01238,
                        59.29939
                    ],
                    [
                        18.01292,
                        59.29948
                    ],
                    [
                        18.01362,
                        59.29957
                    ],
                    [
                        18.01454,
                        59.29971
                    ],
                    [
                        18.01601,
                        59.29992
                    ],
                    [
                        18.01684,
                        59.30005
                    ],
                    [
                        18.01767,
                        59.30019
                    ],
                    [
                        18.01818,
                        59.3003
                    ],
                    [
                        18.0186,
                        59.30041
                    ],
                    [
                        18.01889,
                        59.30051
                    ],
                    [
                        18.01916,
                        59.30059
                    ],
                    [
                        18.01943,
                        59.3007
                    ],
                    [
                        18.01968,
                        59.30083
                    ],
                    [
                        18.01991,
                        59.30096
                    ],
                    [
                        18.02015,
                        59.30112
                    ],
                    [
                        18.02041,
                        59.30134
                    ],
                    [
                        18.02057,
                        59.30154
                    ],
                    [
                        18.0207,
                        59.30175
                    ],
                    [
                        18.02081,
                        59.30205
                    ],
                    [
                        18.02083,
                        59.30232
                    ],
                    [
                        18.02082,
                        59.30259
                    ],
                    [
                        18.02076,
                        59.30278
                    ],
                    [
                        18.02067,
                        59.30297
                    ],
                    [
                        18.02047,
                        59.3033
                    ],
                    [
                        18.02017,
                        59.30357
                    ],
                    [
                        18.01995,
                        59.30377
                    ],
                    [
                        18.0197,
                        59.30395
                    ],
                    [
                        18.01914,
                        59.30427
                    ],
                    [
                        18.01869,
                        59.30452
                    ],
                    [
                        18.01815,
                        59.30473
                    ],
                    [
                        18.01761,
                        59.30492
                    ],
                    [
                        18.01556,
                        59.3057
                    ],
                    [
                        18.01395,
                        59.3063
                    ],
                    [
                        18.01259,
                        59.30681
                    ],
                    [
                        18.01173,
                        59.30716
                    ],
                    [
                        18.01118,
                        59.30743
                    ],
                    [
                        18.01064,
                        59.3077
                    ],
                    [
                        18.01011,
                        59.308
                    ],
                    [
                        18.00962,
                        59.30831
                    ],
                    [
                        18.00888,
                        59.30885
                    ],
                    [
                        18.00853,
                        59.30915
                    ],
                    [
                        18.00824,
                        59.30941
                    ],
                    [
                        18.00781,
                        59.30988
                    ],
                    [
                        18.00689,
                        59.31089
                    ],
                    [
                        18.00608,
                        59.31176
                    ],
                    [
                        18.00564,
                        59.31226
                    ],
                    [
                        18.00516,
                        59.31279
                    ],
                    [
                        18.00423,
                        59.31379
                    ],
                    [
                        18.00393,
                        59.31413
                    ],
                    [
                        18.00322,
                        59.31491
                    ],
                    [
                        18.00283,
                        59.31532
                    ],
                    [
                        18.00243,
                        59.31568
                    ],
                    [
                        18.00203,
                        59.31601
                    ],
                    [
                        18.00162,
                        59.31633
                    ],
                    [
                        18.00048,
                        59.31718
                    ],
                    [
                        17.99975,
                        59.31773
                    ],
                    [
                        17.99833,
                        59.31879
                    ],
                    [
                        17.99798,
                        59.31905
                    ],
                    [
                        17.99764,
                        59.31932
                    ],
                    [
                        17.99737,
                        59.31958
                    ],
                    [
                        17.99719,
                        59.31977
                    ],
                    [
                        17.99703,
                        59.32
                    ],
                    [
                        17.99689,
                        59.32027
                    ],
                    [
                        17.9968,
                        59.32054
                    ],
                    [
                        17.99674,
                        59.32085
                    ],
                    [
                        17.99676,
                        59.32114
                    ],
                    [
                        17.99681,
                        59.32136
                    ],
                    [
                        17.99689,
                        59.32157
                    ],
                    [
                        17.99705,
                        59.32188
                    ],
                    [
                        17.99718,
                        59.32206
                    ],
                    [
                        17.99736,
                        59.32224
                    ],
                    [
                        17.99759,
                        59.32247
                    ],
                    [
                        17.99785,
                        59.32267
                    ],
                    [
                        17.99913,
                        59.32347
                    ],
                    [
                        18.00024,
                        59.32411
                    ],
                    [
                        18.0007,
                        59.32437
                    ],
                    [
                        18.00117,
                        59.32459
                    ],
                    [
                        18.00193,
                        59.32489
                    ],
                    [
                        18.00266,
                        59.32513
                    ],
                    [
                        18.00462,
                        59.32579
                    ],
                    [
                        18.00496,
                        59.3259
                    ],
                    [
                        18.00566,
                        59.32614
                    ],
                    [
                        18.00599,
                        59.32624
                    ],
                    [
                        18.00631,
                        59.32636
                    ],
                    [
                        18.00658,
                        59.32647
                    ],
                    [
                        18.00681,
                        59.32657
                    ],
                    [
                        18.00724,
                        59.32679
                    ],
                    [
                        18.0076,
                        59.32699
                    ],
                    [
                        18.0078,
                        59.32713
                    ],
                    [
                        18.00789,
                        59.32719
                    ],
                    [
                        18.00832,
                        59.32761
                    ],
                    [
                        18.00864,
                        59.32805
                    ],
                    [
                        18.00925,
                        59.32894
                    ],
                    [
                        18.00935,
                        59.32909
                    ],
                    [
                        18.00964,
                        59.32956
                    ],
                    [
                        18.0099,
                        59.33003
                    ],
                    [
                        18.01001,
                        59.3303
                    ],
                    [
                        18.01009,
                        59.33055
                    ],
                    [
                        18.01016,
                        59.33083
                    ],
                    [
                        18.01018,
                        59.33099
                    ],
                    [
                        18.01019,
                        59.33116
                    ],
                    [
                        18.01019,
                        59.33139
                    ],
                    [
                        18.01015,
                        59.33169
                    ],
                    [
                        18.0101,
                        59.33198
                    ],
                    [
                        18.01007,
                        59.33211
                    ],
                    [
                        18.01004,
                        59.33226
                    ],
                    [
                        18.01001,
                        59.3324
                    ],
                    [
                        18.00993,
                        59.33282
                    ],
                    [
                        18.00987,
                        59.33328
                    ],
                    [
                        18.00986,
                        59.33368
                    ],
                    [
                        18.00987,
                        59.3338
                    ],
                    [
                        18.00989,
                        59.33392
                    ],
                    [
                        18.00991,
                        59.3342
                    ],
                    [
                        18.00996,
                        59.33449
                    ],
                    [
                        18.01001,
                        59.3347
                    ],
                    [
                        18.01009,
                        59.33499
                    ],
                    [
                        18.0103,
                        59.33548
                    ],
                    [
                        18.01065,
                        59.33621
                    ],
                    [
                        18.01081,
                        59.33659
                    ],
                    [
                        18.01085,
                        59.33672
                    ],
                    [
                        18.01094,
                        59.33703
                    ],
                    [
                        18.01107,
                        59.33768
                    ],
                    [
                        18.01111,
                        59.33794
                    ],
                    [
                        18.01137,
                        59.33987
                    ],
                    [
                        18.01136,
                        59.3401
                    ],
                    [
                        18.01132,
                        59.34038
                    ],
                    [
                        18.01128,
                        59.34051
                    ],
                    [
                        18.01124,
                        59.34062
                    ],
                    [
                        18.01119,
                        59.34072
                    ],
                    [
                        18.01109,
                        59.34089
                    ],
                    [
                        18.01099,
                        59.34104
                    ],
                    [
                        18.0104,
                        59.34182
                    ],
                    [
                        18.0102,
                        59.34213
                    ],
                    [
                        18.00974,
                        59.34283
                    ],
                    [
                        18.00965,
                        59.34312
                    ],
                    [
                        18.00963,
                        59.34323
                    ],
                    [
                        18.00963,
                        59.34329
                    ],
                    [
                        18.00963,
                        59.34343
                    ],
                    [
                        18.00965,
                        59.34354
                    ],
                    [
                        18.00969,
                        59.34368
                    ],
                    [
                        18.00973,
                        59.34379
                    ],
                    [
                        18.0098,
                        59.34392
                    ],
                    [
                        18.00987,
                        59.34402
                    ],
                    [
                        18.00995,
                        59.34415
                    ],
                    [
                        18.01003,
                        59.34424
                    ],
                    [
                        18.01015,
                        59.34436
                    ],
                    [
                        18.01025,
                        59.34444
                    ],
                    [
                        18.01039,
                        59.34456
                    ],
                    [
                        18.01041,
                        59.34457
                    ],
                    [
                        18.01052,
                        59.34464
                    ],
                    [
                        18.01067,
                        59.34474
                    ],
                    [
                        18.0108,
                        59.34481
                    ],
                    [
                        18.01095,
                        59.34487
                    ],
                    [
                        18.01109,
                        59.34494
                    ],
                    [
                        18.01125,
                        59.34501
                    ],
                    [
                        18.01144,
                        59.34508
                    ],
                    [
                        18.01161,
                        59.34513
                    ],
                    [
                        18.01164,
                        59.34514
                    ],
                    [
                        18.01178,
                        59.34518
                    ],
                    [
                        18.01195,
                        59.34521
                    ],
                    [
                        18.01214,
                        59.34525
                    ],
                    [
                        18.01236,
                        59.34529
                    ],
                    [
                        18.01259,
                        59.34532
                    ],
                    [
                        18.01279,
                        59.34534
                    ],
                    [
                        18.01296,
                        59.34535
                    ],
                    [
                        18.01315,
                        59.34536
                    ],
                    [
                        18.01325,
                        59.34536
                    ],
                    [
                        18.01339,
                        59.34537
                    ],
                    [
                        18.01361,
                        59.34536
                    ],
                    [
                        18.01385,
                        59.34535
                    ],
                    [
                        18.01408,
                        59.34533
                    ],
                    [
                        18.01431,
                        59.3453
                    ],
                    [
                        18.01453,
                        59.34527
                    ],
                    [
                        18.01485,
                        59.34522
                    ],
                    [
                        18.01525,
                        59.34513
                    ],
                    [
                        18.01593,
                        59.34497
                    ],
                    [
                        18.01593,
                        59.34497
                    ],
                    [
                        18.01684,
                        59.34476
                    ],
                    [
                        18.01775,
                        59.34455
                    ],
                    [
                        18.01781,
                        59.34454
                    ],
                    [
                        18.01781,
                        59.34454
                    ],
                    [
                        18.01833,
                        59.34446
                    ],
                    [
                        18.01879,
                        59.34437
                    ],
                    [
                        18.01909,
                        59.34431
                    ],
                    [
                        18.01946,
                        59.34424
                    ],
                    [
                        18.02016,
                        59.34411
                    ],
                    [
                        18.02051,
                        59.34404
                    ],
                    [
                        18.02114,
                        59.34396
                    ],
                    [
                        18.02156,
                        59.34391
                    ],
                    [
                        18.02212,
                        59.34386
                    ],
                    [
                        18.0226,
                        59.34384
                    ],
                    [
                        18.02317,
                        59.34383
                    ],
                    [
                        18.0235,
                        59.34383
                    ],
                    [
                        18.02371,
                        59.34384
                    ],
                    [
                        18.02401,
                        59.34385
                    ],
                    [
                        18.02432,
                        59.34388
                    ],
                    [
                        18.0246,
                        59.34391
                    ],
                    [
                        18.02485,
                        59.34394
                    ],
                    [
                        18.02517,
                        59.34399
                    ],
                    [
                        18.02561,
                        59.34408
                    ],
                    [
                        18.0258,
                        59.34413
                    ],
                    [
                        18.02623,
                        59.34424
                    ],
                    [
                        18.0264,
                        59.34429
                    ],
                    [
                        18.02662,
                        59.34436
                    ],
                    [
                        18.02696,
                        59.34449
                    ],
                    [
                        18.02711,
                        59.34455
                    ],
                    [
                        18.02751,
                        59.34474
                    ],
                    [
                        18.0277,
                        59.34484
                    ],
                    [
                        18.02791,
                        59.34496
                    ],
                    [
                        18.0282,
                        59.34514
                    ],
                    [
                        18.0285,
                        59.34536
                    ],
                    [
                        18.02886,
                        59.34562
                    ],
                    [
                        18.02902,
                        59.34575
                    ],
                    [
                        18.02926,
                        59.34592
                    ],
                    [
                        18.02961,
                        59.34616
                    ],
                    [
                        18.02988,
                        59.34633
                    ],
                    [
                        18.03004,
                        59.34644
                    ],
                    [
                        18.03016,
                        59.34652
                    ],
                    [
                        18.03016,
                        59.34652
                    ],
                    [
                        18.0305,
                        59.34673
                    ],
                    [
                        18.03099,
                        59.34701
                    ],
                    [
                        18.03115,
                        59.3471
                    ],
                    [
                        18.03148,
                        59.34725
                    ],
                    [
                        18.0317,
                        59.34734
                    ],
                    [
                        18.03231,
                        59.3476
                    ],
                    [
                        18.03308,
                        59.34789
                    ],
                    [
                        18.03381,
                        59.34818
                    ],
                    [
                        18.03453,
                        59.34846
                    ],
                    [
                        18.03523,
                        59.34874
                    ],
                    [
                        18.0364,
                        59.34921
                    ],
                    [
                        18.0364,
                        59.34921
                    ],
                    [
                        18.03704,
                        59.34942
                    ],
                    [
                        18.03745,
                        59.34955
                    ],
                    [
                        18.03768,
                        59.34963
                    ],
                    [
                        18.03823,
                        59.34983
                    ],
                    [
                        18.03886,
                        59.35004
                    ],
                    [
                        18.03906,
                        59.35011
                    ],
                    [
                        18.03948,
                        59.35024
                    ],
                    [
                        18.03971,
                        59.35031
                    ],
                    [
                        18.04022,
                        59.35043
                    ],
                    [
                        18.04057,
                        59.3505
                    ],
                    [
                        18.04084,
                        59.35054
                    ],
                    [
                        18.04119,
                        59.35058
                    ],
                    [
                        18.04238,
                        59.35069
                    ],
                    [
                        18.04287,
                        59.35074
                    ],
                    [
                        18.04307,
                        59.35076
                    ],
                    [
                        18.04352,
                        59.35084
                    ],
                    [
                        18.04389,
                        59.35092
                    ],
                    [
                        18.04436,
                        59.35103
                    ],
                    [
                        18.04467,
                        59.35111
                    ],
                    [
                        18.04524,
                        59.35125
                    ],
                    [
                        18.04665,
                        59.35174
                    ],
                    [
                        18.04706,
                        59.35187
                    ],
                    [
                        18.04743,
                        59.35197
                    ],
                    [
                        18.04787,
                        59.35208
                    ],
                    [
                        18.04827,
                        59.35216
                    ],
                    [
                        18.04893,
                        59.35226
                    ],
                    [
                        18.0495,
                        59.35232
                    ],
                    [
                        18.0497,
                        59.35235
                    ],
                    [
                        18.05138,
                        59.35251
                    ],
                    [
                        18.05165,
                        59.35254
                    ],
                    [
                        18.05165,
                        59.35254
                    ],
                    [
                        18.05191,
                        59.35259
                    ],
                    [
                        18.0523,
                        59.35263
                    ],
                    [
                        18.05469,
                        59.35285
                    ],
                    [
                        18.05549,
                        59.35293
                    ],
                    [
                        18.05598,
                        59.35298
                    ],
                    [
                        18.05645,
                        59.35303
                    ],
                    [
                        18.05674,
                        59.35306
                    ],
                    [
                        18.05737,
                        59.35315
                    ],
                    [
                        18.05777,
                        59.35321
                    ],
                    [
                        18.05839,
                        59.35335
                    ],
                    [
                        18.05868,
                        59.35342
                    ],
                    [
                        18.0591,
                        59.35355
                    ],
                    [
                        18.05936,
                        59.35365
                    ],
                    [
                        18.05971,
                        59.35379
                    ],
                    [
                        18.06003,
                        59.35396
                    ],
                    [
                        18.0603,
                        59.35412
                    ],
                    [
                        18.06059,
                        59.35433
                    ],
                    [
                        18.06084,
                        59.35455
                    ],
                    [
                        18.06105,
                        59.35479
                    ],
                    [
                        18.0612,
                        59.35502
                    ],
                    [
                        18.0613,
                        59.3552
                    ],
                    [
                        18.06135,
                        59.35538
                    ],
                    [
                        18.06138,
                        59.35549
                    ],
                    [
                        18.06141,
                        59.35565
                    ],
                    [
                        18.0614,
                        59.35594
                    ],
                    [
                        18.06136,
                        59.35615
                    ],
                    [
                        18.06132,
                        59.35631
                    ],
                    [
                        18.06127,
                        59.35643
                    ],
                    [
                        18.06121,
                        59.35657
                    ],
                    [
                        18.06098,
                        59.357
                    ],
                    [
                        18.06078,
                        59.35734
                    ],
                    [
                        18.06078,
                        59.35734
                    ],
                    [
                        18.06054,
                        59.3577
                    ],
                    [
                        18.06029,
                        59.35799
                    ],
                    [
                        18.0599,
                        59.35841
                    ],
                    [
                        18.05954,
                        59.35875
                    ],
                    [
                        18.05745,
                        59.36055
                    ],
                    [
                        18.0572,
                        59.36079
                    ],
                    [
                        18.05698,
                        59.36101
                    ],
                    [
                        18.05676,
                        59.36122
                    ],
                    [
                        18.05651,
                        59.36148
                    ],
                    [
                        18.05651,
                        59.36148
                    ],
                    [
                        18.05571,
                        59.36233
                    ],
                    [
                        18.05478,
                        59.3633
                    ],
                    [
                        18.05458,
                        59.3635
                    ],
                    [
                        18.05433,
                        59.36385
                    ],
                    [
                        18.05433,
                        59.36385
                    ],
                    [
                        18.05404,
                        59.36418
                    ],
                    [
                        18.05384,
                        59.36451
                    ],
                    [
                        18.05367,
                        59.36487
                    ],
                    [
                        18.05361,
                        59.36504
                    ],
                    [
                        18.05343,
                        59.36558
                    ],
                    [
                        18.05328,
                        59.36602
                    ],
                    [
                        18.05312,
                        59.36639
                    ],
                    [
                        18.05303,
                        59.36657
                    ],
                    [
                        18.05299,
                        59.36665
                    ],
                    [
                        18.05263,
                        59.36724
                    ],
                    [
                        18.0525,
                        59.36745
                    ],
                    [
                        18.05157,
                        59.3689
                    ],
                    [
                        18.0513,
                        59.36941
                    ],
                    [
                        18.05117,
                        59.36968
                    ],
                    [
                        18.05103,
                        59.37006
                    ],
                    [
                        18.05063,
                        59.37145
                    ],
                    [
                        18.05048,
                        59.37191
                    ],
                    [
                        18.05037,
                        59.3722
                    ],
                    [
                        18.05012,
                        59.37265
                    ],
                    [
                        18.04984,
                        59.37304
                    ],
                    [
                        18.0496,
                        59.3733
                    ],
                    [
                        18.04952,
                        59.37338
                    ],
                    [
                        18.04929,
                        59.37359
                    ],
                    [
                        18.04905,
                        59.37379
                    ],
                    [
                        18.04822,
                        59.37439
                    ],
                    [
                        18.04782,
                        59.37472
                    ],
                    [
                        18.04757,
                        59.37495
                    ],
                    [
                        18.04732,
                        59.37518
                    ],
                    [
                        18.04709,
                        59.3754
                    ],
                    [
                        18.04681,
                        59.37569
                    ],
                    [
                        18.04624,
                        59.37629
                    ],
                    [
                        18.04606,
                        59.37647
                    ],
                    [
                        18.04571,
                        59.37684
                    ],
                    [
                        18.0455,
                        59.37703
                    ],
                    [
                        18.04486,
                        59.37763
                    ],
                    [
                        18.04479,
                        59.3777
                    ],
                    [
                        18.0446,
                        59.37785
                    ],
                    [
                        18.0443,
                        59.37807
                    ],
                    [
                        18.04393,
                        59.37832
                    ],
                    [
                        18.04317,
                        59.37877
                    ],
                    [
                        18.04288,
                        59.37895
                    ],
                    [
                        18.0424,
                        59.37928
                    ],
                    [
                        18.042,
                        59.37959
                    ],
                    [
                        18.04177,
                        59.37981
                    ],
                    [
                        18.04165,
                        59.37993
                    ],
                    [
                        18.04152,
                        59.38005
                    ],
                    [
                        18.04138,
                        59.38024
                    ],
                    [
                        18.04125,
                        59.38045
                    ],
                    [
                        18.04117,
                        59.38062
                    ],
                    [
                        18.0411,
                        59.38081
                    ],
                    [
                        18.04106,
                        59.38094
                    ],
                    [
                        18.04103,
                        59.3811
                    ],
                    [
                        18.04103,
                        59.38125
                    ],
                    [
                        18.04104,
                        59.38146
                    ],
                    [
                        18.04107,
                        59.38168
                    ],
                    [
                        18.04111,
                        59.38177
                    ],
                    [
                        18.04121,
                        59.38192
                    ],
                    [
                        18.04128,
                        59.38213
                    ],
                    [
                        18.04139,
                        59.38235
                    ],
                    [
                        18.04145,
                        59.38245
                    ],
                    [
                        18.04232,
                        59.38377
                    ],
                    [
                        18.04245,
                        59.38398
                    ],
                    [
                        18.043,
                        59.38482
                    ],
                    [
                        18.04325,
                        59.38521
                    ],
                    [
                        18.0435,
                        59.38562
                    ],
                    [
                        18.0436,
                        59.3858
                    ],
                    [
                        18.04368,
                        59.38601
                    ],
                    [
                        18.04375,
                        59.38625
                    ],
                    [
                        18.04378,
                        59.38655
                    ],
                    [
                        18.04376,
                        59.38693
                    ],
                    [
                        18.04363,
                        59.38747
                    ],
                    [
                        18.04352,
                        59.38783
                    ],
                    [
                        18.04346,
                        59.38823
                    ],
                    [
                        18.04347,
                        59.38875
                    ],
                    [
                        18.04358,
                        59.38917
                    ],
                    [
                        18.04366,
                        59.3894
                    ],
                    [
                        18.04405,
                        59.39054
                    ],
                    [
                        18.04417,
                        59.39091
                    ],
                    [
                        18.04426,
                        59.39132
                    ],
                    [
                        18.04425,
                        59.39178
                    ],
                    [
                        18.04419,
                        59.39204
                    ],
                    [
                        18.04414,
                        59.39221
                    ],
                    [
                        18.04395,
                        59.39257
                    ],
                    [
                        18.04335,
                        59.39331
                    ],
                    [
                        18.04304,
                        59.39353
                    ],
                    [
                        18.04248,
                        59.39392
                    ],
                    [
                        18.03913,
                        59.396
                    ],
                    [
                        18.03876,
                        59.39628
                    ],
                    [
                        18.03842,
                        59.39656
                    ],
                    [
                        18.03825,
                        59.39673
                    ],
                    [
                        18.03808,
                        59.39694
                    ],
                    [
                        18.0379,
                        59.39724
                    ],
                    [
                        18.03775,
                        59.39754
                    ],
                    [
                        18.03768,
                        59.39777
                    ],
                    [
                        18.03763,
                        59.39801
                    ],
                    [
                        18.03757,
                        59.39839
                    ],
                    [
                        18.03753,
                        59.39878
                    ],
                    [
                        18.03751,
                        59.39901
                    ],
                    [
                        18.03735,
                        59.40063
                    ],
                    [
                        18.03728,
                        59.40194
                    ],
                    [
                        18.03708,
                        59.40409
                    ],
                    [
                        18.03699,
                        59.4046
                    ],
                    [
                        18.03694,
                        59.40481
                    ],
                    [
                        18.03677,
                        59.40522
                    ],
                    [
                        18.03657,
                        59.40556
                    ],
                    [
                        18.0362,
                        59.40604
                    ],
                    [
                        18.03557,
                        59.40682
                    ],
                    [
                        18.03502,
                        59.40753
                    ],
                    [
                        18.03476,
                        59.40793
                    ],
                    [
                        18.03457,
                        59.40827
                    ],
                    [
                        18.03438,
                        59.40875
                    ],
                    [
                        18.0343,
                        59.40907
                    ],
                    [
                        18.03425,
                        59.40949
                    ],
                    [
                        18.03427,
                        59.40974
                    ],
                    [
                        18.03436,
                        59.41015
                    ],
                    [
                        18.0346,
                        59.41069
                    ],
                    [
                        18.0355,
                        59.41213
                    ],
                    [
                        18.03606,
                        59.41309
                    ],
                    [
                        18.03691,
                        59.41444
                    ],
                    [
                        18.03736,
                        59.41522
                    ],
                    [
                        18.03767,
                        59.41561
                    ],
                    [
                        18.03815,
                        59.41615
                    ],
                    [
                        18.03871,
                        59.41666
                    ],
                    [
                        18.03956,
                        59.41734
                    ],
                    [
                        18.0403,
                        59.41783
                    ],
                    [
                        18.04105,
                        59.41827
                    ],
                    [
                        18.04193,
                        59.4187
                    ],
                    [
                        18.04413,
                        59.41974
                    ],
                    [
                        18.04608,
                        59.42053
                    ],
                    [
                        18.04767,
                        59.42103
                    ],
                    [
                        18.04924,
                        59.42145
                    ],
                    [
                        18.05089,
                        59.4219
                    ],
                    [
                        18.05199,
                        59.42221
                    ],
                    [
                        18.05328,
                        59.4226
                    ],
                    [
                        18.05904,
                        59.42486
                    ],
                    [
                        18.06223,
                        59.42614
                    ],
                    [
                        18.06298,
                        59.42655
                    ],
                    [
                        18.06339,
                        59.4268
                    ],
                    [
                        18.064,
                        59.42721
                    ],
                    [
                        18.06419,
                        59.42739
                    ],
                    [
                        18.06435,
                        59.42756
                    ],
                    [
                        18.06486,
                        59.42818
                    ],
                    [
                        18.06498,
                        59.42841
                    ],
                    [
                        18.06513,
                        59.42876
                    ],
                    [
                        18.06546,
                        59.42991
                    ],
                    [
                        18.06566,
                        59.43059
                    ],
                    [
                        18.06585,
                        59.4311
                    ],
                    [
                        18.06597,
                        59.43135
                    ],
                    [
                        18.0661,
                        59.43155
                    ],
                    [
                        18.06636,
                        59.43196
                    ],
                    [
                        18.06654,
                        59.43219
                    ],
                    [
                        18.06669,
                        59.43235
                    ],
                    [
                        18.06695,
                        59.43261
                    ],
                    [
                        18.06736,
                        59.43301
                    ],
                    [
                        18.06792,
                        59.43345
                    ],
                    [
                        18.06949,
                        59.43459
                    ],
                    [
                        18.0706,
                        59.43524
                    ],
                    [
                        18.07182,
                        59.4358
                    ],
                    [
                        18.0722,
                        59.43594
                    ],
                    [
                        18.07277,
                        59.43615
                    ],
                    [
                        18.07323,
                        59.4363
                    ],
                    [
                        18.07409,
                        59.4365
                    ],
                    [
                        18.07502,
                        59.43669
                    ],
                    [
                        18.07592,
                        59.43687
                    ],
                    [
                        18.08147,
                        59.43795
                    ],
                    [
                        18.08366,
                        59.43854
                    ],
                    [
                        18.08624,
                        59.43944
                    ],
                    [
                        18.08837,
                        59.44029
                    ],
                    [
                        18.09126,
                        59.44142
                    ],
                    [
                        18.09386,
                        59.44243
                    ],
                    [
                        18.09677,
                        59.44351
                    ],
                    [
                        18.09711,
                        59.44361
                    ],
                    [
                        18.09802,
                        59.44384
                    ],
                    [
                        18.09915,
                        59.44409
                    ],
                    [
                        18.10019,
                        59.44431
                    ],
                    [
                        18.10168,
                        59.44454
                    ],
                    [
                        18.10216,
                        59.4446
                    ],
                    [
                        18.10338,
                        59.44473
                    ],
                    [
                        18.10451,
                        59.44479
                    ],
                    [
                        18.10597,
                        59.44484
                    ],
                    [
                        18.10827,
                        59.44492
                    ],
                    [
                        18.11219,
                        59.44506
                    ],
                    [
                        18.115,
                        59.44522
                    ],
                    [
                        18.11772,
                        59.44551
                    ],
                    [
                        18.12185,
                        59.44626
                    ],
                    [
                        18.12221,
                        59.44632
                    ],
                    [
                        18.12412,
                        59.44672
                    ],
                    [
                        18.12499,
                        59.4469
                    ],
                    [
                        18.12579,
                        59.44711
                    ],
                    [
                        18.12665,
                        59.44738
                    ],
                    [
                        18.12747,
                        59.44767
                    ],
                    [
                        18.1279,
                        59.44784
                    ],
                    [
                        18.12856,
                        59.44813
                    ],
                    [
                        18.12927,
                        59.44851
                    ],
                    [
                        18.13002,
                        59.44898
                    ],
                    [
                        18.13083,
                        59.44958
                    ],
                    [
                        18.13122,
                        59.44996
                    ],
                    [
                        18.13166,
                        59.45049
                    ],
                    [
                        18.13206,
                        59.45112
                    ],
                    [
                        18.13218,
                        59.45132
                    ],
                    [
                        18.13326,
                        59.45297
                    ],
                    [
                        18.13395,
                        59.45383
                    ],
                    [
                        18.13425,
                        59.45421
                    ],
                    [
                        18.13535,
                        59.45521
                    ],
                    [
                        18.13583,
                        59.4556
                    ],
                    [
                        18.13894,
                        59.45796
                    ],
                    [
                        18.14043,
                        59.45905
                    ],
                    [
                        18.14079,
                        59.45931
                    ],
                    [
                        18.14326,
                        59.46085
                    ],
                    [
                        18.14431,
                        59.46147
                    ],
                    [
                        18.14568,
                        59.46228
                    ],
                    [
                        18.14695,
                        59.46313
                    ],
                    [
                        18.14765,
                        59.46366
                    ],
                    [
                        18.14819,
                        59.46404
                    ],
                    [
                        18.14864,
                        59.46446
                    ],
                    [
                        18.14952,
                        59.46529
                    ],
                    [
                        18.14992,
                        59.46566
                    ],
                    [
                        18.15079,
                        59.46642
                    ],
                    [
                        18.15135,
                        59.46682
                    ],
                    [
                        18.15195,
                        59.46721
                    ],
                    [
                        18.15257,
                        59.46761
                    ],
                    [
                        18.15595,
                        59.46945
                    ],
                    [
                        18.15669,
                        59.46991
                    ],
                    [
                        18.15819,
                        59.4709
                    ],
                    [
                        18.15974,
                        59.47217
                    ],
                    [
                        18.16163,
                        59.47399
                    ],
                    [
                        18.16244,
                        59.47488
                    ],
                    [
                        18.16279,
                        59.4754
                    ],
                    [
                        18.16343,
                        59.47643
                    ],
                    [
                        18.16364,
                        59.4769
                    ],
                    [
                        18.16416,
                        59.47836
                    ],
                    [
                        18.16485,
                        59.48228
                    ],
                    [
                        18.16532,
                        59.48499
                    ],
                    [
                        18.1655,
                        59.4863
                    ],
                    [
                        18.16552,
                        59.48669
                    ],
                    [
                        18.16551,
                        59.4877
                    ],
                    [
                        18.16534,
                        59.4887
                    ],
                    [
                        18.1648,
                        59.49031
                    ],
                    [
                        18.16409,
                        59.49207
                    ],
                    [
                        18.16385,
                        59.49333
                    ],
                    [
                        18.16384,
                        59.49435
                    ],
                    [
                        18.1639,
                        59.49511
                    ],
                    [
                        18.16408,
                        59.49575
                    ],
                    [
                        18.16452,
                        59.49689
                    ],
                    [
                        18.16475,
                        59.49736
                    ],
                    [
                        18.16513,
                        59.49811
                    ],
                    [
                        18.16564,
                        59.49896
                    ],
                    [
                        18.16641,
                        59.49985
                    ],
                    [
                        18.16677,
                        59.50022
                    ],
                    [
                        18.16699,
                        59.50046
                    ],
                    [
                        18.16799,
                        59.50152
                    ],
                    [
                        18.16932,
                        59.50287
                    ],
                    [
                        18.17053,
                        59.50409
                    ],
                    [
                        18.17168,
                        59.50525
                    ],
                    [
                        18.17282,
                        59.50642
                    ],
                    [
                        18.17399,
                        59.50759
                    ],
                    [
                        18.17455,
                        59.50823
                    ],
                    [
                        18.17491,
                        59.50875
                    ],
                    [
                        18.17513,
                        59.50914
                    ],
                    [
                        18.17534,
                        59.50956
                    ],
                    [
                        18.17567,
                        59.51024
                    ],
                    [
                        18.17605,
                        59.51125
                    ],
                    [
                        18.1764,
                        59.51229
                    ],
                    [
                        18.17667,
                        59.51295
                    ],
                    [
                        18.17681,
                        59.51332
                    ],
                    [
                        18.17725,
                        59.51425
                    ],
                    [
                        18.17782,
                        59.51525
                    ],
                    [
                        18.1783,
                        59.51603
                    ],
                    [
                        18.17889,
                        59.51687
                    ],
                    [
                        18.17949,
                        59.51766
                    ],
                    [
                        18.18021,
                        59.51851
                    ],
                    [
                        18.18077,
                        59.51912
                    ],
                    [
                        18.18165,
                        59.52
                    ],
                    [
                        18.18252,
                        59.52082
                    ],
                    [
                        18.18335,
                        59.52156
                    ],
                    [
                        18.1842,
                        59.52222
                    ],
                    [
                        18.18513,
                        59.52299
                    ],
                    [
                        18.18647,
                        59.52402
                    ],
                    [
                        18.18754,
                        59.52492
                    ],
                    [
                        18.18772,
                        59.5251
                    ],
                    [
                        18.1881,
                        59.52546
                    ],
                    [
                        18.18841,
                        59.52582
                    ],
                    [
                        18.18881,
                        59.52632
                    ],
                    [
                        18.18907,
                        59.52675
                    ],
                    [
                        18.18931,
                        59.52719
                    ],
                    [
                        18.18974,
                        59.52802
                    ],
                    [
                        18.19011,
                        59.52868
                    ],
                    [
                        18.19045,
                        59.52915
                    ],
                    [
                        18.19105,
                        59.52987
                    ],
                    [
                        18.19173,
                        59.5305
                    ],
                    [
                        18.19235,
                        59.53099
                    ],
                    [
                        18.19294,
                        59.53139
                    ],
                    [
                        18.19347,
                        59.53173
                    ],
                    [
                        18.19414,
                        59.5321
                    ],
                    [
                        18.19522,
                        59.53263
                    ],
                    [
                        18.19773,
                        59.53378
                    ],
                    [
                        18.19788,
                        59.53385
                    ],
                    [
                        18.1996,
                        59.53463
                    ],
                    [
                        18.20118,
                        59.53536
                    ],
                    [
                        18.20294,
                        59.53619
                    ],
                    [
                        18.20487,
                        59.53712
                    ],
                    [
                        18.20653,
                        59.53796
                    ],
                    [
                        18.20813,
                        59.53876
                    ],
                    [
                        18.20941,
                        59.53944
                    ],
                    [
                        18.21108,
                        59.54028
                    ],
                    [
                        18.21312,
                        59.54129
                    ],
                    [
                        18.21517,
                        59.54233
                    ],
                    [
                        18.21811,
                        59.54387
                    ],
                    [
                        18.22164,
                        59.54565
                    ],
                    [
                        18.223,
                        59.54643
                    ],
                    [
                        18.22468,
                        59.54751
                    ],
                    [
                        18.22561,
                        59.54821
                    ],
                    [
                        18.22642,
                        59.54892
                    ],
                    [
                        18.2271,
                        59.54954
                    ],
                    [
                        18.22777,
                        59.55028
                    ],
                    [
                        18.22837,
                        59.55106
                    ],
                    [
                        18.22901,
                        59.552
                    ],
                    [
                        18.22956,
                        59.55293
                    ],
                    [
                        18.23006,
                        59.55394
                    ],
                    [
                        18.23047,
                        59.5549
                    ],
                    [
                        18.23078,
                        59.55571
                    ],
                    [
                        18.23099,
                        59.55646
                    ],
                    [
                        18.23109,
                        59.55709
                    ],
                    [
                        18.23121,
                        59.55769
                    ],
                    [
                        18.23134,
                        59.55844
                    ],
                    [
                        18.23143,
                        59.55947
                    ],
                    [
                        18.23147,
                        59.56042
                    ],
                    [
                        18.23152,
                        59.56111
                    ],
                    [
                        18.23159,
                        59.56183
                    ],
                    [
                        18.23164,
                        59.56244
                    ],
                    [
                        18.23165,
                        59.56248
                    ],
                    [
                        18.23175,
                        59.56304
                    ],
                    [
                        18.23182,
                        59.56347
                    ],
                    [
                        18.23184,
                        59.56354
                    ],
                    [
                        18.23193,
                        59.56399
                    ],
                    [
                        18.23222,
                        59.56511
                    ],
                    [
                        18.2324,
                        59.56574
                    ],
                    [
                        18.23287,
                        59.56683
                    ],
                    [
                        18.23333,
                        59.5678
                    ],
                    [
                        18.23376,
                        59.56856
                    ],
                    [
                        18.23447,
                        59.56969
                    ],
                    [
                        18.23527,
                        59.57076
                    ],
                    [
                        18.2361,
                        59.57179
                    ],
                    [
                        18.23696,
                        59.57277
                    ],
                    [
                        18.2378,
                        59.57367
                    ],
                    [
                        18.23956,
                        59.57544
                    ],
                    [
                        18.24276,
                        59.57822
                    ],
                    [
                        18.24385,
                        59.57907
                    ],
                    [
                        18.24489,
                        59.57989
                    ],
                    [
                        18.24696,
                        59.58143
                    ],
                    [
                        18.24895,
                        59.58276
                    ],
                    [
                        18.25044,
                        59.58373
                    ],
                    [
                        18.25254,
                        59.585
                    ],
                    [
                        18.2557,
                        59.5868
                    ],
                    [
                        18.25959,
                        59.58878
                    ],
                    [
                        18.26108,
                        59.58951
                    ],
                    [
                        18.26275,
                        59.59035
                    ],
                    [
                        18.26445,
                        59.59129
                    ],
                    [
                        18.26602,
                        59.5923
                    ],
                    [
                        18.26708,
                        59.59305
                    ],
                    [
                        18.26825,
                        59.59397
                    ],
                    [
                        18.26976,
                        59.59533
                    ],
                    [
                        18.27087,
                        59.59639
                    ],
                    [
                        18.27177,
                        59.59731
                    ],
                    [
                        18.27301,
                        59.59868
                    ],
                    [
                        18.27409,
                        59.59996
                    ],
                    [
                        18.27471,
                        59.60077
                    ],
                    [
                        18.27537,
                        59.60166
                    ],
                    [
                        18.27602,
                        59.60263
                    ],
                    [
                        18.27679,
                        59.6038
                    ],
                    [
                        18.27739,
                        59.60475
                    ],
                    [
                        18.27768,
                        59.60518
                    ],
                    [
                        18.2784,
                        59.60614
                    ],
                    [
                        18.27917,
                        59.6071
                    ],
                    [
                        18.27974,
                        59.60773
                    ],
                    [
                        18.28037,
                        59.60836
                    ],
                    [
                        18.28167,
                        59.60958
                    ],
                    [
                        18.28279,
                        59.61051
                    ],
                    [
                        18.28405,
                        59.61148
                    ],
                    [
                        18.28535,
                        59.61239
                    ],
                    [
                        18.2865,
                        59.61313
                    ],
                    [
                        18.28706,
                        59.61347
                    ],
                    [
                        18.2876,
                        59.6138
                    ],
                    [
                        18.28856,
                        59.61436
                    ],
                    [
                        18.28975,
                        59.61498
                    ],
                    [
                        18.2912,
                        59.61569
                    ],
                    [
                        18.29224,
                        59.6162
                    ],
                    [
                        18.2931,
                        59.61658
                    ],
                    [
                        18.29451,
                        59.61718
                    ],
                    [
                        18.29646,
                        59.61792
                    ],
                    [
                        18.29818,
                        59.61855
                    ],
                    [
                        18.30078,
                        59.61957
                    ],
                    [
                        18.30271,
                        59.62042
                    ],
                    [
                        18.30433,
                        59.62122
                    ],
                    [
                        18.30608,
                        59.62216
                    ],
                    [
                        18.30748,
                        59.62302
                    ],
                    [
                        18.30868,
                        59.6238
                    ],
                    [
                        18.31015,
                        59.62482
                    ],
                    [
                        18.31183,
                        59.62606
                    ],
                    [
                        18.31374,
                        59.62738
                    ],
                    [
                        18.31553,
                        59.62851
                    ],
                    [
                        18.31745,
                        59.62959
                    ],
                    [
                        18.31986,
                        59.63087
                    ],
                    [
                        18.32166,
                        59.63172
                    ],
                    [
                        18.32243,
                        59.63207
                    ],
                    [
                        18.32322,
                        59.63242
                    ],
                    [
                        18.32396,
                        59.63274
                    ],
                    [
                        18.32443,
                        59.63294
                    ],
                    [
                        18.32808,
                        59.63431
                    ],
                    [
                        18.32832,
                        59.63439
                    ],
                    [
                        18.33034,
                        59.63511
                    ],
                    [
                        18.33163,
                        59.63554
                    ],
                    [
                        18.33389,
                        59.63623
                    ],
                    [
                        18.3354,
                        59.63667
                    ],
                    [
                        18.33773,
                        59.63732
                    ],
                    [
                        18.33926,
                        59.63783
                    ],
                    [
                        18.34131,
                        59.63857
                    ],
                    [
                        18.34192,
                        59.63885
                    ],
                    [
                        18.34267,
                        59.63923
                    ],
                    [
                        18.34282,
                        59.6393
                    ],
                    [
                        18.34408,
                        59.63994
                    ],
                    [
                        18.34502,
                        59.64053
                    ],
                    [
                        18.3465,
                        59.6416
                    ],
                    [
                        18.34761,
                        59.64258
                    ],
                    [
                        18.34853,
                        59.64365
                    ],
                    [
                        18.35035,
                        59.64612
                    ],
                    [
                        18.35233,
                        59.64799
                    ],
                    [
                        18.35465,
                        59.64972
                    ],
                    [
                        18.35954,
                        59.65282
                    ],
                    [
                        18.3628,
                        59.65514
                    ],
                    [
                        18.36417,
                        59.6563
                    ],
                    [
                        18.36432,
                        59.65643
                    ],
                    [
                        18.3661,
                        59.65794
                    ],
                    [
                        18.36855,
                        59.65982
                    ],
                    [
                        18.37233,
                        59.66221
                    ],
                    [
                        18.37593,
                        59.66403
                    ],
                    [
                        18.37893,
                        59.66535
                    ],
                    [
                        18.38046,
                        59.66594
                    ],
                    [
                        18.38168,
                        59.66634
                    ],
                    [
                        18.38398,
                        59.66711
                    ],
                    [
                        18.38906,
                        59.66856
                    ],
                    [
                        18.39374,
                        59.67034
                    ],
                    [
                        18.39812,
                        59.67268
                    ],
                    [
                        18.40383,
                        59.67593
                    ],
                    [
                        18.41009,
                        59.67948
                    ],
                    [
                        18.41322,
                        59.6811
                    ],
                    [
                        18.4149,
                        59.68191
                    ],
                    [
                        18.41792,
                        59.68323
                    ],
                    [
                        18.42005,
                        59.68412
                    ],
                    [
                        18.42477,
                        59.68585
                    ],
                    [
                        18.42726,
                        59.68665
                    ],
                    [
                        18.43022,
                        59.68747
                    ],
                    [
                        18.43275,
                        59.68804
                    ],
                    [
                        18.43424,
                        59.6883
                    ],
                    [
                        18.43567,
                        59.68851
                    ],
                    [
                        18.43747,
                        59.68874
                    ],
                    [
                        18.43897,
                        59.68889
                    ],
                    [
                        18.44254,
                        59.68903
                    ],
                    [
                        18.44764,
                        59.68923
                    ],
                    [
                        18.45099,
                        59.68944
                    ],
                    [
                        18.45368,
                        59.68976
                    ],
                    [
                        18.45438,
                        59.68985
                    ],
                    [
                        18.4567,
                        59.6902
                    ],
                    [
                        18.46095,
                        59.69098
                    ],
                    [
                        18.46627,
                        59.69213
                    ],
                    [
                        18.46888,
                        59.69279
                    ],
                    [
                        18.47069,
                        59.69328
                    ],
                    [
                        18.47515,
                        59.69464
                    ],
                    [
                        18.47824,
                        59.6959
                    ],
                    [
                        18.48004,
                        59.69702
                    ],
                    [
                        18.48095,
                        59.69775
                    ],
                    [
                        18.48378,
                        59.70001
                    ],
                    [
                        18.48488,
                        59.7007
                    ],
                    [
                        18.48543,
                        59.70101
                    ],
                    [
                        18.48619,
                        59.7014
                    ],
                    [
                        18.48859,
                        59.70248
                    ],
                    [
                        18.48978,
                        59.70301
                    ],
                    [
                        18.49116,
                        59.70361
                    ],
                    [
                        18.49345,
                        59.70457
                    ],
                    [
                        18.49482,
                        59.70501
                    ],
                    [
                        18.49602,
                        59.7054
                    ],
                    [
                        18.49852,
                        59.70603
                    ],
                    [
                        18.50037,
                        59.70642
                    ],
                    [
                        18.50216,
                        59.70671
                    ],
                    [
                        18.50378,
                        59.70692
                    ],
                    [
                        18.50521,
                        59.70705
                    ],
                    [
                        18.50722,
                        59.70719
                    ],
                    [
                        18.51257,
                        59.70739
                    ],
                    [
                        18.51788,
                        59.70781
                    ],
                    [
                        18.51984,
                        59.70799
                    ],
                    [
                        18.51997,
                        59.708
                    ],
                    [
                        18.52298,
                        59.70831
                    ],
                    [
                        18.52726,
                        59.70881
                    ],
                    [
                        18.53061,
                        59.70929
                    ],
                    [
                        18.53356,
                        59.70975
                    ],
                    [
                        18.53468,
                        59.70995
                    ],
                    [
                        18.53594,
                        59.71021
                    ],
                    [
                        18.53688,
                        59.71042
                    ],
                    [
                        18.53784,
                        59.71071
                    ],
                    [
                        18.53845,
                        59.71091
                    ],
                    [
                        18.53928,
                        59.7112
                    ],
                    [
                        18.54017,
                        59.71155
                    ],
                    [
                        18.54124,
                        59.71205
                    ],
                    [
                        18.54248,
                        59.71271
                    ],
                    [
                        18.54337,
                        59.71329
                    ],
                    [
                        18.54698,
                        59.71578
                    ],
                    [
                        18.54902,
                        59.7172
                    ],
                    [
                        18.55119,
                        59.71867
                    ],
                    [
                        18.55257,
                        59.71985
                    ],
                    [
                        18.55377,
                        59.72115
                    ],
                    [
                        18.55534,
                        59.72332
                    ],
                    [
                        18.55652,
                        59.72488
                    ],
                    [
                        18.55772,
                        59.7261
                    ],
                    [
                        18.55787,
                        59.72624
                    ],
                    [
                        18.55865,
                        59.72691
                    ],
                    [
                        18.55923,
                        59.72739
                    ],
                    [
                        18.55981,
                        59.72784
                    ],
                    [
                        18.56086,
                        59.7286
                    ],
                    [
                        18.5615,
                        59.72904
                    ],
                    [
                        18.56253,
                        59.72967
                    ],
                    [
                        18.56276,
                        59.72981
                    ],
                    [
                        18.56348,
                        59.73023
                    ],
                    [
                        18.56451,
                        59.7308
                    ],
                    [
                        18.56535,
                        59.73122
                    ],
                    [
                        18.56631,
                        59.73168
                    ],
                    [
                        18.56773,
                        59.73231
                    ],
                    [
                        18.56933,
                        59.73296
                    ],
                    [
                        18.57014,
                        59.73327
                    ],
                    [
                        18.57143,
                        59.73372
                    ],
                    [
                        18.57283,
                        59.73417
                    ],
                    [
                        18.57435,
                        59.73463
                    ],
                    [
                        18.57483,
                        59.73477
                    ],
                    [
                        18.57549,
                        59.73495
                    ],
                    [
                        18.57606,
                        59.73509
                    ],
                    [
                        18.57687,
                        59.73528
                    ],
                    [
                        18.57792,
                        59.73551
                    ],
                    [
                        18.5787,
                        59.73566
                    ],
                    [
                        18.57976,
                        59.73584
                    ],
                    [
                        18.58125,
                        59.73608
                    ],
                    [
                        18.58215,
                        59.73623
                    ],
                    [
                        18.58291,
                        59.73638
                    ],
                    [
                        18.58423,
                        59.73666
                    ],
                    [
                        18.58524,
                        59.7369
                    ],
                    [
                        18.58644,
                        59.73722
                    ],
                    [
                        18.58753,
                        59.73755
                    ],
                    [
                        18.58891,
                        59.73801
                    ],
                    [
                        18.58974,
                        59.73831
                    ],
                    [
                        18.59061,
                        59.73866
                    ],
                    [
                        18.59177,
                        59.73915
                    ],
                    [
                        18.59291,
                        59.73962
                    ],
                    [
                        18.59394,
                        59.74
                    ],
                    [
                        18.59479,
                        59.74028
                    ],
                    [
                        18.59575,
                        59.74057
                    ],
                    [
                        18.59651,
                        59.74079
                    ],
                    [
                        18.59734,
                        59.74101
                    ],
                    [
                        18.5983,
                        59.74124
                    ],
                    [
                        18.59944,
                        59.74149
                    ],
                    [
                        18.60018,
                        59.74163
                    ],
                    [
                        18.60177,
                        59.74191
                    ],
                    [
                        18.60284,
                        59.74206
                    ],
                    [
                        18.60342,
                        59.74214
                    ],
                    [
                        18.60509,
                        59.74234
                    ],
                    [
                        18.60632,
                        59.74248
                    ],
                    [
                        18.60857,
                        59.7427
                    ],
                    [
                        18.61082,
                        59.74291
                    ],
                    [
                        18.61308,
                        59.74309
                    ],
                    [
                        18.615,
                        59.74322
                    ],
                    [
                        18.61679,
                        59.74333
                    ],
                    [
                        18.61871,
                        59.74343
                    ],
                    [
                        18.62051,
                        59.7435
                    ],
                    [
                        18.62239,
                        59.74357
                    ],
                    [
                        18.62387,
                        59.74361
                    ],
                    [
                        18.62591,
                        59.74364
                    ],
                    [
                        18.62767,
                        59.74365
                    ],
                    [
                        18.6295,
                        59.74365
                    ],
                    [
                        18.63089,
                        59.74364
                    ],
                    [
                        18.63346,
                        59.74359
                    ],
                    [
                        18.63573,
                        59.74353
                    ],
                    [
                        18.63764,
                        59.74346
                    ],
                    [
                        18.6403,
                        59.74333
                    ],
                    [
                        18.64277,
                        59.74317
                    ],
                    [
                        18.64474,
                        59.74303
                    ],
                    [
                        18.6471,
                        59.74283
                    ],
                    [
                        18.64999,
                        59.74256
                    ],
                    [
                        18.65152,
                        59.74243
                    ],
                    [
                        18.65341,
                        59.74228
                    ],
                    [
                        18.65492,
                        59.74217
                    ],
                    [
                        18.65675,
                        59.74206
                    ],
                    [
                        18.65706,
                        59.74205
                    ],
                    [
                        18.65879,
                        59.74195
                    ],
                    [
                        18.66033,
                        59.74189
                    ],
                    [
                        18.6619,
                        59.74184
                    ],
                    [
                        18.66312,
                        59.74184
                    ],
                    [
                        18.66409,
                        59.74185
                    ],
                    [
                        18.66526,
                        59.74191
                    ],
                    [
                        18.66609,
                        59.74198
                    ],
                    [
                        18.6669,
                        59.74207
                    ],
                    [
                        18.6677,
                        59.74216
                    ],
                    [
                        18.66843,
                        59.74227
                    ],
                    [
                        18.6691,
                        59.74237
                    ],
                    [
                        18.66985,
                        59.7425
                    ],
                    [
                        18.67091,
                        59.74268
                    ],
                    [
                        18.67238,
                        59.74294
                    ],
                    [
                        18.67355,
                        59.74317
                    ],
                    [
                        18.67355,
                        59.74317
                    ],
                    [
                        18.67494,
                        59.74337
                    ],
                    [
                        18.67575,
                        59.74347
                    ],
                    [
                        18.67662,
                        59.74356
                    ],
                    [
                        18.67738,
                        59.74362
                    ],
                    [
                        18.67806,
                        59.74366
                    ],
                    [
                        18.67888,
                        59.74368
                    ],
                    [
                        18.67957,
                        59.74369
                    ],
                    [
                        18.68034,
                        59.74368
                    ],
                    [
                        18.68098,
                        59.74365
                    ],
                    [
                        18.68157,
                        59.74361
                    ],
                    [
                        18.68208,
                        59.74356
                    ],
                    [
                        18.68253,
                        59.74349
                    ],
                    [
                        18.68312,
                        59.74339
                    ],
                    [
                        18.68388,
                        59.74323
                    ],
                    [
                        18.68499,
                        59.74299
                    ],
                    [
                        18.68583,
                        59.7428
                    ],
                    [
                        18.68702,
                        59.7425
                    ],
                    [
                        18.68941,
                        59.74188
                    ],
                    [
                        18.6897,
                        59.7418
                    ],
                    [
                        18.69118,
                        59.74142
                    ],
                    [
                        18.69197,
                        59.74124
                    ],
                    [
                        18.69279,
                        59.74107
                    ],
                    [
                        18.69346,
                        59.74095
                    ],
                    [
                        18.6939,
                        59.74088
                    ],
                    [
                        18.69488,
                        59.74074
                    ],
                    [
                        18.69565,
                        59.74064
                    ],
                    [
                        18.69629,
                        59.74058
                    ],
                    [
                        18.69749,
                        59.74049
                    ],
                    [
                        18.69797,
                        59.74047
                    ],
                    [
                        18.69868,
                        59.74044
                    ],
                    [
                        18.69943,
                        59.74042
                    ],
                    [
                        18.70019,
                        59.74043
                    ],
                    [
                        18.70091,
                        59.74044
                    ],
                    [
                        18.70129,
                        59.74045
                    ],
                    [
                        18.70168,
                        59.74047
                    ],
                    [
                        18.70273,
                        59.74053
                    ],
                    [
                        18.70377,
                        59.74059
                    ],
                    [
                        18.70517,
                        59.74066
                    ],
                    [
                        18.70678,
                        59.74076
                    ],
                    [
                        18.70764,
                        59.74081
                    ],
                    [
                        18.70844,
                        59.74084
                    ],
                    [
                        18.70919,
                        59.74085
                    ],
                    [
                        18.70993,
                        59.74086
                    ],
                    [
                        18.71065,
                        59.74086
                    ],
                    [
                        18.71133,
                        59.74085
                    ],
                    [
                        18.71227,
                        59.74082
                    ],
                    [
                        18.71322,
                        59.74077
                    ],
                    [
                        18.71389,
                        59.74073
                    ],
                    [
                        18.71477,
                        59.74066
                    ],
                    [
                        18.71597,
                        59.74054
                    ],
                    [
                        18.71699,
                        59.74042
                    ],
                    [
                        18.71812,
                        59.74026
                    ],
                    [
                        18.71921,
                        59.74008
                    ],
                    [
                        18.72001,
                        59.73994
                    ],
                    [
                        18.72102,
                        59.73974
                    ],
                    [
                        18.72602,
                        59.73868
                    ],
                    [
                        18.72735,
                        59.7384
                    ],
                    [
                        18.72858,
                        59.73819
                    ],
                    [
                        18.72966,
                        59.73802
                    ],
                    [
                        18.73066,
                        59.73788
                    ],
                    [
                        18.73189,
                        59.73773
                    ],
                    [
                        18.73301,
                        59.73762
                    ],
                    [
                        18.73439,
                        59.7375
                    ],
                    [
                        18.73591,
                        59.73741
                    ],
                    [
                        18.73687,
                        59.73737
                    ],
                    [
                        18.73786,
                        59.73735
                    ],
                    [
                        18.74,
                        59.73731
                    ],
                    [
                        18.74341,
                        59.73726
                    ],
                    [
                        18.74564,
                        59.73722
                    ],
                    [
                        18.74805,
                        59.73718
                    ],
                    [
                        18.74982,
                        59.73712
                    ],
                    [
                        18.75138,
                        59.73707
                    ],
                    [
                        18.7549,
                        59.73692
                    ],
                    [
                        18.75722,
                        59.7368
                    ],
                    [
                        18.75915,
                        59.73669
                    ],
                    [
                        18.76103,
                        59.73657
                    ],
                    [
                        18.76282,
                        59.73644
                    ],
                    [
                        18.76501,
                        59.73626
                    ],
                    [
                        18.7671,
                        59.73607
                    ],
                    [
                        18.76989,
                        59.7358
                    ],
                    [
                        18.77282,
                        59.73549
                    ],
                    [
                        18.77455,
                        59.73528
                    ],
                    [
                        18.77628,
                        59.73507
                    ],
                    [
                        18.77965,
                        59.73462
                    ],
                    [
                        18.7827,
                        59.73417
                    ],
                    [
                        18.78572,
                        59.73369
                    ],
                    [
                        18.78671,
                        59.73352
                    ],
                    [
                        18.78778,
                        59.73334
                    ],
                    [
                        18.78952,
                        59.73303
                    ],
                    [
                        18.79096,
                        59.73277
                    ],
                    [
                        18.79208,
                        59.73257
                    ],
                    [
                        18.79347,
                        59.73229
                    ],
                    [
                        18.79637,
                        59.7317
                    ],
                    [
                        18.79925,
                        59.73109
                    ],
                    [
                        18.80271,
                        59.73037
                    ],
                    [
                        18.80405,
                        59.73009
                    ],
                    [
                        18.80532,
                        59.72985
                    ],
                    [
                        18.80668,
                        59.72961
                    ],
                    [
                        18.80809,
                        59.72938
                    ],
                    [
                        18.80959,
                        59.72917
                    ],
                    [
                        18.81109,
                        59.72897
                    ],
                    [
                        18.81272,
                        59.72879
                    ],
                    [
                        18.81434,
                        59.72863
                    ],
                    [
                        18.815,
                        59.72857
                    ],
                    [
                        18.81619,
                        59.72847
                    ],
                    [
                        18.81762,
                        59.72838
                    ],
                    [
                        18.81845,
                        59.72833
                    ],
                    [
                        18.81961,
                        59.72828
                    ],
                    [
                        18.82042,
                        59.72825
                    ],
                    [
                        18.82115,
                        59.72823
                    ],
                    [
                        18.82224,
                        59.72821
                    ],
                    [
                        18.82277,
                        59.72821
                    ],
                    [
                        18.82305,
                        59.72821
                    ],
                    [
                        18.82434,
                        59.72821
                    ],
                    [
                        18.82577,
                        59.72823
                    ],
                    [
                        18.83039,
                        59.72834
                    ],
                    [
                        18.8323,
                        59.72839
                    ],
                    [
                        18.83421,
                        59.72842
                    ],
                    [
                        18.83572,
                        59.72842
                    ],
                    [
                        18.83725,
                        59.72839
                    ],
                    [
                        18.83875,
                        59.72834
                    ],
                    [
                        18.83995,
                        59.72828
                    ],
                    [
                        18.84095,
                        59.72821
                    ],
                    [
                        18.84223,
                        59.72811
                    ],
                    [
                        18.84308,
                        59.72804
                    ],
                    [
                        18.84436,
                        59.72791
                    ],
                    [
                        18.8458,
                        59.72773
                    ],
                    [
                        18.84661,
                        59.72763
                    ],
                    [
                        18.84746,
                        59.7275
                    ],
                    [
                        18.84861,
                        59.72731
                    ],
                    [
                        18.85,
                        59.72708
                    ],
                    [
                        18.85118,
                        59.72689
                    ],
                    [
                        18.85184,
                        59.72679
                    ],
                    [
                        18.85233,
                        59.72673
                    ],
                    [
                        18.85321,
                        59.72661
                    ],
                    [
                        18.85421,
                        59.7265
                    ],
                    [
                        18.8554,
                        59.72639
                    ],
                    [
                        18.85647,
                        59.7263
                    ],
                    [
                        18.85728,
                        59.72625
                    ],
                    [
                        18.85787,
                        59.72622
                    ],
                    [
                        18.85889,
                        59.72618
                    ],
                    [
                        18.86019,
                        59.72616
                    ],
                    [
                        18.86145,
                        59.72615
                    ],
                    [
                        18.86279,
                        59.72614
                    ],
                    [
                        18.86399,
                        59.72613
                    ],
                    [
                        18.86496,
                        59.72611
                    ],
                    [
                        18.86592,
                        59.72607
                    ],
                    [
                        18.86687,
                        59.72602
                    ],
                    [
                        18.86769,
                        59.72596
                    ],
                    [
                        18.86834,
                        59.7259
                    ],
                    [
                        18.86946,
                        59.72579
                    ],
                    [
                        18.87054,
                        59.72566
                    ],
                    [
                        18.87148,
                        59.72552
                    ],
                    [
                        18.87257,
                        59.72534
                    ],
                    [
                        18.87554,
                        59.7248
                    ],
                    [
                        18.87643,
                        59.72465
                    ],
                    [
                        18.87667,
                        59.72461
                    ],
                    [
                        18.87812,
                        59.72439
                    ],
                    [
                        18.87929,
                        59.72424
                    ],
                    [
                        18.88008,
                        59.72414
                    ],
                    [
                        18.88085,
                        59.72406
                    ],
                    [
                        18.88303,
                        59.72387
                    ],
                    [
                        18.88523,
                        59.72369
                    ],
                    [
                        18.88904,
                        59.72336
                    ],
                    [
                        18.89344,
                        59.723
                    ],
                    [
                        18.89463,
                        59.72289
                    ],
                    [
                        18.89544,
                        59.72283
                    ],
                    [
                        18.89931,
                        59.7225
                    ],
                    [
                        18.90094,
                        59.72237
                    ],
                    [
                        18.90385,
                        59.72211
                    ],
                    [
                        18.90545,
                        59.72196
                    ],
                    [
                        18.90704,
                        59.72178
                    ],
                    [
                        18.90887,
                        59.72153
                    ],
                    [
                        18.91062,
                        59.72127
                    ],
                    [
                        18.91259,
                        59.72095
                    ],
                    [
                        18.9137,
                        59.72077
                    ],
                    [
                        18.91517,
                        59.72053
                    ],
                    [
                        18.91626,
                        59.72035
                    ],
                    [
                        18.91817,
                        59.72005
                    ],
                    [
                        18.91917,
                        59.7199
                    ],
                    [
                        18.92016,
                        59.71977
                    ],
                    [
                        18.92147,
                        59.71961
                    ],
                    [
                        18.92265,
                        59.71949
                    ],
                    [
                        18.9238,
                        59.7194
                    ],
                    [
                        18.92485,
                        59.71934
                    ],
                    [
                        18.92568,
                        59.71931
                    ],
                    [
                        18.92648,
                        59.71929
                    ],
                    [
                        18.92745,
                        59.71927
                    ],
                    [
                        18.92775,
                        59.71928
                    ],
                    [
                        18.92872,
                        59.71927
                    ],
                    [
                        18.92953,
                        59.71927
                    ],
                    [
                        18.93055,
                        59.71929
                    ],
                    [
                        18.93156,
                        59.71932
                    ],
                    [
                        18.93191,
                        59.71931
                    ],
                    [
                        18.93247,
                        59.71933
                    ],
                    [
                        18.93317,
                        59.71936
                    ],
                    [
                        18.93394,
                        59.71941
                    ],
                    [
                        18.93474,
                        59.71947
                    ],
                    [
                        18.93612,
                        59.7196
                    ],
                    [
                        18.93777,
                        59.71975
                    ],
                    [
                        18.94207,
                        59.72013
                    ],
                    [
                        18.9447,
                        59.72036
                    ],
                    [
                        18.94622,
                        59.72047
                    ],
                    [
                        18.94718,
                        59.72053
                    ],
                    [
                        18.94875,
                        59.72062
                    ],
                    [
                        18.94964,
                        59.72065
                    ],
                    [
                        18.95046,
                        59.72068
                    ],
                    [
                        18.95128,
                        59.72068
                    ],
                    [
                        18.95199,
                        59.72068
                    ],
                    [
                        18.95253,
                        59.72068
                    ],
                    [
                        18.95341,
                        59.72065
                    ],
                    [
                        18.95451,
                        59.7206
                    ],
                    [
                        18.95515,
                        59.72057
                    ],
                    [
                        18.95564,
                        59.72053
                    ],
                    [
                        18.95684,
                        59.72043
                    ],
                    [
                        18.9584,
                        59.72028
                    ],
                    [
                        18.96066,
                        59.72007
                    ],
                    [
                        18.96177,
                        59.71997
                    ],
                    [
                        18.96287,
                        59.71989
                    ],
                    [
                        18.96435,
                        59.7198
                    ],
                    [
                        18.96574,
                        59.71972
                    ],
                    [
                        18.96739,
                        59.71965
                    ],
                    [
                        18.96932,
                        59.71958
                    ],
                    [
                        18.97127,
                        59.71955
                    ],
                    [
                        18.97269,
                        59.71954
                    ],
                    [
                        18.97506,
                        59.71956
                    ],
                    [
                        18.97555,
                        59.71956
                    ],
                    [
                        18.97576,
                        59.71956
                    ],
                    [
                        18.97698,
                        59.71958
                    ],
                    [
                        18.97827,
                        59.7196
                    ],
                    [
                        18.97887,
                        59.71961
                    ],
                    [
                        18.97961,
                        59.71964
                    ],
                    [
                        18.9806,
                        59.71967
                    ],
                    [
                        18.98196,
                        59.71971
                    ],
                    [
                        18.9833,
                        59.71976
                    ],
                    [
                        18.98504,
                        59.71983
                    ],
                    [
                        18.98679,
                        59.71991
                    ],
                    [
                        18.9885,
                        59.72
                    ],
                    [
                        18.9909,
                        59.72015
                    ],
                    [
                        18.99247,
                        59.72026
                    ],
                    [
                        18.99427,
                        59.72039
                    ],
                    [
                        18.99585,
                        59.72052
                    ],
                    [
                        18.99743,
                        59.72065
                    ],
                    [
                        18.99894,
                        59.72079
                    ],
                    [
                        19.00088,
                        59.72098
                    ],
                    [
                        19.00218,
                        59.72112
                    ],
                    [
                        19.00399,
                        59.72132
                    ],
                    [
                        19.00554,
                        59.7215
                    ],
                    [
                        19.00673,
                        59.72163
                    ],
                    [
                        19.0083,
                        59.72181
                    ],
                    [
                        19.00973,
                        59.72197
                    ],
                    [
                        19.01048,
                        59.72205
                    ],
                    [
                        19.01236,
                        59.72224
                    ],
                    [
                        19.01371,
                        59.72238
                    ],
                    [
                        19.01493,
                        59.72249
                    ],
                    [
                        19.01761,
                        59.72273
                    ],
                    [
                        19.01911,
                        59.72285
                    ],
                    [
                        19.02106,
                        59.72299
                    ],
                    [
                        19.02248,
                        59.72308
                    ],
                    [
                        19.02443,
                        59.72321
                    ],
                    [
                        19.02575,
                        59.72328
                    ],
                    [
                        19.02854,
                        59.72342
                    ],
                    [
                        19.03168,
                        59.72358
                    ],
                    [
                        19.0326,
                        59.72363
                    ],
                    [
                        19.0337,
                        59.7237
                    ],
                    [
                        19.03467,
                        59.72378
                    ],
                    [
                        19.03588,
                        59.72388
                    ],
                    [
                        19.03676,
                        59.72397
                    ],
                    [
                        19.03771,
                        59.72407
                    ],
                    [
                        19.03855,
                        59.72417
                    ],
                    [
                        19.03947,
                        59.72429
                    ],
                    [
                        19.04094,
                        59.72449
                    ],
                    [
                        19.04293,
                        59.72476
                    ],
                    [
                        19.04346,
                        59.72482
                    ],
                    [
                        19.04402,
                        59.72487
                    ],
                    [
                        19.04443,
                        59.7249
                    ],
                    [
                        19.04491,
                        59.72493
                    ],
                    [
                        19.04549,
                        59.72494
                    ],
                    [
                        19.04608,
                        59.72495
                    ],
                    [
                        19.04646,
                        59.72495
                    ],
                    [
                        19.04708,
                        59.72494
                    ],
                    [
                        19.04764,
                        59.72492
                    ],
                    [
                        19.04817,
                        59.72488
                    ],
                    [
                        19.04863,
                        59.72485
                    ],
                    [
                        19.04937,
                        59.72481
                    ],
                    [
                        19.0497,
                        59.72477
                    ],
                    [
                        19.05,
                        59.72473
                    ],
                    [
                        19.05042,
                        59.72467
                    ],
                    [
                        19.05073,
                        59.72462
                    ],
                    [
                        19.05129,
                        59.72452
                    ],
                    [
                        19.052,
                        59.72437
                    ],
                    [
                        19.05245,
                        59.72426
                    ],
                    [
                        19.05283,
                        59.72416
                    ],
                    [
                        19.05315,
                        59.72408
                    ],
                    [
                        19.05346,
                        59.72399
                    ],
                    [
                        19.05372,
                        59.7239
                    ],
                    [
                        19.05396,
                        59.72383
                    ],
                    [
                        19.05451,
                        59.72364
                    ],
                    [
                        19.05518,
                        59.72337
                    ],
                    [
                        19.05546,
                        59.72325
                    ],
                    [
                        19.05576,
                        59.72312
                    ],
                    [
                        19.05607,
                        59.72297
                    ],
                    [
                        19.05634,
                        59.72284
                    ],
                    [
                        19.05671,
                        59.72265
                    ],
                    [
                        19.05707,
                        59.72245
                    ],
                    [
                        19.05742,
                        59.72224
                    ],
                    [
                        19.05778,
                        59.722
                    ],
                    [
                        19.05816,
                        59.72173
                    ],
                    [
                        19.05826,
                        59.72165
                    ],
                    [
                        19.05855,
                        59.72144
                    ],
                    [
                        19.05871,
                        59.72132
                    ],
                    [
                        19.0598,
                        59.72054
                    ],
                    [
                        19.06075,
                        59.71986
                    ],
                    [
                        19.06075,
                        59.71986
                    ],
                    [
                        19.06082,
                        59.71988
                    ],
                    [
                        19.06105,
                        59.71997
                    ],
                    [
                        19.0611,
                        59.71999
                    ],
                    [
                        19.062,
                        59.72036
                    ],
                    [
                        19.0626,
                        59.72061
                    ],
                    [
                        19.0626,
                        59.72061
                    ],
                    [
                        19.06294,
                        59.72065
                    ],
                    [
                        19.06303,
                        59.72066
                    ],
                    [
                        19.06313,
                        59.72067
                    ],
                    [
                        19.06322,
                        59.72067
                    ],
                    [
                        19.06343,
                        59.72066
                    ],
                    [
                        19.06367,
                        59.72065
                    ],
                    [
                        19.06396,
                        59.72063
                    ],
                    [
                        19.06413,
                        59.72062
                    ],
                    [
                        19.06433,
                        59.72061
                    ],
                    [
                        19.06456,
                        59.72061
                    ],
                    [
                        19.06456,
                        59.72061
                    ],
                    [
                        19.06456,
                        59.72075
                    ],
                    [
                        19.06452,
                        59.72142
                    ],
                    [
                        19.0645,
                        59.72172
                    ],
                    [
                        19.06455,
                        59.72182
                    ],
                    [
                        19.06459,
                        59.72191
                    ],
                    [
                        19.06468,
                        59.72201
                    ],
                    [
                        19.06471,
                        59.72207
                    ],
                    [
                        19.06471,
                        59.72207
                    ]
                ]
            }
        }
    ]
}