{
    "type": "FeatureCollection",
    "features": [
        {
            "type": "Feature",
            "properties": {
                "_gpxType": "trk",
                "name": "Nasjonal Turistveg Havøysund",
                "coordinateProperties": {}
            },
            "geometry": {
                "type": "LineString",
                "coordinates": [
                    [
                        24.72382,
                        70.61006
                    ],
                    [
                        24.72252,
                        70.61117
                    ],
                    [
                        24.72227,
                        70.61135
                    ],
                    [
                        24.7217,
                        70.61171
                    ],
                    [
                        24.72134,
                        70.61188
                    ],
                    [
                        24.72104,
                        70.61198
                    ],
                    [
                        24.72087,
                        70.61203
                    ],
                    [
                        24.72083,
                        70.61203
                    ],
                    [
                        24.72019,
                        70.61221
                    ],
                    [
                        24.72019,
                        70.61221
                    ],
                    [
                        24.71935,
                        70.61246
                    ],
                    [
                        24.71924,
                        70.61247
                    ],
                    [
                        24.718,
                        70.61266
                    ],
                    [
                        24.7175,
                        70.61274
                    ],
                    [
                        24.71615,
                        70.61284
                    ],
                    [
                        24.71576,
                        70.61288
                    ],
                    [
                        24.71398,
                        70.61311
                    ],
                    [
                        24.71285,
                        70.61329
                    ],
                    [
                        24.71175,
                        70.61351
                    ],
                    [
                        24.71116,
                        70.61366
                    ],
                    [
                        24.71053,
                        70.61382
                    ],
                    [
                        24.70906,
                        70.61418
                    ],
                    [
                        24.70838,
                        70.6143
                    ],
                    [
                        24.70643,
                        70.61458
                    ],
                    [
                        24.70583,
                        70.61465
                    ],
                    [
                        24.70456,
                        70.61483
                    ],
                    [
                        24.70438,
                        70.61484
                    ],
                    [
                        24.70357,
                        70.61494
                    ],
                    [
                        24.70089,
                        70.6153
                    ],
                    [
                        24.7005,
                        70.61535
                    ],
                    [
                        24.69727,
                        70.61577
                    ],
                    [
                        24.69507,
                        70.61606
                    ],
                    [
                        24.69401,
                        70.61614
                    ],
                    [
                        24.69347,
                        70.61615
                    ],
                    [
                        24.69258,
                        70.61615
                    ],
                    [
                        24.69182,
                        70.61617
                    ],
                    [
                        24.69177,
                        70.61617
                    ],
                    [
                        24.69178,
                        70.6162
                    ],
                    [
                        24.69177,
                        70.61629
                    ],
                    [
                        24.692,
                        70.61675
                    ],
                    [
                        24.6922,
                        70.61712
                    ],
                    [
                        24.69235,
                        70.6174
                    ],
                    [
                        24.6924,
                        70.61749
                    ],
                    [
                        24.69252,
                        70.61765
                    ],
                    [
                        24.69252,
                        70.61767
                    ],
                    [
                        24.69256,
                        70.61772
                    ],
                    [
                        24.69287,
                        70.6183
                    ],
                    [
                        24.69295,
                        70.61841
                    ],
                    [
                        24.69301,
                        70.6185
                    ],
                    [
                        24.69357,
                        70.61939
                    ],
                    [
                        24.69373,
                        70.61971
                    ],
                    [
                        24.69397,
                        70.62012
                    ],
                    [
                        24.69537,
                        70.62245
                    ],
                    [
                        24.69543,
                        70.62263
                    ],
                    [
                        24.69573,
                        70.62311
                    ],
                    [
                        24.69654,
                        70.62438
                    ],
                    [
                        24.69662,
                        70.62452
                    ],
                    [
                        24.6969,
                        70.62493
                    ],
                    [
                        24.69719,
                        70.62547
                    ],
                    [
                        24.69727,
                        70.62558
                    ],
                    [
                        24.69748,
                        70.62587
                    ],
                    [
                        24.69873,
                        70.6281
                    ],
                    [
                        24.69896,
                        70.62878
                    ],
                    [
                        24.69902,
                        70.63007
                    ],
                    [
                        24.69893,
                        70.63059
                    ],
                    [
                        24.69847,
                        70.63148
                    ],
                    [
                        24.69773,
                        70.63258
                    ],
                    [
                        24.69727,
                        70.63301
                    ],
                    [
                        24.69719,
                        70.63308
                    ],
                    [
                        24.69653,
                        70.6336
                    ],
                    [
                        24.6963,
                        70.63378
                    ],
                    [
                        24.6957,
                        70.63415
                    ],
                    [
                        24.69487,
                        70.6346
                    ],
                    [
                        24.69413,
                        70.63493
                    ],
                    [
                        24.6933,
                        70.63524
                    ],
                    [
                        24.69229,
                        70.63554
                    ],
                    [
                        24.69198,
                        70.63562
                    ],
                    [
                        24.69117,
                        70.63576
                    ],
                    [
                        24.69036,
                        70.63593
                    ],
                    [
                        24.68422,
                        70.63697
                    ],
                    [
                        24.68369,
                        70.63708
                    ],
                    [
                        24.68326,
                        70.63718
                    ],
                    [
                        24.68312,
                        70.63722
                    ],
                    [
                        24.68301,
                        70.63727
                    ],
                    [
                        24.68285,
                        70.63736
                    ],
                    [
                        24.68281,
                        70.63742
                    ],
                    [
                        24.68286,
                        70.63764
                    ],
                    [
                        24.68284,
                        70.63793
                    ],
                    [
                        24.68277,
                        70.63803
                    ],
                    [
                        24.68262,
                        70.63816
                    ],
                    [
                        24.68202,
                        70.63847
                    ],
                    [
                        24.68074,
                        70.63932
                    ],
                    [
                        24.68047,
                        70.63957
                    ],
                    [
                        24.68039,
                        70.63973
                    ],
                    [
                        24.68039,
                        70.63975
                    ],
                    [
                        24.68039,
                        70.63985
                    ],
                    [
                        24.68046,
                        70.63991
                    ],
                    [
                        24.68065,
                        70.64002
                    ],
                    [
                        24.68085,
                        70.64011
                    ],
                    [
                        24.68101,
                        70.64015
                    ],
                    [
                        24.68116,
                        70.64018
                    ],
                    [
                        24.68166,
                        70.64027
                    ],
                    [
                        24.68205,
                        70.64033
                    ],
                    [
                        24.68243,
                        70.6404
                    ],
                    [
                        24.68291,
                        70.64046
                    ],
                    [
                        24.68361,
                        70.64059
                    ],
                    [
                        24.68381,
                        70.64066
                    ],
                    [
                        24.68407,
                        70.64078
                    ],
                    [
                        24.68413,
                        70.6408
                    ],
                    [
                        24.68431,
                        70.64094
                    ],
                    [
                        24.68437,
                        70.64105
                    ],
                    [
                        24.68436,
                        70.64122
                    ],
                    [
                        24.68431,
                        70.64135
                    ],
                    [
                        24.68381,
                        70.64184
                    ],
                    [
                        24.68358,
                        70.64209
                    ],
                    [
                        24.68339,
                        70.6423
                    ],
                    [
                        24.68324,
                        70.64261
                    ],
                    [
                        24.68322,
                        70.64276
                    ],
                    [
                        24.68325,
                        70.64402
                    ],
                    [
                        24.68328,
                        70.64416
                    ],
                    [
                        24.68333,
                        70.64425
                    ],
                    [
                        24.68345,
                        70.64433
                    ],
                    [
                        24.68389,
                        70.64453
                    ],
                    [
                        24.68496,
                        70.6449
                    ],
                    [
                        24.68499,
                        70.64492
                    ],
                    [
                        24.68518,
                        70.64498
                    ],
                    [
                        24.68579,
                        70.64516
                    ],
                    [
                        24.68638,
                        70.64539
                    ],
                    [
                        24.6868,
                        70.64556
                    ],
                    [
                        24.6869,
                        70.64561
                    ],
                    [
                        24.68713,
                        70.64583
                    ],
                    [
                        24.6872,
                        70.64613
                    ],
                    [
                        24.68716,
                        70.64626
                    ],
                    [
                        24.68692,
                        70.6465
                    ],
                    [
                        24.68666,
                        70.64664
                    ],
                    [
                        24.6863,
                        70.64676
                    ],
                    [
                        24.68597,
                        70.64689
                    ],
                    [
                        24.68427,
                        70.64745
                    ],
                    [
                        24.68395,
                        70.64757
                    ],
                    [
                        24.68233,
                        70.64809
                    ],
                    [
                        24.6802,
                        70.64882
                    ],
                    [
                        24.67985,
                        70.64892
                    ],
                    [
                        24.67916,
                        70.64915
                    ],
                    [
                        24.67831,
                        70.64946
                    ],
                    [
                        24.67763,
                        70.64976
                    ],
                    [
                        24.67733,
                        70.6499
                    ],
                    [
                        24.67684,
                        70.65009
                    ],
                    [
                        24.67658,
                        70.65024
                    ],
                    [
                        24.6762,
                        70.6504
                    ],
                    [
                        24.6755,
                        70.65069
                    ],
                    [
                        24.67537,
                        70.65075
                    ],
                    [
                        24.67529,
                        70.65078
                    ],
                    [
                        24.67503,
                        70.65088
                    ],
                    [
                        24.67353,
                        70.65157
                    ],
                    [
                        24.67287,
                        70.65178
                    ],
                    [
                        24.67257,
                        70.65191
                    ],
                    [
                        24.67157,
                        70.65224
                    ],
                    [
                        24.67064,
                        70.65257
                    ],
                    [
                        24.67048,
                        70.65264
                    ],
                    [
                        24.66972,
                        70.65285
                    ],
                    [
                        24.66884,
                        70.653
                    ],
                    [
                        24.6626,
                        70.65393
                    ],
                    [
                        24.66158,
                        70.65411
                    ],
                    [
                        24.66102,
                        70.65429
                    ],
                    [
                        24.66075,
                        70.65439
                    ],
                    [
                        24.66019,
                        70.6547
                    ],
                    [
                        24.65991,
                        70.65488
                    ],
                    [
                        24.65987,
                        70.65494
                    ],
                    [
                        24.65985,
                        70.65495
                    ],
                    [
                        24.65967,
                        70.65506
                    ],
                    [
                        24.65919,
                        70.65548
                    ],
                    [
                        24.65827,
                        70.6562
                    ],
                    [
                        24.65745,
                        70.65689
                    ],
                    [
                        24.65718,
                        70.65707
                    ],
                    [
                        24.65683,
                        70.65742
                    ],
                    [
                        24.65681,
                        70.65754
                    ],
                    [
                        24.65684,
                        70.6577
                    ],
                    [
                        24.65688,
                        70.65779
                    ],
                    [
                        24.6569,
                        70.65783
                    ],
                    [
                        24.65707,
                        70.65797
                    ],
                    [
                        24.65722,
                        70.65806
                    ],
                    [
                        24.65755,
                        70.65819
                    ],
                    [
                        24.65872,
                        70.65857
                    ],
                    [
                        24.6593,
                        70.65879
                    ],
                    [
                        24.65956,
                        70.65886
                    ],
                    [
                        24.65985,
                        70.659
                    ],
                    [
                        24.65999,
                        70.65909
                    ],
                    [
                        24.6601,
                        70.65918
                    ],
                    [
                        24.66029,
                        70.65934
                    ],
                    [
                        24.66037,
                        70.65949
                    ],
                    [
                        24.6604,
                        70.65963
                    ],
                    [
                        24.6604,
                        70.65975
                    ],
                    [
                        24.66037,
                        70.65983
                    ],
                    [
                        24.66037,
                        70.65985
                    ],
                    [
                        24.66037,
                        70.65985
                    ],
                    [
                        24.66032,
                        70.65994
                    ],
                    [
                        24.66007,
                        70.66018
                    ],
                    [
                        24.65974,
                        70.66037
                    ],
                    [
                        24.65919,
                        70.66061
                    ],
                    [
                        24.65829,
                        70.66092
                    ],
                    [
                        24.65672,
                        70.66139
                    ],
                    [
                        24.65592,
                        70.66168
                    ],
                    [
                        24.65579,
                        70.66176
                    ],
                    [
                        24.65502,
                        70.66219
                    ],
                    [
                        24.65462,
                        70.66246
                    ],
                    [
                        24.65429,
                        70.66267
                    ],
                    [
                        24.65405,
                        70.66285
                    ],
                    [
                        24.65377,
                        70.66302
                    ],
                    [
                        24.65332,
                        70.66333
                    ],
                    [
                        24.65309,
                        70.66349
                    ],
                    [
                        24.65226,
                        70.66406
                    ],
                    [
                        24.65204,
                        70.66421
                    ],
                    [
                        24.65169,
                        70.66455
                    ],
                    [
                        24.65143,
                        70.66486
                    ],
                    [
                        24.65125,
                        70.66516
                    ],
                    [
                        24.65096,
                        70.66549
                    ],
                    [
                        24.65081,
                        70.66562
                    ],
                    [
                        24.65061,
                        70.66575
                    ],
                    [
                        24.65035,
                        70.66585
                    ],
                    [
                        24.65002,
                        70.66598
                    ],
                    [
                        24.64969,
                        70.66607
                    ],
                    [
                        24.64945,
                        70.66612
                    ],
                    [
                        24.64908,
                        70.66616
                    ],
                    [
                        24.64865,
                        70.66621
                    ],
                    [
                        24.64779,
                        70.66623
                    ],
                    [
                        24.64739,
                        70.66623
                    ],
                    [
                        24.64519,
                        70.66616
                    ],
                    [
                        24.64466,
                        70.66616
                    ],
                    [
                        24.64444,
                        70.66616
                    ],
                    [
                        24.64367,
                        70.66625
                    ],
                    [
                        24.64299,
                        70.6664
                    ],
                    [
                        24.64267,
                        70.6665
                    ],
                    [
                        24.64217,
                        70.6667
                    ],
                    [
                        24.64025,
                        70.66764
                    ],
                    [
                        24.63962,
                        70.6679
                    ],
                    [
                        24.63942,
                        70.66797
                    ],
                    [
                        24.63863,
                        70.66818
                    ],
                    [
                        24.63773,
                        70.66836
                    ],
                    [
                        24.63627,
                        70.66862
                    ],
                    [
                        24.63544,
                        70.66882
                    ],
                    [
                        24.63443,
                        70.66923
                    ],
                    [
                        24.63371,
                        70.66956
                    ],
                    [
                        24.63309,
                        70.66983
                    ],
                    [
                        24.63161,
                        70.67054
                    ],
                    [
                        24.63135,
                        70.67064
                    ],
                    [
                        24.63128,
                        70.67067
                    ],
                    [
                        24.63084,
                        70.67089
                    ],
                    [
                        24.63038,
                        70.67111
                    ],
                    [
                        24.63001,
                        70.67126
                    ],
                    [
                        24.6295,
                        70.67151
                    ],
                    [
                        24.62877,
                        70.67192
                    ],
                    [
                        24.62814,
                        70.67236
                    ],
                    [
                        24.62783,
                        70.67263
                    ],
                    [
                        24.62773,
                        70.67279
                    ],
                    [
                        24.62748,
                        70.67306
                    ],
                    [
                        24.62697,
                        70.6739
                    ],
                    [
                        24.62646,
                        70.67449
                    ],
                    [
                        24.6263,
                        70.67462
                    ],
                    [
                        24.62594,
                        70.67484
                    ],
                    [
                        24.62546,
                        70.67504
                    ],
                    [
                        24.62512,
                        70.67516
                    ],
                    [
                        24.62473,
                        70.67528
                    ],
                    [
                        24.6235,
                        70.6756
                    ],
                    [
                        24.62333,
                        70.67565
                    ],
                    [
                        24.62305,
                        70.67579
                    ],
                    [
                        24.62267,
                        70.67607
                    ],
                    [
                        24.62253,
                        70.67623
                    ],
                    [
                        24.62235,
                        70.67659
                    ],
                    [
                        24.62197,
                        70.67712
                    ],
                    [
                        24.62179,
                        70.67728
                    ],
                    [
                        24.62135,
                        70.67757
                    ],
                    [
                        24.62082,
                        70.67784
                    ],
                    [
                        24.62025,
                        70.67819
                    ],
                    [
                        24.62009,
                        70.67831
                    ],
                    [
                        24.61988,
                        70.67852
                    ],
                    [
                        24.61981,
                        70.6787
                    ],
                    [
                        24.61972,
                        70.67909
                    ],
                    [
                        24.61964,
                        70.67927
                    ],
                    [
                        24.61949,
                        70.67946
                    ],
                    [
                        24.61937,
                        70.67958
                    ],
                    [
                        24.61895,
                        70.67989
                    ],
                    [
                        24.61831,
                        70.68026
                    ],
                    [
                        24.61827,
                        70.6803
                    ],
                    [
                        24.61826,
                        70.68031
                    ],
                    [
                        24.61824,
                        70.68033
                    ],
                    [
                        24.61822,
                        70.68034
                    ],
                    [
                        24.61815,
                        70.68035
                    ],
                    [
                        24.61809,
                        70.68039
                    ],
                    [
                        24.61805,
                        70.68042
                    ],
                    [
                        24.61775,
                        70.68074
                    ],
                    [
                        24.61722,
                        70.68152
                    ],
                    [
                        24.61689,
                        70.68209
                    ],
                    [
                        24.6166,
                        70.68248
                    ],
                    [
                        24.61651,
                        70.68255
                    ],
                    [
                        24.6162,
                        70.68274
                    ],
                    [
                        24.61372,
                        70.68389
                    ],
                    [
                        24.61235,
                        70.68436
                    ],
                    [
                        24.6115,
                        70.68462
                    ],
                    [
                        24.61015,
                        70.68499
                    ],
                    [
                        24.60966,
                        70.68513
                    ],
                    [
                        24.60938,
                        70.68521
                    ],
                    [
                        24.60658,
                        70.68604
                    ],
                    [
                        24.6052,
                        70.68644
                    ],
                    [
                        24.60479,
                        70.68659
                    ],
                    [
                        24.60399,
                        70.68704
                    ],
                    [
                        24.60374,
                        70.68722
                    ],
                    [
                        24.60351,
                        70.68746
                    ],
                    [
                        24.60337,
                        70.68768
                    ],
                    [
                        24.60314,
                        70.68827
                    ],
                    [
                        24.60312,
                        70.68853
                    ],
                    [
                        24.60301,
                        70.68879
                    ],
                    [
                        24.60289,
                        70.68893
                    ],
                    [
                        24.60283,
                        70.68899
                    ],
                    [
                        24.60225,
                        70.68934
                    ],
                    [
                        24.60162,
                        70.68964
                    ],
                    [
                        24.60147,
                        70.6897
                    ],
                    [
                        24.60137,
                        70.68975
                    ],
                    [
                        24.6006,
                        70.69007
                    ],
                    [
                        24.60039,
                        70.69016
                    ],
                    [
                        24.60015,
                        70.69025
                    ],
                    [
                        24.59999,
                        70.69034
                    ],
                    [
                        24.59983,
                        70.6904
                    ],
                    [
                        24.59936,
                        70.69065
                    ],
                    [
                        24.59914,
                        70.69088
                    ],
                    [
                        24.59909,
                        70.691
                    ],
                    [
                        24.59906,
                        70.69128
                    ],
                    [
                        24.59911,
                        70.69168
                    ],
                    [
                        24.59923,
                        70.69189
                    ],
                    [
                        24.59935,
                        70.69204
                    ],
                    [
                        24.59953,
                        70.69217
                    ],
                    [
                        24.59998,
                        70.6924
                    ],
                    [
                        24.60084,
                        70.69273
                    ],
                    [
                        24.60131,
                        70.69286
                    ],
                    [
                        24.60195,
                        70.69301
                    ],
                    [
                        24.6023,
                        70.69306
                    ],
                    [
                        24.6029,
                        70.69313
                    ],
                    [
                        24.60384,
                        70.6932
                    ],
                    [
                        24.60768,
                        70.69338
                    ],
                    [
                        24.60795,
                        70.69341
                    ],
                    [
                        24.60938,
                        70.69347
                    ],
                    [
                        24.61126,
                        70.69358
                    ],
                    [
                        24.61377,
                        70.69374
                    ],
                    [
                        24.6142,
                        70.69379
                    ],
                    [
                        24.61802,
                        70.69414
                    ],
                    [
                        24.61826,
                        70.69414
                    ],
                    [
                        24.61938,
                        70.69426
                    ],
                    [
                        24.61982,
                        70.69428
                    ],
                    [
                        24.62089,
                        70.6944
                    ],
                    [
                        24.62201,
                        70.69449
                    ],
                    [
                        24.62235,
                        70.6945
                    ],
                    [
                        24.62299,
                        70.69452
                    ],
                    [
                        24.62405,
                        70.69453
                    ],
                    [
                        24.62466,
                        70.69453
                    ],
                    [
                        24.62516,
                        70.6945
                    ],
                    [
                        24.62706,
                        70.69437
                    ],
                    [
                        24.63037,
                        70.69403
                    ],
                    [
                        24.63133,
                        70.69392
                    ],
                    [
                        24.63135,
                        70.69392
                    ],
                    [
                        24.63234,
                        70.69385
                    ],
                    [
                        24.63285,
                        70.69383
                    ],
                    [
                        24.63336,
                        70.69385
                    ],
                    [
                        24.63423,
                        70.69392
                    ],
                    [
                        24.63458,
                        70.69396
                    ],
                    [
                        24.63464,
                        70.69396
                    ],
                    [
                        24.6352,
                        70.69405
                    ],
                    [
                        24.63594,
                        70.69419
                    ],
                    [
                        24.63626,
                        70.69426
                    ],
                    [
                        24.63738,
                        70.69444
                    ],
                    [
                        24.63798,
                        70.69452
                    ],
                    [
                        24.63837,
                        70.69455
                    ],
                    [
                        24.63892,
                        70.69457
                    ],
                    [
                        24.63898,
                        70.69457
                    ],
                    [
                        24.6401,
                        70.69455
                    ],
                    [
                        24.64171,
                        70.6944
                    ],
                    [
                        24.64207,
                        70.69436
                    ],
                    [
                        24.64478,
                        70.69408
                    ],
                    [
                        24.64624,
                        70.69392
                    ],
                    [
                        24.64781,
                        70.69382
                    ],
                    [
                        24.64848,
                        70.69379
                    ],
                    [
                        24.64978,
                        70.69378
                    ],
                    [
                        24.65163,
                        70.69381
                    ],
                    [
                        24.65274,
                        70.69382
                    ],
                    [
                        24.65318,
                        70.69381
                    ],
                    [
                        24.65332,
                        70.6938
                    ],
                    [
                        24.65369,
                        70.69378
                    ],
                    [
                        24.65637,
                        70.69361
                    ],
                    [
                        24.65785,
                        70.69353
                    ],
                    [
                        24.65814,
                        70.69351
                    ],
                    [
                        24.67153,
                        70.69316
                    ],
                    [
                        24.67252,
                        70.69315
                    ],
                    [
                        24.67288,
                        70.69316
                    ],
                    [
                        24.67307,
                        70.69318
                    ],
                    [
                        24.67374,
                        70.69328
                    ],
                    [
                        24.6739,
                        70.69332
                    ],
                    [
                        24.67422,
                        70.69342
                    ],
                    [
                        24.67434,
                        70.69346
                    ],
                    [
                        24.67442,
                        70.69351
                    ],
                    [
                        24.67445,
                        70.69352
                    ],
                    [
                        24.67464,
                        70.69367
                    ],
                    [
                        24.6747,
                        70.69373
                    ],
                    [
                        24.67472,
                        70.69377
                    ],
                    [
                        24.67474,
                        70.69389
                    ],
                    [
                        24.67473,
                        70.69399
                    ],
                    [
                        24.67467,
                        70.6941
                    ],
                    [
                        24.67441,
                        70.69431
                    ],
                    [
                        24.67432,
                        70.69436
                    ],
                    [
                        24.67411,
                        70.69444
                    ],
                    [
                        24.67411,
                        70.69444
                    ],
                    [
                        24.67349,
                        70.69461
                    ],
                    [
                        24.67314,
                        70.69468
                    ],
                    [
                        24.65874,
                        70.69623
                    ],
                    [
                        24.6582,
                        70.69629
                    ],
                    [
                        24.65724,
                        70.69646
                    ],
                    [
                        24.65691,
                        70.69654
                    ],
                    [
                        24.65613,
                        70.69683
                    ],
                    [
                        24.65553,
                        70.6971
                    ],
                    [
                        24.65542,
                        70.69717
                    ],
                    [
                        24.65524,
                        70.69723
                    ],
                    [
                        24.65485,
                        70.69743
                    ],
                    [
                        24.65461,
                        70.69753
                    ],
                    [
                        24.65427,
                        70.69767
                    ],
                    [
                        24.65412,
                        70.69771
                    ],
                    [
                        24.65362,
                        70.69786
                    ],
                    [
                        24.65332,
                        70.69793
                    ],
                    [
                        24.65318,
                        70.69795
                    ],
                    [
                        24.6529,
                        70.69801
                    ],
                    [
                        24.65274,
                        70.69804
                    ],
                    [
                        24.65223,
                        70.69812
                    ],
                    [
                        24.65165,
                        70.69819
                    ],
                    [
                        24.6511,
                        70.69821
                    ],
                    [
                        24.64983,
                        70.69822
                    ],
                    [
                        24.64948,
                        70.69822
                    ],
                    [
                        24.64822,
                        70.69815
                    ],
                    [
                        24.64525,
                        70.6979
                    ],
                    [
                        24.64482,
                        70.6979
                    ],
                    [
                        24.64435,
                        70.6979
                    ],
                    [
                        24.64388,
                        70.69795
                    ],
                    [
                        24.64331,
                        70.69801
                    ],
                    [
                        24.6426,
                        70.69812
                    ],
                    [
                        24.63819,
                        70.69871
                    ],
                    [
                        24.63667,
                        70.69895
                    ],
                    [
                        24.6361,
                        70.69905
                    ],
                    [
                        24.63513,
                        70.69931
                    ],
                    [
                        24.63471,
                        70.69945
                    ],
                    [
                        24.63427,
                        70.69967
                    ],
                    [
                        24.634,
                        70.69985
                    ],
                    [
                        24.6338,
                        70.70001
                    ],
                    [
                        24.6337,
                        70.70013
                    ],
                    [
                        24.6335,
                        70.7005
                    ],
                    [
                        24.63347,
                        70.70063
                    ],
                    [
                        24.63342,
                        70.70184
                    ],
                    [
                        24.63336,
                        70.70202
                    ],
                    [
                        24.63321,
                        70.70231
                    ],
                    [
                        24.63286,
                        70.70263
                    ],
                    [
                        24.6324,
                        70.70296
                    ],
                    [
                        24.63193,
                        70.70319
                    ],
                    [
                        24.63162,
                        70.70332
                    ],
                    [
                        24.63135,
                        70.70341
                    ],
                    [
                        24.63086,
                        70.70357
                    ],
                    [
                        24.63042,
                        70.7037
                    ],
                    [
                        24.62955,
                        70.7039
                    ],
                    [
                        24.62903,
                        70.70399
                    ],
                    [
                        24.62794,
                        70.70416
                    ],
                    [
                        24.62773,
                        70.70417
                    ],
                    [
                        24.62731,
                        70.70423
                    ],
                    [
                        24.62677,
                        70.70426
                    ],
                    [
                        24.62579,
                        70.70433
                    ],
                    [
                        24.62021,
                        70.7047
                    ],
                    [
                        24.61885,
                        70.70483
                    ],
                    [
                        24.61825,
                        70.70492
                    ],
                    [
                        24.61695,
                        70.70507
                    ],
                    [
                        24.61657,
                        70.70514
                    ],
                    [
                        24.61527,
                        70.70538
                    ],
                    [
                        24.61426,
                        70.70559
                    ],
                    [
                        24.61408,
                        70.70563
                    ],
                    [
                        24.61359,
                        70.70574
                    ],
                    [
                        24.61112,
                        70.70643
                    ],
                    [
                        24.60981,
                        70.70685
                    ],
                    [
                        24.60938,
                        70.70697
                    ],
                    [
                        24.60753,
                        70.70748
                    ],
                    [
                        24.60585,
                        70.70801
                    ],
                    [
                        24.60495,
                        70.70829
                    ],
                    [
                        24.60464,
                        70.70837
                    ],
                    [
                        24.6009,
                        70.70948
                    ],
                    [
                        24.59977,
                        70.70977
                    ],
                    [
                        24.59827,
                        70.7102
                    ],
                    [
                        24.59769,
                        70.71035
                    ],
                    [
                        24.59701,
                        70.7105
                    ],
                    [
                        24.59426,
                        70.7112
                    ],
                    [
                        24.59296,
                        70.71164
                    ],
                    [
                        24.59201,
                        70.71201
                    ],
                    [
                        24.58954,
                        70.71306
                    ],
                    [
                        24.58864,
                        70.71338
                    ],
                    [
                        24.58773,
                        70.71364
                    ],
                    [
                        24.5874,
                        70.71371
                    ],
                    [
                        24.58738,
                        70.71371
                    ],
                    [
                        24.58683,
                        70.71383
                    ],
                    [
                        24.58642,
                        70.71389
                    ],
                    [
                        24.58602,
                        70.71393
                    ],
                    [
                        24.58538,
                        70.714
                    ],
                    [
                        24.58431,
                        70.71406
                    ],
                    [
                        24.5805,
                        70.71418
                    ],
                    [
                        24.5792,
                        70.71426
                    ],
                    [
                        24.57887,
                        70.71429
                    ],
                    [
                        24.57744,
                        70.71451
                    ],
                    [
                        24.57692,
                        70.71462
                    ],
                    [
                        24.57543,
                        70.71499
                    ],
                    [
                        24.57483,
                        70.71518
                    ],
                    [
                        24.57347,
                        70.71568
                    ],
                    [
                        24.57263,
                        70.71602
                    ],
                    [
                        24.57161,
                        70.71638
                    ],
                    [
                        24.57064,
                        70.71678
                    ],
                    [
                        24.56966,
                        70.7171
                    ],
                    [
                        24.56933,
                        70.71718
                    ],
                    [
                        24.56913,
                        70.71722
                    ],
                    [
                        24.56872,
                        70.71732
                    ],
                    [
                        24.56663,
                        70.71769
                    ],
                    [
                        24.56573,
                        70.71784
                    ],
                    [
                        24.56543,
                        70.71787
                    ],
                    [
                        24.56522,
                        70.7179
                    ],
                    [
                        24.56402,
                        70.71801
                    ],
                    [
                        24.56255,
                        70.71808
                    ],
                    [
                        24.56194,
                        70.71809
                    ],
                    [
                        24.55106,
                        70.71805
                    ],
                    [
                        24.54844,
                        70.7181
                    ],
                    [
                        24.54687,
                        70.71813
                    ],
                    [
                        24.54658,
                        70.71814
                    ],
                    [
                        24.54603,
                        70.71823
                    ],
                    [
                        24.54548,
                        70.7183
                    ],
                    [
                        24.54437,
                        70.7184
                    ],
                    [
                        24.54346,
                        70.71852
                    ],
                    [
                        24.54315,
                        70.71856
                    ],
                    [
                        24.54194,
                        70.71876
                    ],
                    [
                        24.53971,
                        70.71917
                    ],
                    [
                        24.53718,
                        70.71971
                    ],
                    [
                        24.53696,
                        70.71975
                    ],
                    [
                        24.53486,
                        70.72015
                    ],
                    [
                        24.53398,
                        70.72028
                    ],
                    [
                        24.53328,
                        70.72036
                    ],
                    [
                        24.533,
                        70.7204
                    ],
                    [
                        24.53236,
                        70.72045
                    ],
                    [
                        24.52998,
                        70.72062
                    ],
                    [
                        24.52908,
                        70.72073
                    ],
                    [
                        24.52824,
                        70.72091
                    ],
                    [
                        24.52789,
                        70.72102
                    ],
                    [
                        24.5273,
                        70.7213
                    ],
                    [
                        24.52673,
                        70.72168
                    ],
                    [
                        24.52642,
                        70.72196
                    ],
                    [
                        24.52535,
                        70.72315
                    ],
                    [
                        24.52489,
                        70.72356
                    ],
                    [
                        24.52469,
                        70.72369
                    ],
                    [
                        24.52442,
                        70.72385
                    ],
                    [
                        24.52404,
                        70.72402
                    ],
                    [
                        24.52305,
                        70.72436
                    ],
                    [
                        24.52277,
                        70.72445
                    ],
                    [
                        24.52224,
                        70.72465
                    ],
                    [
                        24.52173,
                        70.72487
                    ],
                    [
                        24.52148,
                        70.72503
                    ],
                    [
                        24.52146,
                        70.72505
                    ],
                    [
                        24.52123,
                        70.72525
                    ],
                    [
                        24.52071,
                        70.72584
                    ],
                    [
                        24.52045,
                        70.72605
                    ],
                    [
                        24.52025,
                        70.72618
                    ],
                    [
                        24.52011,
                        70.72624
                    ],
                    [
                        24.5198,
                        70.72638
                    ],
                    [
                        24.51943,
                        70.72651
                    ],
                    [
                        24.51889,
                        70.72667
                    ],
                    [
                        24.51836,
                        70.72678
                    ],
                    [
                        24.51655,
                        70.72708
                    ],
                    [
                        24.51536,
                        70.72732
                    ],
                    [
                        24.51518,
                        70.72738
                    ],
                    [
                        24.51478,
                        70.72754
                    ],
                    [
                        24.51449,
                        70.72771
                    ],
                    [
                        24.51433,
                        70.72784
                    ],
                    [
                        24.51431,
                        70.72786
                    ],
                    [
                        24.51426,
                        70.72794
                    ],
                    [
                        24.51426,
                        70.72803
                    ],
                    [
                        24.51427,
                        70.72807
                    ],
                    [
                        24.51436,
                        70.72826
                    ],
                    [
                        24.51449,
                        70.72839
                    ],
                    [
                        24.51475,
                        70.72855
                    ],
                    [
                        24.51539,
                        70.72877
                    ],
                    [
                        24.51566,
                        70.72882
                    ],
                    [
                        24.51727,
                        70.72906
                    ],
                    [
                        24.51779,
                        70.72915
                    ],
                    [
                        24.51859,
                        70.72926
                    ],
                    [
                        24.51901,
                        70.72935
                    ],
                    [
                        24.51947,
                        70.72947
                    ],
                    [
                        24.52081,
                        70.72987
                    ],
                    [
                        24.52115,
                        70.72998
                    ],
                    [
                        24.52148,
                        70.73009
                    ],
                    [
                        24.52172,
                        70.73017
                    ],
                    [
                        24.52224,
                        70.73027
                    ],
                    [
                        24.52304,
                        70.73041
                    ],
                    [
                        24.5237,
                        70.73047
                    ],
                    [
                        24.52418,
                        70.73049
                    ],
                    [
                        24.52452,
                        70.73049
                    ],
                    [
                        24.52557,
                        70.73045
                    ],
                    [
                        24.52616,
                        70.73041
                    ],
                    [
                        24.52655,
                        70.73036
                    ],
                    [
                        24.52825,
                        70.73026
                    ],
                    [
                        24.52917,
                        70.73023
                    ],
                    [
                        24.52977,
                        70.73026
                    ],
                    [
                        24.53067,
                        70.73036
                    ],
                    [
                        24.53095,
                        70.7304
                    ],
                    [
                        24.53171,
                        70.73058
                    ],
                    [
                        24.53219,
                        70.73074
                    ],
                    [
                        24.5325,
                        70.73088
                    ],
                    [
                        24.53268,
                        70.73099
                    ],
                    [
                        24.53275,
                        70.73105
                    ],
                    [
                        24.53288,
                        70.73116
                    ],
                    [
                        24.53297,
                        70.73126
                    ],
                    [
                        24.53362,
                        70.73242
                    ],
                    [
                        24.53374,
                        70.73273
                    ],
                    [
                        24.53375,
                        70.73278
                    ],
                    [
                        24.53373,
                        70.73298
                    ],
                    [
                        24.53363,
                        70.73317
                    ],
                    [
                        24.53354,
                        70.73326
                    ],
                    [
                        24.53352,
                        70.73327
                    ],
                    [
                        24.53341,
                        70.73336
                    ],
                    [
                        24.53313,
                        70.73345
                    ],
                    [
                        24.53297,
                        70.73351
                    ],
                    [
                        24.53253,
                        70.73361
                    ],
                    [
                        24.53195,
                        70.73372
                    ],
                    [
                        24.5311,
                        70.73384
                    ],
                    [
                        24.53056,
                        70.73389
                    ],
                    [
                        24.52887,
                        70.73408
                    ],
                    [
                        24.52834,
                        70.73417
                    ],
                    [
                        24.52801,
                        70.73426
                    ],
                    [
                        24.52759,
                        70.73444
                    ],
                    [
                        24.52726,
                        70.73469
                    ],
                    [
                        24.52719,
                        70.73477
                    ],
                    [
                        24.52714,
                        70.73491
                    ],
                    [
                        24.52713,
                        70.73511
                    ],
                    [
                        24.52728,
                        70.73564
                    ],
                    [
                        24.52749,
                        70.73594
                    ],
                    [
                        24.52791,
                        70.7363
                    ],
                    [
                        24.52833,
                        70.73658
                    ],
                    [
                        24.52989,
                        70.73744
                    ],
                    [
                        24.53004,
                        70.7375
                    ],
                    [
                        24.53052,
                        70.73775
                    ],
                    [
                        24.53115,
                        70.73811
                    ],
                    [
                        24.53141,
                        70.73829
                    ],
                    [
                        24.53152,
                        70.73842
                    ],
                    [
                        24.53175,
                        70.73884
                    ],
                    [
                        24.53222,
                        70.74007
                    ],
                    [
                        24.53255,
                        70.74046
                    ],
                    [
                        24.53285,
                        70.74071
                    ],
                    [
                        24.53312,
                        70.74088
                    ],
                    [
                        24.53339,
                        70.74101
                    ],
                    [
                        24.53381,
                        70.74115
                    ],
                    [
                        24.53424,
                        70.7413
                    ],
                    [
                        24.53518,
                        70.74158
                    ],
                    [
                        24.53555,
                        70.74168
                    ],
                    [
                        24.53571,
                        70.74173
                    ],
                    [
                        24.53724,
                        70.74211
                    ],
                    [
                        24.53826,
                        70.7424
                    ],
                    [
                        24.53847,
                        70.74247
                    ],
                    [
                        24.53901,
                        70.74269
                    ],
                    [
                        24.53938,
                        70.74288
                    ],
                    [
                        24.5398,
                        70.74315
                    ],
                    [
                        24.54061,
                        70.74388
                    ],
                    [
                        24.54065,
                        70.74393
                    ],
                    [
                        24.541,
                        70.74433
                    ],
                    [
                        24.54112,
                        70.74454
                    ],
                    [
                        24.54113,
                        70.74473
                    ],
                    [
                        24.54112,
                        70.74477
                    ],
                    [
                        24.54105,
                        70.7449
                    ],
                    [
                        24.54044,
                        70.74535
                    ],
                    [
                        24.54011,
                        70.74556
                    ],
                    [
                        24.53985,
                        70.74576
                    ],
                    [
                        24.53953,
                        70.74601
                    ],
                    [
                        24.5395,
                        70.74605
                    ],
                    [
                        24.53926,
                        70.74635
                    ],
                    [
                        24.53907,
                        70.74675
                    ],
                    [
                        24.53899,
                        70.74711
                    ],
                    [
                        24.53894,
                        70.74896
                    ],
                    [
                        24.53881,
                        70.74923
                    ],
                    [
                        24.53877,
                        70.7493
                    ],
                    [
                        24.53867,
                        70.74939
                    ],
                    [
                        24.5386,
                        70.74944
                    ],
                    [
                        24.53828,
                        70.74963
                    ],
                    [
                        24.53819,
                        70.74968
                    ],
                    [
                        24.5377,
                        70.74988
                    ],
                    [
                        24.53697,
                        70.75013
                    ],
                    [
                        24.53632,
                        70.75033
                    ],
                    [
                        24.53577,
                        70.75046
                    ],
                    [
                        24.53434,
                        70.75086
                    ],
                    [
                        24.53419,
                        70.75089
                    ],
                    [
                        24.53367,
                        70.75103
                    ],
                    [
                        24.53287,
                        70.75126
                    ],
                    [
                        24.53238,
                        70.75144
                    ],
                    [
                        24.5322,
                        70.75152
                    ],
                    [
                        24.53208,
                        70.75158
                    ],
                    [
                        24.53186,
                        70.75171
                    ],
                    [
                        24.53163,
                        70.75194
                    ],
                    [
                        24.53162,
                        70.75194
                    ],
                    [
                        24.5316,
                        70.75197
                    ],
                    [
                        24.53153,
                        70.75211
                    ],
                    [
                        24.53153,
                        70.75232
                    ],
                    [
                        24.53155,
                        70.75237
                    ],
                    [
                        24.5317,
                        70.75261
                    ],
                    [
                        24.5318,
                        70.75273
                    ],
                    [
                        24.53235,
                        70.75315
                    ],
                    [
                        24.53376,
                        70.75418
                    ],
                    [
                        24.53541,
                        70.75535
                    ],
                    [
                        24.5357,
                        70.75556
                    ],
                    [
                        24.53657,
                        70.75622
                    ],
                    [
                        24.53796,
                        70.75721
                    ],
                    [
                        24.53859,
                        70.75767
                    ],
                    [
                        24.53892,
                        70.75787
                    ],
                    [
                        24.54018,
                        70.75884
                    ],
                    [
                        24.54035,
                        70.75895
                    ],
                    [
                        24.54117,
                        70.75954
                    ],
                    [
                        24.54147,
                        70.75972
                    ],
                    [
                        24.54194,
                        70.76007
                    ],
                    [
                        24.54219,
                        70.7603
                    ],
                    [
                        24.54247,
                        70.76049
                    ],
                    [
                        24.54346,
                        70.76124
                    ],
                    [
                        24.54363,
                        70.76137
                    ],
                    [
                        24.54522,
                        70.76255
                    ],
                    [
                        24.54532,
                        70.76262
                    ],
                    [
                        24.54655,
                        70.76349
                    ],
                    [
                        24.54878,
                        70.76476
                    ],
                    [
                        24.54927,
                        70.7651
                    ],
                    [
                        24.55131,
                        70.76627
                    ],
                    [
                        24.55309,
                        70.76725
                    ],
                    [
                        24.55338,
                        70.76743
                    ],
                    [
                        24.55396,
                        70.76776
                    ],
                    [
                        24.55422,
                        70.76788
                    ],
                    [
                        24.55451,
                        70.76806
                    ],
                    [
                        24.55462,
                        70.76813
                    ],
                    [
                        24.55504,
                        70.76837
                    ],
                    [
                        24.55544,
                        70.76859
                    ],
                    [
                        24.55583,
                        70.76885
                    ],
                    [
                        24.55617,
                        70.76906
                    ],
                    [
                        24.55664,
                        70.76931
                    ],
                    [
                        24.55753,
                        70.76976
                    ],
                    [
                        24.55912,
                        70.77041
                    ],
                    [
                        24.56068,
                        70.771
                    ],
                    [
                        24.56379,
                        70.7722
                    ],
                    [
                        24.56406,
                        70.77229
                    ],
                    [
                        24.56486,
                        70.77261
                    ],
                    [
                        24.56524,
                        70.77273
                    ],
                    [
                        24.56543,
                        70.77281
                    ],
                    [
                        24.56601,
                        70.77303
                    ],
                    [
                        24.5664,
                        70.77318
                    ],
                    [
                        24.56803,
                        70.77382
                    ],
                    [
                        24.56833,
                        70.77392
                    ],
                    [
                        24.57026,
                        70.77463
                    ],
                    [
                        24.57067,
                        70.77473
                    ],
                    [
                        24.57122,
                        70.77488
                    ],
                    [
                        24.57241,
                        70.77513
                    ],
                    [
                        24.57288,
                        70.77526
                    ],
                    [
                        24.57627,
                        70.77597
                    ],
                    [
                        24.57711,
                        70.77616
                    ],
                    [
                        24.57756,
                        70.77629
                    ],
                    [
                        24.57856,
                        70.77665
                    ],
                    [
                        24.57886,
                        70.77678
                    ],
                    [
                        24.57899,
                        70.77685
                    ],
                    [
                        24.57907,
                        70.77688
                    ],
                    [
                        24.57969,
                        70.77728
                    ],
                    [
                        24.58016,
                        70.77764
                    ],
                    [
                        24.58053,
                        70.77791
                    ],
                    [
                        24.58091,
                        70.77809
                    ],
                    [
                        24.58177,
                        70.77846
                    ],
                    [
                        24.58368,
                        70.77916
                    ],
                    [
                        24.5846,
                        70.77949
                    ],
                    [
                        24.58499,
                        70.77965
                    ],
                    [
                        24.58563,
                        70.77987
                    ],
                    [
                        24.58608,
                        70.77999
                    ],
                    [
                        24.5869,
                        70.78024
                    ],
                    [
                        24.5874,
                        70.78044
                    ],
                    [
                        24.58746,
                        70.78046
                    ],
                    [
                        24.58812,
                        70.7807
                    ],
                    [
                        24.58867,
                        70.78091
                    ],
                    [
                        24.58937,
                        70.78113
                    ],
                    [
                        24.58979,
                        70.7813
                    ],
                    [
                        24.59027,
                        70.78147
                    ],
                    [
                        24.59059,
                        70.78158
                    ],
                    [
                        24.59399,
                        70.78277
                    ],
                    [
                        24.59455,
                        70.78295
                    ],
                    [
                        24.59486,
                        70.78304
                    ],
                    [
                        24.59575,
                        70.78332
                    ],
                    [
                        24.59686,
                        70.78361
                    ],
                    [
                        24.59753,
                        70.78376
                    ],
                    [
                        24.59777,
                        70.7838
                    ],
                    [
                        24.59806,
                        70.78386
                    ],
                    [
                        24.59811,
                        70.78388
                    ],
                    [
                        24.59836,
                        70.78393
                    ],
                    [
                        24.59892,
                        70.78409
                    ],
                    [
                        24.59952,
                        70.78431
                    ],
                    [
                        24.59994,
                        70.78451
                    ],
                    [
                        24.60024,
                        70.78463
                    ],
                    [
                        24.60152,
                        70.78516
                    ],
                    [
                        24.60268,
                        70.7857
                    ],
                    [
                        24.60307,
                        70.78588
                    ],
                    [
                        24.60344,
                        70.78606
                    ],
                    [
                        24.60383,
                        70.78622
                    ],
                    [
                        24.60436,
                        70.78646
                    ],
                    [
                        24.60458,
                        70.78657
                    ],
                    [
                        24.60472,
                        70.78664
                    ],
                    [
                        24.60498,
                        70.78675
                    ],
                    [
                        24.60507,
                        70.78677
                    ],
                    [
                        24.6052,
                        70.78685
                    ],
                    [
                        24.60554,
                        70.78698
                    ],
                    [
                        24.60589,
                        70.78715
                    ],
                    [
                        24.60603,
                        70.78721
                    ],
                    [
                        24.6061,
                        70.78724
                    ],
                    [
                        24.60648,
                        70.78742
                    ],
                    [
                        24.6066,
                        70.78747
                    ],
                    [
                        24.60683,
                        70.78758
                    ],
                    [
                        24.60683,
                        70.78758
                    ],
                    [
                        24.60692,
                        70.78762
                    ],
                    [
                        24.60726,
                        70.78778
                    ],
                    [
                        24.60829,
                        70.78821
                    ],
                    [
                        24.60833,
                        70.78823
                    ],
                    [
                        24.60838,
                        70.78825
                    ],
                    [
                        24.60874,
                        70.78843
                    ],
                    [
                        24.60938,
                        70.78869
                    ],
                    [
                        24.60993,
                        70.78892
                    ],
                    [
                        24.61029,
                        70.78903
                    ],
                    [
                        24.61072,
                        70.78919
                    ],
                    [
                        24.6111,
                        70.78937
                    ],
                    [
                        24.61146,
                        70.7895
                    ],
                    [
                        24.61152,
                        70.78952
                    ],
                    [
                        24.61339,
                        70.79013
                    ],
                    [
                        24.61395,
                        70.79034
                    ],
                    [
                        24.61478,
                        70.79062
                    ],
                    [
                        24.61601,
                        70.79102
                    ],
                    [
                        24.61748,
                        70.79146
                    ],
                    [
                        24.6183,
                        70.7917
                    ],
                    [
                        24.61941,
                        70.79206
                    ],
                    [
                        24.62078,
                        70.79246
                    ],
                    [
                        24.62097,
                        70.79252
                    ],
                    [
                        24.62237,
                        70.79294
                    ],
                    [
                        24.62309,
                        70.79318
                    ],
                    [
                        24.62391,
                        70.79349
                    ],
                    [
                        24.62481,
                        70.79392
                    ],
                    [
                        24.62515,
                        70.79409
                    ],
                    [
                        24.62554,
                        70.79434
                    ],
                    [
                        24.62574,
                        70.79451
                    ],
                    [
                        24.62595,
                        70.79474
                    ],
                    [
                        24.62598,
                        70.79481
                    ],
                    [
                        24.62613,
                        70.79517
                    ],
                    [
                        24.62612,
                        70.79528
                    ],
                    [
                        24.62604,
                        70.79544
                    ],
                    [
                        24.62601,
                        70.79549
                    ],
                    [
                        24.62566,
                        70.7959
                    ],
                    [
                        24.62566,
                        70.7959
                    ],
                    [
                        24.62527,
                        70.7962
                    ],
                    [
                        24.62495,
                        70.79649
                    ],
                    [
                        24.62486,
                        70.79662
                    ],
                    [
                        24.62474,
                        70.79692
                    ],
                    [
                        24.62473,
                        70.79709
                    ],
                    [
                        24.62479,
                        70.7973
                    ],
                    [
                        24.62506,
                        70.79765
                    ],
                    [
                        24.62539,
                        70.79801
                    ],
                    [
                        24.62572,
                        70.79854
                    ],
                    [
                        24.62579,
                        70.79875
                    ],
                    [
                        24.62582,
                        70.79916
                    ],
                    [
                        24.6258,
                        70.79925
                    ],
                    [
                        24.6257,
                        70.79946
                    ],
                    [
                        24.62555,
                        70.79967
                    ],
                    [
                        24.62527,
                        70.79998
                    ],
                    [
                        24.62482,
                        70.80029
                    ],
                    [
                        24.62463,
                        70.80038
                    ],
                    [
                        24.62443,
                        70.80052
                    ],
                    [
                        24.6242,
                        70.8007
                    ],
                    [
                        24.62393,
                        70.80089
                    ],
                    [
                        24.62368,
                        70.8011
                    ],
                    [
                        24.62342,
                        70.80128
                    ],
                    [
                        24.62315,
                        70.80152
                    ],
                    [
                        24.62298,
                        70.80173
                    ],
                    [
                        24.62282,
                        70.80228
                    ],
                    [
                        24.62283,
                        70.80273
                    ],
                    [
                        24.62299,
                        70.80306
                    ],
                    [
                        24.62327,
                        70.80346
                    ],
                    [
                        24.62369,
                        70.80381
                    ],
                    [
                        24.62469,
                        70.80445
                    ],
                    [
                        24.62493,
                        70.80464
                    ],
                    [
                        24.62523,
                        70.80495
                    ],
                    [
                        24.62538,
                        70.80516
                    ],
                    [
                        24.62587,
                        70.80624
                    ],
                    [
                        24.6261,
                        70.80649
                    ],
                    [
                        24.62624,
                        70.80663
                    ],
                    [
                        24.62665,
                        70.80695
                    ],
                    [
                        24.62695,
                        70.80713
                    ],
                    [
                        24.62703,
                        70.80717
                    ],
                    [
                        24.62724,
                        70.80728
                    ],
                    [
                        24.62734,
                        70.80734
                    ],
                    [
                        24.62758,
                        70.80748
                    ],
                    [
                        24.62811,
                        70.80782
                    ],
                    [
                        24.62821,
                        70.80793
                    ],
                    [
                        24.62841,
                        70.80812
                    ],
                    [
                        24.62854,
                        70.80835
                    ],
                    [
                        24.62855,
                        70.8084
                    ],
                    [
                        24.62855,
                        70.80846
                    ],
                    [
                        24.62853,
                        70.8087
                    ],
                    [
                        24.62848,
                        70.80879
                    ],
                    [
                        24.62846,
                        70.80883
                    ],
                    [
                        24.62823,
                        70.8091
                    ],
                    [
                        24.62798,
                        70.80929
                    ],
                    [
                        24.62757,
                        70.80947
                    ],
                    [
                        24.62688,
                        70.80972
                    ],
                    [
                        24.62613,
                        70.81
                    ],
                    [
                        24.6259,
                        70.81012
                    ],
                    [
                        24.62568,
                        70.81032
                    ],
                    [
                        24.62561,
                        70.81045
                    ],
                    [
                        24.62561,
                        70.81068
                    ],
                    [
                        24.62573,
                        70.8109
                    ],
                    [
                        24.62593,
                        70.8111
                    ],
                    [
                        24.62602,
                        70.81115
                    ],
                    [
                        24.62628,
                        70.81138
                    ],
                    [
                        24.62637,
                        70.81148
                    ],
                    [
                        24.62642,
                        70.81167
                    ],
                    [
                        24.6262,
                        70.81216
                    ],
                    [
                        24.62623,
                        70.81238
                    ],
                    [
                        24.62628,
                        70.81247
                    ],
                    [
                        24.62649,
                        70.81265
                    ],
                    [
                        24.62715,
                        70.81298
                    ],
                    [
                        24.62763,
                        70.81319
                    ],
                    [
                        24.62776,
                        70.81327
                    ],
                    [
                        24.62786,
                        70.81337
                    ],
                    [
                        24.62794,
                        70.81352
                    ],
                    [
                        24.62791,
                        70.81368
                    ],
                    [
                        24.62783,
                        70.81385
                    ],
                    [
                        24.62777,
                        70.81392
                    ],
                    [
                        24.62742,
                        70.81416
                    ],
                    [
                        24.62625,
                        70.81474
                    ],
                    [
                        24.62583,
                        70.815
                    ],
                    [
                        24.62559,
                        70.8152
                    ],
                    [
                        24.62533,
                        70.81555
                    ],
                    [
                        24.62525,
                        70.81574
                    ],
                    [
                        24.6252,
                        70.81608
                    ],
                    [
                        24.62532,
                        70.81643
                    ],
                    [
                        24.6255,
                        70.81663
                    ],
                    [
                        24.62582,
                        70.81682
                    ],
                    [
                        24.62634,
                        70.81702
                    ],
                    [
                        24.62667,
                        70.81717
                    ],
                    [
                        24.62701,
                        70.81735
                    ],
                    [
                        24.62731,
                        70.81757
                    ],
                    [
                        24.62751,
                        70.8178
                    ],
                    [
                        24.62753,
                        70.81787
                    ],
                    [
                        24.62756,
                        70.81795
                    ],
                    [
                        24.62756,
                        70.81811
                    ],
                    [
                        24.62731,
                        70.81843
                    ],
                    [
                        24.6264,
                        70.81913
                    ],
                    [
                        24.62626,
                        70.81931
                    ],
                    [
                        24.62614,
                        70.81959
                    ],
                    [
                        24.62611,
                        70.81988
                    ],
                    [
                        24.62599,
                        70.8203
                    ],
                    [
                        24.62574,
                        70.82064
                    ],
                    [
                        24.62489,
                        70.82132
                    ],
                    [
                        24.6248,
                        70.82137
                    ],
                    [
                        24.62436,
                        70.82174
                    ],
                    [
                        24.62363,
                        70.82232
                    ],
                    [
                        24.62339,
                        70.82247
                    ],
                    [
                        24.62318,
                        70.82264
                    ],
                    [
                        24.6224,
                        70.8232
                    ],
                    [
                        24.62176,
                        70.8237
                    ],
                    [
                        24.62146,
                        70.82398
                    ],
                    [
                        24.62131,
                        70.82411
                    ],
                    [
                        24.62111,
                        70.82434
                    ],
                    [
                        24.62105,
                        70.82451
                    ],
                    [
                        24.62103,
                        70.82461
                    ],
                    [
                        24.62105,
                        70.82465
                    ],
                    [
                        24.62107,
                        70.82471
                    ],
                    [
                        24.62126,
                        70.82494
                    ],
                    [
                        24.62145,
                        70.8251
                    ],
                    [
                        24.62175,
                        70.82526
                    ],
                    [
                        24.62191,
                        70.82532
                    ],
                    [
                        24.62267,
                        70.82555
                    ],
                    [
                        24.62424,
                        70.82579
                    ],
                    [
                        24.62464,
                        70.82584
                    ],
                    [
                        24.62603,
                        70.82601
                    ],
                    [
                        24.62633,
                        70.82606
                    ],
                    [
                        24.62666,
                        70.82608
                    ],
                    [
                        24.62843,
                        70.82635
                    ],
                    [
                        24.6291,
                        70.82647
                    ],
                    [
                        24.6296,
                        70.82657
                    ],
                    [
                        24.63076,
                        70.82687
                    ],
                    [
                        24.63135,
                        70.82705
                    ],
                    [
                        24.63151,
                        70.82711
                    ],
                    [
                        24.6321,
                        70.82734
                    ],
                    [
                        24.63297,
                        70.82777
                    ],
                    [
                        24.63309,
                        70.82783
                    ],
                    [
                        24.63428,
                        70.82856
                    ],
                    [
                        24.6349,
                        70.82895
                    ],
                    [
                        24.63512,
                        70.82908
                    ],
                    [
                        24.63549,
                        70.82925
                    ],
                    [
                        24.63582,
                        70.82935
                    ],
                    [
                        24.63652,
                        70.82952
                    ],
                    [
                        24.63714,
                        70.82962
                    ],
                    [
                        24.63818,
                        70.82971
                    ],
                    [
                        24.63912,
                        70.82973
                    ],
                    [
                        24.64009,
                        70.82971
                    ],
                    [
                        24.64135,
                        70.82964
                    ],
                    [
                        24.64202,
                        70.82962
                    ],
                    [
                        24.64263,
                        70.82964
                    ],
                    [
                        24.6431,
                        70.82969
                    ],
                    [
                        24.64374,
                        70.82979
                    ],
                    [
                        24.6445,
                        70.83
                    ],
                    [
                        24.64486,
                        70.83018
                    ],
                    [
                        24.6451,
                        70.83037
                    ],
                    [
                        24.64519,
                        70.83047
                    ],
                    [
                        24.64573,
                        70.83175
                    ],
                    [
                        24.64589,
                        70.83217
                    ],
                    [
                        24.64614,
                        70.8325
                    ],
                    [
                        24.64649,
                        70.8328
                    ],
                    [
                        24.64669,
                        70.83291
                    ],
                    [
                        24.64692,
                        70.833
                    ],
                    [
                        24.64792,
                        70.83346
                    ],
                    [
                        24.64829,
                        70.83367
                    ],
                    [
                        24.64893,
                        70.83414
                    ],
                    [
                        24.64944,
                        70.83446
                    ],
                    [
                        24.64995,
                        70.83468
                    ],
                    [
                        24.65061,
                        70.83494
                    ],
                    [
                        24.65149,
                        70.83516
                    ],
                    [
                        24.65175,
                        70.83521
                    ],
                    [
                        24.65233,
                        70.83535
                    ],
                    [
                        24.65286,
                        70.83547
                    ],
                    [
                        24.65332,
                        70.83559
                    ],
                    [
                        24.65343,
                        70.83562
                    ],
                    [
                        24.65431,
                        70.8358
                    ],
                    [
                        24.65507,
                        70.83598
                    ],
                    [
                        24.65599,
                        70.83616
                    ],
                    [
                        24.65688,
                        70.83626
                    ],
                    [
                        24.65727,
                        70.83629
                    ],
                    [
                        24.65769,
                        70.83631
                    ],
                    [
                        24.65854,
                        70.83632
                    ],
                    [
                        24.65892,
                        70.83631
                    ],
                    [
                        24.66011,
                        70.83617
                    ],
                    [
                        24.66089,
                        70.83605
                    ],
                    [
                        24.66179,
                        70.83592
                    ],
                    [
                        24.66212,
                        70.83588
                    ],
                    [
                        24.66305,
                        70.83578
                    ],
                    [
                        24.66368,
                        70.83573
                    ],
                    [
                        24.66451,
                        70.83569
                    ],
                    [
                        24.66544,
                        70.83566
                    ],
                    [
                        24.6661,
                        70.83566
                    ],
                    [
                        24.66673,
                        70.83569
                    ],
                    [
                        24.66802,
                        70.83578
                    ],
                    [
                        24.66895,
                        70.83587
                    ],
                    [
                        24.66947,
                        70.83593
                    ],
                    [
                        24.67016,
                        70.83606
                    ],
                    [
                        24.67153,
                        70.83636
                    ],
                    [
                        24.6724,
                        70.83662
                    ],
                    [
                        24.67278,
                        70.83676
                    ],
                    [
                        24.67303,
                        70.83687
                    ],
                    [
                        24.67327,
                        70.83696
                    ],
                    [
                        24.67357,
                        70.83711
                    ],
                    [
                        24.67399,
                        70.83735
                    ],
                    [
                        24.67403,
                        70.83739
                    ],
                    [
                        24.67452,
                        70.83772
                    ],
                    [
                        24.67529,
                        70.83838
                    ],
                    [
                        24.67555,
                        70.83861
                    ],
                    [
                        24.67655,
                        70.83931
                    ],
                    [
                        24.67669,
                        70.8394
                    ],
                    [
                        24.67721,
                        70.83977
                    ],
                    [
                        24.67734,
                        70.83983
                    ],
                    [
                        24.67788,
                        70.84014
                    ],
                    [
                        24.67812,
                        70.84031
                    ],
                    [
                        24.67819,
                        70.84034
                    ],
                    [
                        24.6787,
                        70.84065
                    ],
                    [
                        24.67887,
                        70.84072
                    ],
                    [
                        24.67958,
                        70.84114
                    ],
                    [
                        24.68073,
                        70.84171
                    ],
                    [
                        24.68103,
                        70.8419
                    ],
                    [
                        24.68165,
                        70.84222
                    ],
                    [
                        24.68321,
                        70.84331
                    ],
                    [
                        24.6844,
                        70.84404
                    ],
                    [
                        24.68465,
                        70.84417
                    ],
                    [
                        24.68479,
                        70.84422
                    ],
                    [
                        24.68565,
                        70.84462
                    ],
                    [
                        24.68676,
                        70.84506
                    ],
                    [
                        24.68725,
                        70.84527
                    ],
                    [
                        24.6876,
                        70.8454
                    ],
                    [
                        24.68768,
                        70.84542
                    ],
                    [
                        24.68787,
                        70.84549
                    ],
                    [
                        24.68833,
                        70.84569
                    ],
                    [
                        24.68922,
                        70.84621
                    ],
                    [
                        24.68959,
                        70.84654
                    ],
                    [
                        24.68995,
                        70.84714
                    ],
                    [
                        24.68999,
                        70.84725
                    ],
                    [
                        24.69006,
                        70.84784
                    ],
                    [
                        24.69005,
                        70.84795
                    ],
                    [
                        24.68984,
                        70.84847
                    ],
                    [
                        24.6897,
                        70.84865
                    ],
                    [
                        24.68953,
                        70.84905
                    ],
                    [
                        24.6894,
                        70.84949
                    ],
                    [
                        24.68913,
                        70.85124
                    ],
                    [
                        24.68907,
                        70.85177
                    ],
                    [
                        24.68911,
                        70.85185
                    ],
                    [
                        24.68922,
                        70.85196
                    ],
                    [
                        24.69005,
                        70.85244
                    ],
                    [
                        24.69026,
                        70.8526
                    ],
                    [
                        24.69046,
                        70.85283
                    ],
                    [
                        24.69065,
                        70.85317
                    ],
                    [
                        24.69076,
                        70.85388
                    ],
                    [
                        24.69076,
                        70.85429
                    ],
                    [
                        24.69078,
                        70.85476
                    ],
                    [
                        24.69066,
                        70.85541
                    ],
                    [
                        24.69034,
                        70.85602
                    ],
                    [
                        24.6901,
                        70.85632
                    ],
                    [
                        24.68952,
                        70.85682
                    ],
                    [
                        24.68935,
                        70.85704
                    ],
                    [
                        24.68903,
                        70.85754
                    ],
                    [
                        24.68895,
                        70.85798
                    ],
                    [
                        24.68873,
                        70.85825
                    ],
                    [
                        24.68817,
                        70.85861
                    ],
                    [
                        24.68794,
                        70.85872
                    ],
                    [
                        24.68786,
                        70.85879
                    ],
                    [
                        24.68778,
                        70.85887
                    ],
                    [
                        24.68778,
                        70.8591
                    ],
                    [
                        24.68783,
                        70.85917
                    ],
                    [
                        24.6879,
                        70.85925
                    ],
                    [
                        24.68815,
                        70.85938
                    ],
                    [
                        24.68822,
                        70.85939
                    ],
                    [
                        24.68838,
                        70.85946
                    ],
                    [
                        24.68885,
                        70.85957
                    ],
                    [
                        24.68926,
                        70.85962
                    ],
                    [
                        24.69005,
                        70.85962
                    ],
                    [
                        24.69039,
                        70.8596
                    ],
                    [
                        24.69065,
                        70.85955
                    ],
                    [
                        24.6912,
                        70.85942
                    ],
                    [
                        24.6916,
                        70.8593
                    ],
                    [
                        24.69167,
                        70.85926
                    ],
                    [
                        24.69215,
                        70.85911
                    ],
                    [
                        24.69232,
                        70.85906
                    ],
                    [
                        24.69346,
                        70.85879
                    ],
                    [
                        24.69405,
                        70.85868
                    ],
                    [
                        24.69412,
                        70.85867
                    ],
                    [
                        24.69432,
                        70.85863
                    ],
                    [
                        24.69451,
                        70.85861
                    ],
                    [
                        24.69457,
                        70.85861
                    ],
                    [
                        24.69517,
                        70.85857
                    ],
                    [
                        24.6955,
                        70.85856
                    ],
                    [
                        24.69592,
                        70.85858
                    ],
                    [
                        24.69597,
                        70.85858
                    ],
                    [
                        24.69626,
                        70.85861
                    ],
                    [
                        24.69647,
                        70.85862
                    ],
                    [
                        24.69686,
                        70.85863
                    ],
                    [
                        24.69721,
                        70.85862
                    ],
                    [
                        24.69727,
                        70.85862
                    ],
                    [
                        24.69742,
                        70.85861
                    ],
                    [
                        24.69819,
                        70.85851
                    ],
                    [
                        24.69839,
                        70.85848
                    ],
                    [
                        24.69865,
                        70.85841
                    ],
                    [
                        24.69925,
                        70.8583
                    ],
                    [
                        24.69974,
                        70.85823
                    ],
                    [
                        24.69994,
                        70.85822
                    ],
                    [
                        24.70027,
                        70.85822
                    ],
                    [
                        24.70044,
                        70.85823
                    ],
                    [
                        24.70056,
                        70.85826
                    ],
                    [
                        24.70066,
                        70.85829
                    ],
                    [
                        24.70086,
                        70.8584
                    ],
                    [
                        24.70089,
                        70.85845
                    ],
                    [
                        24.7009,
                        70.85848
                    ],
                    [
                        24.7009,
                        70.85852
                    ],
                    [
                        24.70081,
                        70.8586
                    ],
                    [
                        24.70064,
                        70.85869
                    ],
                    [
                        24.70051,
                        70.85875
                    ],
                    [
                        24.69986,
                        70.85902
                    ],
                    [
                        24.6993,
                        70.8593
                    ],
                    [
                        24.69856,
                        70.85984
                    ],
                    [
                        24.69833,
                        70.86002
                    ],
                    [
                        24.69766,
                        70.8604
                    ],
                    [
                        24.69746,
                        70.86054
                    ],
                    [
                        24.69738,
                        70.8606
                    ],
                    [
                        24.69727,
                        70.86069
                    ],
                    [
                        24.69721,
                        70.86073
                    ],
                    [
                        24.6971,
                        70.8608
                    ],
                    [
                        24.69684,
                        70.86108
                    ],
                    [
                        24.69653,
                        70.86147
                    ],
                    [
                        24.69626,
                        70.86171
                    ],
                    [
                        24.69601,
                        70.86181
                    ],
                    [
                        24.69591,
                        70.86185
                    ],
                    [
                        24.69558,
                        70.86196
                    ],
                    [
                        24.69514,
                        70.86206
                    ],
                    [
                        24.6947,
                        70.86211
                    ],
                    [
                        24.69409,
                        70.86217
                    ],
                    [
                        24.6927,
                        70.86224
                    ],
                    [
                        24.69213,
                        70.8623
                    ],
                    [
                        24.69168,
                        70.86239
                    ],
                    [
                        24.69158,
                        70.86243
                    ],
                    [
                        24.69139,
                        70.8625
                    ],
                    [
                        24.69123,
                        70.86255
                    ],
                    [
                        24.69105,
                        70.86263
                    ],
                    [
                        24.69092,
                        70.86269
                    ],
                    [
                        24.69047,
                        70.86284
                    ],
                    [
                        24.68981,
                        70.86302
                    ],
                    [
                        24.68962,
                        70.86304
                    ],
                    [
                        24.6894,
                        70.86306
                    ],
                    [
                        24.68857,
                        70.86315
                    ],
                    [
                        24.68844,
                        70.86318
                    ],
                    [
                        24.68743,
                        70.86333
                    ],
                    [
                        24.687,
                        70.86342
                    ],
                    [
                        24.68676,
                        70.86347
                    ],
                    [
                        24.68659,
                        70.86353
                    ],
                    [
                        24.68614,
                        70.86378
                    ],
                    [
                        24.68606,
                        70.86386
                    ],
                    [
                        24.68596,
                        70.86405
                    ],
                    [
                        24.68594,
                        70.86414
                    ],
                    [
                        24.68595,
                        70.86438
                    ],
                    [
                        24.68593,
                        70.86445
                    ],
                    [
                        24.68587,
                        70.86457
                    ],
                    [
                        24.68549,
                        70.86485
                    ],
                    [
                        24.68493,
                        70.86516
                    ],
                    [
                        24.6847,
                        70.86532
                    ],
                    [
                        24.68441,
                        70.86563
                    ],
                    [
                        24.68431,
                        70.86578
                    ],
                    [
                        24.68407,
                        70.8662
                    ],
                    [
                        24.68391,
                        70.8664
                    ],
                    [
                        24.68366,
                        70.86659
                    ],
                    [
                        24.68357,
                        70.86669
                    ],
                    [
                        24.68349,
                        70.8669
                    ],
                    [
                        24.6835,
                        70.86705
                    ],
                    [
                        24.68355,
                        70.86714
                    ],
                    [
                        24.68365,
                        70.86725
                    ],
                    [
                        24.68371,
                        70.86729
                    ],
                    [
                        24.68388,
                        70.86743
                    ],
                    [
                        24.68406,
                        70.86756
                    ],
                    [
                        24.68426,
                        70.86765
                    ],
                    [
                        24.68444,
                        70.86769
                    ],
                    [
                        24.68465,
                        70.86772
                    ],
                    [
                        24.68517,
                        70.86779
                    ],
                    [
                        24.68589,
                        70.86785
                    ],
                    [
                        24.68718,
                        70.86789
                    ],
                    [
                        24.68757,
                        70.86793
                    ],
                    [
                        24.68824,
                        70.86802
                    ],
                    [
                        24.68877,
                        70.86812
                    ],
                    [
                        24.68897,
                        70.86815
                    ],
                    [
                        24.68924,
                        70.86817
                    ],
                    [
                        24.6894,
                        70.8682
                    ],
                    [
                        24.68967,
                        70.86824
                    ],
                    [
                        24.69049,
                        70.86839
                    ],
                    [
                        24.69166,
                        70.86864
                    ],
                    [
                        24.69205,
                        70.8687
                    ],
                    [
                        24.69253,
                        70.86874
                    ],
                    [
                        24.69279,
                        70.86875
                    ],
                    [
                        24.69311,
                        70.86875
                    ],
                    [
                        24.69379,
                        70.86875
                    ],
                    [
                        24.69409,
                        70.86873
                    ],
                    [
                        24.69449,
                        70.86869
                    ],
                    [
                        24.69566,
                        70.86862
                    ],
                    [
                        24.69612,
                        70.86862
                    ],
                    [
                        24.69661,
                        70.86865
                    ],
                    [
                        24.69708,
                        70.86872
                    ],
                    [
                        24.69727,
                        70.86875
                    ],
                    [
                        24.69752,
                        70.86879
                    ],
                    [
                        24.69776,
                        70.86888
                    ],
                    [
                        24.69824,
                        70.86914
                    ],
                    [
                        24.69845,
                        70.86936
                    ],
                    [
                        24.69878,
                        70.86966
                    ],
                    [
                        24.69897,
                        70.86976
                    ],
                    [
                        24.69935,
                        70.86987
                    ],
                    [
                        24.70021,
                        70.87002
                    ],
                    [
                        24.70034,
                        70.87005
                    ],
                    [
                        24.70129,
                        70.8702
                    ],
                    [
                        24.70166,
                        70.87026
                    ],
                    [
                        24.7024,
                        70.87034
                    ],
                    [
                        24.7035,
                        70.87044
                    ],
                    [
                        24.70462,
                        70.87048
                    ],
                    [
                        24.70524,
                        70.87048
                    ],
                    [
                        24.70632,
                        70.8704
                    ],
                    [
                        24.70718,
                        70.8703
                    ],
                    [
                        24.70821,
                        70.87021
                    ],
                    [
                        24.70906,
                        70.87018
                    ],
                    [
                        24.70981,
                        70.87024
                    ],
                    [
                        24.71039,
                        70.87036
                    ],
                    [
                        24.71068,
                        70.87044
                    ],
                    [
                        24.71128,
                        70.87065
                    ],
                    [
                        24.71148,
                        70.8708
                    ],
                    [
                        24.71156,
                        70.8709
                    ],
                    [
                        24.71159,
                        70.87116
                    ],
                    [
                        24.71156,
                        70.87125
                    ],
                    [
                        24.71138,
                        70.87145
                    ],
                    [
                        24.71104,
                        70.87166
                    ],
                    [
                        24.7105,
                        70.8719
                    ],
                    [
                        24.71005,
                        70.87205
                    ],
                    [
                        24.70963,
                        70.87219
                    ],
                    [
                        24.70873,
                        70.87242
                    ],
                    [
                        24.70796,
                        70.87269
                    ],
                    [
                        24.7074,
                        70.87296
                    ],
                    [
                        24.70653,
                        70.8735
                    ],
                    [
                        24.70615,
                        70.8738
                    ],
                    [
                        24.70574,
                        70.87402
                    ],
                    [
                        24.70346,
                        70.87484
                    ],
                    [
                        24.70228,
                        70.87521
                    ],
                    [
                        24.70177,
                        70.87533
                    ],
                    [
                        24.70124,
                        70.87546
                    ],
                    [
                        24.70056,
                        70.87557
                    ],
                    [
                        24.69986,
                        70.87564
                    ],
                    [
                        24.69958,
                        70.87567
                    ],
                    [
                        24.69836,
                        70.87578
                    ],
                    [
                        24.69774,
                        70.87584
                    ],
                    [
                        24.69727,
                        70.87589
                    ],
                    [
                        24.69689,
                        70.87593
                    ],
                    [
                        24.69473,
                        70.87638
                    ],
                    [
                        24.69377,
                        70.87654
                    ],
                    [
                        24.69299,
                        70.8767
                    ],
                    [
                        24.69206,
                        70.87698
                    ],
                    [
                        24.69124,
                        70.87718
                    ],
                    [
                        24.69031,
                        70.87735
                    ],
                    [
                        24.68979,
                        70.87743
                    ],
                    [
                        24.68944,
                        70.87746
                    ],
                    [
                        24.68826,
                        70.87763
                    ],
                    [
                        24.68751,
                        70.87777
                    ],
                    [
                        24.68699,
                        70.8779
                    ],
                    [
                        24.68621,
                        70.87812
                    ],
                    [
                        24.68488,
                        70.87857
                    ],
                    [
                        24.68435,
                        70.87878
                    ],
                    [
                        24.68387,
                        70.87894
                    ],
                    [
                        24.6825,
                        70.8793
                    ],
                    [
                        24.68233,
                        70.87936
                    ],
                    [
                        24.68094,
                        70.87976
                    ],
                    [
                        24.68045,
                        70.87988
                    ],
                    [
                        24.67935,
                        70.88007
                    ],
                    [
                        24.67855,
                        70.88018
                    ],
                    [
                        24.67761,
                        70.88039
                    ],
                    [
                        24.67708,
                        70.88052
                    ],
                    [
                        24.67674,
                        70.88061
                    ],
                    [
                        24.67529,
                        70.88094
                    ],
                    [
                        24.67519,
                        70.88096
                    ],
                    [
                        24.67472,
                        70.88112
                    ],
                    [
                        24.67449,
                        70.88124
                    ],
                    [
                        24.67423,
                        70.88141
                    ],
                    [
                        24.67412,
                        70.88151
                    ],
                    [
                        24.67389,
                        70.88193
                    ],
                    [
                        24.67342,
                        70.88303
                    ],
                    [
                        24.67321,
                        70.88339
                    ],
                    [
                        24.67313,
                        70.88348
                    ],
                    [
                        24.67298,
                        70.88359
                    ],
                    [
                        24.67255,
                        70.88379
                    ],
                    [
                        24.67209,
                        70.88401
                    ],
                    [
                        24.67177,
                        70.88411
                    ],
                    [
                        24.67151,
                        70.88424
                    ],
                    [
                        24.67127,
                        70.88436
                    ],
                    [
                        24.67076,
                        70.88462
                    ],
                    [
                        24.67031,
                        70.8848
                    ],
                    [
                        24.66981,
                        70.88493
                    ],
                    [
                        24.6695,
                        70.885
                    ],
                    [
                        24.66878,
                        70.88511
                    ],
                    [
                        24.66791,
                        70.88523
                    ],
                    [
                        24.66692,
                        70.88544
                    ],
                    [
                        24.66566,
                        70.88572
                    ],
                    [
                        24.66464,
                        70.88599
                    ],
                    [
                        24.66453,
                        70.88603
                    ],
                    [
                        24.66326,
                        70.88643
                    ],
                    [
                        24.66304,
                        70.88648
                    ],
                    [
                        24.66163,
                        70.88673
                    ],
                    [
                        24.6611,
                        70.88679
                    ],
                    [
                        24.66054,
                        70.88685
                    ],
                    [
                        24.66031,
                        70.88688
                    ],
                    [
                        24.65852,
                        70.88704
                    ],
                    [
                        24.65741,
                        70.88719
                    ],
                    [
                        24.65633,
                        70.88737
                    ],
                    [
                        24.655,
                        70.88764
                    ],
                    [
                        24.65332,
                        70.88788
                    ],
                    [
                        24.65291,
                        70.88794
                    ],
                    [
                        24.65165,
                        70.88807
                    ],
                    [
                        24.64984,
                        70.88818
                    ],
                    [
                        24.64787,
                        70.88829
                    ],
                    [
                        24.64726,
                        70.88834
                    ],
                    [
                        24.64668,
                        70.8884
                    ],
                    [
                        24.64607,
                        70.88849
                    ],
                    [
                        24.64508,
                        70.8887
                    ],
                    [
                        24.64496,
                        70.88872
                    ],
                    [
                        24.64401,
                        70.8889
                    ],
                    [
                        24.64377,
                        70.88894
                    ],
                    [
                        24.64288,
                        70.88905
                    ],
                    [
                        24.64237,
                        70.88908
                    ],
                    [
                        24.63682,
                        70.88929
                    ],
                    [
                        24.63439,
                        70.88942
                    ],
                    [
                        24.63378,
                        70.88943
                    ],
                    [
                        24.632,
                        70.88946
                    ],
                    [
                        24.63143,
                        70.88946
                    ],
                    [
                        24.63135,
                        70.88946
                    ],
                    [
                        24.63074,
                        70.88947
                    ],
                    [
                        24.63035,
                        70.88948
                    ],
                    [
                        24.62918,
                        70.8896
                    ],
                    [
                        24.62667,
                        70.8899
                    ],
                    [
                        24.62602,
                        70.88997
                    ],
                    [
                        24.62476,
                        70.89006
                    ],
                    [
                        24.62406,
                        70.8901
                    ],
                    [
                        24.62292,
                        70.89019
                    ],
                    [
                        24.62237,
                        70.89027
                    ],
                    [
                        24.62186,
                        70.89036
                    ],
                    [
                        24.62085,
                        70.89058
                    ],
                    [
                        24.62066,
                        70.89062
                    ],
                    [
                        24.6182,
                        70.89118
                    ],
                    [
                        24.61728,
                        70.89136
                    ],
                    [
                        24.61542,
                        70.89161
                    ],
                    [
                        24.61296,
                        70.8918
                    ],
                    [
                        24.60985,
                        70.8922
                    ],
                    [
                        24.60938,
                        70.89225
                    ],
                    [
                        24.60864,
                        70.89233
                    ],
                    [
                        24.60791,
                        70.89239
                    ],
                    [
                        24.60732,
                        70.89242
                    ],
                    [
                        24.60559,
                        70.8926
                    ],
                    [
                        24.60464,
                        70.89274
                    ],
                    [
                        24.60409,
                        70.89284
                    ],
                    [
                        24.60373,
                        70.89292
                    ],
                    [
                        24.60317,
                        70.89303
                    ],
                    [
                        24.60228,
                        70.89322
                    ],
                    [
                        24.60165,
                        70.89337
                    ],
                    [
                        24.60089,
                        70.89351
                    ],
                    [
                        24.59939,
                        70.89375
                    ],
                    [
                        24.59877,
                        70.8938
                    ],
                    [
                        24.59793,
                        70.89388
                    ],
                    [
                        24.5967,
                        70.89398
                    ],
                    [
                        24.59502,
                        70.89422
                    ],
                    [
                        24.59223,
                        70.89474
                    ],
                    [
                        24.59087,
                        70.89502
                    ],
                    [
                        24.59065,
                        70.89507
                    ],
                    [
                        24.58953,
                        70.89529
                    ],
                    [
                        24.58856,
                        70.89546
                    ],
                    [
                        24.5874,
                        70.8957
                    ],
                    [
                        24.58725,
                        70.89573
                    ],
                    [
                        24.5859,
                        70.89594
                    ],
                    [
                        24.58542,
                        70.89603
                    ],
                    [
                        24.58438,
                        70.89621
                    ],
                    [
                        24.57638,
                        70.89731
                    ],
                    [
                        24.57368,
                        70.89761
                    ],
                    [
                        24.57346,
                        70.89762
                    ],
                    [
                        24.57288,
                        70.89767
                    ],
                    [
                        24.57166,
                        70.8978
                    ],
                    [
                        24.57105,
                        70.89784
                    ],
                    [
                        24.57042,
                        70.89787
                    ],
                    [
                        24.56889,
                        70.89798
                    ],
                    [
                        24.56824,
                        70.89801
                    ],
                    [
                        24.56738,
                        70.89806
                    ],
                    [
                        24.56548,
                        70.89818
                    ],
                    [
                        24.56543,
                        70.89819
                    ],
                    [
                        24.5642,
                        70.89832
                    ],
                    [
                        24.56166,
                        70.89865
                    ],
                    [
                        24.56138,
                        70.8987
                    ],
                    [
                        24.56032,
                        70.89887
                    ],
                    [
                        24.55992,
                        70.89894
                    ],
                    [
                        24.55905,
                        70.89915
                    ],
                    [
                        24.55874,
                        70.89924
                    ],
                    [
                        24.55837,
                        70.8994
                    ],
                    [
                        24.55825,
                        70.89946
                    ],
                    [
                        24.55806,
                        70.89955
                    ],
                    [
                        24.55709,
                        70.89995
                    ],
                    [
                        24.55701,
                        70.89999
                    ],
                    [
                        24.55663,
                        70.90012
                    ],
                    [
                        24.55571,
                        70.90038
                    ],
                    [
                        24.55483,
                        70.90058
                    ],
                    [
                        24.55406,
                        70.90075
                    ],
                    [
                        24.55369,
                        70.90085
                    ],
                    [
                        24.55349,
                        70.90093
                    ],
                    [
                        24.55337,
                        70.90098
                    ],
                    [
                        24.55303,
                        70.90118
                    ],
                    [
                        24.55292,
                        70.9013
                    ],
                    [
                        24.55291,
                        70.90137
                    ],
                    [
                        24.55293,
                        70.90147
                    ],
                    [
                        24.55308,
                        70.9017
                    ],
                    [
                        24.55327,
                        70.90186
                    ],
                    [
                        24.55355,
                        70.90204
                    ],
                    [
                        24.55395,
                        70.90226
                    ],
                    [
                        24.55455,
                        70.90255
                    ],
                    [
                        24.55516,
                        70.90281
                    ],
                    [
                        24.55592,
                        70.90308
                    ],
                    [
                        24.55603,
                        70.90313
                    ],
                    [
                        24.55671,
                        70.90331
                    ],
                    [
                        24.55731,
                        70.90346
                    ],
                    [
                        24.55891,
                        70.90383
                    ],
                    [
                        24.56024,
                        70.90411
                    ],
                    [
                        24.5617,
                        70.90454
                    ],
                    [
                        24.56203,
                        70.90466
                    ],
                    [
                        24.56222,
                        70.90472
                    ],
                    [
                        24.56316,
                        70.90508
                    ],
                    [
                        24.56329,
                        70.90513
                    ],
                    [
                        24.56351,
                        70.90522
                    ],
                    [
                        24.56403,
                        70.90545
                    ],
                    [
                        24.56465,
                        70.90564
                    ],
                    [
                        24.56505,
                        70.90576
                    ],
                    [
                        24.56518,
                        70.9058
                    ],
                    [
                        24.56543,
                        70.90585
                    ],
                    [
                        24.56667,
                        70.90613
                    ],
                    [
                        24.56736,
                        70.90625
                    ],
                    [
                        24.56779,
                        70.90631
                    ],
                    [
                        24.56834,
                        70.9064
                    ],
                    [
                        24.56945,
                        70.90655
                    ],
                    [
                        24.56999,
                        70.90658
                    ],
                    [
                        24.57035,
                        70.90663
                    ],
                    [
                        24.57111,
                        70.90672
                    ],
                    [
                        24.57298,
                        70.90691
                    ],
                    [
                        24.57379,
                        70.90697
                    ],
                    [
                        24.57523,
                        70.90711
                    ],
                    [
                        24.57654,
                        70.90727
                    ],
                    [
                        24.57982,
                        70.90756
                    ],
                    [
                        24.58165,
                        70.90777
                    ],
                    [
                        24.58266,
                        70.90786
                    ],
                    [
                        24.58486,
                        70.9081
                    ],
                    [
                        24.58552,
                        70.90817
                    ],
                    [
                        24.58584,
                        70.90823
                    ],
                    [
                        24.58655,
                        70.90837
                    ],
                    [
                        24.5874,
                        70.90862
                    ],
                    [
                        24.58773,
                        70.90872
                    ],
                    [
                        24.58842,
                        70.90897
                    ],
                    [
                        24.5887,
                        70.90908
                    ],
                    [
                        24.58926,
                        70.90939
                    ],
                    [
                        24.5896,
                        70.90962
                    ],
                    [
                        24.58966,
                        70.90966
                    ],
                    [
                        24.59005,
                        70.90998
                    ],
                    [
                        24.59033,
                        70.91019
                    ],
                    [
                        24.59085,
                        70.91052
                    ],
                    [
                        24.5914,
                        70.91079
                    ],
                    [
                        24.59174,
                        70.91092
                    ],
                    [
                        24.5931,
                        70.91134
                    ],
                    [
                        24.59327,
                        70.91139
                    ],
                    [
                        24.59357,
                        70.91145
                    ],
                    [
                        24.59437,
                        70.91158
                    ],
                    [
                        24.59501,
                        70.91167
                    ],
                    [
                        24.59514,
                        70.91168
                    ],
                    [
                        24.5959,
                        70.91176
                    ],
                    [
                        24.5976,
                        70.91186
                    ],
                    [
                        24.59892,
                        70.91191
                    ],
                    [
                        24.59966,
                        70.91198
                    ],
                    [
                        24.59993,
                        70.912
                    ],
                    [
                        24.60036,
                        70.91207
                    ],
                    [
                        24.60048,
                        70.91209
                    ],
                    [
                        24.60065,
                        70.91213
                    ],
                    [
                        24.60092,
                        70.91219
                    ],
                    [
                        24.60144,
                        70.91233
                    ],
                    [
                        24.60179,
                        70.91244
                    ],
                    [
                        24.60191,
                        70.91248
                    ],
                    [
                        24.60285,
                        70.91283
                    ],
                    [
                        24.60397,
                        70.91314
                    ],
                    [
                        24.60422,
                        70.9132
                    ],
                    [
                        24.60439,
                        70.91322
                    ],
                    [
                        24.60455,
                        70.91325
                    ],
                    [
                        24.6048,
                        70.91328
                    ],
                    [
                        24.60663,
                        70.91352
                    ],
                    [
                        24.60696,
                        70.9136
                    ],
                    [
                        24.60713,
                        70.91363
                    ],
                    [
                        24.6075,
                        70.9137
                    ],
                    [
                        24.6077,
                        70.91374
                    ],
                    [
                        24.60803,
                        70.91383
                    ],
                    [
                        24.60864,
                        70.91404
                    ],
                    [
                        24.60873,
                        70.91408
                    ],
                    [
                        24.60899,
                        70.91417
                    ],
                    [
                        24.60938,
                        70.9143
                    ],
                    [
                        24.60938,
                        70.9143
                    ],
                    [
                        24.60966,
                        70.91444
                    ],
                    [
                        24.60965,
                        70.91448
                    ],
                    [
                        24.60966,
                        70.91449
                    ],
                    [
                        24.60999,
                        70.91464
                    ],
                    [
                        24.60999,
                        70.91464
                    ],
                    [
                        24.61009,
                        70.91468
                    ],
                    [
                        24.61102,
                        70.9151
                    ],
                    [
                        24.6111,
                        70.91512
                    ],
                    [
                        24.61127,
                        70.91513
                    ],
                    [
                        24.61133,
                        70.91515
                    ],
                    [
                        24.61152,
                        70.91521
                    ],
                    [
                        24.6127,
                        70.91549
                    ],
                    [
                        24.61308,
                        70.91557
                    ],
                    [
                        24.61458,
                        70.91578
                    ],
                    [
                        24.61525,
                        70.91585
                    ],
                    [
                        24.61543,
                        70.91587
                    ],
                    [
                        24.61617,
                        70.91596
                    ],
                    [
                        24.61634,
                        70.91598
                    ],
                    [
                        24.61723,
                        70.91612
                    ],
                    [
                        24.61822,
                        70.91632
                    ],
                    [
                        24.61826,
                        70.91633
                    ],
                    [
                        24.6183,
                        70.91634
                    ],
                    [
                        24.61857,
                        70.91639
                    ],
                    [
                        24.61939,
                        70.9166
                    ],
                    [
                        24.6203,
                        70.91688
                    ],
                    [
                        24.62153,
                        70.91737
                    ],
                    [
                        24.62199,
                        70.91752
                    ],
                    [
                        24.62266,
                        70.91767
                    ],
                    [
                        24.62418,
                        70.91791
                    ],
                    [
                        24.62506,
                        70.918
                    ],
                    [
                        24.62568,
                        70.91802
                    ],
                    [
                        24.62606,
                        70.91804
                    ],
                    [
                        24.62666,
                        70.91804
                    ],
                    [
                        24.62709,
                        70.91807
                    ],
                    [
                        24.62721,
                        70.91808
                    ],
                    [
                        24.62782,
                        70.91813
                    ],
                    [
                        24.62915,
                        70.91828
                    ],
                    [
                        24.62971,
                        70.91837
                    ],
                    [
                        24.63029,
                        70.91849
                    ],
                    [
                        24.63135,
                        70.91875
                    ],
                    [
                        24.63185,
                        70.91888
                    ],
                    [
                        24.63299,
                        70.91911
                    ],
                    [
                        24.6336,
                        70.91921
                    ],
                    [
                        24.634,
                        70.9193
                    ],
                    [
                        24.63452,
                        70.91936
                    ],
                    [
                        24.635,
                        70.91943
                    ],
                    [
                        24.6352,
                        70.91949
                    ],
                    [
                        24.63529,
                        70.91951
                    ],
                    [
                        24.63563,
                        70.9197
                    ],
                    [
                        24.63567,
                        70.91974
                    ],
                    [
                        24.63569,
                        70.91978
                    ],
                    [
                        24.63569,
                        70.91981
                    ],
                    [
                        24.63567,
                        70.91992
                    ],
                    [
                        24.63565,
                        70.91995
                    ],
                    [
                        24.6356,
                        70.91998
                    ],
                    [
                        24.63538,
                        70.92012
                    ],
                    [
                        24.63535,
                        70.92013
                    ],
                    [
                        24.63531,
                        70.92015
                    ],
                    [
                        24.63511,
                        70.92019
                    ],
                    [
                        24.63481,
                        70.92024
                    ],
                    [
                        24.63429,
                        70.92028
                    ],
                    [
                        24.63399,
                        70.9203
                    ],
                    [
                        24.63265,
                        70.9203
                    ],
                    [
                        24.63168,
                        70.92037
                    ],
                    [
                        24.63135,
                        70.9204
                    ],
                    [
                        24.63027,
                        70.9205
                    ],
                    [
                        24.62981,
                        70.92054
                    ],
                    [
                        24.62878,
                        70.92055
                    ],
                    [
                        24.62766,
                        70.92048
                    ],
                    [
                        24.62682,
                        70.92046
                    ],
                    [
                        24.62649,
                        70.92048
                    ],
                    [
                        24.62597,
                        70.92055
                    ],
                    [
                        24.62575,
                        70.92059
                    ],
                    [
                        24.62542,
                        70.92072
                    ],
                    [
                        24.62533,
                        70.92076
                    ],
                    [
                        24.62512,
                        70.92089
                    ],
                    [
                        24.62502,
                        70.92099
                    ],
                    [
                        24.62499,
                        70.92116
                    ],
                    [
                        24.62501,
                        70.92124
                    ],
                    [
                        24.6252,
                        70.92146
                    ],
                    [
                        24.62586,
                        70.92205
                    ],
                    [
                        24.626,
                        70.92213
                    ],
                    [
                        24.62646,
                        70.92246
                    ],
                    [
                        24.62666,
                        70.9227
                    ],
                    [
                        24.62679,
                        70.92291
                    ],
                    [
                        24.62684,
                        70.92305
                    ],
                    [
                        24.6268,
                        70.92337
                    ],
                    [
                        24.62674,
                        70.92355
                    ],
                    [
                        24.62656,
                        70.92377
                    ],
                    [
                        24.62633,
                        70.92395
                    ],
                    [
                        24.62579,
                        70.92427
                    ],
                    [
                        24.62551,
                        70.9244
                    ],
                    [
                        24.62521,
                        70.9246
                    ],
                    [
                        24.62505,
                        70.92479
                    ],
                    [
                        24.62501,
                        70.92488
                    ],
                    [
                        24.62504,
                        70.92506
                    ],
                    [
                        24.62515,
                        70.92521
                    ],
                    [
                        24.62532,
                        70.92534
                    ],
                    [
                        24.62559,
                        70.92547
                    ],
                    [
                        24.62594,
                        70.92561
                    ],
                    [
                        24.62625,
                        70.9257
                    ],
                    [
                        24.62637,
                        70.92574
                    ],
                    [
                        24.62656,
                        70.92581
                    ],
                    [
                        24.6269,
                        70.92591
                    ],
                    [
                        24.62747,
                        70.92612
                    ],
                    [
                        24.62785,
                        70.92628
                    ],
                    [
                        24.62869,
                        70.92676
                    ],
                    [
                        24.62904,
                        70.92697
                    ],
                    [
                        24.62947,
                        70.92716
                    ],
                    [
                        24.62968,
                        70.92724
                    ],
                    [
                        24.63006,
                        70.92731
                    ],
                    [
                        24.63089,
                        70.92744
                    ],
                    [
                        24.63135,
                        70.92747
                    ],
                    [
                        24.63156,
                        70.92749
                    ],
                    [
                        24.63384,
                        70.92752
                    ],
                    [
                        24.63482,
                        70.92757
                    ],
                    [
                        24.63566,
                        70.92766
                    ],
                    [
                        24.63622,
                        70.92773
                    ],
                    [
                        24.63642,
                        70.92776
                    ],
                    [
                        24.63706,
                        70.92789
                    ],
                    [
                        24.63757,
                        70.92803
                    ],
                    [
                        24.63826,
                        70.92824
                    ],
                    [
                        24.63849,
                        70.92832
                    ],
                    [
                        24.64047,
                        70.92919
                    ],
                    [
                        24.64078,
                        70.92932
                    ],
                    [
                        24.64107,
                        70.92941
                    ],
                    [
                        24.64137,
                        70.92949
                    ],
                    [
                        24.64202,
                        70.92963
                    ],
                    [
                        24.64257,
                        70.92972
                    ],
                    [
                        24.64299,
                        70.92981
                    ],
                    [
                        24.64346,
                        70.92992
                    ],
                    [
                        24.64364,
                        70.92995
                    ],
                    [
                        24.64482,
                        70.93025
                    ],
                    [
                        24.64562,
                        70.93052
                    ],
                    [
                        24.6462,
                        70.93077
                    ],
                    [
                        24.64646,
                        70.93086
                    ],
                    [
                        24.647,
                        70.9311
                    ],
                    [
                        24.64741,
                        70.93125
                    ],
                    [
                        24.64842,
                        70.93155
                    ],
                    [
                        24.64915,
                        70.93173
                    ],
                    [
                        24.65024,
                        70.93192
                    ],
                    [
                        24.65076,
                        70.93201
                    ],
                    [
                        24.65093,
                        70.93204
                    ],
                    [
                        24.65128,
                        70.93209
                    ],
                    [
                        24.65238,
                        70.93226
                    ],
                    [
                        24.65261,
                        70.9323
                    ],
                    [
                        24.65305,
                        70.93236
                    ],
                    [
                        24.65332,
                        70.93244
                    ],
                    [
                        24.65402,
                        70.93262
                    ],
                    [
                        24.65467,
                        70.93283
                    ],
                    [
                        24.65488,
                        70.93291
                    ],
                    [
                        24.65528,
                        70.93306
                    ],
                    [
                        24.65585,
                        70.93329
                    ],
                    [
                        24.65607,
                        70.93339
                    ],
                    [
                        24.65624,
                        70.93347
                    ],
                    [
                        24.65668,
                        70.93362
                    ],
                    [
                        24.65713,
                        70.93378
                    ],
                    [
                        24.65783,
                        70.93394
                    ],
                    [
                        24.65834,
                        70.93402
                    ],
                    [
                        24.65904,
                        70.93411
                    ],
                    [
                        24.65986,
                        70.93422
                    ],
                    [
                        24.66049,
                        70.93424
                    ],
                    [
                        24.6616,
                        70.93433
                    ],
                    [
                        24.66183,
                        70.93434
                    ],
                    [
                        24.66253,
                        70.93438
                    ],
                    [
                        24.66311,
                        70.93445
                    ],
                    [
                        24.66355,
                        70.93449
                    ],
                    [
                        24.66359,
                        70.93449
                    ],
                    [
                        24.66466,
                        70.93463
                    ],
                    [
                        24.6648,
                        70.93465
                    ],
                    [
                        24.66497,
                        70.93469
                    ],
                    [
                        24.66593,
                        70.93481
                    ],
                    [
                        24.66681,
                        70.93495
                    ],
                    [
                        24.66804,
                        70.93508
                    ],
                    [
                        24.66989,
                        70.93521
                    ],
                    [
                        24.67108,
                        70.93532
                    ],
                    [
                        24.6716,
                        70.93543
                    ],
                    [
                        24.67236,
                        70.93563
                    ],
                    [
                        24.67273,
                        70.93579
                    ],
                    [
                        24.67304,
                        70.93595
                    ],
                    [
                        24.67336,
                        70.93622
                    ],
                    [
                        24.67347,
                        70.93644
                    ],
                    [
                        24.67346,
                        70.93668
                    ],
                    [
                        24.67323,
                        70.93704
                    ],
                    [
                        24.67309,
                        70.9372
                    ],
                    [
                        24.67268,
                        70.93759
                    ],
                    [
                        24.67252,
                        70.93783
                    ],
                    [
                        24.67234,
                        70.93839
                    ],
                    [
                        24.67223,
                        70.93854
                    ],
                    [
                        24.67189,
                        70.93882
                    ],
                    [
                        24.67131,
                        70.93915
                    ],
                    [
                        24.67037,
                        70.93947
                    ],
                    [
                        24.6699,
                        70.93959
                    ],
                    [
                        24.6683,
                        70.93991
                    ],
                    [
                        24.66762,
                        70.94007
                    ],
                    [
                        24.66716,
                        70.9402
                    ],
                    [
                        24.66694,
                        70.94031
                    ],
                    [
                        24.66666,
                        70.9405
                    ],
                    [
                        24.66644,
                        70.94071
                    ],
                    [
                        24.66637,
                        70.94083
                    ],
                    [
                        24.66638,
                        70.9411
                    ],
                    [
                        24.66644,
                        70.94122
                    ],
                    [
                        24.6676,
                        70.9424
                    ],
                    [
                        24.66801,
                        70.94304
                    ],
                    [
                        24.66823,
                        70.94325
                    ],
                    [
                        24.66878,
                        70.94367
                    ],
                    [
                        24.66901,
                        70.94381
                    ],
                    [
                        24.66946,
                        70.94403
                    ],
                    [
                        24.67032,
                        70.94436
                    ],
                    [
                        24.67104,
                        70.94457
                    ],
                    [
                        24.67125,
                        70.94462
                    ],
                    [
                        24.6715,
                        70.94468
                    ],
                    [
                        24.67208,
                        70.9448
                    ],
                    [
                        24.67422,
                        70.94517
                    ],
                    [
                        24.67478,
                        70.94529
                    ],
                    [
                        24.67529,
                        70.94542
                    ],
                    [
                        24.67564,
                        70.9455
                    ],
                    [
                        24.67578,
                        70.94557
                    ],
                    [
                        24.67594,
                        70.94562
                    ],
                    [
                        24.67619,
                        70.94577
                    ],
                    [
                        24.67657,
                        70.94606
                    ],
                    [
                        24.67668,
                        70.94622
                    ],
                    [
                        24.67674,
                        70.94653
                    ],
                    [
                        24.67673,
                        70.94674
                    ],
                    [
                        24.67666,
                        70.94698
                    ],
                    [
                        24.67649,
                        70.94728
                    ],
                    [
                        24.67635,
                        70.94746
                    ],
                    [
                        24.67601,
                        70.94779
                    ],
                    [
                        24.67562,
                        70.94804
                    ],
                    [
                        24.67529,
                        70.94825
                    ],
                    [
                        24.67514,
                        70.94834
                    ],
                    [
                        24.67383,
                        70.94922
                    ],
                    [
                        24.67361,
                        70.9494
                    ],
                    [
                        24.67314,
                        70.94971
                    ],
                    [
                        24.67279,
                        70.94994
                    ],
                    [
                        24.67271,
                        70.95001
                    ],
                    [
                        24.67263,
                        70.95012
                    ],
                    [
                        24.67256,
                        70.9503
                    ],
                    [
                        24.67255,
                        70.95062
                    ],
                    [
                        24.67255,
                        70.95066
                    ],
                    [
                        24.67279,
                        70.95099
                    ],
                    [
                        24.67297,
                        70.95113
                    ],
                    [
                        24.67313,
                        70.95121
                    ],
                    [
                        24.67355,
                        70.95141
                    ],
                    [
                        24.67426,
                        70.95166
                    ],
                    [
                        24.67529,
                        70.95193
                    ],
                    [
                        24.6757,
                        70.95204
                    ],
                    [
                        24.67595,
                        70.95211
                    ],
                    [
                        24.67621,
                        70.95223
                    ],
                    [
                        24.6763,
                        70.95228
                    ],
                    [
                        24.67654,
                        70.95246
                    ],
                    [
                        24.67662,
                        70.95259
                    ],
                    [
                        24.67664,
                        70.95285
                    ],
                    [
                        24.67664,
                        70.95292
                    ],
                    [
                        24.67659,
                        70.95305
                    ],
                    [
                        24.67639,
                        70.95323
                    ],
                    [
                        24.67611,
                        70.95345
                    ],
                    [
                        24.67578,
                        70.95363
                    ],
                    [
                        24.67529,
                        70.95385
                    ],
                    [
                        24.67518,
                        70.9539
                    ],
                    [
                        24.67504,
                        70.95399
                    ],
                    [
                        24.6742,
                        70.95432
                    ],
                    [
                        24.67341,
                        70.95455
                    ],
                    [
                        24.67266,
                        70.95473
                    ],
                    [
                        24.67241,
                        70.95478
                    ],
                    [
                        24.66936,
                        70.95531
                    ],
                    [
                        24.66882,
                        70.95541
                    ],
                    [
                        24.66831,
                        70.95553
                    ],
                    [
                        24.66721,
                        70.95574
                    ],
                    [
                        24.66617,
                        70.95599
                    ],
                    [
                        24.66556,
                        70.95618
                    ],
                    [
                        24.66492,
                        70.95643
                    ],
                    [
                        24.66449,
                        70.95663
                    ],
                    [
                        24.66397,
                        70.95701
                    ],
                    [
                        24.66373,
                        70.95728
                    ],
                    [
                        24.66357,
                        70.95757
                    ],
                    [
                        24.66341,
                        70.95819
                    ],
                    [
                        24.6634,
                        70.9586
                    ],
                    [
                        24.66343,
                        70.95881
                    ],
                    [
                        24.66365,
                        70.95923
                    ],
                    [
                        24.66379,
                        70.95941
                    ],
                    [
                        24.66406,
                        70.95971
                    ],
                    [
                        24.66518,
                        70.96062
                    ],
                    [
                        24.66532,
                        70.96071
                    ],
                    [
                        24.66559,
                        70.961
                    ],
                    [
                        24.66579,
                        70.96129
                    ],
                    [
                        24.66589,
                        70.96181
                    ],
                    [
                        24.66591,
                        70.96213
                    ],
                    [
                        24.66605,
                        70.96258
                    ],
                    [
                        24.66622,
                        70.96293
                    ],
                    [
                        24.66682,
                        70.96386
                    ],
                    [
                        24.66751,
                        70.96464
                    ],
                    [
                        24.66775,
                        70.96489
                    ],
                    [
                        24.6679,
                        70.9651
                    ],
                    [
                        24.66868,
                        70.96588
                    ],
                    [
                        24.66933,
                        70.96648
                    ],
                    [
                        24.67005,
                        70.96728
                    ],
                    [
                        24.67016,
                        70.96738
                    ],
                    [
                        24.67067,
                        70.96778
                    ],
                    [
                        24.67108,
                        70.96805
                    ],
                    [
                        24.67188,
                        70.96849
                    ],
                    [
                        24.67215,
                        70.96867
                    ],
                    [
                        24.67238,
                        70.96892
                    ],
                    [
                        24.67247,
                        70.96913
                    ],
                    [
                        24.67247,
                        70.96934
                    ],
                    [
                        24.67242,
                        70.96943
                    ],
                    [
                        24.6722,
                        70.96966
                    ],
                    [
                        24.67198,
                        70.96978
                    ],
                    [
                        24.67183,
                        70.96984
                    ],
                    [
                        24.67131,
                        70.97005
                    ],
                    [
                        24.67108,
                        70.97011
                    ],
                    [
                        24.67046,
                        70.97028
                    ],
                    [
                        24.67018,
                        70.97038
                    ],
                    [
                        24.6699,
                        70.97046
                    ],
                    [
                        24.6696,
                        70.97056
                    ],
                    [
                        24.66914,
                        70.97081
                    ],
                    [
                        24.66883,
                        70.97107
                    ],
                    [
                        24.66868,
                        70.97123
                    ],
                    [
                        24.6686,
                        70.97145
                    ],
                    [
                        24.66858,
                        70.97167
                    ],
                    [
                        24.66858,
                        70.97168
                    ],
                    [
                        24.66861,
                        70.97187
                    ],
                    [
                        24.66881,
                        70.97217
                    ],
                    [
                        24.66901,
                        70.97237
                    ],
                    [
                        24.66919,
                        70.97248
                    ],
                    [
                        24.66962,
                        70.9727
                    ],
                    [
                        24.67036,
                        70.9732
                    ],
                    [
                        24.67133,
                        70.97382
                    ],
                    [
                        24.67195,
                        70.97422
                    ],
                    [
                        24.67246,
                        70.97458
                    ],
                    [
                        24.67294,
                        70.97508
                    ],
                    [
                        24.67439,
                        70.97607
                    ],
                    [
                        24.67523,
                        70.97658
                    ],
                    [
                        24.67529,
                        70.9766
                    ],
                    [
                        24.67589,
                        70.97694
                    ],
                    [
                        24.6775,
                        70.97794
                    ],
                    [
                        24.67806,
                        70.97826
                    ],
                    [
                        24.67935,
                        70.97902
                    ],
                    [
                        24.6798,
                        70.97932
                    ],
                    [
                        24.67998,
                        70.97942
                    ],
                    [
                        24.68016,
                        70.97957
                    ],
                    [
                        24.68062,
                        70.98004
                    ],
                    [
                        24.68093,
                        70.98044
                    ],
                    [
                        24.68112,
                        70.98081
                    ],
                    [
                        24.6812,
                        70.98163
                    ],
                    [
                        24.68115,
                        70.98219
                    ],
                    [
                        24.68103,
                        70.9826
                    ],
                    [
                        24.68098,
                        70.98267
                    ],
                    [
                        24.68079,
                        70.98287
                    ],
                    [
                        24.68024,
                        70.98332
                    ],
                    [
                        24.68007,
                        70.98341
                    ],
                    [
                        24.67959,
                        70.98363
                    ],
                    [
                        24.67929,
                        70.98374
                    ],
                    [
                        24.67829,
                        70.98403
                    ],
                    [
                        24.67737,
                        70.98426
                    ],
                    [
                        24.67656,
                        70.98439
                    ],
                    [
                        24.67619,
                        70.98446
                    ],
                    [
                        24.67593,
                        70.98448
                    ],
                    [
                        24.67529,
                        70.98453
                    ],
                    [
                        24.6739,
                        70.98462
                    ],
                    [
                        24.67321,
                        70.9847
                    ],
                    [
                        24.67285,
                        70.98477
                    ],
                    [
                        24.67241,
                        70.98488
                    ],
                    [
                        24.67195,
                        70.9851
                    ],
                    [
                        24.67188,
                        70.98515
                    ],
                    [
                        24.67175,
                        70.98533
                    ],
                    [
                        24.67174,
                        70.98536
                    ],
                    [
                        24.6717,
                        70.98551
                    ],
                    [
                        24.67176,
                        70.98572
                    ],
                    [
                        24.67207,
                        70.98596
                    ],
                    [
                        24.67236,
                        70.98613
                    ],
                    [
                        24.67291,
                        70.98636
                    ],
                    [
                        24.67314,
                        70.98645
                    ],
                    [
                        24.67375,
                        70.98672
                    ],
                    [
                        24.67412,
                        70.98693
                    ],
                    [
                        24.67446,
                        70.9872
                    ],
                    [
                        24.6745,
                        70.98724
                    ],
                    [
                        24.67458,
                        70.98739
                    ],
                    [
                        24.67485,
                        70.98815
                    ],
                    [
                        24.67499,
                        70.98837
                    ],
                    [
                        24.67529,
                        70.98863
                    ],
                    [
                        24.67532,
                        70.98865
                    ],
                    [
                        24.67598,
                        70.98911
                    ],
                    [
                        24.67647,
                        70.98945
                    ],
                    [
                        24.67708,
                        70.98992
                    ],
                    [
                        24.67736,
                        70.99021
                    ],
                    [
                        24.67745,
                        70.9905
                    ],
                    [
                        24.67746,
                        70.99059
                    ],
                    [
                        24.67745,
                        70.99079
                    ],
                    [
                        24.67741,
                        70.99087
                    ],
                    [
                        24.67722,
                        70.9912
                    ],
                    [
                        24.67695,
                        70.99145
                    ],
                    [
                        24.67637,
                        70.99173
                    ],
                    [
                        24.67573,
                        70.99195
                    ],
                    [
                        24.67529,
                        70.99208
                    ],
                    [
                        24.6752,
                        70.99211
                    ],
                    [
                        24.67488,
                        70.99217
                    ],
                    [
                        24.67376,
                        70.99235
                    ],
                    [
                        24.67301,
                        70.9924
                    ],
                    [
                        24.67166,
                        70.99242
                    ],
                    [
                        24.6709,
                        70.9924
                    ],
                    [
                        24.67039,
                        70.99236
                    ],
                    [
                        24.67011,
                        70.99235
                    ],
                    [
                        24.6697,
                        70.99232
                    ],
                    [
                        24.66876,
                        70.9923
                    ],
                    [
                        24.66828,
                        70.99227
                    ],
                    [
                        24.66672,
                        70.99229
                    ],
                    [
                        24.66321,
                        70.9925
                    ],
                    [
                        24.66305,
                        70.99252
                    ],
                    [
                        24.6618,
                        70.9926
                    ],
                    [
                        24.66081,
                        70.99263
                    ],
                    [
                        24.6593,
                        70.99267
                    ],
                    [
                        24.65866,
                        70.99267
                    ],
                    [
                        24.6581,
                        70.99266
                    ],
                    [
                        24.65696,
                        70.99262
                    ],
                    [
                        24.65592,
                        70.99262
                    ],
                    [
                        24.65332,
                        70.99266
                    ],
                    [
                        24.65299,
                        70.99267
                    ],
                    [
                        24.65233,
                        70.99269
                    ],
                    [
                        24.64852,
                        70.99272
                    ],
                    [
                        24.64833,
                        70.99274
                    ],
                    [
                        24.64817,
                        70.99276
                    ],
                    [
                        24.64798,
                        70.9928
                    ],
                    [
                        24.64755,
                        70.99308
                    ],
                    [
                        24.64736,
                        70.99327
                    ],
                    [
                        24.64731,
                        70.99357
                    ],
                    [
                        24.6473,
                        70.99365
                    ],
                    [
                        24.64727,
                        70.99381
                    ],
                    [
                        24.64725,
                        70.99396
                    ],
                    [
                        24.64728,
                        70.99415
                    ],
                    [
                        24.64746,
                        70.99441
                    ],
                    [
                        24.648,
                        70.99489
                    ],
                    [
                        24.64819,
                        70.995
                    ],
                    [
                        24.64834,
                        70.99509
                    ],
                    [
                        24.6486,
                        70.99523
                    ],
                    [
                        24.6488,
                        70.99531
                    ],
                    [
                        24.64929,
                        70.99552
                    ],
                    [
                        24.64939,
                        70.99554
                    ],
                    [
                        24.64979,
                        70.9956
                    ],
                    [
                        24.65001,
                        70.99561
                    ],
                    [
                        24.6503,
                        70.99561
                    ],
                    [
                        24.65072,
                        70.99556
                    ],
                    [
                        24.65168,
                        70.99544
                    ],
                    [
                        24.6523,
                        70.99539
                    ],
                    [
                        24.65299,
                        70.99534
                    ],
                    [
                        24.65332,
                        70.99533
                    ],
                    [
                        24.65344,
                        70.99532
                    ],
                    [
                        24.65445,
                        70.99531
                    ],
                    [
                        24.65519,
                        70.99535
                    ],
                    [
                        24.65635,
                        70.99545
                    ],
                    [
                        24.65659,
                        70.99548
                    ],
                    [
                        24.65675,
                        70.9955
                    ],
                    [
                        24.65764,
                        70.99565
                    ],
                    [
                        24.65839,
                        70.99576
                    ],
                    [
                        24.65941,
                        70.99597
                    ],
                    [
                        24.66052,
                        70.99614
                    ],
                    [
                        24.65985,
                        70.99639
                    ],
                    [
                        24.65963,
                        70.99646
                    ],
                    [
                        24.65937,
                        70.99655
                    ],
                    [
                        24.65923,
                        70.99659
                    ],
                    [
                        24.65904,
                        70.99665
                    ],
                    [
                        24.65878,
                        70.99661
                    ],
                    [
                        24.6583,
                        70.99653
                    ],
                    [
                        24.65754,
                        70.99638
                    ],
                    [
                        24.65746,
                        70.99636
                    ],
                    [
                        24.65723,
                        70.99632
                    ],
                    [
                        24.65723,
                        70.99632
                    ],
                    [
                        24.65706,
                        70.99629
                    ],
                    [
                        24.65684,
                        70.99628
                    ],
                    [
                        24.65652,
                        70.99629
                    ],
                    [
                        24.65629,
                        70.99633
                    ],
                    [
                        24.65623,
                        70.99636
                    ],
                    [
                        24.65609,
                        70.99646
                    ],
                    [
                        24.65601,
                        70.99654
                    ],
                    [
                        24.656,
                        70.99657
                    ],
                    [
                        24.65604,
                        70.99673
                    ],
                    [
                        24.65608,
                        70.99678
                    ],
                    [
                        24.65649,
                        70.99702
                    ],
                    [
                        24.65672,
                        70.99713
                    ],
                    [
                        24.65678,
                        70.99715
                    ],
                    [
                        24.65728,
                        70.99705
                    ],
                    [
                        24.65814,
                        70.99687
                    ],
                    [
                        24.65889,
                        70.9967
                    ],
                    [
                        24.65904,
                        70.99665
                    ],
                    [
                        24.65923,
                        70.99659
                    ],
                    [
                        24.65937,
                        70.99655
                    ],
                    [
                        24.65963,
                        70.99646
                    ],
                    [
                        24.65985,
                        70.99639
                    ],
                    [
                        24.66052,
                        70.99614
                    ],
                    [
                        24.65941,
                        70.99597
                    ],
                    [
                        24.65839,
                        70.99576
                    ],
                    [
                        24.65764,
                        70.99565
                    ],
                    [
                        24.65675,
                        70.9955
                    ],
                    [
                        24.65659,
                        70.99548
                    ],
                    [
                        24.65635,
                        70.99545
                    ],
                    [
                        24.65519,
                        70.99535
                    ],
                    [
                        24.65445,
                        70.99531
                    ],
                    [
                        24.65344,
                        70.99532
                    ],
                    [
                        24.65332,
                        70.99533
                    ],
                    [
                        24.65299,
                        70.99534
                    ],
                    [
                        24.6523,
                        70.99539
                    ],
                    [
                        24.65168,
                        70.99544
                    ],
                    [
                        24.65072,
                        70.99556
                    ],
                    [
                        24.6503,
                        70.99561
                    ],
                    [
                        24.65001,
                        70.99561
                    ],
                    [
                        24.64979,
                        70.9956
                    ],
                    [
                        24.64939,
                        70.99554
                    ],
                    [
                        24.64929,
                        70.99552
                    ],
                    [
                        24.6488,
                        70.99531
                    ],
                    [
                        24.6486,
                        70.99523
                    ],
                    [
                        24.64834,
                        70.99509
                    ],
                    [
                        24.64819,
                        70.995
                    ],
                    [
                        24.648,
                        70.99489
                    ],
                    [
                        24.64746,
                        70.99441
                    ],
                    [
                        24.64728,
                        70.99415
                    ],
                    [
                        24.64725,
                        70.99396
                    ],
                    [
                        24.64727,
                        70.99381
                    ],
                    [
                        24.6473,
                        70.99365
                    ],
                    [
                        24.64731,
                        70.99357
                    ],
                    [
                        24.64736,
                        70.99327
                    ],
                    [
                        24.64755,
                        70.99308
                    ],
                    [
                        24.64798,
                        70.9928
                    ],
                    [
                        24.64817,
                        70.99276
                    ],
                    [
                        24.64833,
                        70.99274
                    ],
                    [
                        24.64852,
                        70.99272
                    ],
                    [
                        24.65233,
                        70.99269
                    ],
                    [
                        24.65299,
                        70.99267
                    ],
                    [
                        24.65332,
                        70.99266
                    ],
                    [
                        24.65592,
                        70.99262
                    ],
                    [
                        24.65696,
                        70.99262
                    ],
                    [
                        24.6581,
                        70.99266
                    ],
                    [
                        24.65808,
                        70.99267
                    ],
                    [
                        24.65786,
                        70.99272
                    ],
                    [
                        24.65729,
                        70.9928
                    ],
                    [
                        24.6543,
                        70.99296
                    ],
                    [
                        24.65332,
                        70.99301
                    ],
                    [
                        24.65066,
                        70.99315
                    ]
                ]
            }
        },
        {
            "type": "Feature",
            "properties": {
                "_gpxType": "rte",
                "name": "Nasjonal Turistveg Havøysund",
                "type": "TT_HARD"
            },
            "geometry": {
                "type": "LineString",
                "coordinates": [
                    [
                        24.72382,
                        70.61006
                    ],
                    [
                        24.72019,
                        70.61221
                    ],
                    [
                        24.67411,
                        70.69444
                    ],
                    [
                        24.60683,
                        70.78758
                    ],
                    [
                        24.60999,
                        70.91464
                    ],
                    [
                        24.65723,
                        70.99632
                    ],
                    [
                        24.65066,
                        70.99315
                    ]
                ]
            }
        }
    ]
}