{
    "type": "FeatureCollection",
    "features": [
        {
            "type": "Feature",
            "properties": {
                "_gpxType": "trk",
                "name": "Nasjonal turistveg Varanger",
                "closures": "N/A",
                "coordinateProperties": {}
            },
            "geometry": {
                "type": "LineString",
                "coordinates": [
                    [
                        28.55609,
                        70.17281
                    ],
                    [
                        28.55625,
                        70.17282
                    ],
                    [
                        28.5563,
                        70.17282
                    ],
                    [
                        28.55653,
                        70.17285
                    ],
                    [
                        28.55728,
                        70.17303
                    ],
                    [
                        28.55769,
                        70.17309
                    ],
                    [
                        28.55971,
                        70.17328
                    ],
                    [
                        28.56022,
                        70.17334
                    ],
                    [
                        28.56049,
                        70.17337
                    ],
                    [
                        28.56056,
                        70.17337
                    ],
                    [
                        28.56061,
                        70.17339
                    ],
                    [
                        28.56176,
                        70.1735
                    ],
                    [
                        28.56261,
                        70.17357
                    ],
                    [
                        28.56316,
                        70.17362
                    ],
                    [
                        28.56436,
                        70.1737
                    ],
                    [
                        28.56445,
                        70.17371
                    ],
                    [
                        28.56499,
                        70.17376
                    ],
                    [
                        28.56541,
                        70.17379
                    ],
                    [
                        28.56678,
                        70.17389
                    ],
                    [
                        28.56687,
                        70.1739
                    ],
                    [
                        28.56713,
                        70.17391
                    ],
                    [
                        28.56895,
                        70.17406
                    ],
                    [
                        28.56964,
                        70.17412
                    ],
                    [
                        28.56969,
                        70.17413
                    ],
                    [
                        28.57026,
                        70.17417
                    ],
                    [
                        28.57121,
                        70.17426
                    ],
                    [
                        28.57147,
                        70.17427
                    ],
                    [
                        28.57197,
                        70.17433
                    ],
                    [
                        28.57211,
                        70.17433
                    ],
                    [
                        28.57238,
                        70.17435
                    ],
                    [
                        28.57509,
                        70.17443
                    ],
                    [
                        28.57638,
                        70.17447
                    ],
                    [
                        28.57679,
                        70.17449
                    ],
                    [
                        28.57694,
                        70.17449
                    ],
                    [
                        28.57842,
                        70.17457
                    ],
                    [
                        28.58177,
                        70.17478
                    ],
                    [
                        28.5829,
                        70.17486
                    ],
                    [
                        28.58369,
                        70.17494
                    ],
                    [
                        28.58535,
                        70.17522
                    ],
                    [
                        28.58643,
                        70.17542
                    ],
                    [
                        28.58706,
                        70.17554
                    ],
                    [
                        28.59107,
                        70.17605
                    ],
                    [
                        28.59204,
                        70.17616
                    ],
                    [
                        28.59533,
                        70.17655
                    ],
                    [
                        28.59658,
                        70.1767
                    ],
                    [
                        28.59786,
                        70.1768
                    ],
                    [
                        28.59946,
                        70.17688
                    ],
                    [
                        28.59986,
                        70.1769
                    ],
                    [
                        28.60121,
                        70.17695
                    ],
                    [
                        28.6017,
                        70.177
                    ],
                    [
                        28.60264,
                        70.17704
                    ],
                    [
                        28.60293,
                        70.17708
                    ],
                    [
                        28.60313,
                        70.17708
                    ],
                    [
                        28.60493,
                        70.17718
                    ],
                    [
                        28.60606,
                        70.17725
                    ],
                    [
                        28.60654,
                        70.17726
                    ],
                    [
                        28.60706,
                        70.17729
                    ],
                    [
                        28.60823,
                        70.17737
                    ],
                    [
                        28.6084,
                        70.17737
                    ],
                    [
                        28.60843,
                        70.17737
                    ],
                    [
                        28.60886,
                        70.1774
                    ],
                    [
                        28.611,
                        70.17752
                    ],
                    [
                        28.61143,
                        70.17755
                    ],
                    [
                        28.61161,
                        70.17757
                    ],
                    [
                        28.61186,
                        70.17758
                    ],
                    [
                        28.612,
                        70.17758
                    ],
                    [
                        28.61229,
                        70.17761
                    ],
                    [
                        28.61289,
                        70.17769
                    ],
                    [
                        28.61472,
                        70.178
                    ],
                    [
                        28.61613,
                        70.17823
                    ],
                    [
                        28.61708,
                        70.17834
                    ],
                    [
                        28.61744,
                        70.17837
                    ],
                    [
                        28.61768,
                        70.17838
                    ],
                    [
                        28.62245,
                        70.17861
                    ],
                    [
                        28.62685,
                        70.17882
                    ],
                    [
                        28.62692,
                        70.17882
                    ],
                    [
                        28.62732,
                        70.17883
                    ],
                    [
                        28.62763,
                        70.17883
                    ],
                    [
                        28.62855,
                        70.17887
                    ],
                    [
                        28.62899,
                        70.17887
                    ],
                    [
                        28.63037,
                        70.17885
                    ],
                    [
                        28.6306,
                        70.17885
                    ],
                    [
                        28.63137,
                        70.17882
                    ],
                    [
                        28.63248,
                        70.17878
                    ],
                    [
                        28.63586,
                        70.17865
                    ],
                    [
                        28.63667,
                        70.17865
                    ],
                    [
                        28.63773,
                        70.1787
                    ],
                    [
                        28.64238,
                        70.17914
                    ],
                    [
                        28.64317,
                        70.17919
                    ],
                    [
                        28.64888,
                        70.17958
                    ],
                    [
                        28.64897,
                        70.17959
                    ],
                    [
                        28.6501,
                        70.1797
                    ],
                    [
                        28.65193,
                        70.17993
                    ],
                    [
                        28.65234,
                        70.17997
                    ],
                    [
                        28.65332,
                        70.18008
                    ],
                    [
                        28.65411,
                        70.18013
                    ],
                    [
                        28.65499,
                        70.18013
                    ],
                    [
                        28.65691,
                        70.18011
                    ],
                    [
                        28.66014,
                        70.18003
                    ],
                    [
                        28.66176,
                        70.17995
                    ],
                    [
                        28.66215,
                        70.17992
                    ],
                    [
                        28.66249,
                        70.17989
                    ],
                    [
                        28.66422,
                        70.17975
                    ],
                    [
                        28.66453,
                        70.17972
                    ],
                    [
                        28.665,
                        70.17968
                    ],
                    [
                        28.66741,
                        70.17946
                    ],
                    [
                        28.66834,
                        70.17935
                    ],
                    [
                        28.66919,
                        70.17922
                    ],
                    [
                        28.66995,
                        70.17905
                    ],
                    [
                        28.67094,
                        70.17874
                    ],
                    [
                        28.67125,
                        70.17861
                    ],
                    [
                        28.67189,
                        70.17838
                    ],
                    [
                        28.67218,
                        70.17827
                    ],
                    [
                        28.67283,
                        70.17802
                    ],
                    [
                        28.67399,
                        70.17764
                    ],
                    [
                        28.67432,
                        70.17756
                    ],
                    [
                        28.67518,
                        70.17733
                    ],
                    [
                        28.67598,
                        70.17716
                    ],
                    [
                        28.67739,
                        70.17691
                    ],
                    [
                        28.67751,
                        70.17688
                    ],
                    [
                        28.67788,
                        70.17682
                    ],
                    [
                        28.67836,
                        70.17672
                    ],
                    [
                        28.67879,
                        70.17664
                    ],
                    [
                        28.67883,
                        70.17664
                    ],
                    [
                        28.679,
                        70.17659
                    ],
                    [
                        28.67923,
                        70.17657
                    ],
                    [
                        28.67942,
                        70.17653
                    ],
                    [
                        28.67956,
                        70.1765
                    ],
                    [
                        28.67979,
                        70.17646
                    ],
                    [
                        28.67994,
                        70.17644
                    ],
                    [
                        28.68093,
                        70.17625
                    ],
                    [
                        28.68164,
                        70.17614
                    ],
                    [
                        28.68201,
                        70.17609
                    ],
                    [
                        28.68251,
                        70.17603
                    ],
                    [
                        28.68309,
                        70.17598
                    ],
                    [
                        28.684,
                        70.17595
                    ],
                    [
                        28.68478,
                        70.17596
                    ],
                    [
                        28.68524,
                        70.17599
                    ],
                    [
                        28.68582,
                        70.17604
                    ],
                    [
                        28.68649,
                        70.17612
                    ],
                    [
                        28.68693,
                        70.17619
                    ],
                    [
                        28.68884,
                        70.17659
                    ],
                    [
                        28.689,
                        70.17662
                    ],
                    [
                        28.68968,
                        70.17672
                    ],
                    [
                        28.69044,
                        70.17679
                    ],
                    [
                        28.69098,
                        70.17683
                    ],
                    [
                        28.6918,
                        70.17686
                    ],
                    [
                        28.69494,
                        70.17686
                    ],
                    [
                        28.69629,
                        70.17686
                    ],
                    [
                        28.69663,
                        70.17686
                    ],
                    [
                        28.69762,
                        70.17685
                    ],
                    [
                        28.69845,
                        70.17683
                    ],
                    [
                        28.69991,
                        70.17673
                    ],
                    [
                        28.70223,
                        70.17653
                    ],
                    [
                        28.70435,
                        70.17637
                    ],
                    [
                        28.70563,
                        70.17632
                    ],
                    [
                        28.70677,
                        70.17632
                    ],
                    [
                        28.70762,
                        70.17637
                    ],
                    [
                        28.70819,
                        70.17641
                    ],
                    [
                        28.70837,
                        70.17645
                    ],
                    [
                        28.70916,
                        70.17653
                    ],
                    [
                        28.70979,
                        70.17658
                    ],
                    [
                        28.71076,
                        70.17662
                    ],
                    [
                        28.71087,
                        70.17661
                    ],
                    [
                        28.71132,
                        70.17661
                    ],
                    [
                        28.7121,
                        70.17654
                    ],
                    [
                        28.71309,
                        70.1764
                    ],
                    [
                        28.7134,
                        70.17635
                    ],
                    [
                        28.71364,
                        70.17631
                    ],
                    [
                        28.71476,
                        70.17608
                    ],
                    [
                        28.71617,
                        70.17574
                    ],
                    [
                        28.71703,
                        70.17554
                    ],
                    [
                        28.71748,
                        70.17545
                    ],
                    [
                        28.71769,
                        70.17542
                    ],
                    [
                        28.71769,
                        70.17542
                    ],
                    [
                        28.71826,
                        70.17533
                    ],
                    [
                        28.71832,
                        70.17532
                    ],
                    [
                        28.71879,
                        70.17525
                    ],
                    [
                        28.71954,
                        70.17522
                    ],
                    [
                        28.72053,
                        70.17519
                    ],
                    [
                        28.72152,
                        70.1752
                    ],
                    [
                        28.72235,
                        70.17523
                    ],
                    [
                        28.72322,
                        70.17525
                    ],
                    [
                        28.72401,
                        70.17524
                    ],
                    [
                        28.72478,
                        70.17521
                    ],
                    [
                        28.72771,
                        70.17498
                    ],
                    [
                        28.73036,
                        70.1748
                    ],
                    [
                        28.73071,
                        70.17476
                    ],
                    [
                        28.7327,
                        70.17462
                    ],
                    [
                        28.73316,
                        70.17461
                    ],
                    [
                        28.73331,
                        70.17458
                    ],
                    [
                        28.73478,
                        70.17449
                    ],
                    [
                        28.73557,
                        70.17443
                    ],
                    [
                        28.73589,
                        70.17439
                    ],
                    [
                        28.73598,
                        70.17439
                    ],
                    [
                        28.73606,
                        70.17437
                    ],
                    [
                        28.73701,
                        70.17428
                    ],
                    [
                        28.73927,
                        70.17397
                    ],
                    [
                        28.73974,
                        70.1739
                    ],
                    [
                        28.74023,
                        70.17382
                    ],
                    [
                        28.74088,
                        70.17372
                    ],
                    [
                        28.74176,
                        70.17359
                    ],
                    [
                        28.74447,
                        70.17332
                    ],
                    [
                        28.74579,
                        70.17314
                    ],
                    [
                        28.746,
                        70.17312
                    ],
                    [
                        28.7468,
                        70.17298
                    ],
                    [
                        28.74695,
                        70.17294
                    ],
                    [
                        28.74752,
                        70.17283
                    ],
                    [
                        28.74787,
                        70.17276
                    ],
                    [
                        28.74905,
                        70.17254
                    ],
                    [
                        28.7498,
                        70.17238
                    ],
                    [
                        28.75025,
                        70.1723
                    ],
                    [
                        28.75162,
                        70.17203
                    ],
                    [
                        28.7526,
                        70.17187
                    ],
                    [
                        28.75339,
                        70.17176
                    ],
                    [
                        28.75347,
                        70.17175
                    ],
                    [
                        28.7546,
                        70.17158
                    ],
                    [
                        28.75936,
                        70.17102
                    ],
                    [
                        28.75944,
                        70.17102
                    ],
                    [
                        28.7601,
                        70.17093
                    ],
                    [
                        28.76147,
                        70.17077
                    ],
                    [
                        28.76221,
                        70.17066
                    ],
                    [
                        28.76235,
                        70.17064
                    ],
                    [
                        28.76463,
                        70.17019
                    ],
                    [
                        28.76506,
                        70.17009
                    ],
                    [
                        28.7653,
                        70.17005
                    ],
                    [
                        28.76598,
                        70.16994
                    ],
                    [
                        28.76771,
                        70.1697
                    ],
                    [
                        28.76881,
                        70.16956
                    ],
                    [
                        28.77031,
                        70.16931
                    ],
                    [
                        28.77379,
                        70.16865
                    ],
                    [
                        28.77606,
                        70.16822
                    ],
                    [
                        28.77732,
                        70.16799
                    ],
                    [
                        28.77823,
                        70.16777
                    ],
                    [
                        28.77864,
                        70.16768
                    ],
                    [
                        28.77992,
                        70.16728
                    ],
                    [
                        28.78096,
                        70.16685
                    ],
                    [
                        28.78173,
                        70.16649
                    ],
                    [
                        28.78378,
                        70.16552
                    ],
                    [
                        28.78397,
                        70.16545
                    ],
                    [
                        28.78418,
                        70.16535
                    ],
                    [
                        28.78464,
                        70.16513
                    ],
                    [
                        28.78545,
                        70.16477
                    ],
                    [
                        28.78603,
                        70.16455
                    ],
                    [
                        28.78663,
                        70.16435
                    ],
                    [
                        28.78752,
                        70.16406
                    ],
                    [
                        28.78854,
                        70.16379
                    ],
                    [
                        28.78949,
                        70.16361
                    ],
                    [
                        28.79011,
                        70.16352
                    ],
                    [
                        28.79113,
                        70.1634
                    ],
                    [
                        28.79718,
                        70.16276
                    ],
                    [
                        28.80071,
                        70.16231
                    ],
                    [
                        28.80147,
                        70.1622
                    ],
                    [
                        28.80456,
                        70.16177
                    ],
                    [
                        28.80503,
                        70.16172
                    ],
                    [
                        28.80535,
                        70.16167
                    ],
                    [
                        28.80615,
                        70.16155
                    ],
                    [
                        28.81275,
                        70.16064
                    ],
                    [
                        28.81288,
                        70.16063
                    ],
                    [
                        28.81364,
                        70.16051
                    ],
                    [
                        28.81795,
                        70.15998
                    ],
                    [
                        28.82059,
                        70.15969
                    ],
                    [
                        28.82333,
                        70.15938
                    ],
                    [
                        28.82813,
                        70.15885
                    ],
                    [
                        28.82836,
                        70.15882
                    ],
                    [
                        28.82949,
                        70.15869
                    ],
                    [
                        28.83121,
                        70.15849
                    ],
                    [
                        28.83128,
                        70.15849
                    ],
                    [
                        28.83344,
                        70.15817
                    ],
                    [
                        28.83414,
                        70.15805
                    ],
                    [
                        28.83466,
                        70.15794
                    ],
                    [
                        28.83482,
                        70.15791
                    ],
                    [
                        28.83681,
                        70.15745
                    ],
                    [
                        28.83744,
                        70.15729
                    ],
                    [
                        28.83757,
                        70.15723
                    ],
                    [
                        28.83791,
                        70.15715
                    ],
                    [
                        28.83797,
                        70.15712
                    ],
                    [
                        28.83855,
                        70.15694
                    ],
                    [
                        28.83956,
                        70.15663
                    ],
                    [
                        28.84144,
                        70.15595
                    ],
                    [
                        28.84843,
                        70.15432
                    ],
                    [
                        28.84909,
                        70.15418
                    ],
                    [
                        28.8501,
                        70.154
                    ],
                    [
                        28.85064,
                        70.15391
                    ],
                    [
                        28.85199,
                        70.1537
                    ],
                    [
                        28.85304,
                        70.15353
                    ],
                    [
                        28.85376,
                        70.15343
                    ],
                    [
                        28.85695,
                        70.15316
                    ],
                    [
                        28.8576,
                        70.15309
                    ],
                    [
                        28.85829,
                        70.15298
                    ],
                    [
                        28.85913,
                        70.15288
                    ],
                    [
                        28.86044,
                        70.15269
                    ],
                    [
                        28.86108,
                        70.15258
                    ],
                    [
                        28.86278,
                        70.15224
                    ],
                    [
                        28.8633,
                        70.15214
                    ],
                    [
                        28.86347,
                        70.15213
                    ],
                    [
                        28.8646,
                        70.15197
                    ],
                    [
                        28.86468,
                        70.15197
                    ],
                    [
                        28.86687,
                        70.15167
                    ],
                    [
                        28.86772,
                        70.15154
                    ],
                    [
                        28.86828,
                        70.15143
                    ],
                    [
                        28.86841,
                        70.15141
                    ],
                    [
                        28.86884,
                        70.1513
                    ],
                    [
                        28.86983,
                        70.15101
                    ],
                    [
                        28.87207,
                        70.15029
                    ],
                    [
                        28.87387,
                        70.1497
                    ],
                    [
                        28.87445,
                        70.14949
                    ],
                    [
                        28.87524,
                        70.14926
                    ],
                    [
                        28.8762,
                        70.14895
                    ],
                    [
                        28.87648,
                        70.14884
                    ],
                    [
                        28.8772,
                        70.14863
                    ],
                    [
                        28.87783,
                        70.14842
                    ],
                    [
                        28.8779,
                        70.14839
                    ],
                    [
                        28.87769,
                        70.14834
                    ],
                    [
                        28.87753,
                        70.14827
                    ],
                    [
                        28.87743,
                        70.1482
                    ],
                    [
                        28.87734,
                        70.14809
                    ],
                    [
                        28.87734,
                        70.14798
                    ],
                    [
                        28.87731,
                        70.14792
                    ],
                    [
                        28.87737,
                        70.14771
                    ],
                    [
                        28.87744,
                        70.14631
                    ],
                    [
                        28.8773,
                        70.14621
                    ],
                    [
                        28.8772,
                        70.14618
                    ],
                    [
                        28.87696,
                        70.14615
                    ],
                    [
                        28.87654,
                        70.1461
                    ],
                    [
                        28.87529,
                        70.14597
                    ],
                    [
                        28.87457,
                        70.14587
                    ],
                    [
                        28.87382,
                        70.14579
                    ],
                    [
                        28.87287,
                        70.14572
                    ],
                    [
                        28.87226,
                        70.14572
                    ],
                    [
                        28.87207,
                        70.1457
                    ],
                    [
                        28.87164,
                        70.1457
                    ],
                    [
                        28.87076,
                        70.1457
                    ],
                    [
                        28.8707,
                        70.1457
                    ],
                    [
                        28.86893,
                        70.14568
                    ],
                    [
                        28.86884,
                        70.14567
                    ],
                    [
                        28.86814,
                        70.14563
                    ],
                    [
                        28.86525,
                        70.14534
                    ],
                    [
                        28.86497,
                        70.14534
                    ],
                    [
                        28.8649,
                        70.14534
                    ],
                    [
                        28.86471,
                        70.14534
                    ],
                    [
                        28.86439,
                        70.14537
                    ],
                    [
                        28.86422,
                        70.14539
                    ],
                    [
                        28.86414,
                        70.14543
                    ],
                    [
                        28.86337,
                        70.14555
                    ],
                    [
                        28.86335,
                        70.14555
                    ],
                    [
                        28.86305,
                        70.1456
                    ],
                    [
                        28.86286,
                        70.14561
                    ],
                    [
                        28.86243,
                        70.14566
                    ],
                    [
                        28.8623,
                        70.14567
                    ],
                    [
                        28.86219,
                        70.14565
                    ],
                    [
                        28.86205,
                        70.14561
                    ],
                    [
                        28.86199,
                        70.14558
                    ],
                    [
                        28.86197,
                        70.14555
                    ],
                    [
                        28.86145,
                        70.14543
                    ],
                    [
                        28.86145,
                        70.14543
                    ],
                    [
                        28.86197,
                        70.14555
                    ],
                    [
                        28.86199,
                        70.14558
                    ],
                    [
                        28.86205,
                        70.14561
                    ],
                    [
                        28.86219,
                        70.14565
                    ],
                    [
                        28.8623,
                        70.14567
                    ],
                    [
                        28.86243,
                        70.14566
                    ],
                    [
                        28.86286,
                        70.14561
                    ],
                    [
                        28.86305,
                        70.1456
                    ],
                    [
                        28.86335,
                        70.14555
                    ],
                    [
                        28.86337,
                        70.14555
                    ],
                    [
                        28.86414,
                        70.14543
                    ],
                    [
                        28.86422,
                        70.14539
                    ],
                    [
                        28.86439,
                        70.14537
                    ],
                    [
                        28.86471,
                        70.14534
                    ],
                    [
                        28.8649,
                        70.14534
                    ],
                    [
                        28.86497,
                        70.14534
                    ],
                    [
                        28.86525,
                        70.14534
                    ],
                    [
                        28.86814,
                        70.14563
                    ],
                    [
                        28.86884,
                        70.14567
                    ],
                    [
                        28.86893,
                        70.14568
                    ],
                    [
                        28.8707,
                        70.1457
                    ],
                    [
                        28.87076,
                        70.1457
                    ],
                    [
                        28.87164,
                        70.1457
                    ],
                    [
                        28.87207,
                        70.1457
                    ],
                    [
                        28.87226,
                        70.14572
                    ],
                    [
                        28.87287,
                        70.14572
                    ],
                    [
                        28.87382,
                        70.14579
                    ],
                    [
                        28.87457,
                        70.14587
                    ],
                    [
                        28.87529,
                        70.14597
                    ],
                    [
                        28.87654,
                        70.1461
                    ],
                    [
                        28.87696,
                        70.14615
                    ],
                    [
                        28.8772,
                        70.14618
                    ],
                    [
                        28.8773,
                        70.14621
                    ],
                    [
                        28.87744,
                        70.14631
                    ],
                    [
                        28.87737,
                        70.14771
                    ],
                    [
                        28.87731,
                        70.14792
                    ],
                    [
                        28.87734,
                        70.14798
                    ],
                    [
                        28.87734,
                        70.14809
                    ],
                    [
                        28.87743,
                        70.1482
                    ],
                    [
                        28.87753,
                        70.14827
                    ],
                    [
                        28.87769,
                        70.14834
                    ],
                    [
                        28.8779,
                        70.14839
                    ],
                    [
                        28.87988,
                        70.14776
                    ],
                    [
                        28.88026,
                        70.14766
                    ],
                    [
                        28.88048,
                        70.14761
                    ],
                    [
                        28.8809,
                        70.14754
                    ],
                    [
                        28.88143,
                        70.14749
                    ],
                    [
                        28.88189,
                        70.14745
                    ],
                    [
                        28.88213,
                        70.14745
                    ],
                    [
                        28.8828,
                        70.14748
                    ],
                    [
                        28.88327,
                        70.14752
                    ],
                    [
                        28.8845,
                        70.14766
                    ],
                    [
                        28.88532,
                        70.14773
                    ],
                    [
                        28.88601,
                        70.14776
                    ],
                    [
                        28.88647,
                        70.14776
                    ],
                    [
                        28.88753,
                        70.14776
                    ],
                    [
                        28.88883,
                        70.14774
                    ],
                    [
                        28.89074,
                        70.14771
                    ],
                    [
                        28.89163,
                        70.14772
                    ],
                    [
                        28.89217,
                        70.14776
                    ],
                    [
                        28.89263,
                        70.1478
                    ],
                    [
                        28.89311,
                        70.14785
                    ],
                    [
                        28.89379,
                        70.14796
                    ],
                    [
                        28.89404,
                        70.14801
                    ],
                    [
                        28.89491,
                        70.1482
                    ],
                    [
                        28.89544,
                        70.1483
                    ],
                    [
                        28.89628,
                        70.14842
                    ],
                    [
                        28.89684,
                        70.14847
                    ],
                    [
                        28.89746,
                        70.1485
                    ],
                    [
                        28.8977,
                        70.1485
                    ],
                    [
                        28.89786,
                        70.1485
                    ],
                    [
                        28.89801,
                        70.1485
                    ],
                    [
                        28.89866,
                        70.14848
                    ],
                    [
                        28.89896,
                        70.14845
                    ],
                    [
                        28.89957,
                        70.14841
                    ],
                    [
                        28.9018,
                        70.14828
                    ],
                    [
                        28.90318,
                        70.14819
                    ],
                    [
                        28.90488,
                        70.14805
                    ],
                    [
                        28.90741,
                        70.14772
                    ],
                    [
                        28.90768,
                        70.14769
                    ],
                    [
                        28.91055,
                        70.14727
                    ],
                    [
                        28.91119,
                        70.14716
                    ],
                    [
                        28.91192,
                        70.14699
                    ],
                    [
                        28.91236,
                        70.14686
                    ],
                    [
                        28.91602,
                        70.14558
                    ],
                    [
                        28.91798,
                        70.14488
                    ],
                    [
                        28.91929,
                        70.14444
                    ],
                    [
                        28.92013,
                        70.14418
                    ],
                    [
                        28.92128,
                        70.14389
                    ],
                    [
                        28.92342,
                        70.14337
                    ],
                    [
                        28.92466,
                        70.14308
                    ],
                    [
                        28.92595,
                        70.14277
                    ],
                    [
                        28.92664,
                        70.14257
                    ],
                    [
                        28.92676,
                        70.14254
                    ],
                    [
                        28.92793,
                        70.1422
                    ],
                    [
                        28.93345,
                        70.14024
                    ],
                    [
                        28.9347,
                        70.13985
                    ],
                    [
                        28.93533,
                        70.13968
                    ],
                    [
                        28.93605,
                        70.13948
                    ],
                    [
                        28.93747,
                        70.13921
                    ],
                    [
                        28.93799,
                        70.13912
                    ],
                    [
                        28.93828,
                        70.13908
                    ],
                    [
                        28.93894,
                        70.139
                    ],
                    [
                        28.94031,
                        70.13885
                    ],
                    [
                        28.94112,
                        70.13878
                    ],
                    [
                        28.94458,
                        70.13858
                    ],
                    [
                        28.94523,
                        70.13856
                    ],
                    [
                        28.94929,
                        70.13831
                    ],
                    [
                        28.95062,
                        70.13818
                    ],
                    [
                        28.95146,
                        70.13808
                    ],
                    [
                        28.95532,
                        70.13748
                    ],
                    [
                        28.95702,
                        70.13724
                    ],
                    [
                        28.95832,
                        70.13711
                    ],
                    [
                        28.95994,
                        70.13699
                    ],
                    [
                        28.95996,
                        70.13697
                    ],
                    [
                        28.96141,
                        70.13691
                    ],
                    [
                        28.96579,
                        70.13675
                    ],
                    [
                        28.96704,
                        70.13672
                    ],
                    [
                        28.9673,
                        70.1367
                    ],
                    [
                        28.97362,
                        70.13665
                    ],
                    [
                        28.97428,
                        70.13661
                    ],
                    [
                        28.97502,
                        70.13657
                    ],
                    [
                        28.97581,
                        70.13648
                    ],
                    [
                        28.97659,
                        70.13634
                    ],
                    [
                        28.97729,
                        70.13617
                    ],
                    [
                        28.97796,
                        70.13594
                    ],
                    [
                        28.97839,
                        70.13575
                    ],
                    [
                        28.97876,
                        70.13553
                    ],
                    [
                        28.97895,
                        70.13539
                    ],
                    [
                        28.9795,
                        70.13491
                    ],
                    [
                        28.97987,
                        70.1346
                    ],
                    [
                        28.98021,
                        70.1344
                    ],
                    [
                        28.98035,
                        70.13433
                    ],
                    [
                        28.98074,
                        70.13417
                    ],
                    [
                        28.98086,
                        70.13412
                    ],
                    [
                        28.98146,
                        70.13394
                    ],
                    [
                        28.98193,
                        70.13383
                    ],
                    [
                        28.98353,
                        70.13345
                    ],
                    [
                        28.98408,
                        70.13334
                    ],
                    [
                        28.98511,
                        70.13315
                    ],
                    [
                        28.98772,
                        70.13274
                    ],
                    [
                        28.99155,
                        70.1322
                    ],
                    [
                        28.99302,
                        70.13203
                    ],
                    [
                        28.99442,
                        70.13189
                    ],
                    [
                        28.9969,
                        70.1316
                    ],
                    [
                        28.99882,
                        70.13137
                    ],
                    [
                        29.00123,
                        70.13105
                    ],
                    [
                        29.00169,
                        70.13097
                    ],
                    [
                        29.0021,
                        70.13095
                    ],
                    [
                        29.00299,
                        70.13087
                    ],
                    [
                        29.0039,
                        70.13081
                    ],
                    [
                        29.00391,
                        70.13081
                    ],
                    [
                        29.00612,
                        70.1307
                    ],
                    [
                        29.00928,
                        70.13052
                    ],
                    [
                        29.00946,
                        70.13051
                    ],
                    [
                        29.00988,
                        70.13048
                    ],
                    [
                        29.00988,
                        70.13048
                    ],
                    [
                        29.01272,
                        70.13034
                    ],
                    [
                        29.0147,
                        70.13025
                    ],
                    [
                        29.01599,
                        70.13023
                    ],
                    [
                        29.02355,
                        70.13019
                    ],
                    [
                        29.02478,
                        70.13017
                    ],
                    [
                        29.02548,
                        70.13014
                    ],
                    [
                        29.02588,
                        70.13011
                    ],
                    [
                        29.02622,
                        70.13007
                    ],
                    [
                        29.02685,
                        70.12999
                    ],
                    [
                        29.02708,
                        70.12996
                    ],
                    [
                        29.02749,
                        70.12989
                    ],
                    [
                        29.02774,
                        70.12984
                    ],
                    [
                        29.02831,
                        70.1297
                    ],
                    [
                        29.02986,
                        70.12922
                    ],
                    [
                        29.03,
                        70.12918
                    ],
                    [
                        29.0306,
                        70.12904
                    ],
                    [
                        29.03114,
                        70.12894
                    ],
                    [
                        29.03198,
                        70.12882
                    ],
                    [
                        29.03616,
                        70.12836
                    ],
                    [
                        29.03752,
                        70.12823
                    ],
                    [
                        29.03794,
                        70.12821
                    ],
                    [
                        29.0391,
                        70.12818
                    ],
                    [
                        29.03991,
                        70.1282
                    ],
                    [
                        29.04074,
                        70.12826
                    ],
                    [
                        29.04118,
                        70.12831
                    ],
                    [
                        29.04213,
                        70.12845
                    ],
                    [
                        29.04312,
                        70.12866
                    ],
                    [
                        29.044,
                        70.12887
                    ],
                    [
                        29.04512,
                        70.12914
                    ],
                    [
                        29.04605,
                        70.12932
                    ],
                    [
                        29.04668,
                        70.1294
                    ],
                    [
                        29.04736,
                        70.12947
                    ],
                    [
                        29.04785,
                        70.12949
                    ],
                    [
                        29.04845,
                        70.12954
                    ],
                    [
                        29.04939,
                        70.12954
                    ],
                    [
                        29.05066,
                        70.12951
                    ],
                    [
                        29.05154,
                        70.12945
                    ],
                    [
                        29.05214,
                        70.12942
                    ],
                    [
                        29.05295,
                        70.12933
                    ],
                    [
                        29.05436,
                        70.12912
                    ],
                    [
                        29.05544,
                        70.12891
                    ],
                    [
                        29.05634,
                        70.12873
                    ],
                    [
                        29.05727,
                        70.12855
                    ],
                    [
                        29.05831,
                        70.12841
                    ],
                    [
                        29.05978,
                        70.12826
                    ],
                    [
                        29.06091,
                        70.12819
                    ],
                    [
                        29.06191,
                        70.12817
                    ],
                    [
                        29.06304,
                        70.12818
                    ],
                    [
                        29.06386,
                        70.12821
                    ],
                    [
                        29.06511,
                        70.12829
                    ],
                    [
                        29.06625,
                        70.1284
                    ],
                    [
                        29.06755,
                        70.12854
                    ],
                    [
                        29.06842,
                        70.12862
                    ],
                    [
                        29.06971,
                        70.12876
                    ],
                    [
                        29.06982,
                        70.12877
                    ],
                    [
                        29.07897,
                        70.1297
                    ],
                    [
                        29.08008,
                        70.12984
                    ],
                    [
                        29.08126,
                        70.13002
                    ],
                    [
                        29.08292,
                        70.13029
                    ],
                    [
                        29.08547,
                        70.13073
                    ],
                    [
                        29.08591,
                        70.13079
                    ],
                    [
                        29.08634,
                        70.13083
                    ],
                    [
                        29.08671,
                        70.13087
                    ],
                    [
                        29.08752,
                        70.13093
                    ],
                    [
                        29.0885,
                        70.13097
                    ],
                    [
                        29.08965,
                        70.13097
                    ],
                    [
                        29.09019,
                        70.13097
                    ],
                    [
                        29.0904,
                        70.13095
                    ],
                    [
                        29.09112,
                        70.13091
                    ],
                    [
                        29.0918,
                        70.13087
                    ],
                    [
                        29.09371,
                        70.13074
                    ],
                    [
                        29.09989,
                        70.13021
                    ],
                    [
                        29.10044,
                        70.13018
                    ],
                    [
                        29.10114,
                        70.13016
                    ],
                    [
                        29.10182,
                        70.13018
                    ],
                    [
                        29.10245,
                        70.13023
                    ],
                    [
                        29.10327,
                        70.1303
                    ],
                    [
                        29.10343,
                        70.13034
                    ],
                    [
                        29.10613,
                        70.13065
                    ],
                    [
                        29.10733,
                        70.13079
                    ],
                    [
                        29.10961,
                        70.13104
                    ],
                    [
                        29.11028,
                        70.13109
                    ],
                    [
                        29.11238,
                        70.13121
                    ],
                    [
                        29.11314,
                        70.13124
                    ],
                    [
                        29.11369,
                        70.13126
                    ],
                    [
                        29.11377,
                        70.13127
                    ],
                    [
                        29.11419,
                        70.13128
                    ],
                    [
                        29.11446,
                        70.13128
                    ],
                    [
                        29.11541,
                        70.13123
                    ],
                    [
                        29.11615,
                        70.13117
                    ],
                    [
                        29.11724,
                        70.13103
                    ],
                    [
                        29.12055,
                        70.13054
                    ],
                    [
                        29.1215,
                        70.13039
                    ],
                    [
                        29.12327,
                        70.13007
                    ],
                    [
                        29.12636,
                        70.12947
                    ],
                    [
                        29.12727,
                        70.12927
                    ],
                    [
                        29.12788,
                        70.12916
                    ],
                    [
                        29.13132,
                        70.12833
                    ],
                    [
                        29.13574,
                        70.12727
                    ],
                    [
                        29.13702,
                        70.12697
                    ],
                    [
                        29.13755,
                        70.12681
                    ],
                    [
                        29.14288,
                        70.12538
                    ],
                    [
                        29.14428,
                        70.12483
                    ],
                    [
                        29.14518,
                        70.12445
                    ],
                    [
                        29.14569,
                        70.12425
                    ],
                    [
                        29.14623,
                        70.1241
                    ],
                    [
                        29.14691,
                        70.12392
                    ],
                    [
                        29.14839,
                        70.12362
                    ],
                    [
                        29.14921,
                        70.12345
                    ],
                    [
                        29.15085,
                        70.12325
                    ],
                    [
                        29.15263,
                        70.12311
                    ],
                    [
                        29.15398,
                        70.12309
                    ],
                    [
                        29.15771,
                        70.12309
                    ],
                    [
                        29.15835,
                        70.12309
                    ],
                    [
                        29.16101,
                        70.123
                    ],
                    [
                        29.16308,
                        70.12282
                    ],
                    [
                        29.16639,
                        70.12245
                    ],
                    [
                        29.1672,
                        70.12233
                    ],
                    [
                        29.16883,
                        70.12204
                    ],
                    [
                        29.17169,
                        70.12139
                    ],
                    [
                        29.17237,
                        70.12123
                    ],
                    [
                        29.17349,
                        70.12093
                    ],
                    [
                        29.17475,
                        70.12054
                    ],
                    [
                        29.17572,
                        70.1202
                    ],
                    [
                        29.17846,
                        70.11914
                    ],
                    [
                        29.17915,
                        70.1189
                    ],
                    [
                        29.17969,
                        70.11875
                    ],
                    [
                        29.18012,
                        70.11864
                    ],
                    [
                        29.1813,
                        70.11835
                    ],
                    [
                        29.18367,
                        70.11781
                    ],
                    [
                        29.18431,
                        70.11765
                    ],
                    [
                        29.18497,
                        70.11744
                    ],
                    [
                        29.18803,
                        70.11631
                    ],
                    [
                        29.18913,
                        70.1159
                    ],
                    [
                        29.18989,
                        70.11568
                    ],
                    [
                        29.19036,
                        70.11556
                    ],
                    [
                        29.19128,
                        70.11538
                    ],
                    [
                        29.19225,
                        70.11521
                    ],
                    [
                        29.19539,
                        70.11475
                    ],
                    [
                        29.1963,
                        70.11461
                    ],
                    [
                        29.19767,
                        70.11449
                    ],
                    [
                        29.19804,
                        70.11448
                    ],
                    [
                        29.19833,
                        70.11445
                    ],
                    [
                        29.19918,
                        70.11447
                    ],
                    [
                        29.1994,
                        70.11445
                    ],
                    [
                        29.20024,
                        70.11451
                    ],
                    [
                        29.20147,
                        70.11462
                    ],
                    [
                        29.20166,
                        70.11465
                    ],
                    [
                        29.20186,
                        70.11467
                    ],
                    [
                        29.20233,
                        70.11475
                    ],
                    [
                        29.20274,
                        70.11481
                    ],
                    [
                        29.20634,
                        70.11553
                    ],
                    [
                        29.20706,
                        70.11566
                    ],
                    [
                        29.20728,
                        70.11569
                    ],
                    [
                        29.20927,
                        70.11591
                    ],
                    [
                        29.21025,
                        70.11595
                    ],
                    [
                        29.21136,
                        70.11597
                    ],
                    [
                        29.21339,
                        70.116
                    ],
                    [
                        29.21508,
                        70.11605
                    ],
                    [
                        29.21587,
                        70.1161
                    ],
                    [
                        29.21728,
                        70.11624
                    ],
                    [
                        29.21804,
                        70.11636
                    ],
                    [
                        29.21947,
                        70.11663
                    ],
                    [
                        29.22065,
                        70.11691
                    ],
                    [
                        29.22068,
                        70.11693
                    ],
                    [
                        29.22078,
                        70.11695
                    ],
                    [
                        29.22082,
                        70.11696
                    ],
                    [
                        29.22277,
                        70.1174
                    ],
                    [
                        29.22345,
                        70.11758
                    ],
                    [
                        29.22363,
                        70.11762
                    ],
                    [
                        29.22413,
                        70.11772
                    ],
                    [
                        29.22449,
                        70.1178
                    ],
                    [
                        29.22971,
                        70.11897
                    ],
                    [
                        29.23142,
                        70.11931
                    ],
                    [
                        29.23202,
                        70.11939
                    ],
                    [
                        29.23287,
                        70.11947
                    ],
                    [
                        29.2341,
                        70.11953
                    ],
                    [
                        29.23519,
                        70.11954
                    ],
                    [
                        29.24306,
                        70.1194
                    ],
                    [
                        29.24372,
                        70.1194
                    ],
                    [
                        29.24561,
                        70.11936
                    ],
                    [
                        29.25108,
                        70.11927
                    ],
                    [
                        29.25726,
                        70.11886
                    ],
                    [
                        29.26758,
                        70.11817
                    ],
                    [
                        29.27635,
                        70.11759
                    ],
                    [
                        29.27829,
                        70.11743
                    ],
                    [
                        29.2876,
                        70.1166
                    ],
                    [
                        29.2884,
                        70.11655
                    ],
                    [
                        29.28915,
                        70.11651
                    ],
                    [
                        29.28955,
                        70.11653
                    ],
                    [
                        29.29029,
                        70.11655
                    ],
                    [
                        29.29103,
                        70.1166
                    ],
                    [
                        29.29201,
                        70.11673
                    ],
                    [
                        29.29312,
                        70.11694
                    ],
                    [
                        29.2935,
                        70.11703
                    ],
                    [
                        29.29459,
                        70.11729
                    ],
                    [
                        29.29508,
                        70.11739
                    ],
                    [
                        29.29571,
                        70.11749
                    ],
                    [
                        29.29676,
                        70.11757
                    ],
                    [
                        29.29744,
                        70.11758
                    ],
                    [
                        29.29886,
                        70.11754
                    ],
                    [
                        29.30404,
                        70.1172
                    ],
                    [
                        29.30476,
                        70.11713
                    ],
                    [
                        29.30554,
                        70.11702
                    ],
                    [
                        29.30616,
                        70.11691
                    ],
                    [
                        29.30672,
                        70.11681
                    ],
                    [
                        29.30944,
                        70.1162
                    ],
                    [
                        29.31076,
                        70.11593
                    ],
                    [
                        29.31112,
                        70.11584
                    ],
                    [
                        29.31152,
                        70.11575
                    ],
                    [
                        29.31217,
                        70.11562
                    ],
                    [
                        29.3158,
                        70.11481
                    ],
                    [
                        29.31604,
                        70.11475
                    ],
                    [
                        29.31609,
                        70.11472
                    ],
                    [
                        29.31717,
                        70.11451
                    ],
                    [
                        29.31743,
                        70.11445
                    ],
                    [
                        29.31759,
                        70.1144
                    ],
                    [
                        29.31793,
                        70.11434
                    ],
                    [
                        29.3225,
                        70.11335
                    ],
                    [
                        29.32286,
                        70.11324
                    ],
                    [
                        29.32525,
                        70.11275
                    ],
                    [
                        29.32572,
                        70.11262
                    ],
                    [
                        29.32614,
                        70.11255
                    ],
                    [
                        29.32738,
                        70.11239
                    ],
                    [
                        29.32757,
                        70.11239
                    ],
                    [
                        29.3277,
                        70.11238
                    ],
                    [
                        29.32825,
                        70.11233
                    ],
                    [
                        29.32835,
                        70.11232
                    ],
                    [
                        29.329,
                        70.11226
                    ],
                    [
                        29.32942,
                        70.11221
                    ],
                    [
                        29.33022,
                        70.11214
                    ],
                    [
                        29.33038,
                        70.11212
                    ],
                    [
                        29.33092,
                        70.11205
                    ],
                    [
                        29.33127,
                        70.11199
                    ],
                    [
                        29.33196,
                        70.11179
                    ],
                    [
                        29.33215,
                        70.11172
                    ],
                    [
                        29.33278,
                        70.11145
                    ],
                    [
                        29.33304,
                        70.11135
                    ],
                    [
                        29.3335,
                        70.11114
                    ],
                    [
                        29.33446,
                        70.11074
                    ],
                    [
                        29.33551,
                        70.11029
                    ],
                    [
                        29.33619,
                        70.10999
                    ],
                    [
                        29.33643,
                        70.10988
                    ],
                    [
                        29.33672,
                        70.10977
                    ],
                    [
                        29.33722,
                        70.10956
                    ],
                    [
                        29.3374,
                        70.10947
                    ],
                    [
                        29.33782,
                        70.1093
                    ],
                    [
                        29.33835,
                        70.10907
                    ],
                    [
                        29.3392,
                        70.1087
                    ],
                    [
                        29.33951,
                        70.10857
                    ],
                    [
                        29.34,
                        70.10839
                    ],
                    [
                        29.34066,
                        70.10817
                    ],
                    [
                        29.34207,
                        70.10774
                    ],
                    [
                        29.34264,
                        70.10758
                    ],
                    [
                        29.34291,
                        70.1075
                    ],
                    [
                        29.3433,
                        70.10738
                    ],
                    [
                        29.34441,
                        70.10706
                    ],
                    [
                        29.34478,
                        70.10696
                    ],
                    [
                        29.34571,
                        70.10671
                    ],
                    [
                        29.3462,
                        70.10659
                    ],
                    [
                        29.34694,
                        70.10647
                    ],
                    [
                        29.34782,
                        70.10635
                    ],
                    [
                        29.3532,
                        70.10584
                    ],
                    [
                        29.35547,
                        70.10558
                    ],
                    [
                        29.35552,
                        70.10557
                    ],
                    [
                        29.35636,
                        70.10545
                    ],
                    [
                        29.35719,
                        70.10532
                    ],
                    [
                        29.35809,
                        70.10518
                    ],
                    [
                        29.36036,
                        70.10475
                    ],
                    [
                        29.36339,
                        70.10413
                    ],
                    [
                        29.36345,
                        70.10411
                    ],
                    [
                        29.36985,
                        70.1028
                    ],
                    [
                        29.36991,
                        70.10279
                    ],
                    [
                        29.37145,
                        70.10248
                    ],
                    [
                        29.37218,
                        70.10234
                    ],
                    [
                        29.37284,
                        70.1022
                    ],
                    [
                        29.37293,
                        70.10218
                    ],
                    [
                        29.37307,
                        70.10216
                    ],
                    [
                        29.37511,
                        70.10173
                    ],
                    [
                        29.3753,
                        70.10168
                    ],
                    [
                        29.37597,
                        70.10156
                    ],
                    [
                        29.37732,
                        70.10128
                    ],
                    [
                        29.37744,
                        70.10124
                    ],
                    [
                        29.37909,
                        70.10093
                    ],
                    [
                        29.37974,
                        70.10081
                    ],
                    [
                        29.38014,
                        70.10073
                    ],
                    [
                        29.38176,
                        70.10044
                    ],
                    [
                        29.3819,
                        70.10042
                    ],
                    [
                        29.3841,
                        70.10008
                    ],
                    [
                        29.38624,
                        70.09978
                    ],
                    [
                        29.38641,
                        70.09975
                    ],
                    [
                        29.38967,
                        70.09929
                    ],
                    [
                        29.39941,
                        70.0979
                    ],
                    [
                        29.40194,
                        70.09753
                    ],
                    [
                        29.40995,
                        70.09639
                    ],
                    [
                        29.41445,
                        70.09574
                    ],
                    [
                        29.41513,
                        70.09565
                    ],
                    [
                        29.41587,
                        70.09559
                    ],
                    [
                        29.41659,
                        70.09553
                    ],
                    [
                        29.41726,
                        70.0955
                    ],
                    [
                        29.41854,
                        70.09547
                    ],
                    [
                        29.41979,
                        70.0955
                    ],
                    [
                        29.42078,
                        70.09556
                    ],
                    [
                        29.42139,
                        70.09563
                    ],
                    [
                        29.42166,
                        70.09565
                    ],
                    [
                        29.42268,
                        70.09577
                    ],
                    [
                        29.42338,
                        70.09589
                    ],
                    [
                        29.42458,
                        70.09614
                    ],
                    [
                        29.42565,
                        70.09641
                    ],
                    [
                        29.42805,
                        70.09711
                    ],
                    [
                        29.42839,
                        70.0972
                    ],
                    [
                        29.42927,
                        70.09746
                    ],
                    [
                        29.42957,
                        70.09753
                    ],
                    [
                        29.43194,
                        70.0982
                    ],
                    [
                        29.43329,
                        70.09858
                    ],
                    [
                        29.43344,
                        70.0986
                    ],
                    [
                        29.43363,
                        70.09868
                    ],
                    [
                        29.43576,
                        70.09927
                    ],
                    [
                        29.43617,
                        70.09939
                    ],
                    [
                        29.43668,
                        70.09953
                    ],
                    [
                        29.438,
                        70.0999
                    ],
                    [
                        29.44079,
                        70.10069
                    ],
                    [
                        29.44103,
                        70.10077
                    ],
                    [
                        29.4431,
                        70.10135
                    ],
                    [
                        29.44336,
                        70.10141
                    ],
                    [
                        29.44353,
                        70.10145
                    ],
                    [
                        29.4442,
                        70.10158
                    ],
                    [
                        29.44488,
                        70.10169
                    ],
                    [
                        29.44561,
                        70.10177
                    ],
                    [
                        29.44707,
                        70.10187
                    ],
                    [
                        29.45112,
                        70.10209
                    ],
                    [
                        29.45194,
                        70.10213
                    ],
                    [
                        29.45252,
                        70.10214
                    ],
                    [
                        29.45296,
                        70.10214
                    ],
                    [
                        29.45324,
                        70.10216
                    ],
                    [
                        29.45441,
                        70.10214
                    ],
                    [
                        29.45574,
                        70.10209
                    ],
                    [
                        29.46533,
                        70.10145
                    ],
                    [
                        29.47176,
                        70.10102
                    ],
                    [
                        29.47203,
                        70.10098
                    ],
                    [
                        29.47245,
                        70.10097
                    ],
                    [
                        29.47841,
                        70.10053
                    ],
                    [
                        29.47884,
                        70.10051
                    ],
                    [
                        29.48041,
                        70.10032
                    ],
                    [
                        29.48136,
                        70.10017
                    ],
                    [
                        29.48296,
                        70.0999
                    ],
                    [
                        29.48418,
                        70.0997
                    ],
                    [
                        29.48486,
                        70.09962
                    ],
                    [
                        29.48579,
                        70.09954
                    ],
                    [
                        29.4863,
                        70.0995
                    ],
                    [
                        29.4873,
                        70.09944
                    ],
                    [
                        29.48751,
                        70.09943
                    ],
                    [
                        29.48927,
                        70.09931
                    ],
                    [
                        29.49255,
                        70.09892
                    ],
                    [
                        29.49268,
                        70.09889
                    ],
                    [
                        29.49437,
                        70.09867
                    ],
                    [
                        29.49836,
                        70.09815
                    ],
                    [
                        29.49843,
                        70.09815
                    ],
                    [
                        29.49856,
                        70.09811
                    ],
                    [
                        29.50745,
                        70.09699
                    ],
                    [
                        29.50928,
                        70.09681
                    ],
                    [
                        29.5096,
                        70.09678
                    ],
                    [
                        29.51872,
                        70.096
                    ],
                    [
                        29.51881,
                        70.09598
                    ],
                    [
                        29.51929,
                        70.09595
                    ],
                    [
                        29.52198,
                        70.09574
                    ],
                    [
                        29.52274,
                        70.09569
                    ],
                    [
                        29.52333,
                        70.09565
                    ],
                    [
                        29.52403,
                        70.09563
                    ],
                    [
                        29.52761,
                        70.09547
                    ],
                    [
                        29.52813,
                        70.09547
                    ],
                    [
                        29.53125,
                        70.09535
                    ],
                    [
                        29.53237,
                        70.09529
                    ],
                    [
                        29.53256,
                        70.09528
                    ],
                    [
                        29.53295,
                        70.09528
                    ],
                    [
                        29.53648,
                        70.09516
                    ],
                    [
                        29.53672,
                        70.09517
                    ],
                    [
                        29.53726,
                        70.09517
                    ],
                    [
                        29.53846,
                        70.09517
                    ],
                    [
                        29.54157,
                        70.09513
                    ],
                    [
                        29.55322,
                        70.09462
                    ],
                    [
                        29.55761,
                        70.09444
                    ],
                    [
                        29.56051,
                        70.09423
                    ],
                    [
                        29.56221,
                        70.09415
                    ],
                    [
                        29.56279,
                        70.09414
                    ],
                    [
                        29.56447,
                        70.09413
                    ],
                    [
                        29.56556,
                        70.09414
                    ],
                    [
                        29.56917,
                        70.09411
                    ],
                    [
                        29.56959,
                        70.09408
                    ],
                    [
                        29.56977,
                        70.09408
                    ],
                    [
                        29.5752,
                        70.09396
                    ],
                    [
                        29.57568,
                        70.09395
                    ],
                    [
                        29.57639,
                        70.09392
                    ],
                    [
                        29.57769,
                        70.0939
                    ],
                    [
                        29.57781,
                        70.09389
                    ],
                    [
                        29.57806,
                        70.09389
                    ],
                    [
                        29.58442,
                        70.09372
                    ],
                    [
                        29.58635,
                        70.09368
                    ],
                    [
                        29.58652,
                        70.09368
                    ],
                    [
                        29.59513,
                        70.09347
                    ],
                    [
                        29.5962,
                        70.09341
                    ],
                    [
                        29.59717,
                        70.09336
                    ],
                    [
                        29.59846,
                        70.09327
                    ],
                    [
                        29.60114,
                        70.093
                    ],
                    [
                        29.6014,
                        70.09295
                    ],
                    [
                        29.60193,
                        70.0929
                    ],
                    [
                        29.60301,
                        70.09277
                    ],
                    [
                        29.60507,
                        70.09251
                    ],
                    [
                        29.60524,
                        70.09249
                    ],
                    [
                        29.61046,
                        70.09184
                    ],
                    [
                        29.61412,
                        70.09125
                    ],
                    [
                        29.61581,
                        70.09097
                    ],
                    [
                        29.61589,
                        70.09096
                    ],
                    [
                        29.61872,
                        70.09045
                    ],
                    [
                        29.61914,
                        70.09041
                    ],
                    [
                        29.61996,
                        70.0903
                    ],
                    [
                        29.62098,
                        70.09018
                    ],
                    [
                        29.62159,
                        70.09013
                    ],
                    [
                        29.62259,
                        70.09005
                    ],
                    [
                        29.62349,
                        70.09001
                    ],
                    [
                        29.62432,
                        70.08998
                    ],
                    [
                        29.62451,
                        70.08998
                    ],
                    [
                        29.62836,
                        70.08994
                    ],
                    [
                        29.63004,
                        70.08992
                    ],
                    [
                        29.6331,
                        70.08987
                    ],
                    [
                        29.63658,
                        70.08985
                    ],
                    [
                        29.64111,
                        70.08978
                    ],
                    [
                        29.64112,
                        70.08978
                    ],
                    [
                        29.64263,
                        70.08978
                    ],
                    [
                        29.64524,
                        70.08971
                    ],
                    [
                        29.64561,
                        70.08969
                    ],
                    [
                        29.64761,
                        70.08959
                    ],
                    [
                        29.6477,
                        70.08956
                    ],
                    [
                        29.64836,
                        70.08955
                    ],
                    [
                        29.6495,
                        70.08946
                    ],
                    [
                        29.6504,
                        70.08938
                    ],
                    [
                        29.65095,
                        70.08934
                    ],
                    [
                        29.65206,
                        70.08923
                    ],
                    [
                        29.65477,
                        70.08889
                    ],
                    [
                        29.65521,
                        70.08884
                    ],
                    [
                        29.65553,
                        70.08879
                    ],
                    [
                        29.65584,
                        70.08875
                    ],
                    [
                        29.65708,
                        70.0886
                    ],
                    [
                        29.66309,
                        70.08781
                    ],
                    [
                        29.66711,
                        70.0873
                    ],
                    [
                        29.6675,
                        70.08727
                    ],
                    [
                        29.66778,
                        70.08722
                    ],
                    [
                        29.6681,
                        70.08718
                    ],
                    [
                        29.66825,
                        70.08716
                    ],
                    [
                        29.66832,
                        70.08714
                    ],
                    [
                        29.66865,
                        70.08712
                    ],
                    [
                        29.6717,
                        70.08673
                    ],
                    [
                        29.6718,
                        70.08671
                    ],
                    [
                        29.67331,
                        70.08647
                    ],
                    [
                        29.67436,
                        70.08629
                    ],
                    [
                        29.67473,
                        70.08624
                    ],
                    [
                        29.67492,
                        70.08619
                    ],
                    [
                        29.67866,
                        70.08548
                    ],
                    [
                        29.67933,
                        70.08538
                    ],
                    [
                        29.68158,
                        70.08505
                    ],
                    [
                        29.68167,
                        70.08503
                    ],
                    [
                        29.68259,
                        70.0849
                    ],
                    [
                        29.68506,
                        70.08456
                    ],
                    [
                        29.68745,
                        70.08422
                    ],
                    [
                        29.68922,
                        70.08396
                    ],
                    [
                        29.69216,
                        70.08356
                    ],
                    [
                        29.6939,
                        70.08331
                    ],
                    [
                        29.69491,
                        70.08311
                    ],
                    [
                        29.69542,
                        70.083
                    ],
                    [
                        29.69675,
                        70.08262
                    ],
                    [
                        29.6977,
                        70.08235
                    ],
                    [
                        29.69826,
                        70.0822
                    ],
                    [
                        29.70012,
                        70.08166
                    ],
                    [
                        29.70132,
                        70.08132
                    ],
                    [
                        29.70231,
                        70.08104
                    ],
                    [
                        29.70348,
                        70.08072
                    ],
                    [
                        29.70408,
                        70.08059
                    ],
                    [
                        29.70459,
                        70.08047
                    ],
                    [
                        29.70534,
                        70.08033
                    ],
                    [
                        29.7068,
                        70.08007
                    ],
                    [
                        29.70703,
                        70.08004
                    ],
                    [
                        29.70744,
                        70.07997
                    ],
                    [
                        29.70812,
                        70.07988
                    ],
                    [
                        29.70959,
                        70.07971
                    ],
                    [
                        29.70981,
                        70.07969
                    ],
                    [
                        29.71026,
                        70.07965
                    ],
                    [
                        29.71244,
                        70.07942
                    ],
                    [
                        29.71372,
                        70.07929
                    ],
                    [
                        29.7148,
                        70.07917
                    ],
                    [
                        29.7173,
                        70.07892
                    ],
                    [
                        29.7179,
                        70.07884
                    ],
                    [
                        29.71832,
                        70.07877
                    ],
                    [
                        29.7185,
                        70.07875
                    ],
                    [
                        29.71903,
                        70.07865
                    ],
                    [
                        29.71932,
                        70.07859
                    ],
                    [
                        29.72192,
                        70.07801
                    ],
                    [
                        29.7236,
                        70.07764
                    ],
                    [
                        29.72412,
                        70.07751
                    ],
                    [
                        29.72633,
                        70.07698
                    ],
                    [
                        29.72678,
                        70.07691
                    ],
                    [
                        29.72763,
                        70.0768
                    ],
                    [
                        29.729,
                        70.07662
                    ],
                    [
                        29.72937,
                        70.07659
                    ],
                    [
                        29.73077,
                        70.07643
                    ],
                    [
                        29.7329,
                        70.0762
                    ],
                    [
                        29.73388,
                        70.07611
                    ],
                    [
                        29.73442,
                        70.07606
                    ],
                    [
                        29.73516,
                        70.07599
                    ],
                    [
                        29.73703,
                        70.07577
                    ],
                    [
                        29.73857,
                        70.07559
                    ],
                    [
                        29.73909,
                        70.07553
                    ],
                    [
                        29.74047,
                        70.07535
                    ],
                    [
                        29.74113,
                        70.07527
                    ],
                    [
                        29.74241,
                        70.07512
                    ],
                    [
                        29.74328,
                        70.07501
                    ],
                    [
                        29.7451,
                        70.0748
                    ],
                    [
                        29.7455,
                        70.07474
                    ],
                    [
                        29.74691,
                        70.07456
                    ],
                    [
                        29.7474,
                        70.07449
                    ],
                    [
                        29.74808,
                        70.07441
                    ],
                    [
                        29.74813,
                        70.07413
                    ],
                    [
                        29.74755,
                        70.07419
                    ],
                    [
                        29.74262,
                        70.07481
                    ],
                    [
                        29.74262,
                        70.07481
                    ],
                    [
                        29.74755,
                        70.07419
                    ],
                    [
                        29.74813,
                        70.07413
                    ],
                    [
                        29.74808,
                        70.07441
                    ],
                    [
                        29.75032,
                        70.07419
                    ],
                    [
                        29.75083,
                        70.07416
                    ],
                    [
                        29.75098,
                        70.07416
                    ],
                    [
                        29.7516,
                        70.07416
                    ],
                    [
                        29.75198,
                        70.07416
                    ],
                    [
                        29.75237,
                        70.07418
                    ],
                    [
                        29.75256,
                        70.07418
                    ],
                    [
                        29.75281,
                        70.07418
                    ],
                    [
                        29.753,
                        70.07416
                    ],
                    [
                        29.75322,
                        70.07411
                    ],
                    [
                        29.75354,
                        70.07407
                    ],
                    [
                        29.75371,
                        70.07404
                    ],
                    [
                        29.75374,
                        70.074
                    ],
                    [
                        29.75379,
                        70.07396
                    ],
                    [
                        29.75386,
                        70.07393
                    ],
                    [
                        29.75396,
                        70.07393
                    ],
                    [
                        29.754,
                        70.07393
                    ],
                    [
                        29.75408,
                        70.07393
                    ],
                    [
                        29.75416,
                        70.07393
                    ],
                    [
                        29.75424,
                        70.07397
                    ],
                    [
                        29.75461,
                        70.07393
                    ],
                    [
                        29.75482,
                        70.07395
                    ],
                    [
                        29.75497,
                        70.07396
                    ],
                    [
                        29.75516,
                        70.07397
                    ],
                    [
                        29.7555,
                        70.07402
                    ],
                    [
                        29.75626,
                        70.07413
                    ],
                    [
                        29.75707,
                        70.07423
                    ],
                    [
                        29.75844,
                        70.07438
                    ],
                    [
                        29.75918,
                        70.07446
                    ],
                    [
                        29.76005,
                        70.07451
                    ],
                    [
                        29.76139,
                        70.07454
                    ],
                    [
                        29.76222,
                        70.07455
                    ],
                    [
                        29.76248,
                        70.07455
                    ],
                    [
                        29.76469,
                        70.07459
                    ],
                    [
                        29.76609,
                        70.07461
                    ],
                    [
                        29.767,
                        70.07462
                    ],
                    [
                        29.76922,
                        70.07463
                    ],
                    [
                        29.77061,
                        70.07464
                    ],
                    [
                        29.77136,
                        70.07461
                    ],
                    [
                        29.77295,
                        70.07455
                    ],
                    [
                        29.77367,
                        70.07452
                    ],
                    [
                        29.77449,
                        70.07453
                    ],
                    [
                        29.77515,
                        70.07453
                    ],
                    [
                        29.77554,
                        70.07454
                    ],
                    [
                        29.77576,
                        70.07451
                    ],
                    [
                        29.77657,
                        70.07447
                    ],
                    [
                        29.77709,
                        70.07441
                    ],
                    [
                        29.7783,
                        70.07425
                    ],
                    [
                        29.7785,
                        70.07424
                    ],
                    [
                        29.77859,
                        70.07423
                    ],
                    [
                        29.77873,
                        70.0742
                    ],
                    [
                        29.78016,
                        70.07404
                    ],
                    [
                        29.78156,
                        70.07387
                    ],
                    [
                        29.78165,
                        70.07386
                    ],
                    [
                        29.78227,
                        70.07379
                    ],
                    [
                        29.78475,
                        70.07352
                    ],
                    [
                        29.78588,
                        70.07339
                    ],
                    [
                        29.78721,
                        70.07322
                    ],
                    [
                        29.78763,
                        70.07317
                    ],
                    [
                        29.78835,
                        70.07304
                    ],
                    [
                        29.78884,
                        70.07297
                    ],
                    [
                        29.78951,
                        70.07277
                    ],
                    [
                        29.79015,
                        70.07259
                    ],
                    [
                        29.79189,
                        70.07205
                    ],
                    [
                        29.79373,
                        70.07147
                    ],
                    [
                        29.79467,
                        70.07118
                    ],
                    [
                        29.79492,
                        70.07111
                    ],
                    [
                        29.79558,
                        70.07091
                    ],
                    [
                        29.79595,
                        70.0708
                    ],
                    [
                        29.79606,
                        70.07077
                    ],
                    [
                        29.79738,
                        70.07035
                    ],
                    [
                        29.79788,
                        70.07025
                    ],
                    [
                        29.79889,
                        70.07004
                    ],
                    [
                        29.79987,
                        70.0699
                    ],
                    [
                        29.80204,
                        70.06963
                    ],
                    [
                        29.80325,
                        70.06944
                    ],
                    [
                        29.80866,
                        70.06809
                    ],
                    [
                        29.81037,
                        70.06765
                    ],
                    [
                        29.81074,
                        70.06753
                    ],
                    [
                        29.81585,
                        70.06621
                    ],
                    [
                        29.81689,
                        70.0659
                    ],
                    [
                        29.817,
                        70.06587
                    ],
                    [
                        29.8188,
                        70.06523
                    ],
                    [
                        29.82007,
                        70.0647
                    ],
                    [
                        29.82043,
                        70.06453
                    ],
                    [
                        29.821,
                        70.06426
                    ],
                    [
                        29.82296,
                        70.06321
                    ],
                    [
                        29.82323,
                        70.06308
                    ],
                    [
                        29.82351,
                        70.06297
                    ],
                    [
                        29.82403,
                        70.06282
                    ],
                    [
                        29.82505,
                        70.06264
                    ],
                    [
                        29.82546,
                        70.06258
                    ],
                    [
                        29.82714,
                        70.06238
                    ],
                    [
                        29.82829,
                        70.06228
                    ],
                    [
                        29.82924,
                        70.06224
                    ],
                    [
                        29.83016,
                        70.06225
                    ],
                    [
                        29.83149,
                        70.06231
                    ],
                    [
                        29.83371,
                        70.06243
                    ],
                    [
                        29.8352,
                        70.06256
                    ],
                    [
                        29.8357,
                        70.06259
                    ],
                    [
                        29.83654,
                        70.06265
                    ],
                    [
                        29.83887,
                        70.06278
                    ],
                    [
                        29.83929,
                        70.0628
                    ],
                    [
                        29.84163,
                        70.06294
                    ],
                    [
                        29.84337,
                        70.06303
                    ],
                    [
                        29.84354,
                        70.06305
                    ],
                    [
                        29.84413,
                        70.06307
                    ],
                    [
                        29.84508,
                        70.06312
                    ],
                    [
                        29.84664,
                        70.06319
                    ],
                    [
                        29.84802,
                        70.06327
                    ],
                    [
                        29.84826,
                        70.06327
                    ],
                    [
                        29.84898,
                        70.06328
                    ],
                    [
                        29.84953,
                        70.06326
                    ],
                    [
                        29.84966,
                        70.06325
                    ],
                    [
                        29.84999,
                        70.06323
                    ],
                    [
                        29.85234,
                        70.06307
                    ],
                    [
                        29.85298,
                        70.06301
                    ],
                    [
                        29.85388,
                        70.06292
                    ],
                    [
                        29.85459,
                        70.06283
                    ],
                    [
                        29.85536,
                        70.06271
                    ],
                    [
                        29.85707,
                        70.06242
                    ],
                    [
                        29.85821,
                        70.06225
                    ],
                    [
                        29.85879,
                        70.0622
                    ],
                    [
                        29.85958,
                        70.06219
                    ],
                    [
                        29.86015,
                        70.06219
                    ],
                    [
                        29.86043,
                        70.06219
                    ],
                    [
                        29.86084,
                        70.06219
                    ],
                    [
                        29.86178,
                        70.06218
                    ],
                    [
                        29.86204,
                        70.06219
                    ],
                    [
                        29.86293,
                        70.06216
                    ],
                    [
                        29.86331,
                        70.06216
                    ],
                    [
                        29.86528,
                        70.06216
                    ],
                    [
                        29.86687,
                        70.06214
                    ],
                    [
                        29.87182,
                        70.0621
                    ],
                    [
                        29.88281,
                        70.06202
                    ],
                    [
                        29.88544,
                        70.06201
                    ],
                    [
                        29.89568,
                        70.06192
                    ],
                    [
                        29.90119,
                        70.06187
                    ],
                    [
                        29.90479,
                        70.06185
                    ],
                    [
                        29.90512,
                        70.06185
                    ],
                    [
                        29.90574,
                        70.06187
                    ],
                    [
                        29.90728,
                        70.06196
                    ],
                    [
                        29.92676,
                        70.06422
                    ],
                    [
                        29.92709,
                        70.06426
                    ],
                    [
                        29.9279,
                        70.06437
                    ],
                    [
                        29.93863,
                        70.06562
                    ],
                    [
                        29.93903,
                        70.06565
                    ],
                    [
                        29.93981,
                        70.06573
                    ],
                    [
                        29.94209,
                        70.06594
                    ],
                    [
                        29.94381,
                        70.06604
                    ],
                    [
                        29.94503,
                        70.06608
                    ],
                    [
                        29.94734,
                        70.06605
                    ],
                    [
                        29.94774,
                        70.06605
                    ],
                    [
                        29.94873,
                        70.06603
                    ],
                    [
                        29.95888,
                        70.06592
                    ],
                    [
                        29.96199,
                        70.06589
                    ],
                    [
                        29.96255,
                        70.06588
                    ],
                    [
                        29.96338,
                        70.06588
                    ],
                    [
                        29.964,
                        70.06591
                    ],
                    [
                        29.96463,
                        70.06596
                    ],
                    [
                        29.96562,
                        70.06607
                    ],
                    [
                        29.96572,
                        70.06609
                    ],
                    [
                        29.9661,
                        70.06613
                    ],
                    [
                        29.96794,
                        70.0664
                    ],
                    [
                        29.96915,
                        70.06659
                    ],
                    [
                        29.96943,
                        70.06666
                    ],
                    [
                        29.96977,
                        70.06676
                    ],
                    [
                        29.96998,
                        70.06683
                    ],
                    [
                        29.9702,
                        70.06693
                    ],
                    [
                        29.97067,
                        70.06724
                    ],
                    [
                        29.9707,
                        70.06726
                    ],
                    [
                        29.9709,
                        70.0674
                    ],
                    [
                        29.97115,
                        70.06755
                    ],
                    [
                        29.97153,
                        70.06775
                    ],
                    [
                        29.97207,
                        70.06795
                    ],
                    [
                        29.97237,
                        70.06804
                    ],
                    [
                        29.97284,
                        70.06815
                    ],
                    [
                        29.97327,
                        70.06825
                    ],
                    [
                        29.97363,
                        70.06829
                    ],
                    [
                        29.97405,
                        70.06836
                    ],
                    [
                        29.97504,
                        70.06845
                    ],
                    [
                        29.97755,
                        70.06859
                    ],
                    [
                        29.97777,
                        70.0686
                    ],
                    [
                        29.98102,
                        70.06887
                    ],
                    [
                        29.98763,
                        70.06947
                    ],
                    [
                        29.99262,
                        70.06994
                    ],
                    [
                        29.99268,
                        70.06994
                    ],
                    [
                        29.99374,
                        70.07003
                    ],
                    [
                        29.99461,
                        70.07008
                    ],
                    [
                        29.99911,
                        70.07029
                    ],
                    [
                        30.00126,
                        70.07039
                    ],
                    [
                        30.00135,
                        70.07039
                    ],
                    [
                        30.00169,
                        70.07041
                    ],
                    [
                        30.00528,
                        70.0706
                    ],
                    [
                        30.00881,
                        70.07075
                    ],
                    [
                        30.00984,
                        70.0708
                    ],
                    [
                        30.01089,
                        70.07084
                    ],
                    [
                        30.01437,
                        70.07098
                    ],
                    [
                        30.01465,
                        70.071
                    ],
                    [
                        30.0155,
                        70.07105
                    ],
                    [
                        30.01884,
                        70.07129
                    ],
                    [
                        30.02003,
                        70.0714
                    ],
                    [
                        30.02148,
                        70.07158
                    ],
                    [
                        30.0236,
                        70.07195
                    ],
                    [
                        30.02645,
                        70.07254
                    ],
                    [
                        30.02784,
                        70.07279
                    ],
                    [
                        30.03051,
                        70.07315
                    ],
                    [
                        30.03113,
                        70.07324
                    ],
                    [
                        30.03222,
                        70.07346
                    ],
                    [
                        30.03288,
                        70.07361
                    ],
                    [
                        30.03347,
                        70.07371
                    ],
                    [
                        30.03408,
                        70.07382
                    ],
                    [
                        30.03448,
                        70.07386
                    ],
                    [
                        30.03474,
                        70.07389
                    ],
                    [
                        30.03547,
                        70.07393
                    ],
                    [
                        30.03611,
                        70.07397
                    ],
                    [
                        30.03662,
                        70.07404
                    ],
                    [
                        30.03687,
                        70.07407
                    ],
                    [
                        30.03899,
                        70.07445
                    ],
                    [
                        30.04053,
                        70.07474
                    ],
                    [
                        30.04064,
                        70.07477
                    ],
                    [
                        30.0512,
                        70.07673
                    ],
                    [
                        30.05165,
                        70.07683
                    ],
                    [
                        30.05193,
                        70.07687
                    ],
                    [
                        30.05237,
                        70.07696
                    ],
                    [
                        30.05564,
                        70.07756
                    ],
                    [
                        30.05688,
                        70.07778
                    ],
                    [
                        30.05764,
                        70.07794
                    ],
                    [
                        30.05834,
                        70.07805
                    ],
                    [
                        30.05859,
                        70.0781
                    ],
                    [
                        30.05905,
                        70.07816
                    ],
                    [
                        30.06087,
                        70.07839
                    ],
                    [
                        30.06283,
                        70.07859
                    ],
                    [
                        30.07752,
                        70.07991
                    ],
                    [
                        30.07827,
                        70.07996
                    ],
                    [
                        30.08051,
                        70.08022
                    ],
                    [
                        30.08057,
                        70.08023
                    ],
                    [
                        30.08111,
                        70.08031
                    ],
                    [
                        30.08223,
                        70.08054
                    ],
                    [
                        30.08298,
                        70.08072
                    ],
                    [
                        30.08365,
                        70.0809
                    ],
                    [
                        30.08442,
                        70.08114
                    ],
                    [
                        30.08501,
                        70.08138
                    ],
                    [
                        30.08594,
                        70.0818
                    ],
                    [
                        30.08614,
                        70.0819
                    ],
                    [
                        30.08642,
                        70.08208
                    ],
                    [
                        30.08714,
                        70.08257
                    ],
                    [
                        30.09193,
                        70.08591
                    ],
                    [
                        30.09329,
                        70.08685
                    ],
                    [
                        30.09428,
                        70.08754
                    ],
                    [
                        30.09627,
                        70.08892
                    ],
                    [
                        30.09727,
                        70.0896
                    ],
                    [
                        30.09785,
                        70.08996
                    ],
                    [
                        30.09843,
                        70.09027
                    ],
                    [
                        30.09881,
                        70.09045
                    ],
                    [
                        30.10254,
                        70.09188
                    ],
                    [
                        30.10369,
                        70.09231
                    ],
                    [
                        30.10487,
                        70.09277
                    ],
                    [
                        30.11126,
                        70.09524
                    ],
                    [
                        30.11136,
                        70.09529
                    ],
                    [
                        30.11151,
                        70.09536
                    ],
                    [
                        30.11176,
                        70.09544
                    ],
                    [
                        30.1118,
                        70.09546
                    ],
                    [
                        30.11916,
                        70.09827
                    ],
                    [
                        30.1205,
                        70.09878
                    ],
                    [
                        30.12268,
                        70.09958
                    ],
                    [
                        30.12284,
                        70.09966
                    ],
                    [
                        30.1237,
                        70.09999
                    ],
                    [
                        30.12405,
                        70.10012
                    ],
                    [
                        30.12451,
                        70.1003
                    ],
                    [
                        30.12493,
                        70.10046
                    ],
                    [
                        30.12564,
                        70.10068
                    ],
                    [
                        30.12647,
                        70.10092
                    ],
                    [
                        30.12718,
                        70.10109
                    ],
                    [
                        30.12778,
                        70.1012
                    ],
                    [
                        30.12892,
                        70.1014
                    ],
                    [
                        30.12922,
                        70.10145
                    ],
                    [
                        30.14648,
                        70.10372
                    ],
                    [
                        30.15242,
                        70.1045
                    ],
                    [
                        30.15256,
                        70.10451
                    ],
                    [
                        30.15874,
                        70.10531
                    ],
                    [
                        30.16128,
                        70.10566
                    ],
                    [
                        30.16439,
                        70.10607
                    ],
                    [
                        30.16547,
                        70.10619
                    ],
                    [
                        30.16622,
                        70.10626
                    ],
                    [
                        30.16746,
                        70.10635
                    ],
                    [
                        30.16838,
                        70.10642
                    ],
                    [
                        30.16846,
                        70.10642
                    ],
                    [
                        30.16987,
                        70.1065
                    ],
                    [
                        30.17061,
                        70.10653
                    ],
                    [
                        30.17457,
                        70.10648
                    ],
                    [
                        30.1746,
                        70.10648
                    ],
                    [
                        30.17551,
                        70.10646
                    ],
                    [
                        30.17702,
                        70.10637
                    ],
                    [
                        30.1776,
                        70.1063
                    ],
                    [
                        30.17895,
                        70.10616
                    ],
                    [
                        30.18009,
                        70.10602
                    ],
                    [
                        30.18393,
                        70.10548
                    ],
                    [
                        30.18578,
                        70.10531
                    ],
                    [
                        30.18684,
                        70.10523
                    ],
                    [
                        30.18736,
                        70.10522
                    ],
                    [
                        30.18799,
                        70.10518
                    ],
                    [
                        30.18933,
                        70.10513
                    ],
                    [
                        30.19024,
                        70.10508
                    ],
                    [
                        30.19036,
                        70.10508
                    ],
                    [
                        30.19043,
                        70.10508
                    ],
                    [
                        30.19044,
                        70.10508
                    ],
                    [
                        30.19181,
                        70.10504
                    ],
                    [
                        30.19285,
                        70.10504
                    ],
                    [
                        30.19303,
                        70.10505
                    ],
                    [
                        30.1932,
                        70.10505
                    ],
                    [
                        30.19334,
                        70.10507
                    ],
                    [
                        30.19384,
                        70.10513
                    ],
                    [
                        30.19396,
                        70.10513
                    ],
                    [
                        30.19468,
                        70.10523
                    ],
                    [
                        30.19488,
                        70.10527
                    ],
                    [
                        30.19555,
                        70.10538
                    ],
                    [
                        30.19611,
                        70.10547
                    ],
                    [
                        30.1984,
                        70.10587
                    ],
                    [
                        30.19875,
                        70.10595
                    ],
                    [
                        30.199,
                        70.10603
                    ],
                    [
                        30.19939,
                        70.10619
                    ],
                    [
                        30.19958,
                        70.10629
                    ],
                    [
                        30.19965,
                        70.10635
                    ],
                    [
                        30.19987,
                        70.10654
                    ],
                    [
                        30.20006,
                        70.1068
                    ],
                    [
                        30.20016,
                        70.10711
                    ],
                    [
                        30.2002,
                        70.10757
                    ],
                    [
                        30.20019,
                        70.10787
                    ],
                    [
                        30.20018,
                        70.10831
                    ],
                    [
                        30.20021,
                        70.10951
                    ],
                    [
                        30.20024,
                        70.10977
                    ],
                    [
                        30.20035,
                        70.11018
                    ],
                    [
                        30.20055,
                        70.1106
                    ],
                    [
                        30.20079,
                        70.111
                    ],
                    [
                        30.20109,
                        70.11138
                    ],
                    [
                        30.20148,
                        70.11175
                    ],
                    [
                        30.2023,
                        70.11237
                    ],
                    [
                        30.20307,
                        70.11284
                    ],
                    [
                        30.20391,
                        70.11331
                    ],
                    [
                        30.20518,
                        70.11391
                    ],
                    [
                        30.20639,
                        70.11441
                    ],
                    [
                        30.20739,
                        70.11475
                    ],
                    [
                        30.20741,
                        70.11475
                    ],
                    [
                        30.20811,
                        70.11496
                    ],
                    [
                        30.20983,
                        70.11544
                    ],
                    [
                        30.20996,
                        70.11547
                    ],
                    [
                        30.21126,
                        70.11577
                    ],
                    [
                        30.21203,
                        70.11592
                    ],
                    [
                        30.2124,
                        70.11597
                    ],
                    [
                        30.21856,
                        70.117
                    ],
                    [
                        30.2186,
                        70.11703
                    ],
                    [
                        30.22388,
                        70.11785
                    ],
                    [
                        30.22446,
                        70.11794
                    ],
                    [
                        30.22748,
                        70.11834
                    ],
                    [
                        30.23186,
                        70.11882
                    ],
                    [
                        30.23438,
                        70.11904
                    ],
                    [
                        30.235,
                        70.1191
                    ],
                    [
                        30.23951,
                        70.11938
                    ],
                    [
                        30.23997,
                        70.1194
                    ],
                    [
                        30.24045,
                        70.11942
                    ],
                    [
                        30.24274,
                        70.11953
                    ],
                    [
                        30.24331,
                        70.11955
                    ],
                    [
                        30.24369,
                        70.11957
                    ],
                    [
                        30.24462,
                        70.11964
                    ],
                    [
                        30.24872,
                        70.11982
                    ],
                    [
                        30.24924,
                        70.11984
                    ],
                    [
                        30.25139,
                        70.11994
                    ],
                    [
                        30.25635,
                        70.12022
                    ],
                    [
                        30.25738,
                        70.12027
                    ],
                    [
                        30.26275,
                        70.12071
                    ],
                    [
                        30.26333,
                        70.12075
                    ],
                    [
                        30.26389,
                        70.12081
                    ],
                    [
                        30.26556,
                        70.12092
                    ],
                    [
                        30.26667,
                        70.12102
                    ],
                    [
                        30.27139,
                        70.12142
                    ],
                    [
                        30.27194,
                        70.12145
                    ],
                    [
                        30.27256,
                        70.12151
                    ],
                    [
                        30.27544,
                        70.12174
                    ],
                    [
                        30.27609,
                        70.12178
                    ],
                    [
                        30.2779,
                        70.12193
                    ],
                    [
                        30.27832,
                        70.12196
                    ],
                    [
                        30.27861,
                        70.12197
                    ],
                    [
                        30.28104,
                        70.12219
                    ],
                    [
                        30.28163,
                        70.12223
                    ],
                    [
                        30.28486,
                        70.12251
                    ],
                    [
                        30.28665,
                        70.12273
                    ],
                    [
                        30.28797,
                        70.12291
                    ],
                    [
                        30.28814,
                        70.12294
                    ],
                    [
                        30.2883,
                        70.12296
                    ],
                    [
                        30.28842,
                        70.12298
                    ],
                    [
                        30.29511,
                        70.12406
                    ],
                    [
                        30.2961,
                        70.12426
                    ],
                    [
                        30.29674,
                        70.12441
                    ],
                    [
                        30.29777,
                        70.1247
                    ],
                    [
                        30.29827,
                        70.12488
                    ],
                    [
                        30.29914,
                        70.12523
                    ],
                    [
                        30.30029,
                        70.12578
                    ],
                    [
                        30.3013,
                        70.12627
                    ],
                    [
                        30.30268,
                        70.12696
                    ],
                    [
                        30.30304,
                        70.12712
                    ],
                    [
                        30.30407,
                        70.12748
                    ],
                    [
                        30.30482,
                        70.12766
                    ],
                    [
                        30.3065,
                        70.12797
                    ],
                    [
                        30.30736,
                        70.12818
                    ],
                    [
                        30.30774,
                        70.12828
                    ],
                    [
                        30.3085,
                        70.12855
                    ],
                    [
                        30.30923,
                        70.12889
                    ],
                    [
                        30.31003,
                        70.1293
                    ],
                    [
                        30.31412,
                        70.13157
                    ],
                    [
                        30.31452,
                        70.13176
                    ],
                    [
                        30.31535,
                        70.13224
                    ],
                    [
                        30.31655,
                        70.13287
                    ],
                    [
                        30.31729,
                        70.13321
                    ],
                    [
                        30.3189,
                        70.13384
                    ],
                    [
                        30.32014,
                        70.13424
                    ],
                    [
                        30.32143,
                        70.1346
                    ],
                    [
                        30.32227,
                        70.13481
                    ],
                    [
                        30.32282,
                        70.13495
                    ],
                    [
                        30.32752,
                        70.1359
                    ],
                    [
                        30.32954,
                        70.13632
                    ],
                    [
                        30.33064,
                        70.13654
                    ],
                    [
                        30.33147,
                        70.13672
                    ],
                    [
                        30.33408,
                        70.13727
                    ],
                    [
                        30.33457,
                        70.13737
                    ],
                    [
                        30.3353,
                        70.13751
                    ],
                    [
                        30.33549,
                        70.13755
                    ],
                    [
                        30.33786,
                        70.13805
                    ],
                    [
                        30.3394,
                        70.13836
                    ],
                    [
                        30.34021,
                        70.13856
                    ],
                    [
                        30.34092,
                        70.13876
                    ],
                    [
                        30.3413,
                        70.13889
                    ],
                    [
                        30.34171,
                        70.13906
                    ],
                    [
                        30.34213,
                        70.13927
                    ],
                    [
                        30.34246,
                        70.13947
                    ],
                    [
                        30.34276,
                        70.1397
                    ],
                    [
                        30.34297,
                        70.13992
                    ],
                    [
                        30.34322,
                        70.14024
                    ],
                    [
                        30.34335,
                        70.14057
                    ],
                    [
                        30.34337,
                        70.14077
                    ],
                    [
                        30.34294,
                        70.14295
                    ],
                    [
                        30.34232,
                        70.14593
                    ],
                    [
                        30.34164,
                        70.14919
                    ],
                    [
                        30.34153,
                        70.14961
                    ],
                    [
                        30.34124,
                        70.15004
                    ],
                    [
                        30.34101,
                        70.15027
                    ],
                    [
                        30.34061,
                        70.15062
                    ],
                    [
                        30.34033,
                        70.15081
                    ],
                    [
                        30.33978,
                        70.15111
                    ],
                    [
                        30.33945,
                        70.15125
                    ],
                    [
                        30.33831,
                        70.15169
                    ],
                    [
                        30.33558,
                        70.15264
                    ],
                    [
                        30.33391,
                        70.15322
                    ],
                    [
                        30.32858,
                        70.15514
                    ],
                    [
                        30.32669,
                        70.15582
                    ],
                    [
                        30.32627,
                        70.15599
                    ],
                    [
                        30.32547,
                        70.15639
                    ],
                    [
                        30.32508,
                        70.15661
                    ],
                    [
                        30.32481,
                        70.1568
                    ],
                    [
                        30.3245,
                        70.15705
                    ],
                    [
                        30.32401,
                        70.15754
                    ],
                    [
                        30.32298,
                        70.15869
                    ],
                    [
                        30.32227,
                        70.15949
                    ],
                    [
                        30.32204,
                        70.15975
                    ],
                    [
                        30.31745,
                        70.16489
                    ],
                    [
                        30.31445,
                        70.1682
                    ],
                    [
                        30.3142,
                        70.16851
                    ],
                    [
                        30.31402,
                        70.16887
                    ],
                    [
                        30.31396,
                        70.16905
                    ],
                    [
                        30.31395,
                        70.16937
                    ],
                    [
                        30.31404,
                        70.1697
                    ],
                    [
                        30.31426,
                        70.17006
                    ],
                    [
                        30.31462,
                        70.17041
                    ],
                    [
                        30.31475,
                        70.17052
                    ],
                    [
                        30.31729,
                        70.17272
                    ],
                    [
                        30.31875,
                        70.17398
                    ],
                    [
                        30.32227,
                        70.17702
                    ],
                    [
                        30.32648,
                        70.18066
                    ],
                    [
                        30.32714,
                        70.18123
                    ],
                    [
                        30.32798,
                        70.18197
                    ],
                    [
                        30.32843,
                        70.1824
                    ],
                    [
                        30.32893,
                        70.18299
                    ],
                    [
                        30.32912,
                        70.1833
                    ],
                    [
                        30.32919,
                        70.18348
                    ],
                    [
                        30.3292,
                        70.18374
                    ],
                    [
                        30.32912,
                        70.18398
                    ],
                    [
                        30.32875,
                        70.18449
                    ],
                    [
                        30.32861,
                        70.18465
                    ],
                    [
                        30.32847,
                        70.18525
                    ],
                    [
                        30.32846,
                        70.18528
                    ],
                    [
                        30.32844,
                        70.18546
                    ],
                    [
                        30.32859,
                        70.18619
                    ],
                    [
                        30.32861,
                        70.18629
                    ],
                    [
                        30.32863,
                        70.18637
                    ],
                    [
                        30.32865,
                        70.18649
                    ],
                    [
                        30.32883,
                        70.18729
                    ],
                    [
                        30.32901,
                        70.18758
                    ],
                    [
                        30.32913,
                        70.18771
                    ],
                    [
                        30.32933,
                        70.18789
                    ],
                    [
                        30.32959,
                        70.18805
                    ],
                    [
                        30.33026,
                        70.18839
                    ],
                    [
                        30.33089,
                        70.18862
                    ],
                    [
                        30.33119,
                        70.18871
                    ],
                    [
                        30.33185,
                        70.18885
                    ],
                    [
                        30.33318,
                        70.18906
                    ],
                    [
                        30.33404,
                        70.18922
                    ],
                    [
                        30.33418,
                        70.18925
                    ],
                    [
                        30.33439,
                        70.1893
                    ],
                    [
                        30.3346,
                        70.18937
                    ],
                    [
                        30.33518,
                        70.18957
                    ],
                    [
                        30.33595,
                        70.18987
                    ],
                    [
                        30.33805,
                        70.19073
                    ],
                    [
                        30.33867,
                        70.19101
                    ],
                    [
                        30.33956,
                        70.19139
                    ],
                    [
                        30.33968,
                        70.19145
                    ],
                    [
                        30.34055,
                        70.19179
                    ],
                    [
                        30.34128,
                        70.19211
                    ],
                    [
                        30.34146,
                        70.19217
                    ],
                    [
                        30.34162,
                        70.19224
                    ],
                    [
                        30.34239,
                        70.19255
                    ],
                    [
                        30.34397,
                        70.1932
                    ],
                    [
                        30.34424,
                        70.19333
                    ],
                    [
                        30.34424,
                        70.19334
                    ],
                    [
                        30.34432,
                        70.19334
                    ],
                    [
                        30.34811,
                        70.1949
                    ],
                    [
                        30.3484,
                        70.19503
                    ],
                    [
                        30.34896,
                        70.19526
                    ],
                    [
                        30.35506,
                        70.19776
                    ],
                    [
                        30.35643,
                        70.19822
                    ],
                    [
                        30.3579,
                        70.19866
                    ],
                    [
                        30.35967,
                        70.19911
                    ],
                    [
                        30.36016,
                        70.19923
                    ],
                    [
                        30.36203,
                        70.1996
                    ],
                    [
                        30.36261,
                        70.1997
                    ],
                    [
                        30.36346,
                        70.19983
                    ],
                    [
                        30.36357,
                        70.19986
                    ],
                    [
                        30.36371,
                        70.19987
                    ],
                    [
                        30.36382,
                        70.1999
                    ],
                    [
                        30.36471,
                        70.20005
                    ],
                    [
                        30.36493,
                        70.20009
                    ],
                    [
                        30.36621,
                        70.20026
                    ],
                    [
                        30.36674,
                        70.20034
                    ],
                    [
                        30.36738,
                        70.20041
                    ],
                    [
                        30.36753,
                        70.20043
                    ],
                    [
                        30.36792,
                        70.20048
                    ],
                    [
                        30.37859,
                        70.2016
                    ],
                    [
                        30.37872,
                        70.20161
                    ],
                    [
                        30.38544,
                        70.20231
                    ],
                    [
                        30.38673,
                        70.20242
                    ],
                    [
                        30.38757,
                        70.20253
                    ],
                    [
                        30.38818,
                        70.20259
                    ],
                    [
                        30.3886,
                        70.20264
                    ],
                    [
                        30.40195,
                        70.20402
                    ],
                    [
                        30.40335,
                        70.20417
                    ],
                    [
                        30.40437,
                        70.20428
                    ],
                    [
                        30.40462,
                        70.20431
                    ],
                    [
                        30.40585,
                        70.20444
                    ],
                    [
                        30.41016,
                        70.20489
                    ],
                    [
                        30.41796,
                        70.20569
                    ],
                    [
                        30.41902,
                        70.20583
                    ],
                    [
                        30.42011,
                        70.20591
                    ],
                    [
                        30.42164,
                        70.20605
                    ],
                    [
                        30.42535,
                        70.20634
                    ],
                    [
                        30.42821,
                        70.20654
                    ],
                    [
                        30.42949,
                        70.20665
                    ],
                    [
                        30.42966,
                        70.20665
                    ],
                    [
                        30.43213,
                        70.20683
                    ],
                    [
                        30.4356,
                        70.20708
                    ],
                    [
                        30.4371,
                        70.20717
                    ],
                    [
                        30.4392,
                        70.20733
                    ],
                    [
                        30.4397,
                        70.20735
                    ],
                    [
                        30.43991,
                        70.20738
                    ],
                    [
                        30.44067,
                        70.20743
                    ],
                    [
                        30.4418,
                        70.20751
                    ],
                    [
                        30.44233,
                        70.20753
                    ],
                    [
                        30.44283,
                        70.20757
                    ],
                    [
                        30.44505,
                        70.20765
                    ],
                    [
                        30.4461,
                        70.20765
                    ],
                    [
                        30.44716,
                        70.20766
                    ],
                    [
                        30.44905,
                        70.20764
                    ],
                    [
                        30.45001,
                        70.20761
                    ],
                    [
                        30.45061,
                        70.20761
                    ],
                    [
                        30.4541,
                        70.20753
                    ],
                    [
                        30.45417,
                        70.20753
                    ],
                    [
                        30.46021,
                        70.20742
                    ],
                    [
                        30.46089,
                        70.20741
                    ],
                    [
                        30.4629,
                        70.20737
                    ],
                    [
                        30.46418,
                        70.20734
                    ],
                    [
                        30.4652,
                        70.20731
                    ],
                    [
                        30.4674,
                        70.20728
                    ],
                    [
                        30.4681,
                        70.20728
                    ],
                    [
                        30.46867,
                        70.20729
                    ],
                    [
                        30.46939,
                        70.20734
                    ],
                    [
                        30.46966,
                        70.20737
                    ],
                    [
                        30.47024,
                        70.20744
                    ],
                    [
                        30.47103,
                        70.20761
                    ],
                    [
                        30.47149,
                        70.20775
                    ],
                    [
                        30.47168,
                        70.20782
                    ],
                    [
                        30.47208,
                        70.208
                    ],
                    [
                        30.47233,
                        70.20815
                    ],
                    [
                        30.47262,
                        70.2084
                    ],
                    [
                        30.47279,
                        70.20865
                    ],
                    [
                        30.47288,
                        70.20896
                    ],
                    [
                        30.47283,
                        70.20927
                    ],
                    [
                        30.47238,
                        70.21074
                    ],
                    [
                        30.47222,
                        70.21131
                    ],
                    [
                        30.47216,
                        70.21163
                    ],
                    [
                        30.47216,
                        70.21207
                    ],
                    [
                        30.47221,
                        70.21243
                    ],
                    [
                        30.47234,
                        70.21281
                    ],
                    [
                        30.47243,
                        70.21304
                    ],
                    [
                        30.47276,
                        70.21356
                    ],
                    [
                        30.47313,
                        70.21397
                    ],
                    [
                        30.47346,
                        70.21429
                    ],
                    [
                        30.47607,
                        70.2163
                    ],
                    [
                        30.47937,
                        70.21883
                    ],
                    [
                        30.48368,
                        70.22217
                    ],
                    [
                        30.48474,
                        70.22301
                    ],
                    [
                        30.48682,
                        70.22461
                    ],
                    [
                        30.49003,
                        70.22709
                    ],
                    [
                        30.49062,
                        70.22754
                    ],
                    [
                        30.49805,
                        70.23327
                    ],
                    [
                        30.49844,
                        70.23358
                    ],
                    [
                        30.49882,
                        70.23386
                    ],
                    [
                        30.50067,
                        70.23508
                    ],
                    [
                        30.50164,
                        70.2356
                    ],
                    [
                        30.50239,
                        70.23599
                    ],
                    [
                        30.50328,
                        70.23641
                    ],
                    [
                        30.50476,
                        70.23707
                    ],
                    [
                        30.51356,
                        70.24043
                    ],
                    [
                        30.51527,
                        70.24106
                    ],
                    [
                        30.51727,
                        70.24182
                    ],
                    [
                        30.51759,
                        70.24195
                    ],
                    [
                        30.51961,
                        70.24271
                    ],
                    [
                        30.52002,
                        70.24287
                    ],
                    [
                        30.52002,
                        70.24287
                    ],
                    [
                        30.52195,
                        70.24359
                    ],
                    [
                        30.52295,
                        70.24388
                    ],
                    [
                        30.52336,
                        70.24401
                    ],
                    [
                        30.52342,
                        70.24402
                    ],
                    [
                        30.52422,
                        70.24422
                    ],
                    [
                        30.52549,
                        70.24448
                    ],
                    [
                        30.52828,
                        70.24496
                    ],
                    [
                        30.52918,
                        70.24514
                    ],
                    [
                        30.52951,
                        70.24518
                    ],
                    [
                        30.52959,
                        70.24521
                    ],
                    [
                        30.53081,
                        70.24542
                    ],
                    [
                        30.53108,
                        70.24548
                    ],
                    [
                        30.53144,
                        70.24552
                    ],
                    [
                        30.53274,
                        70.24576
                    ],
                    [
                        30.533,
                        70.2458
                    ],
                    [
                        30.53314,
                        70.24584
                    ],
                    [
                        30.53569,
                        70.2463
                    ],
                    [
                        30.53587,
                        70.2463
                    ],
                    [
                        30.53711,
                        70.24648
                    ],
                    [
                        30.53727,
                        70.2465
                    ],
                    [
                        30.53737,
                        70.2465
                    ],
                    [
                        30.53773,
                        70.24655
                    ],
                    [
                        30.53794,
                        70.24657
                    ],
                    [
                        30.53943,
                        70.24677
                    ],
                    [
                        30.53957,
                        70.24679
                    ],
                    [
                        30.54195,
                        70.2471
                    ],
                    [
                        30.54199,
                        70.24711
                    ],
                    [
                        30.55377,
                        70.24863
                    ],
                    [
                        30.55981,
                        70.24942
                    ],
                    [
                        30.56159,
                        70.24965
                    ],
                    [
                        30.56396,
                        70.24995
                    ],
                    [
                        30.56405,
                        70.24996
                    ],
                    [
                        30.56439,
                        70.24999
                    ],
                    [
                        30.56563,
                        70.25011
                    ],
                    [
                        30.56621,
                        70.25015
                    ],
                    [
                        30.56708,
                        70.2502
                    ],
                    [
                        30.5683,
                        70.25024
                    ],
                    [
                        30.57111,
                        70.25033
                    ],
                    [
                        30.57759,
                        70.25055
                    ],
                    [
                        30.57975,
                        70.25062
                    ],
                    [
                        30.58145,
                        70.25069
                    ],
                    [
                        30.58347,
                        70.25073
                    ],
                    [
                        30.58594,
                        70.25078
                    ],
                    [
                        30.58823,
                        70.25081
                    ],
                    [
                        30.59155,
                        70.2508
                    ],
                    [
                        30.59419,
                        70.25073
                    ],
                    [
                        30.59708,
                        70.2506
                    ],
                    [
                        30.60153,
                        70.25035
                    ],
                    [
                        30.60471,
                        70.25011
                    ],
                    [
                        30.60791,
                        70.24992
                    ],
                    [
                        30.61174,
                        70.24968
                    ],
                    [
                        30.61397,
                        70.24957
                    ],
                    [
                        30.61504,
                        70.24955
                    ],
                    [
                        30.61836,
                        70.24955
                    ],
                    [
                        30.61939,
                        70.24957
                    ],
                    [
                        30.62147,
                        70.24964
                    ],
                    [
                        30.62257,
                        70.2497
                    ],
                    [
                        30.62276,
                        70.2497
                    ],
                    [
                        30.62481,
                        70.24984
                    ],
                    [
                        30.62487,
                        70.24984
                    ],
                    [
                        30.628,
                        70.25006
                    ],
                    [
                        30.62988,
                        70.25019
                    ],
                    [
                        30.65186,
                        70.25167
                    ],
                    [
                        30.65786,
                        70.25209
                    ],
                    [
                        30.65886,
                        70.25218
                    ],
                    [
                        30.66184,
                        70.25247
                    ],
                    [
                        30.66309,
                        70.25261
                    ],
                    [
                        30.66506,
                        70.25287
                    ],
                    [
                        30.66728,
                        70.25318
                    ],
                    [
                        30.67383,
                        70.25417
                    ],
                    [
                        30.67676,
                        70.25462
                    ],
                    [
                        30.68498,
                        70.25586
                    ],
                    [
                        30.68887,
                        70.25644
                    ],
                    [
                        30.6946,
                        70.25729
                    ],
                    [
                        30.6958,
                        70.25744
                    ],
                    [
                        30.69639,
                        70.25751
                    ],
                    [
                        30.6969,
                        70.25754
                    ],
                    [
                        30.69831,
                        70.25767
                    ],
                    [
                        30.70463,
                        70.25818
                    ],
                    [
                        30.7077,
                        70.25843
                    ],
                    [
                        30.70924,
                        70.25855
                    ],
                    [
                        30.70936,
                        70.25857
                    ],
                    [
                        30.71777,
                        70.25926
                    ],
                    [
                        30.73535,
                        70.26069
                    ],
                    [
                        30.73543,
                        70.2607
                    ],
                    [
                        30.73753,
                        70.26085
                    ],
                    [
                        30.73816,
                        70.26093
                    ],
                    [
                        30.73856,
                        70.26094
                    ],
                    [
                        30.73975,
                        70.26103
                    ],
                    [
                        30.74049,
                        70.2611
                    ],
                    [
                        30.74118,
                        70.26117
                    ],
                    [
                        30.74751,
                        70.26166
                    ],
                    [
                        30.74771,
                        70.2617
                    ],
                    [
                        30.7478,
                        70.2617
                    ],
                    [
                        30.7484,
                        70.26174
                    ],
                    [
                        30.74938,
                        70.26181
                    ],
                    [
                        30.75036,
                        70.26191
                    ],
                    [
                        30.75833,
                        70.26254
                    ],
                    [
                        30.75948,
                        70.26264
                    ],
                    [
                        30.76172,
                        70.2628
                    ],
                    [
                        30.76736,
                        70.2632
                    ],
                    [
                        30.77023,
                        70.26333
                    ],
                    [
                        30.77563,
                        70.26365
                    ],
                    [
                        30.77757,
                        70.26381
                    ],
                    [
                        30.77831,
                        70.26388
                    ],
                    [
                        30.77899,
                        70.26396
                    ],
                    [
                        30.78369,
                        70.26443
                    ],
                    [
                        30.7882,
                        70.26488
                    ],
                    [
                        30.78892,
                        70.26499
                    ],
                    [
                        30.78916,
                        70.265
                    ],
                    [
                        30.78997,
                        70.2651
                    ],
                    [
                        30.79022,
                        70.26511
                    ],
                    [
                        30.8032,
                        70.26645
                    ],
                    [
                        30.80364,
                        70.26651
                    ],
                    [
                        30.80566,
                        70.26671
                    ],
                    [
                        30.80787,
                        70.26693
                    ],
                    [
                        30.81146,
                        70.26725
                    ],
                    [
                        30.81422,
                        70.26743
                    ],
                    [
                        30.8143,
                        70.26743
                    ],
                    [
                        30.81442,
                        70.26745
                    ],
                    [
                        30.81759,
                        70.26761
                    ],
                    [
                        30.82014,
                        70.26769
                    ],
                    [
                        30.82182,
                        70.26772
                    ],
                    [
                        30.82347,
                        70.26772
                    ],
                    [
                        30.82512,
                        70.2677
                    ],
                    [
                        30.82674,
                        70.26768
                    ],
                    [
                        30.82764,
                        70.26765
                    ],
                    [
                        30.8306,
                        70.26756
                    ],
                    [
                        30.83542,
                        70.26738
                    ],
                    [
                        30.83643,
                        70.26734
                    ],
                    [
                        30.83658,
                        70.26734
                    ],
                    [
                        30.83675,
                        70.26733
                    ],
                    [
                        30.84279,
                        70.26711
                    ],
                    [
                        30.84293,
                        70.2671
                    ],
                    [
                        30.84543,
                        70.26703
                    ],
                    [
                        30.84961,
                        70.26688
                    ],
                    [
                        30.85433,
                        70.2667
                    ],
                    [
                        30.85749,
                        70.26658
                    ],
                    [
                        30.85861,
                        70.26654
                    ],
                    [
                        30.8587,
                        70.26654
                    ],
                    [
                        30.86022,
                        70.26649
                    ],
                    [
                        30.86175,
                        70.26645
                    ],
                    [
                        30.86362,
                        70.26645
                    ],
                    [
                        30.86411,
                        70.26645
                    ],
                    [
                        30.86534,
                        70.26649
                    ],
                    [
                        30.86677,
                        70.2666
                    ],
                    [
                        30.86787,
                        70.26672
                    ],
                    [
                        30.86937,
                        70.26691
                    ],
                    [
                        30.87012,
                        70.26701
                    ],
                    [
                        30.87086,
                        70.26714
                    ],
                    [
                        30.87158,
                        70.26728
                    ],
                    [
                        30.87296,
                        70.26754
                    ],
                    [
                        30.87361,
                        70.26769
                    ],
                    [
                        30.8764,
                        70.26822
                    ],
                    [
                        30.87801,
                        70.26855
                    ],
                    [
                        30.87892,
                        70.26873
                    ],
                    [
                        30.88433,
                        70.26982
                    ],
                    [
                        30.88648,
                        70.27016
                    ],
                    [
                        30.89,
                        70.27061
                    ],
                    [
                        30.89126,
                        70.27072
                    ],
                    [
                        30.89355,
                        70.2709
                    ],
                    [
                        30.89882,
                        70.27132
                    ],
                    [
                        30.90106,
                        70.27151
                    ],
                    [
                        30.90181,
                        70.27155
                    ],
                    [
                        30.90241,
                        70.27161
                    ],
                    [
                        30.90853,
                        70.27211
                    ],
                    [
                        30.90916,
                        70.27218
                    ],
                    [
                        30.90955,
                        70.27222
                    ],
                    [
                        30.91133,
                        70.27245
                    ],
                    [
                        30.9144,
                        70.27293
                    ],
                    [
                        30.91547,
                        70.2731
                    ],
                    [
                        30.91553,
                        70.27311
                    ],
                    [
                        30.9172,
                        70.27337
                    ],
                    [
                        30.91983,
                        70.27377
                    ],
                    [
                        30.92046,
                        70.27388
                    ],
                    [
                        30.92215,
                        70.27412
                    ],
                    [
                        30.92256,
                        70.27419
                    ],
                    [
                        30.92578,
                        70.27468
                    ],
                    [
                        30.92963,
                        70.2753
                    ],
                    [
                        30.93292,
                        70.27582
                    ],
                    [
                        30.93314,
                        70.27584
                    ],
                    [
                        30.93332,
                        70.27588
                    ],
                    [
                        30.93651,
                        70.27639
                    ],
                    [
                        30.93748,
                        70.27652
                    ],
                    [
                        30.9375,
                        70.27652
                    ],
                    [
                        30.938,
                        70.27661
                    ],
                    [
                        30.94027,
                        70.27696
                    ],
                    [
                        30.94057,
                        70.27701
                    ],
                    [
                        30.94133,
                        70.27714
                    ],
                    [
                        30.94179,
                        70.27719
                    ],
                    [
                        30.9422,
                        70.27727
                    ],
                    [
                        30.94242,
                        70.2773
                    ],
                    [
                        30.94573,
                        70.27782
                    ],
                    [
                        30.94811,
                        70.27821
                    ],
                    [
                        30.94905,
                        70.2784
                    ],
                    [
                        30.9509,
                        70.2788
                    ],
                    [
                        30.95226,
                        70.27916
                    ],
                    [
                        30.95242,
                        70.2792
                    ],
                    [
                        30.95363,
                        70.27951
                    ],
                    [
                        30.95505,
                        70.27992
                    ],
                    [
                        30.95693,
                        70.28054
                    ],
                    [
                        30.95947,
                        70.2814
                    ],
                    [
                        30.96178,
                        70.2822
                    ],
                    [
                        30.96255,
                        70.28247
                    ],
                    [
                        30.96302,
                        70.28266
                    ],
                    [
                        30.96367,
                        70.28297
                    ],
                    [
                        30.96428,
                        70.28333
                    ],
                    [
                        30.96495,
                        70.28381
                    ],
                    [
                        30.96575,
                        70.28439
                    ],
                    [
                        30.96607,
                        70.2846
                    ],
                    [
                        30.9664,
                        70.28476
                    ],
                    [
                        30.96684,
                        70.28497
                    ],
                    [
                        30.96737,
                        70.28516
                    ],
                    [
                        30.9684,
                        70.28547
                    ],
                    [
                        30.96949,
                        70.28573
                    ],
                    [
                        30.9707,
                        70.28596
                    ],
                    [
                        30.9712,
                        70.28604
                    ],
                    [
                        30.97303,
                        70.28624
                    ],
                    [
                        30.97315,
                        70.28625
                    ],
                    [
                        30.97567,
                        70.28646
                    ],
                    [
                        30.97829,
                        70.28672
                    ],
                    [
                        30.9795,
                        70.28684
                    ],
                    [
                        30.97962,
                        70.28682
                    ],
                    [
                        30.98,
                        70.28688
                    ],
                    [
                        30.98145,
                        70.28702
                    ],
                    [
                        30.98256,
                        70.28712
                    ],
                    [
                        30.98473,
                        70.28731
                    ],
                    [
                        30.9876,
                        70.28758
                    ],
                    [
                        30.98806,
                        70.28762
                    ],
                    [
                        30.98816,
                        70.28764
                    ],
                    [
                        30.98827,
                        70.28764
                    ],
                    [
                        30.98926,
                        70.28778
                    ],
                    [
                        30.99001,
                        70.28792
                    ],
                    [
                        30.9901,
                        70.28794
                    ],
                    [
                        30.99055,
                        70.28805
                    ],
                    [
                        30.99109,
                        70.28823
                    ],
                    [
                        30.9914,
                        70.28834
                    ],
                    [
                        30.99162,
                        70.28843
                    ],
                    [
                        30.99202,
                        70.28865
                    ],
                    [
                        30.9924,
                        70.28892
                    ],
                    [
                        30.99289,
                        70.28932
                    ],
                    [
                        30.99308,
                        70.28945
                    ],
                    [
                        30.99337,
                        70.28968
                    ],
                    [
                        30.99394,
                        70.29008
                    ],
                    [
                        30.99422,
                        70.29025
                    ],
                    [
                        30.9948,
                        70.29053
                    ],
                    [
                        30.99509,
                        70.29066
                    ],
                    [
                        30.99545,
                        70.2908
                    ],
                    [
                        30.99622,
                        70.29113
                    ],
                    [
                        30.99781,
                        70.29177
                    ],
                    [
                        30.99856,
                        70.29205
                    ],
                    [
                        30.99877,
                        70.29215
                    ],
                    [
                        30.99919,
                        70.29234
                    ],
                    [
                        30.99956,
                        70.29254
                    ],
                    [
                        31.00028,
                        70.29299
                    ],
                    [
                        31.00305,
                        70.29504
                    ],
                    [
                        31.00342,
                        70.2953
                    ],
                    [
                        31.00586,
                        70.29706
                    ],
                    [
                        31.00688,
                        70.29781
                    ],
                    [
                        31.00771,
                        70.2985
                    ],
                    [
                        31.00827,
                        70.29904
                    ],
                    [
                        31.00944,
                        70.30025
                    ],
                    [
                        31.0099,
                        70.30073
                    ],
                    [
                        31.00999,
                        70.30082
                    ],
                    [
                        31.01305,
                        70.304
                    ],
                    [
                        31.01353,
                        70.30446
                    ],
                    [
                        31.01744,
                        70.30849
                    ],
                    [
                        31.02135,
                        70.3125
                    ],
                    [
                        31.02168,
                        70.31283
                    ],
                    [
                        31.02203,
                        70.31318
                    ],
                    [
                        31.02259,
                        70.31359
                    ],
                    [
                        31.02289,
                        70.3138
                    ],
                    [
                        31.02362,
                        70.31415
                    ],
                    [
                        31.02407,
                        70.31434
                    ],
                    [
                        31.02539,
                        70.31484
                    ],
                    [
                        31.02547,
                        70.31487
                    ],
                    [
                        31.03001,
                        70.31653
                    ],
                    [
                        31.03088,
                        70.31688
                    ],
                    [
                        31.0314,
                        70.31713
                    ],
                    [
                        31.03185,
                        70.3174
                    ],
                    [
                        31.03226,
                        70.31771
                    ],
                    [
                        31.03256,
                        70.31807
                    ],
                    [
                        31.03279,
                        70.31847
                    ],
                    [
                        31.03497,
                        70.32301
                    ],
                    [
                        31.03516,
                        70.32338
                    ],
                    [
                        31.03516,
                        70.32338
                    ],
                    [
                        31.03606,
                        70.32514
                    ],
                    [
                        31.03621,
                        70.32554
                    ],
                    [
                        31.03623,
                        70.32589
                    ],
                    [
                        31.03617,
                        70.32616
                    ],
                    [
                        31.03594,
                        70.32653
                    ],
                    [
                        31.03567,
                        70.32679
                    ],
                    [
                        31.03534,
                        70.32702
                    ],
                    [
                        31.03499,
                        70.32722
                    ],
                    [
                        31.03449,
                        70.32745
                    ],
                    [
                        31.03369,
                        70.32774
                    ],
                    [
                        31.03254,
                        70.32803
                    ],
                    [
                        31.02716,
                        70.32921
                    ],
                    [
                        31.02609,
                        70.3295
                    ],
                    [
                        31.02539,
                        70.32975
                    ],
                    [
                        31.02531,
                        70.32978
                    ],
                    [
                        31.02474,
                        70.33006
                    ],
                    [
                        31.02427,
                        70.33038
                    ],
                    [
                        31.02393,
                        70.33065
                    ],
                    [
                        31.02377,
                        70.33087
                    ],
                    [
                        31.02368,
                        70.33104
                    ],
                    [
                        31.0236,
                        70.33134
                    ],
                    [
                        31.02357,
                        70.33244
                    ],
                    [
                        31.02355,
                        70.33447
                    ],
                    [
                        31.02351,
                        70.33759
                    ],
                    [
                        31.02344,
                        70.33814
                    ],
                    [
                        31.02332,
                        70.33848
                    ],
                    [
                        31.02311,
                        70.33882
                    ],
                    [
                        31.02271,
                        70.33926
                    ],
                    [
                        31.02239,
                        70.33953
                    ],
                    [
                        31.0219,
                        70.33987
                    ],
                    [
                        31.02116,
                        70.34029
                    ],
                    [
                        31.01963,
                        70.34106
                    ],
                    [
                        31.01831,
                        70.34173
                    ],
                    [
                        31.01776,
                        70.34201
                    ],
                    [
                        31.01744,
                        70.34219
                    ],
                    [
                        31.01707,
                        70.34242
                    ],
                    [
                        31.01673,
                        70.34271
                    ],
                    [
                        31.01647,
                        70.34303
                    ],
                    [
                        31.01628,
                        70.34336
                    ],
                    [
                        31.01622,
                        70.34366
                    ],
                    [
                        31.01623,
                        70.3438
                    ],
                    [
                        31.01635,
                        70.34417
                    ],
                    [
                        31.01944,
                        70.34965
                    ],
                    [
                        31.01998,
                        70.35064
                    ],
                    [
                        31.02102,
                        70.35243
                    ],
                    [
                        31.0224,
                        70.35472
                    ],
                    [
                        31.0226,
                        70.35496
                    ],
                    [
                        31.02291,
                        70.35525
                    ],
                    [
                        31.02321,
                        70.35545
                    ],
                    [
                        31.02359,
                        70.35569
                    ],
                    [
                        31.02457,
                        70.35615
                    ],
                    [
                        31.02522,
                        70.35644
                    ],
                    [
                        31.02539,
                        70.35652
                    ],
                    [
                        31.02763,
                        70.35754
                    ],
                    [
                        31.02961,
                        70.35843
                    ],
                    [
                        31.03017,
                        70.35871
                    ],
                    [
                        31.03052,
                        70.35885
                    ],
                    [
                        31.03218,
                        70.35962
                    ],
                    [
                        31.03297,
                        70.35995
                    ],
                    [
                        31.03372,
                        70.3602
                    ],
                    [
                        31.03411,
                        70.36033
                    ],
                    [
                        31.03454,
                        70.36044
                    ],
                    [
                        31.0348,
                        70.36051
                    ],
                    [
                        31.03501,
                        70.36057
                    ],
                    [
                        31.03646,
                        70.36083
                    ],
                    [
                        31.03718,
                        70.36091
                    ],
                    [
                        31.03772,
                        70.36098
                    ],
                    [
                        31.03882,
                        70.36105
                    ],
                    [
                        31.0392,
                        70.36108
                    ],
                    [
                        31.03927,
                        70.36108
                    ],
                    [
                        31.04049,
                        70.36109
                    ],
                    [
                        31.04064,
                        70.36109
                    ],
                    [
                        31.04082,
                        70.36109
                    ],
                    [
                        31.04148,
                        70.36105
                    ],
                    [
                        31.0424,
                        70.36098
                    ],
                    [
                        31.04285,
                        70.36094
                    ],
                    [
                        31.04344,
                        70.36084
                    ],
                    [
                        31.04421,
                        70.36069
                    ],
                    [
                        31.04486,
                        70.36051
                    ],
                    [
                        31.04539,
                        70.36032
                    ],
                    [
                        31.0457,
                        70.36017
                    ],
                    [
                        31.04603,
                        70.35997
                    ],
                    [
                        31.047,
                        70.35935
                    ],
                    [
                        31.04736,
                        70.35916
                    ],
                    [
                        31.04741,
                        70.35914
                    ],
                    [
                        31.04783,
                        70.35894
                    ],
                    [
                        31.04862,
                        70.35866
                    ],
                    [
                        31.04961,
                        70.35839
                    ],
                    [
                        31.05004,
                        70.35827
                    ],
                    [
                        31.05082,
                        70.35814
                    ],
                    [
                        31.05136,
                        70.35805
                    ],
                    [
                        31.05233,
                        70.35793
                    ],
                    [
                        31.05341,
                        70.35791
                    ],
                    [
                        31.05753,
                        70.35791
                    ],
                    [
                        31.05888,
                        70.35804
                    ],
                    [
                        31.05988,
                        70.35814
                    ],
                    [
                        31.06142,
                        70.35836
                    ],
                    [
                        31.06257,
                        70.35854
                    ],
                    [
                        31.06542,
                        70.35906
                    ],
                    [
                        31.06631,
                        70.35923
                    ],
                    [
                        31.06718,
                        70.35938
                    ],
                    [
                        31.06934,
                        70.35978
                    ],
                    [
                        31.0711,
                        70.36011
                    ],
                    [
                        31.07183,
                        70.36028
                    ],
                    [
                        31.0733,
                        70.36054
                    ],
                    [
                        31.075,
                        70.36082
                    ],
                    [
                        31.07759,
                        70.36109
                    ],
                    [
                        31.08093,
                        70.36145
                    ],
                    [
                        31.08255,
                        70.36162
                    ],
                    [
                        31.08299,
                        70.36169
                    ],
                    [
                        31.08389,
                        70.36176
                    ],
                    [
                        31.08574,
                        70.36196
                    ],
                    [
                        31.0864,
                        70.36202
                    ],
                    [
                        31.08951,
                        70.36237
                    ],
                    [
                        31.09012,
                        70.36245
                    ],
                    [
                        31.09068,
                        70.3625
                    ],
                    [
                        31.09131,
                        70.36259
                    ],
                    [
                        31.09219,
                        70.36272
                    ],
                    [
                        31.09279,
                        70.36283
                    ],
                    [
                        31.09354,
                        70.36299
                    ],
                    [
                        31.09469,
                        70.36329
                    ],
                    [
                        31.09651,
                        70.36382
                    ],
                    [
                        31.09803,
                        70.36426
                    ],
                    [
                        31.09873,
                        70.36457
                    ],
                    [
                        31.09959,
                        70.36489
                    ],
                    [
                        31.1005,
                        70.36526
                    ],
                    [
                        31.10095,
                        70.36547
                    ],
                    [
                        31.10147,
                        70.36569
                    ],
                    [
                        31.1017,
                        70.36599
                    ],
                    [
                        31.10183,
                        70.36624
                    ],
                    [
                        31.10203,
                        70.36689
                    ],
                    [
                        31.10212,
                        70.36709
                    ],
                    [
                        31.10222,
                        70.36724
                    ],
                    [
                        31.1025,
                        70.3675
                    ],
                    [
                        31.10299,
                        70.36779
                    ],
                    [
                        31.10328,
                        70.3679
                    ],
                    [
                        31.10377,
                        70.36808
                    ],
                    [
                        31.10418,
                        70.36825
                    ],
                    [
                        31.10441,
                        70.36834
                    ],
                    [
                        31.1048,
                        70.36854
                    ],
                    [
                        31.10536,
                        70.3689
                    ],
                    [
                        31.1062,
                        70.36949
                    ],
                    [
                        31.10644,
                        70.36964
                    ],
                    [
                        31.10664,
                        70.36981
                    ],
                    [
                        31.10683,
                        70.37
                    ],
                    [
                        31.10645,
                        70.37003
                    ],
                    [
                        31.10593,
                        70.37007
                    ],
                    [
                        31.10568,
                        70.37011
                    ],
                    [
                        31.10515,
                        70.37004
                    ],
                    [
                        31.1051,
                        70.37003
                    ],
                    [
                        31.10403,
                        70.36999
                    ],
                    [
                        31.10352,
                        70.36999
                    ],
                    [
                        31.1033,
                        70.37
                    ],
                    [
                        31.10253,
                        70.37009
                    ],
                    [
                        31.10246,
                        70.37012
                    ],
                    [
                        31.10154,
                        70.37026
                    ],
                    [
                        31.10133,
                        70.37029
                    ],
                    [
                        31.10113,
                        70.37023
                    ],
                    [
                        31.10021,
                        70.37021
                    ],
                    [
                        31.09872,
                        70.37018
                    ],
                    [
                        31.09837,
                        70.37018
                    ],
                    [
                        31.09771,
                        70.37018
                    ],
                    [
                        31.09771,
                        70.37018
                    ],
                    [
                        31.09837,
                        70.37018
                    ],
                    [
                        31.09872,
                        70.37018
                    ],
                    [
                        31.10021,
                        70.37021
                    ],
                    [
                        31.10113,
                        70.37023
                    ],
                    [
                        31.10133,
                        70.37029
                    ],
                    [
                        31.10154,
                        70.37026
                    ],
                    [
                        31.10246,
                        70.37012
                    ],
                    [
                        31.10253,
                        70.37009
                    ],
                    [
                        31.1033,
                        70.37
                    ],
                    [
                        31.10352,
                        70.36999
                    ],
                    [
                        31.10403,
                        70.36999
                    ],
                    [
                        31.1051,
                        70.37003
                    ],
                    [
                        31.10515,
                        70.37004
                    ],
                    [
                        31.10568,
                        70.37011
                    ],
                    [
                        31.10593,
                        70.37007
                    ],
                    [
                        31.10645,
                        70.37003
                    ],
                    [
                        31.10683,
                        70.37
                    ],
                    [
                        31.10664,
                        70.36981
                    ],
                    [
                        31.10644,
                        70.36964
                    ],
                    [
                        31.1062,
                        70.36949
                    ],
                    [
                        31.10536,
                        70.3689
                    ],
                    [
                        31.1048,
                        70.36854
                    ],
                    [
                        31.10441,
                        70.36834
                    ],
                    [
                        31.10418,
                        70.36825
                    ],
                    [
                        31.10377,
                        70.36808
                    ],
                    [
                        31.10328,
                        70.3679
                    ],
                    [
                        31.10299,
                        70.36779
                    ],
                    [
                        31.1025,
                        70.3675
                    ],
                    [
                        31.10222,
                        70.36724
                    ],
                    [
                        31.10212,
                        70.36709
                    ],
                    [
                        31.10203,
                        70.36689
                    ],
                    [
                        31.10183,
                        70.36624
                    ],
                    [
                        31.1017,
                        70.36599
                    ],
                    [
                        31.10147,
                        70.36569
                    ],
                    [
                        31.10095,
                        70.36547
                    ],
                    [
                        31.1005,
                        70.36526
                    ],
                    [
                        31.09959,
                        70.36489
                    ],
                    [
                        31.09873,
                        70.36457
                    ],
                    [
                        31.09803,
                        70.36426
                    ],
                    [
                        31.09651,
                        70.36382
                    ],
                    [
                        31.09469,
                        70.36329
                    ],
                    [
                        31.09354,
                        70.36299
                    ],
                    [
                        31.09279,
                        70.36283
                    ],
                    [
                        31.09219,
                        70.36272
                    ],
                    [
                        31.09131,
                        70.36259
                    ],
                    [
                        31.09068,
                        70.3625
                    ],
                    [
                        31.09012,
                        70.36245
                    ],
                    [
                        31.08951,
                        70.36237
                    ],
                    [
                        31.0864,
                        70.36202
                    ],
                    [
                        31.08574,
                        70.36196
                    ],
                    [
                        31.08389,
                        70.36176
                    ],
                    [
                        31.08299,
                        70.36169
                    ],
                    [
                        31.08255,
                        70.36162
                    ],
                    [
                        31.08093,
                        70.36145
                    ],
                    [
                        31.07759,
                        70.36109
                    ],
                    [
                        31.075,
                        70.36082
                    ],
                    [
                        31.0733,
                        70.36054
                    ],
                    [
                        31.07183,
                        70.36028
                    ],
                    [
                        31.0711,
                        70.36011
                    ],
                    [
                        31.06934,
                        70.35978
                    ],
                    [
                        31.06718,
                        70.35938
                    ],
                    [
                        31.06631,
                        70.35923
                    ],
                    [
                        31.06542,
                        70.35906
                    ],
                    [
                        31.06257,
                        70.35854
                    ],
                    [
                        31.06142,
                        70.35836
                    ],
                    [
                        31.05988,
                        70.35814
                    ],
                    [
                        31.05888,
                        70.35804
                    ],
                    [
                        31.05753,
                        70.35791
                    ],
                    [
                        31.05341,
                        70.35791
                    ],
                    [
                        31.05233,
                        70.35793
                    ],
                    [
                        31.05136,
                        70.35805
                    ],
                    [
                        31.05082,
                        70.35814
                    ],
                    [
                        31.05004,
                        70.35827
                    ],
                    [
                        31.04961,
                        70.35839
                    ],
                    [
                        31.04862,
                        70.35866
                    ],
                    [
                        31.04783,
                        70.35894
                    ],
                    [
                        31.04741,
                        70.35914
                    ],
                    [
                        31.04736,
                        70.35916
                    ],
                    [
                        31.047,
                        70.35935
                    ],
                    [
                        31.04603,
                        70.35997
                    ],
                    [
                        31.0457,
                        70.36017
                    ],
                    [
                        31.04539,
                        70.36032
                    ],
                    [
                        31.04486,
                        70.36051
                    ],
                    [
                        31.04421,
                        70.36069
                    ],
                    [
                        31.04344,
                        70.36084
                    ],
                    [
                        31.04285,
                        70.36094
                    ],
                    [
                        31.0424,
                        70.36098
                    ],
                    [
                        31.04148,
                        70.36105
                    ],
                    [
                        31.04082,
                        70.36109
                    ],
                    [
                        31.04064,
                        70.36109
                    ],
                    [
                        31.04049,
                        70.36109
                    ],
                    [
                        31.03927,
                        70.36108
                    ],
                    [
                        31.0392,
                        70.36108
                    ],
                    [
                        31.03882,
                        70.36105
                    ],
                    [
                        31.03772,
                        70.36098
                    ],
                    [
                        31.03718,
                        70.36091
                    ],
                    [
                        31.03646,
                        70.36083
                    ],
                    [
                        31.03501,
                        70.36057
                    ],
                    [
                        31.0348,
                        70.36051
                    ],
                    [
                        31.03454,
                        70.36044
                    ],
                    [
                        31.03411,
                        70.36033
                    ],
                    [
                        31.03372,
                        70.3602
                    ],
                    [
                        31.03297,
                        70.35995
                    ],
                    [
                        31.03218,
                        70.35962
                    ],
                    [
                        31.03052,
                        70.35885
                    ],
                    [
                        31.03017,
                        70.35871
                    ],
                    [
                        31.02996,
                        70.35875
                    ],
                    [
                        31.02959,
                        70.35881
                    ],
                    [
                        31.02896,
                        70.35901
                    ],
                    [
                        31.02869,
                        70.35912
                    ],
                    [
                        31.02818,
                        70.35939
                    ],
                    [
                        31.02787,
                        70.35957
                    ],
                    [
                        31.02702,
                        70.3601
                    ],
                    [
                        31.0268,
                        70.36023
                    ],
                    [
                        31.02641,
                        70.36051
                    ],
                    [
                        31.02614,
                        70.36065
                    ],
                    [
                        31.02589,
                        70.36082
                    ],
                    [
                        31.02563,
                        70.36096
                    ],
                    [
                        31.02539,
                        70.36112
                    ],
                    [
                        31.02418,
                        70.36188
                    ],
                    [
                        31.02357,
                        70.36226
                    ],
                    [
                        31.02348,
                        70.3623
                    ],
                    [
                        31.02173,
                        70.36338
                    ],
                    [
                        31.02167,
                        70.36342
                    ],
                    [
                        31.02142,
                        70.36357
                    ],
                    [
                        31.0212,
                        70.36375
                    ],
                    [
                        31.02089,
                        70.36391
                    ],
                    [
                        31.02059,
                        70.36413
                    ],
                    [
                        31.02042,
                        70.36422
                    ],
                    [
                        31.02034,
                        70.36427
                    ],
                    [
                        31.01998,
                        70.36449
                    ],
                    [
                        31.01922,
                        70.36503
                    ],
                    [
                        31.01905,
                        70.36519
                    ],
                    [
                        31.01828,
                        70.36611
                    ],
                    [
                        31.01816,
                        70.36635
                    ],
                    [
                        31.01796,
                        70.36703
                    ],
                    [
                        31.01795,
                        70.36739
                    ],
                    [
                        31.01797,
                        70.36781
                    ],
                    [
                        31.01827,
                        70.36884
                    ],
                    [
                        31.01829,
                        70.36908
                    ],
                    [
                        31.01853,
                        70.37
                    ],
                    [
                        31.01894,
                        70.37165
                    ],
                    [
                        31.01969,
                        70.37464
                    ],
                    [
                        31.01972,
                        70.37468
                    ],
                    [
                        31.02013,
                        70.37636
                    ],
                    [
                        31.02056,
                        70.37813
                    ],
                    [
                        31.02063,
                        70.37842
                    ],
                    [
                        31.02146,
                        70.38163
                    ],
                    [
                        31.02176,
                        70.3828
                    ],
                    [
                        31.02192,
                        70.38346
                    ],
                    [
                        31.02191,
                        70.3839
                    ],
                    [
                        31.02183,
                        70.38418
                    ],
                    [
                        31.02147,
                        70.38463
                    ],
                    [
                        31.02125,
                        70.38481
                    ],
                    [
                        31.02102,
                        70.38499
                    ],
                    [
                        31.02083,
                        70.38508
                    ],
                    [
                        31.02063,
                        70.38525
                    ],
                    [
                        31.02058,
                        70.38529
                    ],
                    [
                        31.02055,
                        70.38531
                    ],
                    [
                        31.02046,
                        70.38531
                    ],
                    [
                        31.02031,
                        70.38536
                    ],
                    [
                        31.01995,
                        70.38547
                    ],
                    [
                        31.01992,
                        70.38547
                    ],
                    [
                        31.01532,
                        70.38687
                    ],
                    [
                        31.0147,
                        70.38704
                    ],
                    [
                        31.01327,
                        70.38746
                    ],
                    [
                        31.01271,
                        70.38766
                    ],
                    [
                        31.01234,
                        70.38784
                    ],
                    [
                        31.01168,
                        70.38822
                    ],
                    [
                        31.01129,
                        70.38843
                    ],
                    [
                        31.01109,
                        70.38858
                    ],
                    [
                        31.01063,
                        70.38884
                    ],
                    [
                        31.01027,
                        70.38909
                    ],
                    [
                        31.00984,
                        70.38933
                    ],
                    [
                        31.00927,
                        70.38961
                    ],
                    [
                        31.00874,
                        70.38979
                    ],
                    [
                        31.00844,
                        70.38988
                    ],
                    [
                        31.0075,
                        70.39009
                    ],
                    [
                        31.00711,
                        70.39015
                    ],
                    [
                        31.00487,
                        70.39051
                    ],
                    [
                        31.00471,
                        70.39055
                    ],
                    [
                        31.0044,
                        70.39058
                    ],
                    [
                        31.00342,
                        70.39073
                    ],
                    [
                        31.00298,
                        70.3908
                    ],
                    [
                        30.9997,
                        70.3913
                    ],
                    [
                        30.99849,
                        70.39145
                    ],
                    [
                        30.99269,
                        70.39234
                    ],
                    [
                        30.98541,
                        70.39342
                    ],
                    [
                        30.98504,
                        70.39349
                    ],
                    [
                        30.98145,
                        70.39403
                    ],
                    [
                        30.97812,
                        70.39454
                    ],
                    [
                        30.97399,
                        70.39515
                    ],
                    [
                        30.97271,
                        70.39534
                    ],
                    [
                        30.97225,
                        70.39539
                    ],
                    [
                        30.96545,
                        70.39645
                    ],
                    [
                        30.96482,
                        70.39657
                    ],
                    [
                        30.96421,
                        70.39671
                    ],
                    [
                        30.96311,
                        70.39704
                    ],
                    [
                        30.96192,
                        70.39742
                    ],
                    [
                        30.96089,
                        70.39773
                    ],
                    [
                        30.95947,
                        70.39818
                    ],
                    [
                        30.95866,
                        70.39843
                    ],
                    [
                        30.95691,
                        70.39901
                    ],
                    [
                        30.95661,
                        70.39912
                    ],
                    [
                        30.95606,
                        70.39933
                    ],
                    [
                        30.95577,
                        70.39942
                    ],
                    [
                        30.95417,
                        70.40003
                    ],
                    [
                        30.95322,
                        70.40039
                    ],
                    [
                        30.95278,
                        70.40056
                    ],
                    [
                        30.95222,
                        70.40073
                    ],
                    [
                        30.95179,
                        70.40084
                    ],
                    [
                        30.94937,
                        70.40127
                    ],
                    [
                        30.94918,
                        70.4013
                    ],
                    [
                        30.94899,
                        70.40134
                    ],
                    [
                        30.94864,
                        70.40138
                    ],
                    [
                        30.94844,
                        70.40142
                    ],
                    [
                        30.94836,
                        70.40143
                    ],
                    [
                        30.94832,
                        70.40145
                    ],
                    [
                        30.9479,
                        70.40152
                    ],
                    [
                        30.94133,
                        70.40264
                    ],
                    [
                        30.93924,
                        70.40304
                    ],
                    [
                        30.93756,
                        70.40331
                    ],
                    [
                        30.9375,
                        70.40331
                    ],
                    [
                        30.93716,
                        70.40339
                    ],
                    [
                        30.93644,
                        70.40352
                    ],
                    [
                        30.93573,
                        70.40371
                    ],
                    [
                        30.93517,
                        70.40389
                    ],
                    [
                        30.93472,
                        70.40409
                    ],
                    [
                        30.93422,
                        70.4044
                    ],
                    [
                        30.93398,
                        70.40457
                    ],
                    [
                        30.93196,
                        70.4064
                    ],
                    [
                        30.93178,
                        70.4066
                    ],
                    [
                        30.92588,
                        70.412
                    ],
                    [
                        30.92434,
                        70.41379
                    ],
                    [
                        30.92394,
                        70.41434
                    ],
                    [
                        30.92386,
                        70.41455
                    ],
                    [
                        30.92376,
                        70.41489
                    ],
                    [
                        30.92339,
                        70.42043
                    ],
                    [
                        30.92322,
                        70.42137
                    ],
                    [
                        30.92279,
                        70.42234
                    ],
                    [
                        30.92277,
                        70.42236
                    ],
                    [
                        30.92239,
                        70.42291
                    ],
                    [
                        30.92202,
                        70.42331
                    ],
                    [
                        30.92136,
                        70.42392
                    ],
                    [
                        30.92078,
                        70.42434
                    ],
                    [
                        30.91945,
                        70.42538
                    ],
                    [
                        30.91901,
                        70.42567
                    ],
                    [
                        30.91855,
                        70.42606
                    ],
                    [
                        30.91841,
                        70.42614
                    ],
                    [
                        30.91809,
                        70.4264
                    ],
                    [
                        30.91754,
                        70.4268
                    ],
                    [
                        30.91719,
                        70.42709
                    ],
                    [
                        30.91691,
                        70.42729
                    ],
                    [
                        30.91621,
                        70.42787
                    ],
                    [
                        30.91582,
                        70.42814
                    ],
                    [
                        30.91553,
                        70.42838
                    ],
                    [
                        30.91551,
                        70.4284
                    ],
                    [
                        30.91532,
                        70.42852
                    ],
                    [
                        30.91491,
                        70.42887
                    ],
                    [
                        30.91429,
                        70.42931
                    ],
                    [
                        30.91239,
                        70.43078
                    ],
                    [
                        30.91176,
                        70.43123
                    ],
                    [
                        30.91124,
                        70.43165
                    ],
                    [
                        30.91082,
                        70.43195
                    ],
                    [
                        30.9102,
                        70.43243
                    ],
                    [
                        30.90995,
                        70.43259
                    ],
                    [
                        30.90973,
                        70.43275
                    ],
                    [
                        30.90918,
                        70.43299
                    ],
                    [
                        30.90889,
                        70.43308
                    ],
                    [
                        30.90855,
                        70.43316
                    ],
                    [
                        30.90794,
                        70.43326
                    ],
                    [
                        30.90753,
                        70.43331
                    ],
                    [
                        30.90387,
                        70.43367
                    ],
                    [
                        30.90347,
                        70.43371
                    ],
                    [
                        30.90269,
                        70.43378
                    ],
                    [
                        30.9006,
                        70.43397
                    ],
                    [
                        30.90012,
                        70.43403
                    ],
                    [
                        30.89955,
                        70.43407
                    ],
                    [
                        30.89841,
                        70.43425
                    ],
                    [
                        30.89355,
                        70.43532
                    ],
                    [
                        30.88969,
                        70.43617
                    ],
                    [
                        30.88917,
                        70.43631
                    ],
                    [
                        30.88821,
                        70.43651
                    ],
                    [
                        30.8879,
                        70.4366
                    ],
                    [
                        30.88645,
                        70.43693
                    ],
                    [
                        30.88633,
                        70.43697
                    ],
                    [
                        30.88617,
                        70.43702
                    ],
                    [
                        30.88611,
                        70.43705
                    ],
                    [
                        30.8853,
                        70.43741
                    ],
                    [
                        30.8846,
                        70.43767
                    ],
                    [
                        30.88413,
                        70.43779
                    ],
                    [
                        30.88368,
                        70.43786
                    ],
                    [
                        30.88337,
                        70.43789
                    ],
                    [
                        30.88309,
                        70.4379
                    ],
                    [
                        30.88258,
                        70.4379
                    ],
                    [
                        30.88244,
                        70.43789
                    ],
                    [
                        30.88193,
                        70.43789
                    ],
                    [
                        30.8809,
                        70.43785
                    ],
                    [
                        30.87951,
                        70.43783
                    ],
                    [
                        30.87912,
                        70.43785
                    ],
                    [
                        30.87835,
                        70.43789
                    ],
                    [
                        30.87612,
                        70.43807
                    ],
                    [
                        30.87568,
                        70.43812
                    ],
                    [
                        30.87436,
                        70.43821
                    ],
                    [
                        30.87351,
                        70.43828
                    ],
                    [
                        30.87257,
                        70.43835
                    ],
                    [
                        30.87181,
                        70.43841
                    ],
                    [
                        30.87158,
                        70.43845
                    ],
                    [
                        30.87145,
                        70.43846
                    ],
                    [
                        30.86952,
                        70.43885
                    ],
                    [
                        30.86865,
                        70.43904
                    ],
                    [
                        30.86803,
                        70.43913
                    ],
                    [
                        30.86429,
                        70.4394
                    ],
                    [
                        30.85931,
                        70.43974
                    ],
                    [
                        30.85874,
                        70.43979
                    ],
                    [
                        30.8575,
                        70.43986
                    ],
                    [
                        30.85659,
                        70.43989
                    ],
                    [
                        30.85638,
                        70.43989
                    ],
                    [
                        30.85594,
                        70.43987
                    ],
                    [
                        30.8555,
                        70.43984
                    ],
                    [
                        30.8511,
                        70.4394
                    ],
                    [
                        30.84961,
                        70.43925
                    ],
                    [
                        30.8494,
                        70.43922
                    ],
                    [
                        30.84916,
                        70.43922
                    ],
                    [
                        30.84713,
                        70.43901
                    ],
                    [
                        30.84705,
                        70.43899
                    ],
                    [
                        30.84572,
                        70.43886
                    ],
                    [
                        30.84474,
                        70.43871
                    ],
                    [
                        30.84444,
                        70.43868
                    ],
                    [
                        30.84357,
                        70.43857
                    ],
                    [
                        30.84272,
                        70.43844
                    ],
                    [
                        30.84194,
                        70.4383
                    ],
                    [
                        30.84183,
                        70.43828
                    ],
                    [
                        30.84152,
                        70.43821
                    ],
                    [
                        30.84019,
                        70.43797
                    ],
                    [
                        30.8395,
                        70.43783
                    ],
                    [
                        30.83907,
                        70.43773
                    ],
                    [
                        30.83861,
                        70.43758
                    ],
                    [
                        30.83853,
                        70.43755
                    ],
                    [
                        30.83835,
                        70.43745
                    ],
                    [
                        30.83808,
                        70.43723
                    ],
                    [
                        30.83697,
                        70.4361
                    ],
                    [
                        30.83681,
                        70.43597
                    ],
                    [
                        30.83665,
                        70.43586
                    ],
                    [
                        30.83652,
                        70.43577
                    ],
                    [
                        30.83632,
                        70.43562
                    ],
                    [
                        30.83479,
                        70.43486
                    ],
                    [
                        30.83403,
                        70.43447
                    ],
                    [
                        30.83308,
                        70.434
                    ],
                    [
                        30.83245,
                        70.43376
                    ],
                    [
                        30.83081,
                        70.43322
                    ],
                    [
                        30.82981,
                        70.43286
                    ],
                    [
                        30.82891,
                        70.43258
                    ],
                    [
                        30.82764,
                        70.43216
                    ],
                    [
                        30.82702,
                        70.43195
                    ],
                    [
                        30.82645,
                        70.4318
                    ],
                    [
                        30.82586,
                        70.43167
                    ],
                    [
                        30.82518,
                        70.43154
                    ],
                    [
                        30.8235,
                        70.43124
                    ],
                    [
                        30.82282,
                        70.4311
                    ],
                    [
                        30.82243,
                        70.43104
                    ],
                    [
                        30.8215,
                        70.43087
                    ],
                    [
                        30.82091,
                        70.43076
                    ],
                    [
                        30.81957,
                        70.43051
                    ],
                    [
                        30.81912,
                        70.43044
                    ],
                    [
                        30.81062,
                        70.42887
                    ],
                    [
                        30.80863,
                        70.42852
                    ],
                    [
                        30.80791,
                        70.42837
                    ],
                    [
                        30.80718,
                        70.42825
                    ],
                    [
                        30.80653,
                        70.42811
                    ],
                    [
                        30.80595,
                        70.42795
                    ],
                    [
                        30.8057,
                        70.42785
                    ],
                    [
                        30.80566,
                        70.42783
                    ],
                    [
                        30.80432,
                        70.42719
                    ],
                    [
                        30.804,
                        70.42704
                    ],
                    [
                        30.80214,
                        70.4261
                    ],
                    [
                        30.80126,
                        70.42567
                    ],
                    [
                        30.79991,
                        70.42503
                    ],
                    [
                        30.79822,
                        70.42419
                    ],
                    [
                        30.79735,
                        70.42377
                    ],
                    [
                        30.79708,
                        70.42363
                    ],
                    [
                        30.79687,
                        70.42346
                    ],
                    [
                        30.79681,
                        70.42341
                    ],
                    [
                        30.79677,
                        70.42334
                    ],
                    [
                        30.79679,
                        70.42312
                    ],
                    [
                        30.79697,
                        70.42264
                    ],
                    [
                        30.79706,
                        70.42236
                    ],
                    [
                        30.79715,
                        70.42213
                    ],
                    [
                        30.79714,
                        70.42176
                    ],
                    [
                        30.79712,
                        70.42173
                    ],
                    [
                        30.79704,
                        70.42158
                    ],
                    [
                        30.79687,
                        70.4214
                    ],
                    [
                        30.79678,
                        70.42134
                    ],
                    [
                        30.79669,
                        70.42128
                    ],
                    [
                        30.79654,
                        70.42121
                    ],
                    [
                        30.79638,
                        70.42115
                    ],
                    [
                        30.79574,
                        70.42098
                    ],
                    [
                        30.79512,
                        70.42089
                    ],
                    [
                        30.7949,
                        70.42086
                    ],
                    [
                        30.79484,
                        70.42086
                    ],
                    [
                        30.79472,
                        70.42084
                    ],
                    [
                        30.79466,
                        70.42082
                    ],
                    [
                        30.79312,
                        70.42059
                    ],
                    [
                        30.79148,
                        70.42037
                    ],
                    [
                        30.79115,
                        70.42031
                    ],
                    [
                        30.79105,
                        70.4203
                    ],
                    [
                        30.78964,
                        70.4201
                    ],
                    [
                        30.78867,
                        70.42
                    ],
                    [
                        30.78769,
                        70.41991
                    ],
                    [
                        30.78647,
                        70.41983
                    ],
                    [
                        30.78403,
                        70.41983
                    ],
                    [
                        30.78369,
                        70.41985
                    ],
                    [
                        30.78313,
                        70.41987
                    ],
                    [
                        30.78195,
                        70.41991
                    ],
                    [
                        30.77909,
                        70.4201
                    ],
                    [
                        30.77769,
                        70.42026
                    ],
                    [
                        30.7767,
                        70.4204
                    ],
                    [
                        30.7757,
                        70.42058
                    ],
                    [
                        30.77425,
                        70.42094
                    ],
                    [
                        30.77303,
                        70.42135
                    ],
                    [
                        30.77264,
                        70.42149
                    ],
                    [
                        30.77208,
                        70.42175
                    ],
                    [
                        30.77143,
                        70.42212
                    ],
                    [
                        30.77108,
                        70.42229
                    ],
                    [
                        30.77096,
                        70.42236
                    ],
                    [
                        30.77092,
                        70.42238
                    ],
                    [
                        30.76681,
                        70.42462
                    ],
                    [
                        30.76542,
                        70.42538
                    ],
                    [
                        30.76486,
                        70.42564
                    ],
                    [
                        30.76422,
                        70.42586
                    ],
                    [
                        30.7639,
                        70.42596
                    ],
                    [
                        30.76368,
                        70.42601
                    ],
                    [
                        30.76264,
                        70.42626
                    ],
                    [
                        30.76179,
                        70.42641
                    ],
                    [
                        30.76172,
                        70.42643
                    ],
                    [
                        30.76115,
                        70.42652
                    ],
                    [
                        30.76099,
                        70.42653
                    ],
                    [
                        30.76096,
                        70.42654
                    ],
                    [
                        30.76046,
                        70.42659
                    ],
                    [
                        30.75979,
                        70.42666
                    ],
                    [
                        30.75901,
                        70.42672
                    ],
                    [
                        30.75817,
                        70.42676
                    ],
                    [
                        30.75752,
                        70.42675
                    ],
                    [
                        30.75706,
                        70.42673
                    ],
                    [
                        30.74123,
                        70.42585
                    ],
                    [
                        30.74088,
                        70.42583
                    ],
                    [
                        30.73975,
                        70.42577
                    ],
                    [
                        30.73901,
                        70.42573
                    ],
                    [
                        30.73604,
                        70.42556
                    ],
                    [
                        30.73597,
                        70.42556
                    ],
                    [
                        30.73294,
                        70.42538
                    ],
                    [
                        30.73273,
                        70.42538
                    ],
                    [
                        30.7309,
                        70.42525
                    ],
                    [
                        30.73036,
                        70.42524
                    ],
                    [
                        30.72981,
                        70.42524
                    ],
                    [
                        30.72802,
                        70.42527
                    ],
                    [
                        30.72719,
                        70.42529
                    ],
                    [
                        30.72189,
                        70.42549
                    ],
                    [
                        30.72095,
                        70.42555
                    ],
                    [
                        30.71941,
                        70.4257
                    ],
                    [
                        30.71935,
                        70.4257
                    ],
                    [
                        30.71922,
                        70.42572
                    ],
                    [
                        30.71878,
                        70.42579
                    ],
                    [
                        30.71863,
                        70.42582
                    ],
                    [
                        30.71839,
                        70.42587
                    ],
                    [
                        30.7181,
                        70.42594
                    ],
                    [
                        30.71777,
                        70.42604
                    ],
                    [
                        30.71753,
                        70.4261
                    ],
                    [
                        30.71736,
                        70.42618
                    ],
                    [
                        30.71713,
                        70.42627
                    ],
                    [
                        30.717,
                        70.42634
                    ],
                    [
                        30.71654,
                        70.42659
                    ],
                    [
                        30.71649,
                        70.42661
                    ],
                    [
                        30.71641,
                        70.42667
                    ],
                    [
                        30.7159,
                        70.4271
                    ],
                    [
                        30.71567,
                        70.42737
                    ],
                    [
                        30.71556,
                        70.4276
                    ],
                    [
                        30.71547,
                        70.42785
                    ],
                    [
                        30.71574,
                        70.43133
                    ],
                    [
                        30.71584,
                        70.43176
                    ],
                    [
                        30.71593,
                        70.43186
                    ],
                    [
                        30.71609,
                        70.43197
                    ],
                    [
                        30.71639,
                        70.4321
                    ],
                    [
                        30.71662,
                        70.43218
                    ],
                    [
                        30.71731,
                        70.43239
                    ],
                    [
                        30.71773,
                        70.43255
                    ],
                    [
                        30.71777,
                        70.43258
                    ],
                    [
                        30.71839,
                        70.43285
                    ],
                    [
                        30.71867,
                        70.43299
                    ],
                    [
                        30.72205,
                        70.43463
                    ],
                    [
                        30.72245,
                        70.43481
                    ],
                    [
                        30.72269,
                        70.43489
                    ],
                    [
                        30.72345,
                        70.43513
                    ],
                    [
                        30.72458,
                        70.4355
                    ],
                    [
                        30.72497,
                        70.43565
                    ],
                    [
                        30.72532,
                        70.43581
                    ],
                    [
                        30.72565,
                        70.43603
                    ],
                    [
                        30.72575,
                        70.43612
                    ],
                    [
                        30.72585,
                        70.43626
                    ],
                    [
                        30.72589,
                        70.43646
                    ],
                    [
                        30.72583,
                        70.43689
                    ],
                    [
                        30.72559,
                        70.43768
                    ],
                    [
                        30.72554,
                        70.43778
                    ],
                    [
                        30.72553,
                        70.43787
                    ],
                    [
                        30.72613,
                        70.4426
                    ],
                    [
                        30.72616,
                        70.44261
                    ],
                    [
                        30.72622,
                        70.44301
                    ],
                    [
                        30.72629,
                        70.44359
                    ],
                    [
                        30.72629,
                        70.44391
                    ],
                    [
                        30.72624,
                        70.44404
                    ],
                    [
                        30.72608,
                        70.44421
                    ],
                    [
                        30.72592,
                        70.44434
                    ],
                    [
                        30.72588,
                        70.44436
                    ],
                    [
                        30.72547,
                        70.44461
                    ],
                    [
                        30.72495,
                        70.44486
                    ],
                    [
                        30.72468,
                        70.44498
                    ],
                    [
                        30.7235,
                        70.44535
                    ],
                    [
                        30.72302,
                        70.44548
                    ],
                    [
                        30.7226,
                        70.44562
                    ],
                    [
                        30.72214,
                        70.4458
                    ],
                    [
                        30.72178,
                        70.44598
                    ],
                    [
                        30.72138,
                        70.44622
                    ],
                    [
                        30.72115,
                        70.4464
                    ],
                    [
                        30.72091,
                        70.44665
                    ],
                    [
                        30.72084,
                        70.44678
                    ],
                    [
                        30.7208,
                        70.44694
                    ],
                    [
                        30.72083,
                        70.44725
                    ],
                    [
                        30.72088,
                        70.4474
                    ],
                    [
                        30.72098,
                        70.44756
                    ],
                    [
                        30.72294,
                        70.44971
                    ],
                    [
                        30.72305,
                        70.44986
                    ],
                    [
                        30.72368,
                        70.45053
                    ],
                    [
                        30.7243,
                        70.45104
                    ],
                    [
                        30.72581,
                        70.45197
                    ],
                    [
                        30.72604,
                        70.4521
                    ],
                    [
                        30.72668,
                        70.45252
                    ],
                    [
                        30.72753,
                        70.4532
                    ],
                    [
                        30.72993,
                        70.4548
                    ],
                    [
                        30.73011,
                        70.45493
                    ],
                    [
                        30.73135,
                        70.45574
                    ],
                    [
                        30.73172,
                        70.45601
                    ],
                    [
                        30.73188,
                        70.45623
                    ],
                    [
                        30.73193,
                        70.45632
                    ],
                    [
                        30.73197,
                        70.45657
                    ],
                    [
                        30.73194,
                        70.45675
                    ],
                    [
                        30.73188,
                        70.45681
                    ],
                    [
                        30.73175,
                        70.45689
                    ],
                    [
                        30.73106,
                        70.45721
                    ],
                    [
                        30.73028,
                        70.45751
                    ],
                    [
                        30.73001,
                        70.45762
                    ],
                    [
                        30.72919,
                        70.45793
                    ],
                    [
                        30.72879,
                        70.45807
                    ],
                    [
                        30.72852,
                        70.45816
                    ],
                    [
                        30.72839,
                        70.4582
                    ],
                    [
                        30.72728,
                        70.45856
                    ],
                    [
                        30.72708,
                        70.45865
                    ],
                    [
                        30.72693,
                        70.45873
                    ],
                    [
                        30.72683,
                        70.45883
                    ],
                    [
                        30.72679,
                        70.45889
                    ],
                    [
                        30.72678,
                        70.45901
                    ],
                    [
                        30.727,
                        70.45992
                    ],
                    [
                        30.72711,
                        70.46008
                    ],
                    [
                        30.72719,
                        70.46016
                    ],
                    [
                        30.7276,
                        70.46038
                    ],
                    [
                        30.7283,
                        70.46068
                    ],
                    [
                        30.72914,
                        70.46097
                    ],
                    [
                        30.72927,
                        70.46105
                    ],
                    [
                        30.72945,
                        70.46127
                    ],
                    [
                        30.72949,
                        70.46138
                    ],
                    [
                        30.72945,
                        70.4616
                    ],
                    [
                        30.72939,
                        70.46182
                    ],
                    [
                        30.72872,
                        70.46322
                    ],
                    [
                        30.72867,
                        70.46328
                    ],
                    [
                        30.72858,
                        70.46335
                    ],
                    [
                        30.72839,
                        70.46346
                    ],
                    [
                        30.7279,
                        70.46362
                    ],
                    [
                        30.7273,
                        70.46368
                    ],
                    [
                        30.7216,
                        70.46382
                    ],
                    [
                        30.72088,
                        70.46386
                    ],
                    [
                        30.71915,
                        70.46404
                    ],
                    [
                        30.71843,
                        70.46414
                    ],
                    [
                        30.71796,
                        70.46426
                    ],
                    [
                        30.71783,
                        70.46431
                    ],
                    [
                        30.71777,
                        70.46434
                    ],
                    [
                        30.71731,
                        70.46459
                    ],
                    [
                        30.71696,
                        70.46483
                    ],
                    [
                        30.71632,
                        70.46519
                    ],
                    [
                        30.71602,
                        70.46539
                    ],
                    [
                        30.71575,
                        70.46563
                    ],
                    [
                        30.71569,
                        70.46572
                    ],
                    [
                        30.71567,
                        70.46581
                    ],
                    [
                        30.71569,
                        70.46599
                    ],
                    [
                        30.71577,
                        70.4663
                    ],
                    [
                        30.71587,
                        70.4667
                    ],
                    [
                        30.71591,
                        70.46705
                    ],
                    [
                        30.71618,
                        70.46756
                    ],
                    [
                        30.71642,
                        70.4678
                    ],
                    [
                        30.71649,
                        70.46785
                    ],
                    [
                        30.71693,
                        70.46811
                    ],
                    [
                        30.71706,
                        70.46819
                    ],
                    [
                        30.71726,
                        70.4683
                    ],
                    [
                        30.7175,
                        70.46841
                    ],
                    [
                        30.71768,
                        70.46854
                    ],
                    [
                        30.71777,
                        70.46859
                    ],
                    [
                        30.71819,
                        70.46881
                    ],
                    [
                        30.71866,
                        70.46916
                    ],
                    [
                        30.71889,
                        70.46948
                    ],
                    [
                        30.71893,
                        70.46959
                    ],
                    [
                        30.71893,
                        70.46982
                    ],
                    [
                        30.71868,
                        70.47023
                    ],
                    [
                        30.71829,
                        70.4705
                    ],
                    [
                        30.71785,
                        70.47073
                    ],
                    [
                        30.71777,
                        70.47077
                    ],
                    [
                        30.71611,
                        70.4715
                    ],
                    [
                        30.71528,
                        70.47181
                    ],
                    [
                        30.71482,
                        70.47202
                    ],
                    [
                        30.71398,
                        70.47233
                    ],
                    [
                        30.71358,
                        70.47242
                    ],
                    [
                        30.71275,
                        70.47253
                    ],
                    [
                        30.71174,
                        70.47262
                    ],
                    [
                        30.70917,
                        70.47281
                    ],
                    [
                        30.70784,
                        70.47287
                    ],
                    [
                        30.70312,
                        70.47293
                    ],
                    [
                        30.70271,
                        70.47295
                    ],
                    [
                        30.70204,
                        70.473
                    ],
                    [
                        30.6958,
                        70.47382
                    ],
                    [
                        30.69568,
                        70.47384
                    ],
                    [
                        30.6953,
                        70.47391
                    ],
                    [
                        30.69429,
                        70.47412
                    ],
                    [
                        30.69377,
                        70.47427
                    ],
                    [
                        30.69328,
                        70.47445
                    ],
                    [
                        30.69296,
                        70.47458
                    ],
                    [
                        30.69279,
                        70.47465
                    ],
                    [
                        30.69274,
                        70.47469
                    ],
                    [
                        30.69235,
                        70.47489
                    ],
                    [
                        30.69081,
                        70.47573
                    ],
                    [
                        30.69066,
                        70.47583
                    ],
                    [
                        30.69032,
                        70.47602
                    ],
                    [
                        30.69003,
                        70.47624
                    ],
                    [
                        30.68999,
                        70.47637
                    ],
                    [
                        30.69001,
                        70.47666
                    ],
                    [
                        30.69008,
                        70.47683
                    ],
                    [
                        30.69019,
                        70.477
                    ],
                    [
                        30.69026,
                        70.47718
                    ],
                    [
                        30.69049,
                        70.47749
                    ],
                    [
                        30.69073,
                        70.47798
                    ],
                    [
                        30.69096,
                        70.4804
                    ],
                    [
                        30.6909,
                        70.48062
                    ],
                    [
                        30.6908,
                        70.48071
                    ],
                    [
                        30.69065,
                        70.48081
                    ],
                    [
                        30.69028,
                        70.48098
                    ],
                    [
                        30.69014,
                        70.48103
                    ],
                    [
                        30.68989,
                        70.48108
                    ],
                    [
                        30.68974,
                        70.48112
                    ],
                    [
                        30.68945,
                        70.48117
                    ],
                    [
                        30.68856,
                        70.48135
                    ],
                    [
                        30.68782,
                        70.48154
                    ],
                    [
                        30.68719,
                        70.48178
                    ],
                    [
                        30.68642,
                        70.48211
                    ],
                    [
                        30.68617,
                        70.48222
                    ],
                    [
                        30.6859,
                        70.48229
                    ],
                    [
                        30.68527,
                        70.48242
                    ],
                    [
                        30.68461,
                        70.48254
                    ],
                    [
                        30.68386,
                        70.48272
                    ],
                    [
                        30.68359,
                        70.48282
                    ],
                    [
                        30.68317,
                        70.48302
                    ],
                    [
                        30.68269,
                        70.48322
                    ],
                    [
                        30.68039,
                        70.4843
                    ],
                    [
                        30.68012,
                        70.48442
                    ],
                    [
                        30.67971,
                        70.48461
                    ],
                    [
                        30.67949,
                        70.4847
                    ],
                    [
                        30.67827,
                        70.48529
                    ],
                    [
                        30.6761,
                        70.48618
                    ],
                    [
                        30.67557,
                        70.48639
                    ],
                    [
                        30.67383,
                        70.4871
                    ],
                    [
                        30.67375,
                        70.48712
                    ],
                    [
                        30.67352,
                        70.48724
                    ],
                    [
                        30.67265,
                        70.48757
                    ],
                    [
                        30.67119,
                        70.48817
                    ],
                    [
                        30.67093,
                        70.48828
                    ],
                    [
                        30.67039,
                        70.48851
                    ],
                    [
                        30.67029,
                        70.48857
                    ],
                    [
                        30.66947,
                        70.48887
                    ],
                    [
                        30.66939,
                        70.48891
                    ],
                    [
                        30.66887,
                        70.48903
                    ],
                    [
                        30.66852,
                        70.48909
                    ],
                    [
                        30.66818,
                        70.48913
                    ],
                    [
                        30.6679,
                        70.48914
                    ],
                    [
                        30.66735,
                        70.48913
                    ],
                    [
                        30.66678,
                        70.48907
                    ],
                    [
                        30.66589,
                        70.48894
                    ],
                    [
                        30.66573,
                        70.48891
                    ],
                    [
                        30.66501,
                        70.48884
                    ],
                    [
                        30.66445,
                        70.48885
                    ],
                    [
                        30.66364,
                        70.48895
                    ],
                    [
                        30.6626,
                        70.48918
                    ],
                    [
                        30.66194,
                        70.4893
                    ],
                    [
                        30.66145,
                        70.48942
                    ],
                    [
                        30.65937,
                        70.48985
                    ],
                    [
                        30.65874,
                        70.48999
                    ],
                    [
                        30.65644,
                        70.49045
                    ],
                    [
                        30.65577,
                        70.4906
                    ],
                    [
                        30.65504,
                        70.49074
                    ],
                    [
                        30.65421,
                        70.49095
                    ],
                    [
                        30.65345,
                        70.49126
                    ],
                    [
                        30.65288,
                        70.49154
                    ],
                    [
                        30.65249,
                        70.49175
                    ],
                    [
                        30.65236,
                        70.49181
                    ],
                    [
                        30.65186,
                        70.49191
                    ],
                    [
                        30.65146,
                        70.492
                    ],
                    [
                        30.65133,
                        70.49203
                    ],
                    [
                        30.65109,
                        70.49207
                    ],
                    [
                        30.65086,
                        70.49208
                    ],
                    [
                        30.65042,
                        70.49209
                    ],
                    [
                        30.64156,
                        70.49204
                    ],
                    [
                        30.6312,
                        70.49119
                    ],
                    [
                        30.63049,
                        70.49115
                    ],
                    [
                        30.63022,
                        70.49117
                    ],
                    [
                        30.62996,
                        70.49118
                    ],
                    [
                        30.62988,
                        70.49119
                    ],
                    [
                        30.62982,
                        70.49119
                    ],
                    [
                        30.6293,
                        70.49129
                    ],
                    [
                        30.62871,
                        70.49146
                    ],
                    [
                        30.62846,
                        70.49164
                    ],
                    [
                        30.62837,
                        70.49181
                    ],
                    [
                        30.62838,
                        70.49198
                    ],
                    [
                        30.6284,
                        70.49204
                    ],
                    [
                        30.62849,
                        70.49213
                    ],
                    [
                        30.62872,
                        70.49231
                    ],
                    [
                        30.62899,
                        70.49258
                    ],
                    [
                        30.62913,
                        70.49276
                    ],
                    [
                        30.62915,
                        70.49281
                    ],
                    [
                        30.62915,
                        70.49301
                    ],
                    [
                        30.62907,
                        70.49314
                    ],
                    [
                        30.62687,
                        70.49574
                    ],
                    [
                        30.62674,
                        70.49588
                    ],
                    [
                        30.62576,
                        70.49709
                    ],
                    [
                        30.62561,
                        70.49719
                    ],
                    [
                        30.62507,
                        70.49741
                    ],
                    [
                        30.62485,
                        70.49748
                    ],
                    [
                        30.62434,
                        70.4976
                    ],
                    [
                        30.62419,
                        70.49762
                    ],
                    [
                        30.62321,
                        70.49769
                    ],
                    [
                        30.62183,
                        70.49771
                    ],
                    [
                        30.62094,
                        70.49773
                    ],
                    [
                        30.62023,
                        70.49784
                    ],
                    [
                        30.61993,
                        70.49789
                    ],
                    [
                        30.61857,
                        70.49825
                    ],
                    [
                        30.61087,
                        70.50036
                    ],
                    [
                        30.60857,
                        70.50084
                    ],
                    [
                        30.60791,
                        70.50096
                    ],
                    [
                        30.60522,
                        70.50144
                    ],
                    [
                        30.60494,
                        70.50151
                    ],
                    [
                        30.60246,
                        70.50194
                    ],
                    [
                        30.6022,
                        70.50198
                    ],
                    [
                        30.60176,
                        70.50207
                    ],
                    [
                        30.60126,
                        70.50215
                    ],
                    [
                        30.59971,
                        70.50245
                    ],
                    [
                        30.59911,
                        70.50257
                    ],
                    [
                        30.59874,
                        70.50268
                    ],
                    [
                        30.59828,
                        70.50283
                    ],
                    [
                        30.59619,
                        70.5034
                    ],
                    [
                        30.59589,
                        70.50346
                    ],
                    [
                        30.59571,
                        70.50348
                    ],
                    [
                        30.59525,
                        70.50351
                    ],
                    [
                        30.59301,
                        70.50359
                    ],
                    [
                        30.59266,
                        70.50358
                    ],
                    [
                        30.59205,
                        70.50355
                    ],
                    [
                        30.59087,
                        70.50349
                    ],
                    [
                        30.58779,
                        70.50327
                    ],
                    [
                        30.5868,
                        70.50319
                    ],
                    [
                        30.58594,
                        70.50306
                    ],
                    [
                        30.58565,
                        70.50303
                    ],
                    [
                        30.58502,
                        70.50293
                    ],
                    [
                        30.58439,
                        70.50279
                    ],
                    [
                        30.58375,
                        70.50265
                    ],
                    [
                        30.58276,
                        70.50243
                    ],
                    [
                        30.58224,
                        70.50229
                    ],
                    [
                        30.57794,
                        70.50126
                    ],
                    [
                        30.57759,
                        70.50117
                    ],
                    [
                        30.57659,
                        70.50096
                    ],
                    [
                        30.57615,
                        70.50087
                    ],
                    [
                        30.57566,
                        70.50081
                    ],
                    [
                        30.57488,
                        70.50072
                    ],
                    [
                        30.57365,
                        70.50064
                    ],
                    [
                        30.57314,
                        70.50064
                    ],
                    [
                        30.57302,
                        70.50063
                    ],
                    [
                        30.57084,
                        70.50076
                    ],
                    [
                        30.56944,
                        70.50085
                    ],
                    [
                        30.56653,
                        70.50104
                    ],
                    [
                        30.56396,
                        70.50121
                    ],
                    [
                        30.5617,
                        70.50135
                    ],
                    [
                        30.55245,
                        70.50196
                    ],
                    [
                        30.55184,
                        70.50201
                    ],
                    [
                        30.55134,
                        70.50209
                    ],
                    [
                        30.55078,
                        70.50219
                    ],
                    [
                        30.55039,
                        70.50228
                    ],
                    [
                        30.5498,
                        70.50248
                    ],
                    [
                        30.54951,
                        70.50261
                    ],
                    [
                        30.54927,
                        70.50278
                    ],
                    [
                        30.54916,
                        70.50287
                    ],
                    [
                        30.54902,
                        70.50297
                    ],
                    [
                        30.54864,
                        70.50355
                    ],
                    [
                        30.5485,
                        70.50382
                    ],
                    [
                        30.54843,
                        70.50394
                    ],
                    [
                        30.54785,
                        70.50505
                    ],
                    [
                        30.54741,
                        70.50599
                    ],
                    [
                        30.54751,
                        70.50601
                    ],
                    [
                        30.54805,
                        70.50609
                    ],
                    [
                        30.54834,
                        70.50615
                    ],
                    [
                        30.54872,
                        70.50621
                    ],
                    [
                        30.54885,
                        70.50624
                    ],
                    [
                        30.54963,
                        70.50637
                    ],
                    [
                        30.54998,
                        70.50644
                    ],
                    [
                        30.55085,
                        70.5066
                    ],
                    [
                        30.55128,
                        70.50672
                    ],
                    [
                        30.55166,
                        70.5068
                    ],
                    [
                        30.55208,
                        70.50689
                    ],
                    [
                        30.55373,
                        70.50724
                    ],
                    [
                        30.5541,
                        70.50732
                    ],
                    [
                        30.55474,
                        70.50747
                    ],
                    [
                        30.55555,
                        70.50766
                    ],
                    [
                        30.55802,
                        70.50819
                    ],
                    [
                        30.55834,
                        70.50827
                    ],
                    [
                        30.55883,
                        70.50836
                    ],
                    [
                        30.56013,
                        70.50868
                    ],
                    [
                        30.56124,
                        70.50897
                    ],
                    [
                        30.5629,
                        70.50944
                    ],
                    [
                        30.56365,
                        70.50964
                    ],
                    [
                        30.56396,
                        70.50972
                    ],
                    [
                        30.56411,
                        70.50975
                    ],
                    [
                        30.56505,
                        70.50999
                    ],
                    [
                        30.56543,
                        70.51007
                    ],
                    [
                        30.56553,
                        70.51009
                    ],
                    [
                        30.56603,
                        70.51024
                    ],
                    [
                        30.56607,
                        70.51025
                    ],
                    [
                        30.56644,
                        70.51033
                    ],
                    [
                        30.56801,
                        70.51072
                    ],
                    [
                        30.56874,
                        70.51094
                    ],
                    [
                        30.5712,
                        70.51174
                    ],
                    [
                        30.57182,
                        70.51194
                    ],
                    [
                        30.57215,
                        70.51203
                    ],
                    [
                        30.57243,
                        70.51208
                    ],
                    [
                        30.57329,
                        70.5122
                    ],
                    [
                        30.57369,
                        70.51223
                    ],
                    [
                        30.57424,
                        70.51224
                    ],
                    [
                        30.57447,
                        70.51227
                    ],
                    [
                        30.57476,
                        70.51228
                    ],
                    [
                        30.57487,
                        70.51228
                    ],
                    [
                        30.5751,
                        70.51232
                    ],
                    [
                        30.57538,
                        70.51237
                    ],
                    [
                        30.57545,
                        70.51241
                    ],
                    [
                        30.57554,
                        70.51246
                    ],
                    [
                        30.57564,
                        70.51267
                    ],
                    [
                        30.57566,
                        70.51309
                    ],
                    [
                        30.57578,
                        70.51331
                    ],
                    [
                        30.57637,
                        70.514
                    ],
                    [
                        30.57683,
                        70.51456
                    ],
                    [
                        30.57687,
                        70.51459
                    ],
                    [
                        30.57749,
                        70.51519
                    ],
                    [
                        30.57786,
                        70.51542
                    ],
                    [
                        30.578,
                        70.51551
                    ],
                    [
                        30.57827,
                        70.51562
                    ],
                    [
                        30.57859,
                        70.51572
                    ],
                    [
                        30.57946,
                        70.5159
                    ],
                    [
                        30.58036,
                        70.51606
                    ],
                    [
                        30.58533,
                        70.51696
                    ],
                    [
                        30.58587,
                        70.51703
                    ],
                    [
                        30.58594,
                        70.51705
                    ],
                    [
                        30.5867,
                        70.51721
                    ],
                    [
                        30.58861,
                        70.51755
                    ],
                    [
                        30.59014,
                        70.51784
                    ],
                    [
                        30.59091,
                        70.51801
                    ],
                    [
                        30.59179,
                        70.51824
                    ],
                    [
                        30.59207,
                        70.51833
                    ],
                    [
                        30.59418,
                        70.51913
                    ],
                    [
                        30.59453,
                        70.51924
                    ],
                    [
                        30.59491,
                        70.51939
                    ],
                    [
                        30.59568,
                        70.51965
                    ],
                    [
                        30.59675,
                        70.51992
                    ],
                    [
                        30.59758,
                        70.52009
                    ],
                    [
                        30.59809,
                        70.52018
                    ],
                    [
                        30.59882,
                        70.52028
                    ],
                    [
                        30.60148,
                        70.52052
                    ],
                    [
                        30.60201,
                        70.52061
                    ],
                    [
                        30.60339,
                        70.52087
                    ],
                    [
                        30.60384,
                        70.52093
                    ],
                    [
                        30.60533,
                        70.52119
                    ],
                    [
                        30.6068,
                        70.52155
                    ],
                    [
                        30.60735,
                        70.52173
                    ],
                    [
                        30.60751,
                        70.52178
                    ],
                    [
                        30.60762,
                        70.52182
                    ],
                    [
                        30.60791,
                        70.52191
                    ],
                    [
                        30.60818,
                        70.52199
                    ],
                    [
                        30.60911,
                        70.52231
                    ],
                    [
                        30.61,
                        70.5227
                    ],
                    [
                        30.61131,
                        70.52342
                    ],
                    [
                        30.61157,
                        70.52361
                    ],
                    [
                        30.6118,
                        70.52379
                    ],
                    [
                        30.61211,
                        70.52421
                    ],
                    [
                        30.61261,
                        70.52597
                    ],
                    [
                        30.61275,
                        70.52648
                    ],
                    [
                        30.61285,
                        70.52673
                    ],
                    [
                        30.61303,
                        70.52696
                    ],
                    [
                        30.61351,
                        70.5274
                    ],
                    [
                        30.61411,
                        70.52788
                    ],
                    [
                        30.61444,
                        70.52809
                    ],
                    [
                        30.61482,
                        70.52831
                    ],
                    [
                        30.61505,
                        70.52846
                    ],
                    [
                        30.61533,
                        70.5287
                    ],
                    [
                        30.61545,
                        70.52889
                    ],
                    [
                        30.61556,
                        70.52939
                    ],
                    [
                        30.61558,
                        70.52991
                    ],
                    [
                        30.61554,
                        70.53001
                    ],
                    [
                        30.61495,
                        70.53062
                    ],
                    [
                        30.61368,
                        70.53223
                    ],
                    [
                        30.61285,
                        70.53327
                    ],
                    [
                        30.61266,
                        70.53346
                    ],
                    [
                        30.61215,
                        70.53385
                    ],
                    [
                        30.61126,
                        70.5344
                    ],
                    [
                        30.61101,
                        70.53454
                    ],
                    [
                        30.61052,
                        70.53475
                    ],
                    [
                        30.60931,
                        70.53536
                    ],
                    [
                        30.60909,
                        70.53543
                    ],
                    [
                        30.60791,
                        70.53601
                    ],
                    [
                        30.60722,
                        70.53635
                    ],
                    [
                        30.6066,
                        70.53668
                    ],
                    [
                        30.60618,
                        70.53689
                    ],
                    [
                        30.60568,
                        70.53727
                    ],
                    [
                        30.60524,
                        70.53773
                    ],
                    [
                        30.60516,
                        70.53792
                    ],
                    [
                        30.6051,
                        70.53832
                    ],
                    [
                        30.60512,
                        70.53852
                    ],
                    [
                        30.60535,
                        70.53881
                    ],
                    [
                        30.60546,
                        70.53891
                    ],
                    [
                        30.60592,
                        70.53919
                    ],
                    [
                        30.60613,
                        70.53928
                    ],
                    [
                        30.60647,
                        70.53948
                    ],
                    [
                        30.60791,
                        70.5402
                    ],
                    [
                        30.60918,
                        70.54084
                    ],
                    [
                        30.60985,
                        70.54114
                    ],
                    [
                        30.60993,
                        70.54116
                    ],
                    [
                        30.61041,
                        70.54111
                    ]
                ]
            }
        }
    ]
}