{
    "type": "FeatureCollection",
    "features": [
        {
            "type": "Feature",
            "properties": {
                "_gpxType": "trk",
                "name": "Day 1: Fredericia to Hornsborg</br>404.9 km, 4 h 2 min",
                "coordinateProperties": {}
            },
            "geometry": {
                "type": "LineString",
                "coordinates": [
                    [
                        9.695862,
                        55.572865,
                        22.9
                    ],
                    [
                        9.696533,
                        55.571521,
                        23.3
                    ],
                    [
                        9.69651,
                        55.571451,
                        23.3
                    ],
                    [
                        9.696393,
                        55.571386,
                        23.4
                    ],
                    [
                        9.695704,
                        55.571148,
                        23.5
                    ],
                    [
                        9.695149,
                        55.571037,
                        24
                    ],
                    [
                        9.694393,
                        55.57086,
                        22.5
                    ],
                    [
                        9.694311,
                        55.570818,
                        22.4
                    ],
                    [
                        9.694275,
                        55.570745,
                        22.5
                    ],
                    [
                        9.69427,
                        55.570422,
                        22
                    ],
                    [
                        9.694343,
                        55.570043,
                        22.4
                    ],
                    [
                        9.694302,
                        55.569285,
                        22.3
                    ],
                    [
                        9.694311,
                        55.56879,
                        24
                    ],
                    [
                        9.694328,
                        55.568487,
                        24
                    ],
                    [
                        9.69436,
                        55.5678,
                        23
                    ],
                    [
                        9.696335,
                        55.567663,
                        24
                    ],
                    [
                        9.697046,
                        55.56763,
                        25
                    ],
                    [
                        9.69761,
                        55.567621,
                        25
                    ],
                    [
                        9.698298,
                        55.567619,
                        25
                    ],
                    [
                        9.698311,
                        55.567373,
                        24
                    ],
                    [
                        9.69957,
                        55.567358,
                        25
                    ],
                    [
                        9.699562,
                        55.566936,
                        25
                    ],
                    [
                        9.699842,
                        55.566935,
                        25
                    ],
                    [
                        9.699842,
                        55.566775,
                        25
                    ],
                    [
                        9.701051,
                        55.566765,
                        24
                    ],
                    [
                        9.701642,
                        55.566764,
                        24.3
                    ],
                    [
                        9.701721,
                        55.56679,
                        24.4
                    ],
                    [
                        9.702062,
                        55.566968,
                        25
                    ],
                    [
                        9.702163,
                        55.567,
                        25.3
                    ],
                    [
                        9.702262,
                        55.567005,
                        25.3
                    ],
                    [
                        9.702934,
                        55.566995,
                        26
                    ],
                    [
                        9.703547,
                        55.566997,
                        26.7
                    ],
                    [
                        9.703612,
                        55.567009,
                        27
                    ],
                    [
                        9.703928,
                        55.567185,
                        27
                    ],
                    [
                        9.704012,
                        55.567214,
                        27
                    ],
                    [
                        9.704112,
                        55.567226,
                        26.7
                    ],
                    [
                        9.704809,
                        55.567215,
                        26
                    ],
                    [
                        9.704871,
                        55.567215,
                        26
                    ],
                    [
                        9.704883,
                        55.567179,
                        25.7
                    ],
                    [
                        9.704961,
                        55.567122,
                        25.5
                    ],
                    [
                        9.705083,
                        55.567099,
                        25
                    ],
                    [
                        9.705081,
                        55.567065,
                        25
                    ],
                    [
                        9.705015,
                        55.564617,
                        23.1
                    ],
                    [
                        9.705045,
                        55.564419,
                        23.3
                    ],
                    [
                        9.705134,
                        55.56414,
                        21
                    ],
                    [
                        9.70529,
                        55.563883,
                        21
                    ],
                    [
                        9.705498,
                        55.56364,
                        21
                    ],
                    [
                        9.705605,
                        55.563528,
                        19.8
                    ],
                    [
                        9.705909,
                        55.56329,
                        19.3
                    ],
                    [
                        9.707526,
                        55.562301,
                        17.6
                    ],
                    [
                        9.707926,
                        55.561974,
                        17.8
                    ],
                    [
                        9.70821,
                        55.561622,
                        17.8
                    ],
                    [
                        9.70878,
                        55.560541,
                        17.2
                    ],
                    [
                        9.708993,
                        55.560205,
                        17.1
                    ],
                    [
                        9.709266,
                        55.559877,
                        16.6
                    ],
                    [
                        9.709471,
                        55.559678,
                        16.6
                    ],
                    [
                        9.709865,
                        55.559362,
                        16
                    ],
                    [
                        9.710113,
                        55.55919,
                        16.7
                    ],
                    [
                        9.710659,
                        55.558883,
                        16
                    ],
                    [
                        9.711362,
                        55.558574,
                        18.5
                    ],
                    [
                        9.711751,
                        55.558436,
                        18.7
                    ],
                    [
                        9.712117,
                        55.55833,
                        22
                    ],
                    [
                        9.712285,
                        55.558266,
                        22
                    ],
                    [
                        9.713414,
                        55.558069,
                        21
                    ],
                    [
                        9.713849,
                        55.558017,
                        21
                    ],
                    [
                        9.714864,
                        55.557958,
                        20.8
                    ],
                    [
                        9.716063,
                        55.557919,
                        20
                    ],
                    [
                        9.717285,
                        55.557915,
                        20
                    ],
                    [
                        9.718095,
                        55.557928,
                        20
                    ],
                    [
                        9.718803,
                        55.557953,
                        21
                    ],
                    [
                        9.718793,
                        55.557751,
                        21
                    ],
                    [
                        9.718785,
                        55.557393,
                        21
                    ],
                    [
                        9.718767,
                        55.557262,
                        21
                    ],
                    [
                        9.718818,
                        55.557118,
                        21
                    ],
                    [
                        9.718983,
                        55.557041,
                        22.1
                    ],
                    [
                        9.720198,
                        55.556676,
                        24
                    ],
                    [
                        9.720811,
                        55.556419,
                        25
                    ],
                    [
                        9.720898,
                        55.556391,
                        21.7
                    ],
                    [
                        9.721041,
                        55.556377,
                        21.8
                    ],
                    [
                        9.721881,
                        55.556405,
                        18
                    ],
                    [
                        9.722115,
                        55.556405,
                        15.7
                    ],
                    [
                        9.722339,
                        55.55638,
                        15.9
                    ],
                    [
                        9.722829,
                        55.556296,
                        14.9
                    ],
                    [
                        9.723325,
                        55.556153,
                        15.1
                    ],
                    [
                        9.723964,
                        55.555877,
                        14.9
                    ],
                    [
                        9.724116,
                        55.555829,
                        14.3
                    ],
                    [
                        9.724791,
                        55.555714,
                        7
                    ],
                    [
                        9.724877,
                        55.555697,
                        7
                    ],
                    [
                        9.726479,
                        55.555414,
                        3
                    ],
                    [
                        9.727596,
                        55.55523,
                        2
                    ],
                    [
                        9.726471,
                        55.553274,
                        1
                    ],
                    [
                        9.726072,
                        55.552572,
                        1
                    ],
                    [
                        9.725329,
                        55.551265,
                        2
                    ],
                    [
                        9.725106,
                        55.550882,
                        2
                    ],
                    [
                        9.725067,
                        55.550807,
                        5
                    ],
                    [
                        9.723956,
                        55.548883,
                        13.7
                    ],
                    [
                        9.723622,
                        55.548409,
                        13.9
                    ],
                    [
                        9.719918,
                        55.54399,
                        15
                    ],
                    [
                        9.719824,
                        55.543875,
                        15
                    ],
                    [
                        9.719336,
                        55.543226,
                        15
                    ],
                    [
                        9.719277,
                        55.543153,
                        15
                    ],
                    [
                        9.718902,
                        55.542628,
                        15.9
                    ],
                    [
                        9.718164,
                        55.541461,
                        17.2
                    ],
                    [
                        9.717537,
                        55.54031,
                        19.4
                    ],
                    [
                        9.717135,
                        55.539426,
                        20.5
                    ],
                    [
                        9.716831,
                        55.538688,
                        21
                    ],
                    [
                        9.716494,
                        55.537691,
                        19
                    ],
                    [
                        9.716473,
                        55.537622,
                        19
                    ],
                    [
                        9.716321,
                        55.537115,
                        17.7
                    ],
                    [
                        9.716218,
                        55.536636,
                        17
                    ],
                    [
                        9.716096,
                        55.535972,
                        17
                    ],
                    [
                        9.715986,
                        55.535306,
                        17
                    ],
                    [
                        9.715961,
                        55.535054,
                        17
                    ],
                    [
                        9.715909,
                        55.534518,
                        17
                    ],
                    [
                        9.715883,
                        55.534047,
                        18
                    ],
                    [
                        9.715877,
                        55.533634,
                        18
                    ],
                    [
                        9.715905,
                        55.53264,
                        21
                    ],
                    [
                        9.71597,
                        55.532545,
                        22.3
                    ],
                    [
                        9.716062,
                        55.531634,
                        22.4
                    ],
                    [
                        9.716111,
                        55.531453,
                        23
                    ],
                    [
                        9.716125,
                        55.531407,
                        23
                    ],
                    [
                        9.716144,
                        55.531386,
                        23
                    ],
                    [
                        9.716257,
                        55.531327,
                        23
                    ],
                    [
                        9.717273,
                        55.531368,
                        22
                    ],
                    [
                        9.717817,
                        55.531355,
                        21.8
                    ],
                    [
                        9.718413,
                        55.531292,
                        20
                    ],
                    [
                        9.71894,
                        55.531204,
                        18.4
                    ],
                    [
                        9.719532,
                        55.53108,
                        17.7
                    ],
                    [
                        9.72006,
                        55.530901,
                        17.5
                    ],
                    [
                        9.720693,
                        55.530597,
                        16.8
                    ],
                    [
                        9.721136,
                        55.530344,
                        16.6
                    ],
                    [
                        9.721782,
                        55.529932,
                        16.1
                    ],
                    [
                        9.722769,
                        55.529251,
                        16
                    ],
                    [
                        9.723426,
                        55.528847,
                        16
                    ],
                    [
                        9.723925,
                        55.528445,
                        16
                    ],
                    [
                        9.72589,
                        55.526672,
                        16
                    ],
                    [
                        9.727247,
                        55.525398,
                        18
                    ],
                    [
                        9.728452,
                        55.524549,
                        17.7
                    ],
                    [
                        9.729387,
                        55.523966,
                        17.6
                    ],
                    [
                        9.73028,
                        55.523469,
                        17.5
                    ],
                    [
                        9.731423,
                        55.522911,
                        16.8
                    ],
                    [
                        9.732764,
                        55.522322,
                        16.9
                    ],
                    [
                        9.733818,
                        55.521922,
                        17.3
                    ],
                    [
                        9.735472,
                        55.521404,
                        18.8
                    ],
                    [
                        9.736976,
                        55.521048,
                        22
                    ],
                    [
                        9.762554,
                        55.515888,
                        19
                    ],
                    [
                        9.764454,
                        55.5155,
                        27
                    ],
                    [
                        9.76482,
                        55.515424,
                        27
                    ],
                    [
                        9.768062,
                        55.514748,
                        37
                    ],
                    [
                        9.769438,
                        55.514431,
                        35.3
                    ],
                    [
                        9.77072,
                        55.514087,
                        32.6
                    ],
                    [
                        9.772543,
                        55.513523,
                        30.9
                    ],
                    [
                        9.773946,
                        55.513025,
                        31
                    ],
                    [
                        9.775373,
                        55.512491,
                        32
                    ],
                    [
                        9.77638,
                        55.512063,
                        31.3
                    ],
                    [
                        9.776993,
                        55.511783,
                        31.1
                    ],
                    [
                        9.777467,
                        55.511555,
                        30.6
                    ],
                    [
                        9.77903,
                        55.510743,
                        30.6
                    ],
                    [
                        9.780897,
                        55.509605,
                        27
                    ],
                    [
                        9.783546,
                        55.507583,
                        26
                    ],
                    [
                        9.789155,
                        55.502495,
                        16.5
                    ],
                    [
                        9.790383,
                        55.501522,
                        15.2
                    ],
                    [
                        9.791699,
                        55.50059,
                        14.1
                    ],
                    [
                        9.792864,
                        55.499864,
                        12.4
                    ],
                    [
                        9.794258,
                        55.499084,
                        10.8
                    ],
                    [
                        9.795855,
                        55.498317,
                        9.9
                    ],
                    [
                        9.797487,
                        55.497614,
                        9.6
                    ],
                    [
                        9.799204,
                        55.496981,
                        10
                    ],
                    [
                        9.800886,
                        55.496452,
                        10.7
                    ],
                    [
                        9.802717,
                        55.495932,
                        10.9
                    ],
                    [
                        9.804683,
                        55.495465,
                        11
                    ],
                    [
                        9.806089,
                        55.495164,
                        11
                    ],
                    [
                        9.808376,
                        55.494694,
                        11
                    ],
                    [
                        9.821284,
                        55.492127,
                        7
                    ],
                    [
                        9.823786,
                        55.491615,
                        9
                    ],
                    [
                        9.835422,
                        55.489308,
                        11
                    ],
                    [
                        9.845647,
                        55.487251,
                        14
                    ],
                    [
                        9.848722,
                        55.486601,
                        12
                    ],
                    [
                        9.851932,
                        55.485874,
                        17
                    ],
                    [
                        9.855071,
                        55.485101,
                        15
                    ],
                    [
                        9.857636,
                        55.484446,
                        15
                    ],
                    [
                        9.860339,
                        55.48373,
                        15
                    ],
                    [
                        9.870931,
                        55.480798,
                        19
                    ],
                    [
                        9.878025,
                        55.478824,
                        30
                    ],
                    [
                        9.882253,
                        55.477577,
                        32.5
                    ],
                    [
                        9.88383,
                        55.477036,
                        32.5
                    ],
                    [
                        9.885143,
                        55.476546,
                        32.2
                    ],
                    [
                        9.886258,
                        55.476081,
                        31.7
                    ],
                    [
                        9.887235,
                        55.475639,
                        31.2
                    ],
                    [
                        9.888259,
                        55.475131,
                        31.1
                    ],
                    [
                        9.888979,
                        55.474749,
                        31
                    ],
                    [
                        9.890907,
                        55.473614,
                        33.5
                    ],
                    [
                        9.892122,
                        55.47281,
                        33.5
                    ],
                    [
                        9.893317,
                        55.47195,
                        33.5
                    ],
                    [
                        9.896966,
                        55.469139,
                        31
                    ],
                    [
                        9.897499,
                        55.468691,
                        31
                    ],
                    [
                        9.899059,
                        55.467607,
                        30
                    ],
                    [
                        9.900093,
                        55.46699,
                        28.6
                    ],
                    [
                        9.900771,
                        55.46662,
                        28
                    ],
                    [
                        9.901418,
                        55.466288,
                        29.3
                    ],
                    [
                        9.902144,
                        55.465942,
                        31.3
                    ],
                    [
                        9.903753,
                        55.465282,
                        33.4
                    ],
                    [
                        9.905211,
                        55.464778,
                        32
                    ],
                    [
                        9.906729,
                        55.464329,
                        30.8
                    ],
                    [
                        9.908056,
                        55.463999,
                        30.8
                    ],
                    [
                        9.910844,
                        55.46341,
                        29
                    ],
                    [
                        9.911452,
                        55.46329,
                        29
                    ],
                    [
                        9.916999,
                        55.462108,
                        27.5
                    ],
                    [
                        9.91875,
                        55.461698,
                        26.2
                    ],
                    [
                        9.920569,
                        55.46124,
                        24.7
                    ],
                    [
                        9.921798,
                        55.46091,
                        24.7
                    ],
                    [
                        9.925306,
                        55.459927,
                        23
                    ],
                    [
                        9.939914,
                        55.455578,
                        40
                    ],
                    [
                        9.940822,
                        55.455278,
                        40
                    ],
                    [
                        9.941298,
                        55.455078,
                        39
                    ],
                    [
                        9.944329,
                        55.454104,
                        36.8
                    ],
                    [
                        9.945669,
                        55.45361,
                        37.9
                    ],
                    [
                        9.946697,
                        55.453209,
                        40
                    ],
                    [
                        9.947643,
                        55.45284,
                        40
                    ],
                    [
                        9.947757,
                        55.452813,
                        40
                    ],
                    [
                        9.949662,
                        55.452346,
                        38.5
                    ],
                    [
                        9.950686,
                        55.452057,
                        38.1
                    ],
                    [
                        9.952332,
                        55.451455,
                        38.3
                    ],
                    [
                        9.953787,
                        55.450898,
                        37.9
                    ],
                    [
                        9.955668,
                        55.450093,
                        37.3
                    ],
                    [
                        9.95645,
                        55.449783,
                        38
                    ],
                    [
                        9.958577,
                        55.448776,
                        36
                    ],
                    [
                        9.96042,
                        55.447769,
                        34.5
                    ],
                    [
                        9.961845,
                        55.446919,
                        32.2
                    ],
                    [
                        9.96303,
                        55.44618,
                        32.2
                    ],
                    [
                        9.964818,
                        55.44502,
                        20
                    ],
                    [
                        9.972313,
                        55.44003,
                        16
                    ],
                    [
                        9.97429,
                        55.438776,
                        18
                    ],
                    [
                        9.97632,
                        55.437531,
                        17
                    ],
                    [
                        9.980897,
                        55.434924,
                        19
                    ],
                    [
                        9.985527,
                        55.432644,
                        19
                    ],
                    [
                        9.988661,
                        55.431171,
                        19
                    ],
                    [
                        9.992245,
                        55.429675,
                        28
                    ],
                    [
                        9.994476,
                        55.428789,
                        30.5
                    ],
                    [
                        9.996008,
                        55.428209,
                        30.5
                    ],
                    [
                        9.998426,
                        55.427331,
                        31
                    ],
                    [
                        10.001481,
                        55.426278,
                        32
                    ],
                    [
                        10.00571,
                        55.424876,
                        39
                    ],
                    [
                        10.038748,
                        55.414166,
                        63
                    ],
                    [
                        10.041897,
                        55.413186,
                        66
                    ],
                    [
                        10.044159,
                        55.412576,
                        63
                    ],
                    [
                        10.045578,
                        55.41223,
                        63.7
                    ],
                    [
                        10.047684,
                        55.411751,
                        64
                    ],
                    [
                        10.050141,
                        55.411288,
                        67
                    ],
                    [
                        10.052727,
                        55.410912,
                        68
                    ],
                    [
                        10.056188,
                        55.410537,
                        67
                    ],
                    [
                        10.056435,
                        55.410515,
                        67
                    ],
                    [
                        10.058431,
                        55.410354,
                        68.5
                    ],
                    [
                        10.059966,
                        55.410269,
                        71.6
                    ],
                    [
                        10.062118,
                        55.410205,
                        74.3
                    ],
                    [
                        10.063932,
                        55.410188,
                        75
                    ],
                    [
                        10.066335,
                        55.410226,
                        70
                    ],
                    [
                        10.067366,
                        55.410258,
                        67
                    ],
                    [
                        10.074428,
                        55.410464,
                        69
                    ],
                    [
                        10.080919,
                        55.410654,
                        68
                    ],
                    [
                        10.088279,
                        55.41084,
                        77
                    ],
                    [
                        10.091599,
                        55.410863,
                        77
                    ],
                    [
                        10.094948,
                        55.410829,
                        78
                    ],
                    [
                        10.10034,
                        55.410661,
                        73
                    ],
                    [
                        10.105696,
                        55.410353,
                        73
                    ],
                    [
                        10.108801,
                        55.410118,
                        69
                    ],
                    [
                        10.112248,
                        55.409792,
                        66.7
                    ],
                    [
                        10.116033,
                        55.409369,
                        66
                    ],
                    [
                        10.11966,
                        55.408913,
                        65
                    ],
                    [
                        10.123311,
                        55.408399,
                        74
                    ],
                    [
                        10.127205,
                        55.407783,
                        80
                    ],
                    [
                        10.127657,
                        55.407708,
                        79
                    ],
                    [
                        10.129931,
                        55.407329,
                        78.8
                    ],
                    [
                        10.133021,
                        55.40677,
                        75
                    ],
                    [
                        10.13684,
                        55.405999,
                        75
                    ],
                    [
                        10.140557,
                        55.405164,
                        88
                    ],
                    [
                        10.144149,
                        55.40428,
                        77.5
                    ],
                    [
                        10.14589,
                        55.403822,
                        77.5
                    ],
                    [
                        10.148092,
                        55.403194,
                        70
                    ],
                    [
                        10.151489,
                        55.402264,
                        73
                    ],
                    [
                        10.154638,
                        55.401454,
                        75.5
                    ],
                    [
                        10.155484,
                        55.401254,
                        73
                    ],
                    [
                        10.155715,
                        55.401199,
                        73
                    ],
                    [
                        10.158921,
                        55.40044,
                        67
                    ],
                    [
                        10.164101,
                        55.399365,
                        73
                    ],
                    [
                        10.168126,
                        55.398659,
                        74
                    ],
                    [
                        10.172251,
                        55.397967,
                        83
                    ],
                    [
                        10.176275,
                        55.397217,
                        85
                    ],
                    [
                        10.179558,
                        55.396534,
                        76
                    ],
                    [
                        10.182053,
                        55.395958,
                        73
                    ],
                    [
                        10.184264,
                        55.39544,
                        76.5
                    ],
                    [
                        10.187282,
                        55.394666,
                        75.9
                    ],
                    [
                        10.188966,
                        55.394213,
                        75.8
                    ],
                    [
                        10.191909,
                        55.393388,
                        78
                    ],
                    [
                        10.194167,
                        55.392724,
                        81
                    ],
                    [
                        10.195843,
                        55.392237,
                        82
                    ],
                    [
                        10.196042,
                        55.39218,
                        82
                    ],
                    [
                        10.197561,
                        55.391705,
                        81.3
                    ],
                    [
                        10.200467,
                        55.390844,
                        73
                    ],
                    [
                        10.201252,
                        55.390612,
                        69
                    ],
                    [
                        10.20638,
                        55.389175,
                        68.5
                    ],
                    [
                        10.209464,
                        55.388338,
                        74
                    ],
                    [
                        10.21116,
                        55.387925,
                        76
                    ],
                    [
                        10.212045,
                        55.387709,
                        77
                    ],
                    [
                        10.214413,
                        55.387152,
                        81
                    ],
                    [
                        10.216306,
                        55.386761,
                        80.3
                    ],
                    [
                        10.218416,
                        55.38637,
                        79
                    ],
                    [
                        10.219853,
                        55.386164,
                        78.7
                    ],
                    [
                        10.220948,
                        55.38603,
                        78.7
                    ],
                    [
                        10.223319,
                        55.385776,
                        83
                    ],
                    [
                        10.225947,
                        55.385572,
                        81
                    ],
                    [
                        10.226398,
                        55.385538,
                        81
                    ],
                    [
                        10.229431,
                        55.385303,
                        71
                    ],
                    [
                        10.231458,
                        55.385086,
                        68.3
                    ],
                    [
                        10.233281,
                        55.384834,
                        66.4
                    ],
                    [
                        10.234795,
                        55.384585,
                        65.8
                    ],
                    [
                        10.236745,
                        55.384199,
                        65.8
                    ],
                    [
                        10.242214,
                        55.382984,
                        60
                    ],
                    [
                        10.243629,
                        55.382711,
                        60.7
                    ],
                    [
                        10.245229,
                        55.382468,
                        62
                    ],
                    [
                        10.246766,
                        55.382284,
                        62
                    ],
                    [
                        10.248601,
                        55.382112,
                        57.3
                    ],
                    [
                        10.249999,
                        55.382012,
                        56.4
                    ],
                    [
                        10.251657,
                        55.381955,
                        58.9
                    ],
                    [
                        10.253632,
                        55.381963,
                        59.6
                    ],
                    [
                        10.26107,
                        55.382107,
                        70
                    ],
                    [
                        10.262997,
                        55.3821,
                        71
                    ],
                    [
                        10.264251,
                        55.38208,
                        72
                    ],
                    [
                        10.264479,
                        55.382074,
                        72
                    ],
                    [
                        10.265162,
                        55.382056,
                        72.7
                    ],
                    [
                        10.267362,
                        55.381958,
                        72.7
                    ],
                    [
                        10.269786,
                        55.3818,
                        70
                    ],
                    [
                        10.272111,
                        55.381579,
                        70.7
                    ],
                    [
                        10.273957,
                        55.381363,
                        69.6
                    ],
                    [
                        10.276191,
                        55.381056,
                        67
                    ],
                    [
                        10.278214,
                        55.380715,
                        67.3
                    ],
                    [
                        10.280122,
                        55.380371,
                        66.8
                    ],
                    [
                        10.282218,
                        55.37992,
                        66.5
                    ],
                    [
                        10.284075,
                        55.379474,
                        63.1
                    ],
                    [
                        10.285801,
                        55.378994,
                        62.1
                    ],
                    [
                        10.287593,
                        55.378427,
                        62.1
                    ],
                    [
                        10.289789,
                        55.377626,
                        61
                    ],
                    [
                        10.292788,
                        55.376378,
                        54
                    ],
                    [
                        10.29931,
                        55.373123,
                        50
                    ],
                    [
                        10.300058,
                        55.372748,
                        51
                    ],
                    [
                        10.302333,
                        55.371618,
                        45
                    ],
                    [
                        10.304725,
                        55.37048,
                        46
                    ],
                    [
                        10.307367,
                        55.369313,
                        43
                    ],
                    [
                        10.309484,
                        55.368452,
                        40
                    ],
                    [
                        10.310732,
                        55.367979,
                        39
                    ],
                    [
                        10.312976,
                        55.367185,
                        38.3
                    ],
                    [
                        10.314987,
                        55.366536,
                        38.4
                    ],
                    [
                        10.31604,
                        55.366219,
                        37.7
                    ],
                    [
                        10.318056,
                        55.365646,
                        35.2
                    ],
                    [
                        10.319099,
                        55.365371,
                        34.1
                    ],
                    [
                        10.320145,
                        55.365109,
                        33.1
                    ],
                    [
                        10.322612,
                        55.364535,
                        29.7
                    ],
                    [
                        10.323823,
                        55.364281,
                        29.9
                    ],
                    [
                        10.326271,
                        55.363818,
                        31
                    ],
                    [
                        10.32657,
                        55.363765,
                        31
                    ],
                    [
                        10.328431,
                        55.363449,
                        29.8
                    ],
                    [
                        10.329546,
                        55.363283,
                        29.4
                    ],
                    [
                        10.331771,
                        55.362973,
                        29.4
                    ],
                    [
                        10.336625,
                        55.362356,
                        29
                    ],
                    [
                        10.336778,
                        55.362337,
                        29
                    ],
                    [
                        10.338619,
                        55.362103,
                        26
                    ],
                    [
                        10.34262,
                        55.361579,
                        26
                    ],
                    [
                        10.344681,
                        55.361259,
                        26.9
                    ],
                    [
                        10.345671,
                        55.361079,
                        27.2
                    ],
                    [
                        10.347543,
                        55.3607,
                        27.7
                    ],
                    [
                        10.348421,
                        55.360499,
                        27.8
                    ],
                    [
                        10.350159,
                        55.360057,
                        28
                    ],
                    [
                        10.351007,
                        55.359823,
                        28
                    ],
                    [
                        10.352132,
                        55.359482,
                        27
                    ],
                    [
                        10.353436,
                        55.359065,
                        28
                    ],
                    [
                        10.354645,
                        55.358641,
                        27.7
                    ],
                    [
                        10.356642,
                        55.357865,
                        24.6
                    ],
                    [
                        10.358547,
                        55.3571,
                        20.9
                    ],
                    [
                        10.360432,
                        55.356374,
                        17
                    ],
                    [
                        10.3614,
                        55.356026,
                        15.7
                    ],
                    [
                        10.362386,
                        55.355699,
                        14
                    ],
                    [
                        10.364176,
                        55.35515,
                        12
                    ],
                    [
                        10.365124,
                        55.354886,
                        12
                    ],
                    [
                        10.367509,
                        55.354302,
                        15
                    ],
                    [
                        10.369127,
                        55.353964,
                        16
                    ],
                    [
                        10.370409,
                        55.353723,
                        17
                    ],
                    [
                        10.373023,
                        55.353317,
                        22.7
                    ],
                    [
                        10.375621,
                        55.352972,
                        26.1
                    ],
                    [
                        10.377162,
                        55.352785,
                        26
                    ],
                    [
                        10.380022,
                        55.352485,
                        30.7
                    ],
                    [
                        10.383382,
                        55.352198,
                        31.9
                    ],
                    [
                        10.38655,
                        55.351971,
                        32
                    ],
                    [
                        10.389223,
                        55.351867,
                        29
                    ],
                    [
                        10.389445,
                        55.351857,
                        29
                    ],
                    [
                        10.392456,
                        55.351751,
                        28.7
                    ],
                    [
                        10.398241,
                        55.351633,
                        25
                    ],
                    [
                        10.40759,
                        55.351486,
                        23.9
                    ],
                    [
                        10.408697,
                        55.351457,
                        24.7
                    ],
                    [
                        10.410716,
                        55.351368,
                        25.6
                    ],
                    [
                        10.412274,
                        55.351263,
                        25.9
                    ],
                    [
                        10.414171,
                        55.351084,
                        25.9
                    ],
                    [
                        10.41489,
                        55.350996,
                        26
                    ],
                    [
                        10.415948,
                        55.350861,
                        25.3
                    ],
                    [
                        10.417233,
                        55.350674,
                        24.8
                    ],
                    [
                        10.418711,
                        55.350417,
                        24.3
                    ],
                    [
                        10.419913,
                        55.350188,
                        24.3
                    ],
                    [
                        10.425661,
                        55.349008,
                        23
                    ],
                    [
                        10.427294,
                        55.348704,
                        24
                    ],
                    [
                        10.42961,
                        55.348348,
                        23.5
                    ],
                    [
                        10.431008,
                        55.34817,
                        23.5
                    ],
                    [
                        10.4323,
                        55.348032,
                        22.6
                    ],
                    [
                        10.43337,
                        55.347948,
                        22.2
                    ],
                    [
                        10.435754,
                        55.347798,
                        22.2
                    ],
                    [
                        10.438065,
                        55.347732,
                        22.8
                    ],
                    [
                        10.440407,
                        55.347735,
                        22.3
                    ],
                    [
                        10.442762,
                        55.347792,
                        21.8
                    ],
                    [
                        10.444274,
                        55.347866,
                        22
                    ],
                    [
                        10.447099,
                        55.348076,
                        20.8
                    ],
                    [
                        10.448954,
                        55.348264,
                        20.6
                    ],
                    [
                        10.450414,
                        55.348441,
                        20.5
                    ],
                    [
                        10.452128,
                        55.348683,
                        20.5
                    ],
                    [
                        10.453865,
                        55.348963,
                        20.8
                    ],
                    [
                        10.455927,
                        55.349342,
                        21.9
                    ],
                    [
                        10.457781,
                        55.349739,
                        22
                    ],
                    [
                        10.459364,
                        55.350116,
                        21.3
                    ],
                    [
                        10.461142,
                        55.35058,
                        21.4
                    ],
                    [
                        10.462807,
                        55.351047,
                        21.5
                    ],
                    [
                        10.464425,
                        55.351522,
                        21
                    ],
                    [
                        10.466791,
                        55.352231,
                        20
                    ],
                    [
                        10.489728,
                        55.359126,
                        22
                    ],
                    [
                        10.497266,
                        55.361364,
                        19
                    ],
                    [
                        10.499271,
                        55.361949,
                        19
                    ],
                    [
                        10.501974,
                        55.362657,
                        18
                    ],
                    [
                        10.505951,
                        55.363644,
                        17
                    ],
                    [
                        10.508755,
                        55.364232,
                        14
                    ],
                    [
                        10.51115,
                        55.364657,
                        13
                    ],
                    [
                        10.513211,
                        55.364968,
                        13.6
                    ],
                    [
                        10.514379,
                        55.365115,
                        14
                    ],
                    [
                        10.515767,
                        55.365265,
                        14.7
                    ],
                    [
                        10.517194,
                        55.365392,
                        15.2
                    ],
                    [
                        10.518971,
                        55.365505,
                        15.4
                    ],
                    [
                        10.52107,
                        55.365575,
                        14.5
                    ],
                    [
                        10.522939,
                        55.365583,
                        13.2
                    ],
                    [
                        10.525285,
                        55.365505,
                        12
                    ],
                    [
                        10.526581,
                        55.365437,
                        12.3
                    ],
                    [
                        10.52797,
                        55.365332,
                        12.4
                    ],
                    [
                        10.529859,
                        55.365132,
                        12
                    ],
                    [
                        10.530182,
                        55.365099,
                        12
                    ],
                    [
                        10.532712,
                        55.364738,
                        13.5
                    ],
                    [
                        10.535765,
                        55.364168,
                        13
                    ],
                    [
                        10.536982,
                        55.363873,
                        12.7
                    ],
                    [
                        10.538797,
                        55.363403,
                        12
                    ],
                    [
                        10.54053,
                        55.362892,
                        13.3
                    ],
                    [
                        10.542348,
                        55.362296,
                        13.3
                    ],
                    [
                        10.544394,
                        55.361579,
                        14
                    ],
                    [
                        10.548052,
                        55.360234,
                        14
                    ],
                    [
                        10.55296,
                        55.358399,
                        16
                    ],
                    [
                        10.553138,
                        55.358333,
                        17
                    ],
                    [
                        10.557677,
                        55.356652,
                        16
                    ],
                    [
                        10.560529,
                        55.355592,
                        15
                    ],
                    [
                        10.563869,
                        55.354401,
                        18
                    ],
                    [
                        10.564225,
                        55.354274,
                        17
                    ],
                    [
                        10.56678,
                        55.353471,
                        15
                    ],
                    [
                        10.569005,
                        55.352837,
                        16
                    ],
                    [
                        10.571718,
                        55.352149,
                        17
                    ],
                    [
                        10.573741,
                        55.351689,
                        16.7
                    ],
                    [
                        10.575463,
                        55.351328,
                        16.6
                    ],
                    [
                        10.577383,
                        55.350975,
                        16.9
                    ],
                    [
                        10.579251,
                        55.350661,
                        17.3
                    ],
                    [
                        10.581489,
                        55.350335,
                        18.1
                    ],
                    [
                        10.582835,
                        55.35016,
                        19
                    ],
                    [
                        10.583186,
                        55.350117,
                        19
                    ],
                    [
                        10.584933,
                        55.349922,
                        19
                    ],
                    [
                        10.587749,
                        55.349669,
                        18
                    ],
                    [
                        10.590905,
                        55.349471,
                        18.7
                    ],
                    [
                        10.596541,
                        55.34919,
                        22
                    ],
                    [
                        10.59893,
                        55.349022,
                        20.5
                    ],
                    [
                        10.600853,
                        55.348834,
                        20.5
                    ],
                    [
                        10.603285,
                        55.348538,
                        20
                    ],
                    [
                        10.604408,
                        55.34838,
                        21
                    ],
                    [
                        10.604681,
                        55.348342,
                        21
                    ],
                    [
                        10.606862,
                        55.347976,
                        18
                    ],
                    [
                        10.608512,
                        55.347669,
                        18
                    ],
                    [
                        10.611429,
                        55.347091,
                        16
                    ],
                    [
                        10.611632,
                        55.347051,
                        16
                    ],
                    [
                        10.616027,
                        55.346179,
                        15
                    ],
                    [
                        10.619426,
                        55.345528,
                        14.5
                    ],
                    [
                        10.621439,
                        55.34517,
                        15
                    ],
                    [
                        10.62264,
                        55.344963,
                        15
                    ],
                    [
                        10.627205,
                        55.344341,
                        21
                    ],
                    [
                        10.628897,
                        55.34414,
                        20
                    ],
                    [
                        10.629436,
                        55.344075,
                        21
                    ],
                    [
                        10.634423,
                        55.343658,
                        18
                    ],
                    [
                        10.635907,
                        55.343568,
                        17
                    ],
                    [
                        10.638587,
                        55.343464,
                        15
                    ],
                    [
                        10.64107,
                        55.343388,
                        14
                    ],
                    [
                        10.644517,
                        55.34337,
                        13.3
                    ],
                    [
                        10.647903,
                        55.343458,
                        11
                    ],
                    [
                        10.653112,
                        55.34363,
                        13
                    ],
                    [
                        10.65728,
                        55.343712,
                        13
                    ],
                    [
                        10.661943,
                        55.343712,
                        7
                    ],
                    [
                        10.666936,
                        55.343521,
                        8
                    ],
                    [
                        10.668134,
                        55.343437,
                        8
                    ],
                    [
                        10.668759,
                        55.343394,
                        9
                    ],
                    [
                        10.671433,
                        55.343208,
                        10
                    ],
                    [
                        10.674672,
                        55.342876,
                        7
                    ],
                    [
                        10.677763,
                        55.342437,
                        3.5
                    ],
                    [
                        10.678991,
                        55.342228,
                        3
                    ],
                    [
                        10.679949,
                        55.342068,
                        3.3
                    ],
                    [
                        10.682074,
                        55.341668,
                        3.8
                    ],
                    [
                        10.684184,
                        55.341222,
                        3.8
                    ],
                    [
                        10.690569,
                        55.339664,
                        5
                    ],
                    [
                        10.696435,
                        55.338291,
                        2
                    ],
                    [
                        10.701479,
                        55.337171,
                        4
                    ],
                    [
                        10.705191,
                        55.336418,
                        4
                    ],
                    [
                        10.709136,
                        55.335654,
                        5
                    ],
                    [
                        10.71455,
                        55.334708,
                        6
                    ],
                    [
                        10.717537,
                        55.334227,
                        6
                    ],
                    [
                        10.720542,
                        55.333772,
                        7
                    ],
                    [
                        10.723547,
                        55.333351,
                        5
                    ],
                    [
                        10.726779,
                        55.332928,
                        5
                    ],
                    [
                        10.730442,
                        55.332493,
                        7.5
                    ],
                    [
                        10.732485,
                        55.332273,
                        8
                    ],
                    [
                        10.736094,
                        55.331957,
                        6
                    ],
                    [
                        10.737956,
                        55.331829,
                        6
                    ],
                    [
                        10.740583,
                        55.331688,
                        7
                    ],
                    [
                        10.741205,
                        55.331665,
                        7
                    ],
                    [
                        10.742818,
                        55.331615,
                        5.5
                    ],
                    [
                        10.746266,
                        55.331567,
                        3.7
                    ],
                    [
                        10.747885,
                        55.331572,
                        4.6
                    ],
                    [
                        10.75065,
                        55.331626,
                        8
                    ],
                    [
                        10.750922,
                        55.331638,
                        8
                    ],
                    [
                        10.753371,
                        55.331743,
                        11
                    ],
                    [
                        10.755131,
                        55.331841,
                        12
                    ],
                    [
                        10.755827,
                        55.33188,
                        12
                    ],
                    [
                        10.785404,
                        55.333797,
                        10.7
                    ],
                    [
                        10.78622,
                        55.333838,
                        10.2
                    ],
                    [
                        10.787328,
                        55.333857,
                        10
                    ],
                    [
                        10.788369,
                        55.333835,
                        10
                    ],
                    [
                        10.789502,
                        55.33378,
                        10
                    ],
                    [
                        10.790441,
                        55.33369,
                        10
                    ],
                    [
                        10.791315,
                        55.333585,
                        9.8
                    ],
                    [
                        10.792332,
                        55.333427,
                        9.8
                    ],
                    [
                        10.793346,
                        55.333234,
                        9.6
                    ],
                    [
                        10.794211,
                        55.333033,
                        10
                    ],
                    [
                        10.795202,
                        55.332767,
                        12
                    ],
                    [
                        10.796562,
                        55.332337,
                        12.6
                    ],
                    [
                        10.797572,
                        55.331927,
                        12.8
                    ],
                    [
                        10.798525,
                        55.331493,
                        12.7
                    ],
                    [
                        10.799283,
                        55.3311,
                        12.5
                    ],
                    [
                        10.799991,
                        55.330688,
                        12.3
                    ],
                    [
                        10.800806,
                        55.330145,
                        12.2
                    ],
                    [
                        10.80154,
                        55.32958,
                        12
                    ],
                    [
                        10.802142,
                        55.329036,
                        11.8
                    ],
                    [
                        10.802686,
                        55.328479,
                        11.2
                    ],
                    [
                        10.803119,
                        55.327948,
                        10.4
                    ],
                    [
                        10.803481,
                        55.327437,
                        9.7
                    ],
                    [
                        10.803948,
                        55.326602,
                        9
                    ],
                    [
                        10.804205,
                        55.325966,
                        8.7
                    ],
                    [
                        10.804395,
                        55.325325,
                        8.4
                    ],
                    [
                        10.805994,
                        55.316739,
                        3.8
                    ],
                    [
                        10.806136,
                        55.316022,
                        1.2
                    ],
                    [
                        10.806388,
                        55.31519,
                        -0.2
                    ],
                    [
                        10.806617,
                        55.314603,
                        -0.7
                    ],
                    [
                        10.806889,
                        55.314035,
                        -0.7
                    ],
                    [
                        10.807305,
                        55.313326,
                        -0.9
                    ],
                    [
                        10.807778,
                        55.312641,
                        -0.6
                    ],
                    [
                        10.80829,
                        55.312001,
                        0.1
                    ],
                    [
                        10.808853,
                        55.311374,
                        1
                    ],
                    [
                        10.810497,
                        55.30993,
                        1
                    ],
                    [
                        10.812166,
                        55.30875,
                        2
                    ],
                    [
                        10.814512,
                        55.307491,
                        1
                    ],
                    [
                        10.815196,
                        55.307179,
                        1
                    ],
                    [
                        10.815854,
                        55.306903,
                        1
                    ],
                    [
                        10.816805,
                        55.306538,
                        1
                    ],
                    [
                        10.817602,
                        55.306257,
                        1.3
                    ],
                    [
                        10.818428,
                        55.305995,
                        1.8
                    ],
                    [
                        10.821157,
                        55.305224,
                        3.8
                    ],
                    [
                        10.821974,
                        55.304984,
                        4
                    ],
                    [
                        10.822915,
                        55.304681,
                        4
                    ],
                    [
                        10.82392,
                        55.304307,
                        4
                    ],
                    [
                        10.825031,
                        55.303828,
                        4
                    ],
                    [
                        10.827308,
                        55.302719,
                        4
                    ],
                    [
                        10.82809,
                        55.302337,
                        5
                    ],
                    [
                        10.831797,
                        55.300534,
                        3
                    ],
                    [
                        10.832312,
                        55.30031,
                        2.6
                    ],
                    [
                        10.833389,
                        55.29989,
                        2.8
                    ],
                    [
                        10.834596,
                        55.299496,
                        2.9
                    ],
                    [
                        10.835359,
                        55.299281,
                        2.7
                    ],
                    [
                        10.83606,
                        55.299108,
                        2.5
                    ],
                    [
                        10.837003,
                        55.298904,
                        2.8
                    ],
                    [
                        10.838006,
                        55.298727,
                        3.2
                    ],
                    [
                        10.839188,
                        55.298566,
                        3.3
                    ],
                    [
                        10.839988,
                        55.298484,
                        3.8
                    ],
                    [
                        10.840815,
                        55.298419,
                        4.2
                    ],
                    [
                        10.842482,
                        55.298365,
                        5.7
                    ],
                    [
                        10.843287,
                        55.298368,
                        6
                    ],
                    [
                        10.844441,
                        55.298412,
                        6.1
                    ],
                    [
                        10.845515,
                        55.298502,
                        6
                    ],
                    [
                        10.84703,
                        55.298687,
                        6
                    ],
                    [
                        10.852615,
                        55.29958,
                        3
                    ],
                    [
                        10.856986,
                        55.300329,
                        3
                    ],
                    [
                        10.861334,
                        55.301113,
                        3
                    ],
                    [
                        10.865656,
                        55.301933,
                        3
                    ],
                    [
                        10.869965,
                        55.302789,
                        3
                    ],
                    [
                        10.873842,
                        55.303594,
                        3
                    ],
                    [
                        10.877699,
                        55.304426,
                        3
                    ],
                    [
                        10.881534,
                        55.305287,
                        3
                    ],
                    [
                        10.885358,
                        55.306178,
                        3
                    ],
                    [
                        10.889554,
                        55.307195,
                        3
                    ],
                    [
                        10.893724,
                        55.308246,
                        3
                    ],
                    [
                        10.897867,
                        55.309332,
                        3
                    ],
                    [
                        10.901991,
                        55.310453,
                        3
                    ],
                    [
                        10.905686,
                        55.311494,
                        3
                    ],
                    [
                        10.909357,
                        55.312562,
                        3
                    ],
                    [
                        10.913012,
                        55.313661,
                        3
                    ],
                    [
                        10.916643,
                        55.314786,
                        3
                    ],
                    [
                        10.920239,
                        55.315933,
                        3
                    ],
                    [
                        10.923811,
                        55.317109,
                        3
                    ],
                    [
                        10.927358,
                        55.318313,
                        3
                    ],
                    [
                        10.930884,
                        55.319544,
                        3
                    ],
                    [
                        10.934738,
                        55.320936,
                        3
                    ],
                    [
                        10.938556,
                        55.322356,
                        3
                    ],
                    [
                        10.94234,
                        55.323809,
                        3
                    ],
                    [
                        10.946123,
                        55.325303,
                        3
                    ],
                    [
                        10.950389,
                        55.327007,
                        3
                    ],
                    [
                        10.952971,
                        55.327987,
                        2
                    ],
                    [
                        10.955472,
                        55.328877,
                        1
                    ],
                    [
                        10.957648,
                        55.329598,
                        2.5
                    ],
                    [
                        10.959337,
                        55.330124,
                        2.5
                    ],
                    [
                        10.961197,
                        55.330675,
                        2.2
                    ],
                    [
                        10.962482,
                        55.331033,
                        2
                    ],
                    [
                        10.963413,
                        55.331292,
                        2.7
                    ],
                    [
                        10.966859,
                        55.332156,
                        2.2
                    ],
                    [
                        10.969183,
                        55.332677,
                        2
                    ],
                    [
                        10.971358,
                        55.333138,
                        2
                    ],
                    [
                        10.974444,
                        55.333718,
                        1
                    ],
                    [
                        10.977793,
                        55.334293,
                        0.2
                    ],
                    [
                        10.979797,
                        55.334608,
                        0.2
                    ],
                    [
                        10.983725,
                        55.335177,
                        0
                    ],
                    [
                        10.990967,
                        55.336135,
                        0
                    ],
                    [
                        11.014955,
                        55.339211,
                        0
                    ],
                    [
                        11.056476,
                        55.344534,
                        0
                    ],
                    [
                        11.086403,
                        55.348371,
                        0
                    ],
                    [
                        11.089836,
                        55.348785,
                        0
                    ],
                    [
                        11.091621,
                        55.348985,
                        0
                    ],
                    [
                        11.093478,
                        55.349175,
                        0
                    ],
                    [
                        11.095347,
                        55.349342,
                        0
                    ],
                    [
                        11.098702,
                        55.349573,
                        0.3
                    ],
                    [
                        11.101523,
                        55.349687,
                        0
                    ],
                    [
                        11.10237,
                        55.349713,
                        1
                    ],
                    [
                        11.104349,
                        55.349735,
                        0
                    ],
                    [
                        11.108132,
                        55.349563,
                        2
                    ],
                    [
                        11.109024,
                        55.349519,
                        0
                    ],
                    [
                        11.111426,
                        55.349446,
                        1
                    ],
                    [
                        11.112546,
                        55.349352,
                        1
                    ],
                    [
                        11.113917,
                        55.349214,
                        0
                    ],
                    [
                        11.118451,
                        55.348704,
                        1
                    ],
                    [
                        11.120876,
                        55.348513,
                        2.3
                    ],
                    [
                        11.122226,
                        55.348443,
                        2
                    ],
                    [
                        11.123367,
                        55.348407,
                        1.7
                    ],
                    [
                        11.124538,
                        55.348393,
                        1.2
                    ],
                    [
                        11.126597,
                        55.348417,
                        1.2
                    ],
                    [
                        11.129194,
                        55.348529,
                        0
                    ],
                    [
                        11.130516,
                        55.348643,
                        1
                    ],
                    [
                        11.131773,
                        55.348757,
                        1.3
                    ],
                    [
                        11.134368,
                        55.349083,
                        3.5
                    ],
                    [
                        11.135507,
                        55.349279,
                        4.1
                    ],
                    [
                        11.137308,
                        55.349615,
                        4.8
                    ],
                    [
                        11.138818,
                        55.34997,
                        5.3
                    ],
                    [
                        11.140059,
                        55.350291,
                        4.3
                    ],
                    [
                        11.141771,
                        55.350797,
                        3
                    ],
                    [
                        11.143134,
                        55.351269,
                        2
                    ],
                    [
                        11.144135,
                        55.351645,
                        2
                    ],
                    [
                        11.145549,
                        55.352235,
                        3
                    ],
                    [
                        11.14758,
                        55.353147,
                        1
                    ],
                    [
                        11.149456,
                        55.353996,
                        -1
                    ],
                    [
                        11.158645,
                        55.358147,
                        -3.1
                    ],
                    [
                        11.159266,
                        55.358411,
                        -2.8
                    ],
                    [
                        11.16063,
                        55.358922,
                        -1.6
                    ],
                    [
                        11.161527,
                        55.359222,
                        -1.4
                    ],
                    [
                        11.162549,
                        55.359521,
                        -1.4
                    ],
                    [
                        11.163531,
                        55.359779,
                        -1.8
                    ],
                    [
                        11.164639,
                        55.360038,
                        -1.6
                    ],
                    [
                        11.165615,
                        55.360235,
                        -1.3
                    ],
                    [
                        11.166479,
                        55.360384,
                        -0.8
                    ],
                    [
                        11.16726,
                        55.360505,
                        -0.6
                    ],
                    [
                        11.168103,
                        55.360617,
                        -0.6
                    ],
                    [
                        11.182879,
                        55.362104,
                        3.5
                    ],
                    [
                        11.184814,
                        55.362257,
                        3.2
                    ],
                    [
                        11.18688,
                        55.362344,
                        3.2
                    ],
                    [
                        11.221835,
                        55.362392,
                        0.5
                    ],
                    [
                        11.223071,
                        55.362414,
                        1
                    ],
                    [
                        11.224517,
                        55.362463,
                        1.3
                    ],
                    [
                        11.225984,
                        55.362561,
                        1.3
                    ],
                    [
                        11.228551,
                        55.362773,
                        1
                    ],
                    [
                        11.228766,
                        55.362791,
                        1
                    ],
                    [
                        11.237777,
                        55.363536,
                        0
                    ],
                    [
                        11.238596,
                        55.363601,
                        1
                    ],
                    [
                        11.238831,
                        55.36362,
                        1
                    ],
                    [
                        11.259333,
                        55.365289,
                        8
                    ],
                    [
                        11.259641,
                        55.365314,
                        8
                    ],
                    [
                        11.267841,
                        55.365982,
                        6
                    ],
                    [
                        11.271279,
                        55.366223,
                        7.5
                    ],
                    [
                        11.273456,
                        55.366273,
                        9
                    ],
                    [
                        11.274784,
                        55.366304,
                        9
                    ],
                    [
                        11.276777,
                        55.36635,
                        9
                    ],
                    [
                        11.277927,
                        55.366405,
                        8.7
                    ],
                    [
                        11.279565,
                        55.366511,
                        8
                    ],
                    [
                        11.281598,
                        55.366701,
                        6.4
                    ],
                    [
                        11.283761,
                        55.366975,
                        5
                    ],
                    [
                        11.28444,
                        55.367083,
                        4
                    ],
                    [
                        11.285432,
                        55.36726,
                        3
                    ],
                    [
                        11.285914,
                        55.367346,
                        3
                    ],
                    [
                        11.28718,
                        55.367572,
                        3
                    ],
                    [
                        11.290664,
                        55.36844,
                        2
                    ],
                    [
                        11.293145,
                        55.3692,
                        3
                    ],
                    [
                        11.294722,
                        55.369754,
                        2
                    ],
                    [
                        11.295822,
                        55.370179,
                        2
                    ],
                    [
                        11.298921,
                        55.371589,
                        0
                    ],
                    [
                        11.301643,
                        55.372892,
                        2
                    ],
                    [
                        11.304884,
                        55.374365,
                        15
                    ],
                    [
                        11.306846,
                        55.375198,
                        26.3
                    ],
                    [
                        11.308539,
                        55.375858,
                        31
                    ],
                    [
                        11.308921,
                        55.376007,
                        31
                    ],
                    [
                        11.311445,
                        55.376917,
                        41
                    ],
                    [
                        11.31354,
                        55.377633,
                        45.5
                    ],
                    [
                        11.315594,
                        55.378277,
                        45.5
                    ],
                    [
                        11.319557,
                        55.379415,
                        57
                    ],
                    [
                        11.321057,
                        55.379827,
                        59
                    ],
                    [
                        11.323476,
                        55.38049,
                        60
                    ],
                    [
                        11.329113,
                        55.382076,
                        61
                    ],
                    [
                        11.330099,
                        55.382361,
                        62
                    ],
                    [
                        11.339661,
                        55.385024,
                        60
                    ],
                    [
                        11.340303,
                        55.385189,
                        59
                    ],
                    [
                        11.340844,
                        55.385328,
                        59
                    ],
                    [
                        11.343893,
                        55.386088,
                        58.6
                    ],
                    [
                        11.345955,
                        55.386539,
                        58.6
                    ],
                    [
                        11.349932,
                        55.387332,
                        57
                    ],
                    [
                        11.360994,
                        55.389155,
                        48
                    ],
                    [
                        11.361081,
                        55.389171,
                        48
                    ],
                    [
                        11.361802,
                        55.38932,
                        48
                    ],
                    [
                        11.36303,
                        55.389622,
                        49.3
                    ],
                    [
                        11.363845,
                        55.389863,
                        49.8
                    ],
                    [
                        11.364618,
                        55.390115,
                        51
                    ],
                    [
                        11.365411,
                        55.390403,
                        52.8
                    ],
                    [
                        11.366869,
                        55.391039,
                        58
                    ],
                    [
                        11.367736,
                        55.391497,
                        59.9
                    ],
                    [
                        11.368405,
                        55.39189,
                        60.9
                    ],
                    [
                        11.369378,
                        55.392546,
                        60.9
                    ],
                    [
                        11.37077,
                        55.393713,
                        64
                    ],
                    [
                        11.372454,
                        55.395219,
                        64.5
                    ],
                    [
                        11.373405,
                        55.395968,
                        65.5
                    ],
                    [
                        11.37439,
                        55.396643,
                        64.5
                    ],
                    [
                        11.375416,
                        55.397286,
                        64.5
                    ],
                    [
                        11.377329,
                        55.398233,
                        64
                    ],
                    [
                        11.378242,
                        55.398664,
                        66.8
                    ],
                    [
                        11.379257,
                        55.39905,
                        68.2
                    ],
                    [
                        11.380357,
                        55.399442,
                        69
                    ],
                    [
                        11.380897,
                        55.399604,
                        72
                    ],
                    [
                        11.381687,
                        55.399839,
                        74
                    ],
                    [
                        11.382216,
                        55.399964,
                        75
                    ],
                    [
                        11.383798,
                        55.400389,
                        75
                    ],
                    [
                        11.388507,
                        55.401547,
                        86
                    ],
                    [
                        11.398424,
                        55.404056,
                        64.5
                    ],
                    [
                        11.399877,
                        55.404476,
                        63.5
                    ],
                    [
                        11.401299,
                        55.404996,
                        62.1
                    ],
                    [
                        11.403027,
                        55.405747,
                        60.6
                    ],
                    [
                        11.404038,
                        55.406248,
                        58.4
                    ],
                    [
                        11.404658,
                        55.406585,
                        58.2
                    ],
                    [
                        11.40532,
                        55.406976,
                        56.2
                    ],
                    [
                        11.406674,
                        55.407878,
                        53.1
                    ],
                    [
                        11.407567,
                        55.408581,
                        50.3
                    ],
                    [
                        11.40852,
                        55.409427,
                        48.1
                    ],
                    [
                        11.409142,
                        55.410063,
                        46.8
                    ],
                    [
                        11.409551,
                        55.410534,
                        46.7
                    ],
                    [
                        11.41006,
                        55.411213,
                        44.9
                    ],
                    [
                        11.410836,
                        55.412481,
                        44.9
                    ],
                    [
                        11.412338,
                        55.415164,
                        32
                    ],
                    [
                        11.413909,
                        55.417999,
                        31
                    ],
                    [
                        11.414297,
                        55.418568,
                        30.7
                    ],
                    [
                        11.414788,
                        55.41923,
                        30.5
                    ],
                    [
                        11.415279,
                        55.419802,
                        30.6
                    ],
                    [
                        11.415767,
                        55.420311,
                        31.2
                    ],
                    [
                        11.416277,
                        55.420787,
                        31.5
                    ],
                    [
                        11.416986,
                        55.421384,
                        32.7
                    ],
                    [
                        11.417699,
                        55.421918,
                        33.7
                    ],
                    [
                        11.418268,
                        55.422303,
                        33.6
                    ],
                    [
                        11.419161,
                        55.422855,
                        34
                    ],
                    [
                        11.420231,
                        55.423459,
                        34
                    ],
                    [
                        11.421606,
                        55.424156,
                        34.5
                    ],
                    [
                        11.422885,
                        55.424766,
                        34.8
                    ],
                    [
                        11.42417,
                        55.425344,
                        33.6
                    ],
                    [
                        11.425717,
                        55.425989,
                        32.5
                    ],
                    [
                        11.4272,
                        55.426566,
                        33.2
                    ],
                    [
                        11.428699,
                        55.427107,
                        33.2
                    ],
                    [
                        11.430879,
                        55.427836,
                        34
                    ],
                    [
                        11.433319,
                        55.428544,
                        30.5
                    ],
                    [
                        11.435311,
                        55.429061,
                        30.2
                    ],
                    [
                        11.436497,
                        55.429346,
                        29.4
                    ],
                    [
                        11.437664,
                        55.429607,
                        29.4
                    ],
                    [
                        11.440671,
                        55.43021,
                        28
                    ],
                    [
                        11.443328,
                        55.430683,
                        30.5
                    ],
                    [
                        11.445225,
                        55.430995,
                        30.8
                    ],
                    [
                        11.447117,
                        55.431287,
                        30.8
                    ],
                    [
                        11.449906,
                        55.431683,
                        32
                    ],
                    [
                        11.453498,
                        55.432136,
                        34
                    ],
                    [
                        11.456997,
                        55.432512,
                        34
                    ],
                    [
                        11.459376,
                        55.432735,
                        35
                    ],
                    [
                        11.464546,
                        55.433118,
                        31
                    ],
                    [
                        11.467435,
                        55.433279,
                        32
                    ],
                    [
                        11.47539,
                        55.433644,
                        45
                    ],
                    [
                        11.478695,
                        55.433872,
                        49
                    ],
                    [
                        11.481855,
                        55.434169,
                        50
                    ],
                    [
                        11.484834,
                        55.434534,
                        52
                    ],
                    [
                        11.4878,
                        55.434972,
                        58.5
                    ],
                    [
                        11.48977,
                        55.435308,
                        60.5
                    ],
                    [
                        11.491565,
                        55.435646,
                        60.8
                    ],
                    [
                        11.493336,
                        55.436009,
                        60.8
                    ],
                    [
                        11.495995,
                        55.436614,
                        64
                    ],
                    [
                        11.498524,
                        55.437261,
                        68
                    ],
                    [
                        11.500156,
                        55.437715,
                        69
                    ],
                    [
                        11.501989,
                        55.438258,
                        69.3
                    ],
                    [
                        11.503364,
                        55.438695,
                        68.4
                    ],
                    [
                        11.504729,
                        55.43915,
                        68.5
                    ],
                    [
                        11.506103,
                        55.439635,
                        69.5
                    ],
                    [
                        11.507468,
                        55.44014,
                        71.2
                    ],
                    [
                        11.50906,
                        55.440764,
                        71.1
                    ],
                    [
                        11.510621,
                        55.441409,
                        68.4
                    ],
                    [
                        11.512193,
                        55.4421,
                        68.4
                    ],
                    [
                        11.514373,
                        55.443127,
                        61
                    ],
                    [
                        11.516247,
                        55.444087,
                        62
                    ],
                    [
                        11.517684,
                        55.444869,
                        61
                    ],
                    [
                        11.518954,
                        55.445603,
                        61
                    ],
                    [
                        11.520927,
                        55.446811,
                        58
                    ],
                    [
                        11.525045,
                        55.449527,
                        48
                    ],
                    [
                        11.526879,
                        55.450656,
                        45
                    ],
                    [
                        11.528128,
                        55.451356,
                        45
                    ],
                    [
                        11.529409,
                        55.452027,
                        45
                    ],
                    [
                        11.53159,
                        55.453052,
                        44.5
                    ],
                    [
                        11.533144,
                        55.453715,
                        44.5
                    ],
                    [
                        11.535274,
                        55.454536,
                        45
                    ],
                    [
                        11.536953,
                        55.455119,
                        45.3
                    ],
                    [
                        11.538733,
                        55.455677,
                        45.3
                    ],
                    [
                        11.540933,
                        55.456293,
                        44
                    ],
                    [
                        11.543179,
                        55.456843,
                        42.5
                    ],
                    [
                        11.545401,
                        55.457322,
                        42.5
                    ],
                    [
                        11.54803,
                        55.457841,
                        42
                    ],
                    [
                        11.550629,
                        55.458307,
                        38
                    ],
                    [
                        11.553138,
                        55.458715,
                        44
                    ],
                    [
                        11.554808,
                        55.458972,
                        44
                    ],
                    [
                        11.557594,
                        55.459347,
                        40
                    ],
                    [
                        11.561431,
                        55.459801,
                        42.5
                    ],
                    [
                        11.562319,
                        55.45989,
                        43
                    ],
                    [
                        11.563062,
                        55.459965,
                        42
                    ],
                    [
                        11.563971,
                        55.460057,
                        42
                    ],
                    [
                        11.566747,
                        55.460254,
                        42
                    ],
                    [
                        11.568544,
                        55.46033,
                        42.3
                    ],
                    [
                        11.570017,
                        55.460365,
                        42.4
                    ],
                    [
                        11.570906,
                        55.460364,
                        43.2
                    ],
                    [
                        11.573222,
                        55.460311,
                        45
                    ],
                    [
                        11.575498,
                        55.460199,
                        45
                    ],
                    [
                        11.57835,
                        55.459953,
                        40
                    ],
                    [
                        11.580707,
                        55.45964,
                        35.5
                    ],
                    [
                        11.581965,
                        55.459437,
                        35.1
                    ],
                    [
                        11.583441,
                        55.459172,
                        35
                    ],
                    [
                        11.585764,
                        55.458669,
                        33.5
                    ],
                    [
                        11.587232,
                        55.458307,
                        33.5
                    ],
                    [
                        11.590495,
                        55.457444,
                        33
                    ],
                    [
                        11.592209,
                        55.456996,
                        33
                    ],
                    [
                        11.594491,
                        55.45646,
                        33.5
                    ],
                    [
                        11.595711,
                        55.456211,
                        33.5
                    ],
                    [
                        11.598174,
                        55.455771,
                        34
                    ],
                    [
                        11.600486,
                        55.455418,
                        35
                    ],
                    [
                        11.603213,
                        55.455055,
                        33
                    ],
                    [
                        11.606366,
                        55.454608,
                        32
                    ],
                    [
                        11.607798,
                        55.454391,
                        32.3
                    ],
                    [
                        11.609452,
                        55.454109,
                        32.3
                    ],
                    [
                        11.612179,
                        55.453566,
                        34
                    ],
                    [
                        11.615347,
                        55.452847,
                        33
                    ],
                    [
                        11.619529,
                        55.451819,
                        34
                    ],
                    [
                        11.622235,
                        55.451179,
                        34
                    ],
                    [
                        11.623671,
                        55.45087,
                        35
                    ],
                    [
                        11.624048,
                        55.450789,
                        34
                    ],
                    [
                        11.624827,
                        55.450621,
                        34
                    ],
                    [
                        11.627605,
                        55.450079,
                        34
                    ],
                    [
                        11.630303,
                        55.4496,
                        33
                    ],
                    [
                        11.632973,
                        55.449185,
                        34
                    ],
                    [
                        11.635629,
                        55.448819,
                        33
                    ],
                    [
                        11.63772,
                        55.448552,
                        33
                    ],
                    [
                        11.641344,
                        55.448182,
                        32.5
                    ],
                    [
                        11.642846,
                        55.448045,
                        32.5
                    ],
                    [
                        11.646598,
                        55.447775,
                        30
                    ],
                    [
                        11.649324,
                        55.447631,
                        31
                    ],
                    [
                        11.654651,
                        55.447445,
                        32
                    ],
                    [
                        11.65802,
                        55.447378,
                        31
                    ],
                    [
                        11.663553,
                        55.447362,
                        31
                    ],
                    [
                        11.666097,
                        55.447391,
                        32
                    ],
                    [
                        11.671189,
                        55.447508,
                        31.5
                    ],
                    [
                        11.672946,
                        55.447601,
                        31.5
                    ],
                    [
                        11.675744,
                        55.447717,
                        31
                    ],
                    [
                        11.679905,
                        55.447959,
                        32
                    ],
                    [
                        11.683028,
                        55.448174,
                        32
                    ],
                    [
                        11.683321,
                        55.448194,
                        32
                    ],
                    [
                        11.684245,
                        55.448257,
                        32
                    ],
                    [
                        11.690593,
                        55.448845,
                        32
                    ],
                    [
                        11.693714,
                        55.449191,
                        33
                    ],
                    [
                        11.696354,
                        55.449535,
                        33
                    ],
                    [
                        11.698113,
                        55.449785,
                        33.3
                    ],
                    [
                        11.699872,
                        55.450064,
                        33.8
                    ],
                    [
                        11.703068,
                        55.450613,
                        33.6
                    ],
                    [
                        11.708714,
                        55.451722,
                        42
                    ],
                    [
                        11.710708,
                        55.452098,
                        43
                    ],
                    [
                        11.712748,
                        55.45245,
                        45.3
                    ],
                    [
                        11.715663,
                        55.452882,
                        48.1
                    ],
                    [
                        11.717315,
                        55.453091,
                        49.4
                    ],
                    [
                        11.719005,
                        55.453271,
                        49.4
                    ],
                    [
                        11.722202,
                        55.45355,
                        52.5
                    ],
                    [
                        11.729794,
                        55.454026,
                        51.5
                    ],
                    [
                        11.731292,
                        55.454167,
                        51.5
                    ],
                    [
                        11.734028,
                        55.454489,
                        51
                    ],
                    [
                        11.737263,
                        55.454996,
                        47
                    ],
                    [
                        11.739993,
                        55.455471,
                        41
                    ],
                    [
                        11.745026,
                        55.456317,
                        32
                    ],
                    [
                        11.748273,
                        55.456786,
                        27
                    ],
                    [
                        11.750247,
                        55.457022,
                        27
                    ],
                    [
                        11.752917,
                        55.457284,
                        24
                    ],
                    [
                        11.755523,
                        55.457474,
                        22
                    ],
                    [
                        11.757203,
                        55.457563,
                        22.3
                    ],
                    [
                        11.759238,
                        55.457644,
                        22
                    ],
                    [
                        11.760371,
                        55.457667,
                        21
                    ],
                    [
                        11.763705,
                        55.457679,
                        27
                    ],
                    [
                        11.766197,
                        55.457626,
                        31
                    ],
                    [
                        11.769223,
                        55.457487,
                        35
                    ],
                    [
                        11.771306,
                        55.457342,
                        35
                    ],
                    [
                        11.775806,
                        55.456895,
                        39
                    ],
                    [
                        11.780419,
                        55.456376,
                        40
                    ],
                    [
                        11.784411,
                        55.455971,
                        40.5
                    ],
                    [
                        11.786762,
                        55.455755,
                        41.5
                    ],
                    [
                        11.789365,
                        55.45554,
                        42.4
                    ],
                    [
                        11.792085,
                        55.455341,
                        42.6
                    ],
                    [
                        11.796016,
                        55.455094,
                        39
                    ],
                    [
                        11.799284,
                        55.45491,
                        42
                    ],
                    [
                        11.805317,
                        55.454686,
                        39
                    ],
                    [
                        11.810284,
                        55.454576,
                        39
                    ],
                    [
                        11.812813,
                        55.454554,
                        38.4
                    ],
                    [
                        11.814441,
                        55.454559,
                        38.2
                    ],
                    [
                        11.816114,
                        55.454583,
                        38
                    ],
                    [
                        11.818252,
                        55.45465,
                        38
                    ],
                    [
                        11.820069,
                        55.454742,
                        38
                    ],
                    [
                        11.822961,
                        55.454974,
                        37.9
                    ],
                    [
                        11.824505,
                        55.455135,
                        37.9
                    ],
                    [
                        11.829045,
                        55.455659,
                        37
                    ],
                    [
                        11.830562,
                        55.455788,
                        37.3
                    ],
                    [
                        11.831877,
                        55.455868,
                        37.4
                    ],
                    [
                        11.833499,
                        55.455923,
                        38.1
                    ],
                    [
                        11.83574,
                        55.455922,
                        39
                    ],
                    [
                        11.83725,
                        55.45587,
                        40.9
                    ],
                    [
                        11.838577,
                        55.455789,
                        41
                    ],
                    [
                        11.840087,
                        55.455658,
                        40
                    ],
                    [
                        11.841437,
                        55.455501,
                        39
                    ],
                    [
                        11.842677,
                        55.455328,
                        38.7
                    ],
                    [
                        11.844126,
                        55.455085,
                        38.7
                    ],
                    [
                        11.8501,
                        55.453908,
                        41.7
                    ],
                    [
                        11.851456,
                        55.453679,
                        42
                    ],
                    [
                        11.852832,
                        55.453477,
                        41.3
                    ],
                    [
                        11.854683,
                        55.453254,
                        40.8
                    ],
                    [
                        11.856067,
                        55.453123,
                        39.9
                    ],
                    [
                        11.85757,
                        55.45302,
                        39
                    ],
                    [
                        11.859031,
                        55.452946,
                        38
                    ],
                    [
                        11.860274,
                        55.452906,
                        37
                    ],
                    [
                        11.862195,
                        55.452891,
                        37.3
                    ],
                    [
                        11.864232,
                        55.452938,
                        36.8
                    ],
                    [
                        11.865826,
                        55.45302,
                        36.6
                    ],
                    [
                        11.867491,
                        55.453148,
                        36.5
                    ],
                    [
                        11.868728,
                        55.453268,
                        36.2
                    ],
                    [
                        11.870228,
                        55.453448,
                        36.4
                    ],
                    [
                        11.872265,
                        55.453752,
                        36.5
                    ],
                    [
                        11.873608,
                        55.453993,
                        36.2
                    ],
                    [
                        11.875211,
                        55.454303,
                        36
                    ],
                    [
                        11.878679,
                        55.455107,
                        36
                    ],
                    [
                        11.882533,
                        55.455935,
                        34
                    ],
                    [
                        11.884345,
                        55.456255,
                        32.3
                    ],
                    [
                        11.886093,
                        55.456518,
                        30.8
                    ],
                    [
                        11.887543,
                        55.4567,
                        29.6
                    ],
                    [
                        11.889571,
                        55.456915,
                        29.2
                    ],
                    [
                        11.891513,
                        55.457067,
                        29.4
                    ],
                    [
                        11.893453,
                        55.457167,
                        28.1
                    ],
                    [
                        11.895369,
                        55.457214,
                        25.7
                    ],
                    [
                        11.897291,
                        55.457221,
                        24.2
                    ],
                    [
                        11.898883,
                        55.457183,
                        25.4
                    ],
                    [
                        11.900213,
                        55.45713,
                        27.1
                    ],
                    [
                        11.901562,
                        55.457052,
                        27.7
                    ],
                    [
                        11.903082,
                        55.456943,
                        28.2
                    ],
                    [
                        11.905289,
                        55.456717,
                        28.2
                    ],
                    [
                        11.908263,
                        55.456368,
                        26
                    ],
                    [
                        11.911082,
                        55.456082,
                        33
                    ],
                    [
                        11.912995,
                        55.455942,
                        34
                    ],
                    [
                        11.91452,
                        55.455872,
                        35
                    ],
                    [
                        11.916262,
                        55.455853,
                        36
                    ],
                    [
                        11.917174,
                        55.455857,
                        36.7
                    ],
                    [
                        11.919243,
                        55.455932,
                        36.2
                    ],
                    [
                        11.921148,
                        55.456073,
                        34.7
                    ],
                    [
                        11.922804,
                        55.456251,
                        34.7
                    ],
                    [
                        11.925729,
                        55.456596,
                        35
                    ],
                    [
                        11.929242,
                        55.457008,
                        34
                    ],
                    [
                        11.93236,
                        55.45732,
                        31.5
                    ],
                    [
                        11.934577,
                        55.457497,
                        30.8
                    ],
                    [
                        11.936761,
                        55.457627,
                        29
                    ],
                    [
                        11.93979,
                        55.457769,
                        28
                    ],
                    [
                        11.945039,
                        55.457854,
                        29
                    ],
                    [
                        11.950256,
                        55.457745,
                        28
                    ],
                    [
                        11.96051,
                        55.457268,
                        29
                    ],
                    [
                        11.963192,
                        55.457156,
                        28
                    ],
                    [
                        11.965774,
                        55.457069,
                        25
                    ],
                    [
                        11.968394,
                        55.457023,
                        32
                    ],
                    [
                        11.971042,
                        55.456985,
                        32
                    ],
                    [
                        11.975304,
                        55.457015,
                        28
                    ],
                    [
                        11.976098,
                        55.457029,
                        28
                    ],
                    [
                        11.978764,
                        55.457075,
                        29
                    ],
                    [
                        11.98168,
                        55.457185,
                        34
                    ],
                    [
                        11.984805,
                        55.457353,
                        34
                    ],
                    [
                        11.988227,
                        55.457576,
                        30
                    ],
                    [
                        11.99155,
                        55.457851,
                        28
                    ],
                    [
                        11.995185,
                        55.458207,
                        27
                    ],
                    [
                        12.000896,
                        55.458879,
                        32
                    ],
                    [
                        12.005025,
                        55.459484,
                        31
                    ],
                    [
                        12.008454,
                        55.460032,
                        24
                    ],
                    [
                        12.015276,
                        55.461221,
                        30
                    ],
                    [
                        12.019051,
                        55.461853,
                        27
                    ],
                    [
                        12.022866,
                        55.462449,
                        25
                    ],
                    [
                        12.0265,
                        55.462966,
                        25
                    ],
                    [
                        12.030154,
                        55.46343,
                        28
                    ],
                    [
                        12.033723,
                        55.463834,
                        28
                    ],
                    [
                        12.042543,
                        55.464764,
                        32
                    ],
                    [
                        12.046246,
                        55.465225,
                        33
                    ],
                    [
                        12.04866,
                        55.465549,
                        34.5
                    ],
                    [
                        12.05085,
                        55.465867,
                        34.5
                    ],
                    [
                        12.053495,
                        55.466288,
                        35
                    ],
                    [
                        12.056056,
                        55.466716,
                        32
                    ],
                    [
                        12.058503,
                        55.467168,
                        30
                    ],
                    [
                        12.061615,
                        55.467784,
                        29
                    ],
                    [
                        12.063478,
                        55.468191,
                        29
                    ],
                    [
                        12.065277,
                        55.468621,
                        26.7
                    ],
                    [
                        12.066818,
                        55.46901,
                        25.2
                    ],
                    [
                        12.068573,
                        55.469475,
                        24.4
                    ],
                    [
                        12.070254,
                        55.469947,
                        24.4
                    ],
                    [
                        12.072798,
                        55.470724,
                        24
                    ],
                    [
                        12.074921,
                        55.471414,
                        24.5
                    ],
                    [
                        12.076932,
                        55.472118,
                        27
                    ],
                    [
                        12.07699,
                        55.472138,
                        27
                    ],
                    [
                        12.077697,
                        55.472383,
                        28
                    ],
                    [
                        12.08505,
                        55.47499,
                        23
                    ],
                    [
                        12.08754,
                        55.47584,
                        19
                    ],
                    [
                        12.08973,
                        55.476526,
                        16
                    ],
                    [
                        12.090778,
                        55.476836,
                        16
                    ],
                    [
                        12.093007,
                        55.477409,
                        18.5
                    ],
                    [
                        12.095173,
                        55.477891,
                        19.8
                    ],
                    [
                        12.09637,
                        55.478133,
                        19.3
                    ],
                    [
                        12.098518,
                        55.478519,
                        18
                    ],
                    [
                        12.099843,
                        55.478738,
                        17
                    ],
                    [
                        12.100482,
                        55.478828,
                        16
                    ],
                    [
                        12.101128,
                        55.478918,
                        16
                    ],
                    [
                        12.102495,
                        55.479088,
                        14.7
                    ],
                    [
                        12.103954,
                        55.479246,
                        12.7
                    ],
                    [
                        12.105416,
                        55.479382,
                        12.2
                    ],
                    [
                        12.106118,
                        55.479429,
                        12
                    ],
                    [
                        12.10758,
                        55.479525,
                        12.3
                    ],
                    [
                        12.109527,
                        55.479626,
                        12.8
                    ],
                    [
                        12.111399,
                        55.479664,
                        13.6
                    ],
                    [
                        12.113221,
                        55.47968,
                        13.6
                    ],
                    [
                        12.129985,
                        55.479504,
                        12
                    ],
                    [
                        12.13877,
                        55.479393,
                        7
                    ],
                    [
                        12.140715,
                        55.47939,
                        7
                    ],
                    [
                        12.14412,
                        55.479499,
                        2
                    ],
                    [
                        12.144928,
                        55.479561,
                        2
                    ],
                    [
                        12.146827,
                        55.479768,
                        2
                    ],
                    [
                        12.148198,
                        55.479963,
                        3
                    ],
                    [
                        12.149793,
                        55.480234,
                        4
                    ],
                    [
                        12.151402,
                        55.480553,
                        4
                    ],
                    [
                        12.153434,
                        55.48104,
                        3.7
                    ],
                    [
                        12.154857,
                        55.48145,
                        2.6
                    ],
                    [
                        12.156202,
                        55.481885,
                        1.9
                    ],
                    [
                        12.157614,
                        55.482379,
                        3.3
                    ],
                    [
                        12.158763,
                        55.482844,
                        5.1
                    ],
                    [
                        12.159962,
                        55.483358,
                        6
                    ],
                    [
                        12.162084,
                        55.484421,
                        4
                    ],
                    [
                        12.163462,
                        55.485224,
                        4.3
                    ],
                    [
                        12.164768,
                        55.486099,
                        4.3
                    ],
                    [
                        12.166449,
                        55.487415,
                        3
                    ],
                    [
                        12.167115,
                        55.488011,
                        3
                    ],
                    [
                        12.168476,
                        55.489379,
                        5
                    ],
                    [
                        12.169042,
                        55.490061,
                        5.7
                    ],
                    [
                        12.169568,
                        55.490759,
                        6
                    ],
                    [
                        12.16989,
                        55.491241,
                        7
                    ],
                    [
                        12.170204,
                        55.491745,
                        8
                    ],
                    [
                        12.170685,
                        55.492645,
                        8
                    ],
                    [
                        12.171661,
                        55.494835,
                        4
                    ],
                    [
                        12.174764,
                        55.501557,
                        6
                    ],
                    [
                        12.176906,
                        55.506228,
                        4
                    ],
                    [
                        12.177409,
                        55.507202,
                        3.8
                    ],
                    [
                        12.177725,
                        55.507736,
                        3.9
                    ],
                    [
                        12.178086,
                        55.508283,
                        2.9
                    ],
                    [
                        12.178845,
                        55.509298,
                        1.3
                    ],
                    [
                        12.179647,
                        55.510207,
                        1.1
                    ],
                    [
                        12.180424,
                        55.511003,
                        1.4
                    ],
                    [
                        12.181326,
                        55.511787,
                        1.5
                    ],
                    [
                        12.182425,
                        55.512665,
                        1.2
                    ],
                    [
                        12.183154,
                        55.513178,
                        0.7
                    ],
                    [
                        12.184311,
                        55.513917,
                        0.2
                    ],
                    [
                        12.185349,
                        55.514522,
                        0.2
                    ],
                    [
                        12.187082,
                        55.515468,
                        2
                    ],
                    [
                        12.188501,
                        55.51634,
                        1.3
                    ],
                    [
                        12.189713,
                        55.517158,
                        2.1
                    ],
                    [
                        12.19086,
                        55.518053,
                        2.8
                    ],
                    [
                        12.191704,
                        55.518771,
                        2.4
                    ],
                    [
                        12.192015,
                        55.519069,
                        2.3
                    ],
                    [
                        12.192589,
                        55.519637,
                        1.7
                    ],
                    [
                        12.193276,
                        55.520394,
                        1
                    ],
                    [
                        12.194118,
                        55.521465,
                        2.3
                    ],
                    [
                        12.194829,
                        55.522549,
                        2.6
                    ],
                    [
                        12.195392,
                        55.523609,
                        1.5
                    ],
                    [
                        12.195774,
                        55.524497,
                        0.8
                    ],
                    [
                        12.196023,
                        55.525252,
                        1.3
                    ],
                    [
                        12.196264,
                        55.526211,
                        2.4
                    ],
                    [
                        12.196394,
                        55.527022,
                        3.8
                    ],
                    [
                        12.196599,
                        55.528888,
                        5
                    ],
                    [
                        12.196755,
                        55.529727,
                        4.7
                    ],
                    [
                        12.197066,
                        55.530827,
                        5.6
                    ],
                    [
                        12.197465,
                        55.531834,
                        6.1
                    ],
                    [
                        12.198087,
                        55.53304,
                        5
                    ],
                    [
                        12.198355,
                        55.533474,
                        4.7
                    ],
                    [
                        12.198884,
                        55.534247,
                        3.9
                    ],
                    [
                        12.199603,
                        55.535147,
                        3.6
                    ],
                    [
                        12.200562,
                        55.536198,
                        4.5
                    ],
                    [
                        12.201071,
                        55.536698,
                        5.8
                    ],
                    [
                        12.201978,
                        55.537494,
                        6.3
                    ],
                    [
                        12.203197,
                        55.538446,
                        5.1
                    ],
                    [
                        12.20445,
                        55.539297,
                        3.7
                    ],
                    [
                        12.205701,
                        55.540046,
                        3.6
                    ],
                    [
                        12.207202,
                        55.540851,
                        4.5
                    ],
                    [
                        12.208693,
                        55.541556,
                        5.5
                    ],
                    [
                        12.210332,
                        55.542169,
                        5.5
                    ],
                    [
                        12.211518,
                        55.542659,
                        5
                    ],
                    [
                        12.212077,
                        55.54288,
                        5
                    ],
                    [
                        12.213556,
                        55.54344,
                        6.3
                    ],
                    [
                        12.214082,
                        55.543671,
                        7
                    ],
                    [
                        12.215344,
                        55.544226,
                        5.7
                    ],
                    [
                        12.216289,
                        55.544677,
                        4.9
                    ],
                    [
                        12.217145,
                        55.545135,
                        4.3
                    ],
                    [
                        12.218314,
                        55.54581,
                        3.8
                    ],
                    [
                        12.219698,
                        55.546724,
                        3.8
                    ],
                    [
                        12.221325,
                        55.547968,
                        1
                    ],
                    [
                        12.221817,
                        55.54839,
                        1.7
                    ],
                    [
                        12.222665,
                        55.549213,
                        3
                    ],
                    [
                        12.223711,
                        55.550359,
                        3
                    ],
                    [
                        12.224548,
                        55.551425,
                        3
                    ],
                    [
                        12.225084,
                        55.552249,
                        3
                    ],
                    [
                        12.226901,
                        55.555672,
                        2
                    ],
                    [
                        12.227987,
                        55.557421,
                        5
                    ],
                    [
                        12.228939,
                        55.558783,
                        3
                    ],
                    [
                        12.229306,
                        55.559303,
                        5.7
                    ],
                    [
                        12.230349,
                        55.560606,
                        8.3
                    ],
                    [
                        12.230896,
                        55.561252,
                        8.3
                    ],
                    [
                        12.232101,
                        55.562599,
                        8.9
                    ],
                    [
                        12.232498,
                        55.563007,
                        9
                    ],
                    [
                        12.232811,
                        55.563324,
                        8
                    ],
                    [
                        12.233268,
                        55.563792,
                        8
                    ],
                    [
                        12.235852,
                        55.566174,
                        15
                    ],
                    [
                        12.237996,
                        55.56791,
                        14.2
                    ],
                    [
                        12.239123,
                        55.568787,
                        14.7
                    ],
                    [
                        12.240035,
                        55.569451,
                        14.7
                    ],
                    [
                        12.241676,
                        55.570583,
                        15
                    ],
                    [
                        12.243458,
                        55.571742,
                        16
                    ],
                    [
                        12.245227,
                        55.572812,
                        16.5
                    ],
                    [
                        12.246281,
                        55.573429,
                        16.5
                    ],
                    [
                        12.249917,
                        55.575458,
                        11
                    ],
                    [
                        12.251645,
                        55.576489,
                        9
                    ],
                    [
                        12.253177,
                        55.57746,
                        9
                    ],
                    [
                        12.255099,
                        55.578778,
                        9
                    ],
                    [
                        12.255916,
                        55.579358,
                        9
                    ],
                    [
                        12.257424,
                        55.5805,
                        9
                    ],
                    [
                        12.259021,
                        55.581791,
                        11
                    ],
                    [
                        12.259656,
                        55.58234,
                        10.3
                    ],
                    [
                        12.260901,
                        55.583364,
                        9.1
                    ],
                    [
                        12.263081,
                        55.585005,
                        8
                    ],
                    [
                        12.264585,
                        55.586067,
                        7
                    ],
                    [
                        12.265895,
                        55.58694,
                        7
                    ],
                    [
                        12.267086,
                        55.587702,
                        7
                    ],
                    [
                        12.268263,
                        55.588421,
                        7
                    ],
                    [
                        12.270185,
                        55.589519,
                        7.5
                    ],
                    [
                        12.271774,
                        55.590381,
                        7.2
                    ],
                    [
                        12.273398,
                        55.59121,
                        7.4
                    ],
                    [
                        12.275014,
                        55.591997,
                        7.4
                    ],
                    [
                        12.277342,
                        55.593052,
                        7
                    ],
                    [
                        12.279488,
                        55.593958,
                        7
                    ],
                    [
                        12.280797,
                        55.594472,
                        6
                    ],
                    [
                        12.282462,
                        55.59508,
                        5
                    ],
                    [
                        12.284126,
                        55.595682,
                        4.7
                    ],
                    [
                        12.28578,
                        55.596244,
                        4.2
                    ],
                    [
                        12.287183,
                        55.596696,
                        3.7
                    ],
                    [
                        12.290738,
                        55.597781,
                        3.5
                    ],
                    [
                        12.292404,
                        55.598307,
                        4.2
                    ],
                    [
                        12.294043,
                        55.598854,
                        4.7
                    ],
                    [
                        12.296607,
                        55.599775,
                        5.7
                    ],
                    [
                        12.298921,
                        55.600672,
                        7
                    ],
                    [
                        12.301359,
                        55.601699,
                        5.3
                    ],
                    [
                        12.302988,
                        55.602425,
                        6
                    ],
                    [
                        12.30425,
                        55.60302,
                        6.7
                    ],
                    [
                        12.307959,
                        55.604858,
                        6
                    ],
                    [
                        12.314349,
                        55.608049,
                        7
                    ],
                    [
                        12.315816,
                        55.608779,
                        7
                    ],
                    [
                        12.316353,
                        55.609093,
                        5.3
                    ],
                    [
                        12.320359,
                        55.611097,
                        4
                    ],
                    [
                        12.323775,
                        55.61276,
                        5.3
                    ],
                    [
                        12.324828,
                        55.613249,
                        6.3
                    ],
                    [
                        12.32663,
                        55.614036,
                        6.5
                    ],
                    [
                        12.328547,
                        55.614811,
                        6.5
                    ],
                    [
                        12.331138,
                        55.615815,
                        5
                    ],
                    [
                        12.333571,
                        55.61667,
                        8
                    ],
                    [
                        12.335832,
                        55.617415,
                        8
                    ],
                    [
                        12.342984,
                        55.619509,
                        5
                    ],
                    [
                        12.348579,
                        55.621094,
                        5
                    ],
                    [
                        12.358192,
                        55.623882,
                        5
                    ],
                    [
                        12.360977,
                        55.624643,
                        4
                    ],
                    [
                        12.36433,
                        55.625487,
                        2
                    ],
                    [
                        12.364824,
                        55.625596,
                        2
                    ],
                    [
                        12.369261,
                        55.626511,
                        1
                    ],
                    [
                        12.371343,
                        55.626876,
                        1
                    ],
                    [
                        12.371959,
                        55.62698,
                        2
                    ],
                    [
                        12.37369,
                        55.627257,
                        3
                    ],
                    [
                        12.376968,
                        55.627696,
                        5
                    ],
                    [
                        12.379323,
                        55.627983,
                        5
                    ],
                    [
                        12.381086,
                        55.62816,
                        5
                    ],
                    [
                        12.384166,
                        55.628412,
                        8
                    ],
                    [
                        12.386557,
                        55.628568,
                        6
                    ],
                    [
                        12.391388,
                        55.628832,
                        7
                    ],
                    [
                        12.392481,
                        55.62889,
                        6
                    ],
                    [
                        12.40253,
                        55.629404,
                        9
                    ],
                    [
                        12.410887,
                        55.629876,
                        7
                    ],
                    [
                        12.414654,
                        55.63005,
                        8
                    ],
                    [
                        12.419467,
                        55.630314,
                        7
                    ],
                    [
                        12.421835,
                        55.630434,
                        6.5
                    ],
                    [
                        12.423601,
                        55.630477,
                        7
                    ],
                    [
                        12.425642,
                        55.630438,
                        7
                    ],
                    [
                        12.427137,
                        55.63031,
                        6.8
                    ],
                    [
                        12.427951,
                        55.630218,
                        6.5
                    ],
                    [
                        12.429176,
                        55.630014,
                        6.3
                    ],
                    [
                        12.430503,
                        55.62973,
                        7
                    ],
                    [
                        12.430809,
                        55.629664,
                        6.5
                    ],
                    [
                        12.431568,
                        55.629448,
                        6
                    ],
                    [
                        12.432396,
                        55.629184,
                        5.5
                    ],
                    [
                        12.432982,
                        55.628967,
                        5.5
                    ],
                    [
                        12.433711,
                        55.628675,
                        5.1
                    ],
                    [
                        12.434499,
                        55.628312,
                        4.6
                    ],
                    [
                        12.435546,
                        55.62775,
                        4
                    ],
                    [
                        12.436484,
                        55.627149,
                        3.6
                    ],
                    [
                        12.437345,
                        55.626479,
                        2.8
                    ],
                    [
                        12.438084,
                        55.625801,
                        2.1
                    ],
                    [
                        12.438418,
                        55.625457,
                        1.8
                    ],
                    [
                        12.439294,
                        55.624487,
                        1.4
                    ],
                    [
                        12.44032,
                        55.623295,
                        1.7
                    ],
                    [
                        12.440461,
                        55.623045,
                        2
                    ],
                    [
                        12.4423,
                        55.620918,
                        1
                    ],
                    [
                        12.44363,
                        55.619541,
                        1
                    ],
                    [
                        12.444415,
                        55.618873,
                        1
                    ],
                    [
                        12.444908,
                        55.618496,
                        1
                    ],
                    [
                        12.44586,
                        55.617869,
                        1
                    ],
                    [
                        12.446582,
                        55.617463,
                        0.5
                    ],
                    [
                        12.447319,
                        55.617101,
                        -0.1
                    ],
                    [
                        12.448298,
                        55.616683,
                        -0.7
                    ],
                    [
                        12.449213,
                        55.61634,
                        -1
                    ],
                    [
                        12.45008,
                        55.616062,
                        -1.2
                    ],
                    [
                        12.451458,
                        55.615697,
                        -1.2
                    ],
                    [
                        12.452992,
                        55.615395,
                        -1.5
                    ],
                    [
                        12.454484,
                        55.615186,
                        -2
                    ],
                    [
                        12.456722,
                        55.615037,
                        -1.4
                    ],
                    [
                        12.457854,
                        55.615027,
                        -1.1
                    ],
                    [
                        12.45927,
                        55.615084,
                        -0.7
                    ],
                    [
                        12.46048,
                        55.615183,
                        -0.7
                    ],
                    [
                        12.463333,
                        55.6155,
                        -2
                    ],
                    [
                        12.465856,
                        55.615825,
                        -1
                    ],
                    [
                        12.468456,
                        55.6161,
                        -1
                    ],
                    [
                        12.470409,
                        55.616242,
                        -1
                    ],
                    [
                        12.472429,
                        55.616296,
                        -1.5
                    ],
                    [
                        12.474112,
                        55.616289,
                        -1.2
                    ],
                    [
                        12.475608,
                        55.616249,
                        -0.9
                    ],
                    [
                        12.476631,
                        55.616202,
                        -0.9
                    ],
                    [
                        12.485238,
                        55.615601,
                        0
                    ],
                    [
                        12.492747,
                        55.615068,
                        -1
                    ],
                    [
                        12.50326,
                        55.614346,
                        2
                    ],
                    [
                        12.505961,
                        55.61417,
                        3
                    ],
                    [
                        12.50842,
                        55.614009,
                        3.8
                    ],
                    [
                        12.510085,
                        55.613923,
                        4
                    ],
                    [
                        12.511475,
                        55.613879,
                        3.7
                    ],
                    [
                        12.512369,
                        55.613873,
                        3.5
                    ],
                    [
                        12.514375,
                        55.613914,
                        3
                    ],
                    [
                        12.515833,
                        55.61399,
                        3.2
                    ],
                    [
                        12.51717,
                        55.614124,
                        4
                    ],
                    [
                        12.518065,
                        55.614253,
                        4.3
                    ],
                    [
                        12.51916,
                        55.61444,
                        4.1
                    ],
                    [
                        12.520263,
                        55.614696,
                        4.2
                    ],
                    [
                        12.522401,
                        55.615318,
                        3
                    ],
                    [
                        12.524285,
                        55.616112,
                        3
                    ],
                    [
                        12.525991,
                        55.617127,
                        -0.5
                    ],
                    [
                        12.526772,
                        55.617697,
                        -0.8
                    ],
                    [
                        12.527396,
                        55.618236,
                        -1.3
                    ],
                    [
                        12.52811,
                        55.618954,
                        -1.1
                    ],
                    [
                        12.528602,
                        55.619557,
                        -0.7
                    ],
                    [
                        12.529032,
                        55.6201,
                        -0.4
                    ],
                    [
                        12.530347,
                        55.621867,
                        -0.3
                    ],
                    [
                        12.530996,
                        55.622682,
                        -1
                    ],
                    [
                        12.532038,
                        55.623959,
                        -2
                    ],
                    [
                        12.533177,
                        55.625092,
                        -2.4
                    ],
                    [
                        12.533696,
                        55.625553,
                        -2
                    ],
                    [
                        12.534256,
                        55.625996,
                        -1.5
                    ],
                    [
                        12.535187,
                        55.626627,
                        -0.9
                    ],
                    [
                        12.535864,
                        55.62702,
                        -0.4
                    ],
                    [
                        12.536581,
                        55.627386,
                        -0.2
                    ],
                    [
                        12.537338,
                        55.627729,
                        -0.1
                    ],
                    [
                        12.538127,
                        55.628042,
                        0.2
                    ],
                    [
                        12.53895,
                        55.628329,
                        0.3
                    ],
                    [
                        12.539804,
                        55.628587,
                        0.2
                    ],
                    [
                        12.540685,
                        55.628814,
                        0.1
                    ],
                    [
                        12.541589,
                        55.629011,
                        0
                    ],
                    [
                        12.542283,
                        55.629139,
                        -0.8
                    ],
                    [
                        12.543221,
                        55.62928,
                        -0.8
                    ],
                    [
                        12.544649,
                        55.62943,
                        -1
                    ],
                    [
                        12.54599,
                        55.629502,
                        -1.3
                    ],
                    [
                        12.54743,
                        55.629505,
                        -1.5
                    ],
                    [
                        12.548019,
                        55.62949,
                        -2
                    ],
                    [
                        12.549042,
                        55.629454,
                        -2.5
                    ],
                    [
                        12.555476,
                        55.629118,
                        -1
                    ],
                    [
                        12.557201,
                        55.629027,
                        -2
                    ],
                    [
                        12.563152,
                        55.628715,
                        -1
                    ],
                    [
                        12.578016,
                        55.627944,
                        1
                    ],
                    [
                        12.57974,
                        55.62789,
                        0.7
                    ],
                    [
                        12.581164,
                        55.627868,
                        0
                    ],
                    [
                        12.582677,
                        55.627874,
                        -0.3
                    ],
                    [
                        12.584123,
                        55.62791,
                        -0.8
                    ],
                    [
                        12.586398,
                        55.628024,
                        -0.9
                    ],
                    [
                        12.587159,
                        55.628075,
                        -1
                    ],
                    [
                        12.587496,
                        55.628101,
                        -1
                    ],
                    [
                        12.588477,
                        55.628183,
                        -1
                    ],
                    [
                        12.591373,
                        55.628506,
                        -1.5
                    ],
                    [
                        12.59254,
                        55.62865,
                        -1
                    ],
                    [
                        12.592962,
                        55.628711,
                        -1
                    ],
                    [
                        12.59515,
                        55.628982,
                        -0.3
                    ],
                    [
                        12.596616,
                        55.629118,
                        -0.3
                    ],
                    [
                        12.599101,
                        55.629282,
                        -2
                    ],
                    [
                        12.610146,
                        55.629576,
                        4
                    ],
                    [
                        12.611317,
                        55.629611,
                        4
                    ],
                    [
                        12.612107,
                        55.62963,
                        4
                    ],
                    [
                        12.615081,
                        55.629718,
                        8
                    ],
                    [
                        12.635087,
                        55.630229,
                        3
                    ],
                    [
                        12.637629,
                        55.630304,
                        1.5
                    ],
                    [
                        12.639504,
                        55.630386,
                        2.2
                    ],
                    [
                        12.64109,
                        55.630477,
                        3.1
                    ],
                    [
                        12.644071,
                        55.630727,
                        3.5
                    ],
                    [
                        12.647893,
                        55.631088,
                        0
                    ],
                    [
                        12.649008,
                        55.631235,
                        0
                    ],
                    [
                        12.649319,
                        55.63127,
                        0
                    ],
                    [
                        12.651413,
                        55.631544,
                        0
                    ],
                    [
                        12.653745,
                        55.631874,
                        -1
                    ],
                    [
                        12.660093,
                        55.632917,
                        -0.2
                    ],
                    [
                        12.66107,
                        55.633055,
                        0.2
                    ],
                    [
                        12.662106,
                        55.633174,
                        0.6
                    ],
                    [
                        12.663077,
                        55.633256,
                        0.7
                    ],
                    [
                        12.663733,
                        55.633287,
                        1
                    ],
                    [
                        12.664265,
                        55.633313,
                        1.5
                    ],
                    [
                        12.665158,
                        55.633329,
                        1.5
                    ],
                    [
                        12.666839,
                        55.6333,
                        1
                    ],
                    [
                        12.667563,
                        55.633263,
                        0.7
                    ],
                    [
                        12.668574,
                        55.633185,
                        0.3
                    ],
                    [
                        12.67011,
                        55.633012,
                        0
                    ],
                    [
                        12.671537,
                        55.632788,
                        -0.4
                    ],
                    [
                        12.67283,
                        55.632525,
                        -0.7
                    ],
                    [
                        12.673911,
                        55.632263,
                        -1.2
                    ],
                    [
                        12.6745,
                        55.632104,
                        -1.3
                    ],
                    [
                        12.675619,
                        55.631749,
                        -2
                    ],
                    [
                        12.676421,
                        55.631462,
                        0.3
                    ],
                    [
                        12.67725,
                        55.631144,
                        1
                    ],
                    [
                        12.72944,
                        55.609852,
                        0
                    ],
                    [
                        12.733734,
                        55.608075,
                        -1
                    ],
                    [
                        12.73463,
                        55.607703,
                        -0.1
                    ],
                    [
                        12.737233,
                        55.606573,
                        0.3
                    ],
                    [
                        12.742002,
                        55.60443,
                        4
                    ],
                    [
                        12.748132,
                        55.601575,
                        1
                    ],
                    [
                        12.752475,
                        55.599522,
                        3
                    ],
                    [
                        12.760402,
                        55.595816,
                        2
                    ],
                    [
                        12.766832,
                        55.592927,
                        3
                    ],
                    [
                        12.769003,
                        55.592026,
                        2
                    ],
                    [
                        12.772608,
                        55.590571,
                        2.2
                    ],
                    [
                        12.776327,
                        55.589152,
                        2.4
                    ],
                    [
                        12.779552,
                        55.587986,
                        2.5
                    ],
                    [
                        12.781178,
                        55.587415,
                        2.6
                    ],
                    [
                        12.784888,
                        55.586152,
                        2.8
                    ],
                    [
                        12.788641,
                        55.58493,
                        3
                    ],
                    [
                        12.792497,
                        55.58373,
                        3.2
                    ],
                    [
                        12.796456,
                        55.582555,
                        3.4
                    ],
                    [
                        12.800457,
                        55.581426,
                        3.6
                    ],
                    [
                        12.804488,
                        55.580344,
                        3.8
                    ],
                    [
                        12.808905,
                        55.579223,
                        4
                    ],
                    [
                        12.812666,
                        55.578318,
                        4.2
                    ],
                    [
                        12.814735,
                        55.577839,
                        4.3
                    ],
                    [
                        12.818899,
                        55.576918,
                        4.5
                    ],
                    [
                        12.835032,
                        55.573353,
                        5.3
                    ],
                    [
                        12.839297,
                        55.572415,
                        5.5
                    ],
                    [
                        12.841441,
                        55.571965,
                        5.6
                    ],
                    [
                        12.847735,
                        55.570732,
                        5.9
                    ],
                    [
                        12.84992,
                        55.570335,
                        6
                    ],
                    [
                        12.853986,
                        55.569635,
                        6.2
                    ],
                    [
                        12.858503,
                        55.568917,
                        6.4
                    ],
                    [
                        12.86265,
                        55.56831,
                        6.6
                    ],
                    [
                        12.867092,
                        55.567726,
                        6.8
                    ],
                    [
                        12.871398,
                        55.56721,
                        7
                    ],
                    [
                        12.87574,
                        55.566746,
                        7.2
                    ],
                    [
                        12.878118,
                        55.566518,
                        7.3
                    ],
                    [
                        12.882423,
                        55.566144,
                        7.5
                    ],
                    [
                        12.886751,
                        55.565821,
                        7.7
                    ],
                    [
                        12.890593,
                        55.565577,
                        7.9
                    ],
                    [
                        12.892508,
                        55.565475,
                        8
                    ],
                    [
                        12.896034,
                        55.565305,
                        14.4
                    ],
                    [
                        12.898372,
                        55.565232,
                        14.6
                    ],
                    [
                        12.899951,
                        55.565213,
                        14
                    ],
                    [
                        12.90162,
                        55.56522,
                        13.7
                    ],
                    [
                        12.90308,
                        55.565248,
                        15
                    ],
                    [
                        12.904071,
                        55.565276,
                        17
                    ],
                    [
                        12.907189,
                        55.565416,
                        20
                    ],
                    [
                        12.908768,
                        55.565467,
                        19
                    ],
                    [
                        12.909893,
                        55.565526,
                        15
                    ],
                    [
                        12.910547,
                        55.56557,
                        10.2
                    ],
                    [
                        12.911549,
                        55.565588,
                        8
                    ],
                    [
                        12.913536,
                        55.565572,
                        7.2
                    ],
                    [
                        12.914873,
                        55.565479,
                        7
                    ],
                    [
                        12.916298,
                        55.565405,
                        7
                    ],
                    [
                        12.917035,
                        55.565343,
                        7
                    ],
                    [
                        12.917707,
                        55.565283,
                        7.3
                    ],
                    [
                        12.918998,
                        55.565121,
                        8
                    ],
                    [
                        12.92008,
                        55.564983,
                        4
                    ],
                    [
                        12.920987,
                        55.564853,
                        5
                    ],
                    [
                        12.922451,
                        55.564608,
                        7
                    ],
                    [
                        12.923804,
                        55.564343,
                        7.3
                    ],
                    [
                        12.924875,
                        55.564102,
                        6.8
                    ],
                    [
                        12.925821,
                        55.563873,
                        7
                    ],
                    [
                        12.927493,
                        55.563423,
                        7
                    ],
                    [
                        12.928907,
                        55.563007,
                        7
                    ],
                    [
                        12.929993,
                        55.562657,
                        7
                    ],
                    [
                        12.931386,
                        55.562176,
                        7
                    ],
                    [
                        12.932447,
                        55.561777,
                        6.7
                    ],
                    [
                        12.933589,
                        55.561321,
                        6.6
                    ],
                    [
                        12.934449,
                        55.560952,
                        7
                    ],
                    [
                        12.935238,
                        55.560601,
                        7.7
                    ],
                    [
                        12.936458,
                        55.560016,
                        8.5
                    ],
                    [
                        12.93808,
                        55.559169,
                        9
                    ],
                    [
                        12.938737,
                        55.558797,
                        10
                    ],
                    [
                        12.940029,
                        55.558019,
                        10.3
                    ],
                    [
                        12.940945,
                        55.557423,
                        10
                    ],
                    [
                        12.941577,
                        55.556986,
                        10
                    ],
                    [
                        12.942092,
                        55.556623,
                        12
                    ],
                    [
                        12.94435,
                        55.554984,
                        10
                    ],
                    [
                        12.945084,
                        55.554453,
                        9
                    ],
                    [
                        12.946571,
                        55.553462,
                        10.4
                    ],
                    [
                        12.947998,
                        55.552621,
                        10.5
                    ],
                    [
                        12.948854,
                        55.552154,
                        10
                    ],
                    [
                        12.949753,
                        55.551693,
                        10
                    ],
                    [
                        12.951188,
                        55.551024,
                        10
                    ],
                    [
                        12.951958,
                        55.550703,
                        9
                    ],
                    [
                        12.95339,
                        55.550131,
                        10.8
                    ],
                    [
                        12.955041,
                        55.549548,
                        11.3
                    ],
                    [
                        12.956489,
                        55.549097,
                        11.6
                    ],
                    [
                        12.958207,
                        55.548616,
                        12
                    ],
                    [
                        12.959632,
                        55.548265,
                        11.8
                    ],
                    [
                        12.961405,
                        55.547887,
                        12
                    ],
                    [
                        12.962256,
                        55.547721,
                        12.7
                    ],
                    [
                        12.963736,
                        55.547463,
                        12.9
                    ],
                    [
                        12.965821,
                        55.547159,
                        14
                    ],
                    [
                        12.967915,
                        55.546902,
                        14
                    ],
                    [
                        12.97038,
                        55.546692,
                        14
                    ],
                    [
                        12.971423,
                        55.546627,
                        14
                    ],
                    [
                        12.973991,
                        55.546526,
                        16.3
                    ],
                    [
                        12.976313,
                        55.546521,
                        17
                    ],
                    [
                        12.978127,
                        55.546543,
                        17.2
                    ],
                    [
                        12.981154,
                        55.546624,
                        19
                    ],
                    [
                        12.982094,
                        55.546644,
                        18
                    ],
                    [
                        12.985653,
                        55.546736,
                        21
                    ],
                    [
                        12.994654,
                        55.546954,
                        26
                    ],
                    [
                        12.996948,
                        55.546998,
                        25.7
                    ],
                    [
                        13.010894,
                        55.547336,
                        31
                    ],
                    [
                        13.011948,
                        55.547349,
                        31
                    ],
                    [
                        13.01424,
                        55.547407,
                        32
                    ],
                    [
                        13.015544,
                        55.547456,
                        29.8
                    ],
                    [
                        13.017274,
                        55.547556,
                        28.8
                    ],
                    [
                        13.01905,
                        55.547708,
                        28.9
                    ],
                    [
                        13.020217,
                        55.547844,
                        29
                    ],
                    [
                        13.021438,
                        55.548017,
                        29.4
                    ],
                    [
                        13.025185,
                        55.548596,
                        34
                    ],
                    [
                        13.029663,
                        55.54929,
                        32.4
                    ],
                    [
                        13.031241,
                        55.549501,
                        32.4
                    ],
                    [
                        13.032596,
                        55.549651,
                        32.9
                    ],
                    [
                        13.0348,
                        55.549817,
                        34
                    ],
                    [
                        13.035479,
                        55.549855,
                        35.4
                    ],
                    [
                        13.036853,
                        55.549899,
                        36.2
                    ],
                    [
                        13.038107,
                        55.549908,
                        36.4
                    ],
                    [
                        13.04761,
                        55.549749,
                        39.2
                    ],
                    [
                        13.048626,
                        55.549755,
                        39.1
                    ],
                    [
                        13.049639,
                        55.549783,
                        38
                    ],
                    [
                        13.050433,
                        55.549806,
                        35
                    ],
                    [
                        13.051966,
                        55.549895,
                        33.7
                    ],
                    [
                        13.053994,
                        55.550078,
                        33.2
                    ],
                    [
                        13.055705,
                        55.550297,
                        31.4
                    ],
                    [
                        13.057078,
                        55.550503,
                        28.8
                    ],
                    [
                        13.058447,
                        55.550762,
                        26
                    ],
                    [
                        13.059106,
                        55.550896,
                        27
                    ],
                    [
                        13.060127,
                        55.551121,
                        26.3
                    ],
                    [
                        13.061165,
                        55.551376,
                        26.7
                    ],
                    [
                        13.063408,
                        55.552011,
                        29
                    ],
                    [
                        13.065486,
                        55.552734,
                        29.9
                    ],
                    [
                        13.066052,
                        55.552948,
                        29.9
                    ],
                    [
                        13.067171,
                        55.553413,
                        29.5
                    ],
                    [
                        13.069065,
                        55.554289,
                        29.1
                    ],
                    [
                        13.07109,
                        55.555348,
                        28
                    ],
                    [
                        13.071632,
                        55.55566,
                        28
                    ],
                    [
                        13.073629,
                        55.556834,
                        28
                    ],
                    [
                        13.074992,
                        55.557671,
                        28
                    ],
                    [
                        13.076302,
                        55.558519,
                        28
                    ],
                    [
                        13.077937,
                        55.559633,
                        29
                    ],
                    [
                        13.079566,
                        55.560834,
                        31.5
                    ],
                    [
                        13.08243,
                        55.563046,
                        33.5
                    ],
                    [
                        13.083454,
                        55.563811,
                        34.5
                    ],
                    [
                        13.084503,
                        55.564529,
                        35
                    ],
                    [
                        13.085631,
                        55.565235,
                        36
                    ],
                    [
                        13.086219,
                        55.56558,
                        36
                    ],
                    [
                        13.086606,
                        55.565809,
                        36
                    ],
                    [
                        13.0878,
                        55.566461,
                        35.8
                    ],
                    [
                        13.088853,
                        55.567,
                        35.1
                    ],
                    [
                        13.089955,
                        55.567519,
                        34
                    ],
                    [
                        13.090616,
                        55.567829,
                        33
                    ],
                    [
                        13.092132,
                        55.568498,
                        34.7
                    ],
                    [
                        13.093295,
                        55.568986,
                        35.2
                    ],
                    [
                        13.09663,
                        55.570322,
                        35.3
                    ],
                    [
                        13.098451,
                        55.571073,
                        35.3
                    ],
                    [
                        13.100372,
                        55.571895,
                        34.5
                    ],
                    [
                        13.103424,
                        55.573529,
                        35.8
                    ],
                    [
                        13.104994,
                        55.574558,
                        34
                    ],
                    [
                        13.106434,
                        55.575632,
                        33
                    ],
                    [
                        13.106864,
                        55.575976,
                        31
                    ],
                    [
                        13.108007,
                        55.577021,
                        31.1
                    ],
                    [
                        13.109027,
                        55.578074,
                        30.4
                    ],
                    [
                        13.109929,
                        55.579081,
                        30.5
                    ],
                    [
                        13.11083,
                        55.58016,
                        29.5
                    ],
                    [
                        13.112225,
                        55.582064,
                        27.3
                    ],
                    [
                        13.11289,
                        55.583132,
                        26.8
                    ],
                    [
                        13.114283,
                        55.585789,
                        26
                    ],
                    [
                        13.114953,
                        55.587161,
                        25
                    ],
                    [
                        13.11563,
                        55.588689,
                        23.9
                    ],
                    [
                        13.116026,
                        55.589645,
                        21.8
                    ],
                    [
                        13.116234,
                        55.590237,
                        20.1
                    ],
                    [
                        13.116542,
                        55.591197,
                        19.7
                    ],
                    [
                        13.116859,
                        55.592392,
                        19.6
                    ],
                    [
                        13.117026,
                        55.593161,
                        19
                    ],
                    [
                        13.117191,
                        55.594229,
                        17.5
                    ],
                    [
                        13.11734,
                        55.59567,
                        17.6
                    ],
                    [
                        13.117446,
                        55.597884,
                        17.3
                    ],
                    [
                        13.117438,
                        55.599321,
                        16
                    ],
                    [
                        13.117358,
                        55.601029,
                        14.7
                    ],
                    [
                        13.117251,
                        55.602213,
                        13.7
                    ],
                    [
                        13.1171,
                        55.603445,
                        12.9
                    ],
                    [
                        13.116923,
                        55.604553,
                        12.7
                    ],
                    [
                        13.116797,
                        55.605177,
                        14
                    ],
                    [
                        13.116706,
                        55.605616,
                        13.7
                    ],
                    [
                        13.116495,
                        55.606388,
                        13.8
                    ],
                    [
                        13.11587,
                        55.608341,
                        8
                    ],
                    [
                        13.115067,
                        55.610698,
                        9.1
                    ],
                    [
                        13.114661,
                        55.612087,
                        8
                    ],
                    [
                        13.114516,
                        55.612618,
                        8
                    ],
                    [
                        13.114253,
                        55.613603,
                        9
                    ],
                    [
                        13.114163,
                        55.613974,
                        8.5
                    ],
                    [
                        13.114076,
                        55.614336,
                        8
                    ],
                    [
                        13.113471,
                        55.616907,
                        7.5
                    ],
                    [
                        13.113296,
                        55.617842,
                        6
                    ],
                    [
                        13.113179,
                        55.618353,
                        4
                    ],
                    [
                        13.1131,
                        55.618838,
                        4
                    ],
                    [
                        13.113056,
                        55.619068,
                        4
                    ],
                    [
                        13.112897,
                        55.619754,
                        2
                    ],
                    [
                        13.112667,
                        55.620624,
                        2
                    ],
                    [
                        13.11249,
                        55.621234,
                        4
                    ],
                    [
                        13.112231,
                        55.622242,
                        4.5
                    ],
                    [
                        13.111755,
                        55.62389,
                        6
                    ],
                    [
                        13.111686,
                        55.624129,
                        6
                    ],
                    [
                        13.111471,
                        55.624873,
                        6
                    ],
                    [
                        13.110404,
                        55.628071,
                        8
                    ],
                    [
                        13.109167,
                        55.63127,
                        15
                    ],
                    [
                        13.109053,
                        55.631557,
                        15
                    ],
                    [
                        13.10837,
                        55.633321,
                        15.6
                    ],
                    [
                        13.107292,
                        55.635869,
                        15
                    ],
                    [
                        13.106923,
                        55.636747,
                        16
                    ],
                    [
                        13.106828,
                        55.636949,
                        16
                    ],
                    [
                        13.106605,
                        55.637427,
                        17
                    ],
                    [
                        13.105458,
                        55.639868,
                        11
                    ],
                    [
                        13.105259,
                        55.640288,
                        10
                    ],
                    [
                        13.104944,
                        55.640913,
                        12
                    ],
                    [
                        13.104692,
                        55.641412,
                        12
                    ],
                    [
                        13.103938,
                        55.642918,
                        10
                    ],
                    [
                        13.103738,
                        55.643325,
                        10
                    ],
                    [
                        13.103319,
                        55.64411,
                        9.2
                    ],
                    [
                        13.102696,
                        55.645139,
                        8
                    ],
                    [
                        13.10206,
                        55.645973,
                        7.6
                    ],
                    [
                        13.100834,
                        55.647381,
                        8
                    ],
                    [
                        13.099924,
                        55.648579,
                        9
                    ],
                    [
                        13.099676,
                        55.648976,
                        8.8
                    ],
                    [
                        13.099282,
                        55.649718,
                        7.6
                    ],
                    [
                        13.098898,
                        55.650518,
                        6.9
                    ],
                    [
                        13.098711,
                        55.651006,
                        7
                    ],
                    [
                        13.098669,
                        55.651147,
                        7
                    ],
                    [
                        13.098554,
                        55.6515,
                        7
                    ],
                    [
                        13.098485,
                        55.65179,
                        6
                    ],
                    [
                        13.098386,
                        55.652278,
                        6
                    ],
                    [
                        13.098341,
                        55.65252,
                        7
                    ],
                    [
                        13.098309,
                        55.652766,
                        5
                    ],
                    [
                        13.098257,
                        55.653694,
                        5
                    ],
                    [
                        13.098265,
                        55.654145,
                        5
                    ],
                    [
                        13.09847,
                        55.655957,
                        4
                    ],
                    [
                        13.099647,
                        55.664513,
                        12.5
                    ],
                    [
                        13.099847,
                        55.666645,
                        13.2
                    ],
                    [
                        13.099842,
                        55.668408,
                        12
                    ],
                    [
                        13.099695,
                        55.670164,
                        11
                    ],
                    [
                        13.099592,
                        55.671022,
                        10
                    ],
                    [
                        13.099449,
                        55.672212,
                        9
                    ],
                    [
                        13.099257,
                        55.673804,
                        10
                    ],
                    [
                        13.09923,
                        55.674035,
                        10
                    ],
                    [
                        13.098228,
                        55.68241,
                        3
                    ],
                    [
                        13.097923,
                        55.685198,
                        1.5
                    ],
                    [
                        13.097851,
                        55.686471,
                        2
                    ],
                    [
                        13.097834,
                        55.68678,
                        3
                    ],
                    [
                        13.097743,
                        55.6884,
                        2
                    ],
                    [
                        13.097741,
                        55.691164,
                        4
                    ],
                    [
                        13.097754,
                        55.692669,
                        2
                    ],
                    [
                        13.097803,
                        55.69779,
                        1
                    ],
                    [
                        13.097805,
                        55.698056,
                        1
                    ],
                    [
                        13.09782,
                        55.700508,
                        2.3
                    ],
                    [
                        13.0978,
                        55.701594,
                        3.1
                    ],
                    [
                        13.09771,
                        55.702777,
                        3.7
                    ],
                    [
                        13.097562,
                        55.703866,
                        3.9
                    ],
                    [
                        13.097311,
                        55.705137,
                        4.3
                    ],
                    [
                        13.097059,
                        55.70615,
                        4.8
                    ],
                    [
                        13.09675,
                        55.707167,
                        4.9
                    ],
                    [
                        13.096522,
                        55.707817,
                        5
                    ],
                    [
                        13.096098,
                        55.7089,
                        5.3
                    ],
                    [
                        13.09138,
                        55.719862,
                        7
                    ],
                    [
                        13.09074,
                        55.721256,
                        10.3
                    ],
                    [
                        13.090113,
                        55.722338,
                        12
                    ],
                    [
                        13.08985,
                        55.722747,
                        11
                    ],
                    [
                        13.089313,
                        55.723564,
                        11
                    ],
                    [
                        13.0888,
                        55.724191,
                        11
                    ],
                    [
                        13.088563,
                        55.724481,
                        11
                    ],
                    [
                        13.087986,
                        55.725148,
                        12
                    ],
                    [
                        13.087389,
                        55.725769,
                        12.3
                    ],
                    [
                        13.086782,
                        55.726362,
                        13
                    ],
                    [
                        13.086225,
                        55.726868,
                        14
                    ],
                    [
                        13.085366,
                        55.72759,
                        15
                    ],
                    [
                        13.084468,
                        55.728292,
                        14.7
                    ],
                    [
                        13.083236,
                        55.729166,
                        12.9
                    ],
                    [
                        13.082301,
                        55.729765,
                        12
                    ],
                    [
                        13.081438,
                        55.730287,
                        12.3
                    ],
                    [
                        13.080542,
                        55.73079,
                        12.8
                    ],
                    [
                        13.07968,
                        55.731239,
                        12.9
                    ],
                    [
                        13.078479,
                        55.731824,
                        13
                    ],
                    [
                        13.077491,
                        55.732274,
                        12
                    ],
                    [
                        13.075291,
                        55.733169,
                        9
                    ],
                    [
                        13.074111,
                        55.733592,
                        8.7
                    ],
                    [
                        13.072582,
                        55.734101,
                        8.6
                    ],
                    [
                        13.071289,
                        55.734492,
                        9
                    ],
                    [
                        13.070646,
                        55.734674,
                        7
                    ],
                    [
                        13.063262,
                        55.736551,
                        15
                    ],
                    [
                        13.062801,
                        55.736668,
                        14
                    ],
                    [
                        13.032732,
                        55.744287,
                        6
                    ],
                    [
                        13.029753,
                        55.745092,
                        7
                    ],
                    [
                        13.028528,
                        55.745434,
                        7
                    ],
                    [
                        13.02545,
                        55.746316,
                        4
                    ],
                    [
                        13.02209,
                        55.747343,
                        3
                    ],
                    [
                        13.019864,
                        55.748059,
                        1
                    ],
                    [
                        13.015327,
                        55.749519,
                        0
                    ],
                    [
                        13.014757,
                        55.749702,
                        -1
                    ],
                    [
                        13.008145,
                        55.751825,
                        6
                    ],
                    [
                        13.007202,
                        55.752131,
                        7
                    ],
                    [
                        13.004298,
                        55.753089,
                        7.3
                    ],
                    [
                        13.003003,
                        55.753554,
                        7.4
                    ],
                    [
                        13.001845,
                        55.75401,
                        7.5
                    ],
                    [
                        13.000753,
                        55.754481,
                        9.2
                    ],
                    [
                        12.999664,
                        55.755001,
                        12.3
                    ],
                    [
                        12.998605,
                        55.755571,
                        13.4
                    ],
                    [
                        12.998028,
                        55.755925,
                        15
                    ],
                    [
                        12.997565,
                        55.756208,
                        15
                    ],
                    [
                        12.996623,
                        55.756846,
                        16
                    ],
                    [
                        12.995694,
                        55.757576,
                        16
                    ],
                    [
                        12.994888,
                        55.758279,
                        16
                    ],
                    [
                        12.993441,
                        55.759749,
                        12
                    ],
                    [
                        12.990708,
                        55.762893,
                        12
                    ],
                    [
                        12.990101,
                        55.763559,
                        11
                    ],
                    [
                        12.988999,
                        55.764667,
                        11
                    ],
                    [
                        12.987701,
                        55.765817,
                        6
                    ],
                    [
                        12.987199,
                        55.766359,
                        5.7
                    ],
                    [
                        12.987109,
                        55.766482,
                        5.8
                    ],
                    [
                        12.987041,
                        55.766722,
                        6
                    ],
                    [
                        12.987064,
                        55.766835,
                        6
                    ],
                    [
                        12.987123,
                        55.766925,
                        6
                    ],
                    [
                        12.987133,
                        55.76694,
                        6.1
                    ],
                    [
                        12.987253,
                        55.767039,
                        6.1
                    ],
                    [
                        12.987396,
                        55.767122,
                        6.2
                    ],
                    [
                        12.987561,
                        55.767187,
                        6.3
                    ],
                    [
                        12.987748,
                        55.767226,
                        6.3
                    ],
                    [
                        12.987967,
                        55.767244,
                        6.4
                    ],
                    [
                        12.988202,
                        55.767236,
                        6.5
                    ],
                    [
                        12.988442,
                        55.767198,
                        6.5
                    ],
                    [
                        12.988633,
                        55.767138,
                        6.5
                    ],
                    [
                        12.988807,
                        55.767062,
                        6.5
                    ],
                    [
                        12.989021,
                        55.76693,
                        6.4
                    ],
                    [
                        12.989248,
                        55.766752,
                        6.4
                    ],
                    [
                        12.989625,
                        55.766323,
                        6.6
                    ],
                    [
                        12.989672,
                        55.76624,
                        6.6
                    ],
                    [
                        12.989687,
                        55.7661,
                        7
                    ],
                    [
                        12.989635,
                        55.76605,
                        7
                    ],
                    [
                        12.989616,
                        55.765985,
                        7
                    ],
                    [
                        12.989643,
                        55.76592,
                        7
                    ],
                    [
                        12.989695,
                        55.765877,
                        7
                    ],
                    [
                        12.989778,
                        55.765842,
                        7
                    ],
                    [
                        12.989878,
                        55.765825,
                        8.4
                    ],
                    [
                        12.989982,
                        55.765829,
                        8.5
                    ],
                    [
                        12.990076,
                        55.765853,
                        8.5
                    ],
                    [
                        12.990151,
                        55.765894,
                        9
                    ],
                    [
                        12.990196,
                        55.765946,
                        9
                    ],
                    [
                        12.990203,
                        55.766018,
                        9
                    ],
                    [
                        12.990155,
                        55.766085,
                        9
                    ],
                    [
                        12.99011,
                        55.766115,
                        9
                    ],
                    [
                        12.990064,
                        55.766134,
                        9
                    ],
                    [
                        12.989321,
                        55.766831,
                        7
                    ],
                    [
                        12.98905,
                        55.767051,
                        6.6
                    ],
                    [
                        12.98891,
                        55.767133,
                        6.6
                    ],
                    [
                        12.988758,
                        55.767209,
                        6.4
                    ],
                    [
                        12.98834,
                        55.767359,
                        6.2
                    ],
                    [
                        12.987846,
                        55.767468,
                        5.9
                    ],
                    [
                        12.986339,
                        55.767639,
                        5.2
                    ],
                    [
                        12.985983,
                        55.767695,
                        5.1
                    ],
                    [
                        12.985658,
                        55.767767,
                        5
                    ],
                    [
                        12.985394,
                        55.767837,
                        5
                    ],
                    [
                        12.98502,
                        55.767968,
                        5
                    ],
                    [
                        12.984586,
                        55.768155,
                        5.1
                    ],
                    [
                        12.984052,
                        55.768416,
                        5
                    ],
                    [
                        12.983401,
                        55.768735,
                        5
                    ],
                    [
                        12.981651,
                        55.769837,
                        6
                    ],
                    [
                        12.976237,
                        55.773256,
                        7
                    ],
                    [
                        12.974838,
                        55.774213,
                        7
                    ],
                    [
                        12.973976,
                        55.774874,
                        6
                    ],
                    [
                        12.972792,
                        55.775891,
                        4
                    ],
                    [
                        12.972187,
                        55.77649,
                        3.3
                    ],
                    [
                        12.971664,
                        55.77706,
                        3.6
                    ],
                    [
                        12.97093,
                        55.777934,
                        3.5
                    ],
                    [
                        12.970197,
                        55.778946,
                        3.5
                    ],
                    [
                        12.969755,
                        55.779666,
                        4.5
                    ],
                    [
                        12.969269,
                        55.780609,
                        4.5
                    ],
                    [
                        12.968512,
                        55.782517,
                        2
                    ],
                    [
                        12.963629,
                        55.795731,
                        4.5
                    ],
                    [
                        12.963209,
                        55.796778,
                        4.8
                    ],
                    [
                        12.9628,
                        55.797604,
                        5.3
                    ],
                    [
                        12.962427,
                        55.798251,
                        5.1
                    ],
                    [
                        12.961977,
                        55.798941,
                        4.7
                    ],
                    [
                        12.961321,
                        55.799807,
                        4.6
                    ],
                    [
                        12.960782,
                        55.800446,
                        4.5
                    ],
                    [
                        12.960047,
                        55.801223,
                        5.2
                    ],
                    [
                        12.959274,
                        55.801956,
                        5.7
                    ],
                    [
                        12.958538,
                        55.802586,
                        6.2
                    ],
                    [
                        12.957709,
                        55.803228,
                        6.2
                    ],
                    [
                        12.946884,
                        55.811192,
                        8
                    ],
                    [
                        12.946572,
                        55.811422,
                        9
                    ],
                    [
                        12.942213,
                        55.814626,
                        3.5
                    ],
                    [
                        12.940759,
                        55.815776,
                        4
                    ],
                    [
                        12.939921,
                        55.8165,
                        4.3
                    ],
                    [
                        12.939147,
                        55.817225,
                        5.1
                    ],
                    [
                        12.937991,
                        55.818404,
                        6
                    ],
                    [
                        12.937462,
                        55.818995,
                        7
                    ],
                    [
                        12.936553,
                        55.820112,
                        5.9
                    ],
                    [
                        12.935893,
                        55.820995,
                        5
                    ],
                    [
                        12.934767,
                        55.822666,
                        9
                    ],
                    [
                        12.933121,
                        55.825108,
                        8
                    ],
                    [
                        12.931684,
                        55.827232,
                        6
                    ],
                    [
                        12.928016,
                        55.832654,
                        5.5
                    ],
                    [
                        12.927322,
                        55.833633,
                        5.2
                    ],
                    [
                        12.926699,
                        55.834386,
                        7.4
                    ],
                    [
                        12.926038,
                        55.835106,
                        9.6
                    ],
                    [
                        12.925471,
                        55.835667,
                        9.9
                    ],
                    [
                        12.924841,
                        55.836242,
                        9.1
                    ],
                    [
                        12.923871,
                        55.837023,
                        8.7
                    ],
                    [
                        12.923112,
                        55.837595,
                        9.6
                    ],
                    [
                        12.922247,
                        55.838182,
                        10.5
                    ],
                    [
                        12.92125,
                        55.838806,
                        9.5
                    ],
                    [
                        12.920238,
                        55.839386,
                        6.8
                    ],
                    [
                        12.91914,
                        55.839957,
                        5.6
                    ],
                    [
                        12.918129,
                        55.840439,
                        4.9
                    ],
                    [
                        12.916027,
                        55.84138,
                        5
                    ],
                    [
                        12.915304,
                        55.841704,
                        2
                    ],
                    [
                        12.91147,
                        55.84343,
                        -1
                    ],
                    [
                        12.909629,
                        55.844325,
                        0.5
                    ],
                    [
                        12.907869,
                        55.845238,
                        0.5
                    ],
                    [
                        12.905957,
                        55.846283,
                        0
                    ],
                    [
                        12.904135,
                        55.847356,
                        0
                    ],
                    [
                        12.902478,
                        55.848396,
                        1
                    ],
                    [
                        12.892672,
                        55.854837,
                        -1
                    ],
                    [
                        12.891935,
                        55.855321,
                        0
                    ],
                    [
                        12.888503,
                        55.857578,
                        1
                    ],
                    [
                        12.886692,
                        55.858792,
                        0.7
                    ],
                    [
                        12.885506,
                        55.859709,
                        0.5
                    ],
                    [
                        12.884837,
                        55.860274,
                        0.2
                    ],
                    [
                        12.883836,
                        55.861213,
                        0.3
                    ],
                    [
                        12.883499,
                        55.861554,
                        0.4
                    ],
                    [
                        12.882837,
                        55.862284,
                        1.4
                    ],
                    [
                        12.882284,
                        55.862956,
                        2.8
                    ],
                    [
                        12.881728,
                        55.863707,
                        3.3
                    ],
                    [
                        12.881082,
                        55.864721,
                        4
                    ],
                    [
                        12.880924,
                        55.865002,
                        4
                    ],
                    [
                        12.880698,
                        55.865417,
                        4
                    ],
                    [
                        12.88058,
                        55.86565,
                        4
                    ],
                    [
                        12.879989,
                        55.866975,
                        7.5
                    ],
                    [
                        12.879613,
                        55.868041,
                        7.5
                    ],
                    [
                        12.879377,
                        55.868884,
                        7.2
                    ],
                    [
                        12.87919,
                        55.8697,
                        6.7
                    ],
                    [
                        12.879061,
                        55.870507,
                        6
                    ],
                    [
                        12.878996,
                        55.871102,
                        6
                    ],
                    [
                        12.878963,
                        55.871413,
                        6
                    ],
                    [
                        12.878624,
                        55.874938,
                        8
                    ],
                    [
                        12.878575,
                        55.87548,
                        9
                    ],
                    [
                        12.87813,
                        55.880118,
                        10
                    ],
                    [
                        12.878018,
                        55.880738,
                        10.8
                    ],
                    [
                        12.87773,
                        55.881834,
                        13
                    ],
                    [
                        12.877443,
                        55.882666,
                        14.3
                    ],
                    [
                        12.877231,
                        55.883159,
                        14.4
                    ],
                    [
                        12.876901,
                        55.883833,
                        13.9
                    ],
                    [
                        12.876528,
                        55.884497,
                        14
                    ],
                    [
                        12.876103,
                        55.885165,
                        14.7
                    ],
                    [
                        12.875597,
                        55.885873,
                        14.9
                    ],
                    [
                        12.874903,
                        55.886717,
                        15
                    ],
                    [
                        12.871612,
                        55.890306,
                        12
                    ],
                    [
                        12.870769,
                        55.89129,
                        11.7
                    ],
                    [
                        12.870123,
                        55.892155,
                        11.2
                    ],
                    [
                        12.86959,
                        55.892957,
                        11
                    ],
                    [
                        12.868918,
                        55.89413,
                        11
                    ],
                    [
                        12.86706,
                        55.898179,
                        16
                    ],
                    [
                        12.866482,
                        55.899347,
                        17.3
                    ],
                    [
                        12.865893,
                        55.900428,
                        18.4
                    ],
                    [
                        12.865296,
                        55.901436,
                        18.4
                    ],
                    [
                        12.864472,
                        55.90271,
                        20
                    ],
                    [
                        12.863732,
                        55.903761,
                        20.3
                    ],
                    [
                        12.862997,
                        55.904748,
                        21.1
                    ],
                    [
                        12.862117,
                        55.905825,
                        22.4
                    ],
                    [
                        12.86084,
                        55.907284,
                        25.2
                    ],
                    [
                        12.85975,
                        55.908437,
                        25.2
                    ],
                    [
                        12.858375,
                        55.909771,
                        29
                    ],
                    [
                        12.857265,
                        55.910786,
                        29.7
                    ],
                    [
                        12.856397,
                        55.911543,
                        31
                    ],
                    [
                        12.855909,
                        55.911943,
                        32
                    ],
                    [
                        12.855175,
                        55.912546,
                        32
                    ],
                    [
                        12.854009,
                        55.913457,
                        32
                    ],
                    [
                        12.852152,
                        55.91481,
                        33.6
                    ],
                    [
                        12.850989,
                        55.915607,
                        34.2
                    ],
                    [
                        12.849653,
                        55.91648,
                        34.2
                    ],
                    [
                        12.840873,
                        55.921871,
                        40
                    ],
                    [
                        12.837256,
                        55.924083,
                        47
                    ],
                    [
                        12.83611,
                        55.924801,
                        51
                    ],
                    [
                        12.827299,
                        55.930193,
                        76.5
                    ],
                    [
                        12.826059,
                        55.931036,
                        78.8
                    ],
                    [
                        12.824809,
                        55.931977,
                        81.3
                    ],
                    [
                        12.823963,
                        55.932692,
                        83.1
                    ],
                    [
                        12.823092,
                        55.933482,
                        83.5
                    ],
                    [
                        12.821965,
                        55.934634,
                        83.5
                    ],
                    [
                        12.821167,
                        55.935546,
                        84.2
                    ],
                    [
                        12.820762,
                        55.93605,
                        86.4
                    ],
                    [
                        12.820175,
                        55.936872,
                        90
                    ],
                    [
                        12.819348,
                        55.938185,
                        89
                    ],
                    [
                        12.818558,
                        55.939451,
                        88
                    ],
                    [
                        12.817748,
                        55.940693,
                        85.3
                    ],
                    [
                        12.817122,
                        55.941549,
                        79.6
                    ],
                    [
                        12.816708,
                        55.942078,
                        76.9
                    ],
                    [
                        12.815605,
                        55.943356,
                        74
                    ],
                    [
                        12.814238,
                        55.944726,
                        73
                    ],
                    [
                        12.812947,
                        55.945867,
                        72.7
                    ],
                    [
                        12.810056,
                        55.948278,
                        71
                    ],
                    [
                        12.809142,
                        55.949085,
                        68.7
                    ],
                    [
                        12.808457,
                        55.949738,
                        66.2
                    ],
                    [
                        12.807802,
                        55.950402,
                        63.7
                    ],
                    [
                        12.806972,
                        55.951321,
                        59.9
                    ],
                    [
                        12.80624,
                        55.952208,
                        55
                    ],
                    [
                        12.805639,
                        55.953007,
                        51.3
                    ],
                    [
                        12.805091,
                        55.953796,
                        48.8
                    ],
                    [
                        12.802786,
                        55.957523,
                        39.1
                    ],
                    [
                        12.801953,
                        55.958744,
                        37.4
                    ],
                    [
                        12.801386,
                        55.959468,
                        35.5
                    ],
                    [
                        12.800872,
                        55.960065,
                        35.5
                    ],
                    [
                        12.798024,
                        55.96309,
                        34
                    ],
                    [
                        12.796574,
                        55.964691,
                        33
                    ],
                    [
                        12.795544,
                        55.965866,
                        35
                    ],
                    [
                        12.795342,
                        55.966102,
                        35
                    ],
                    [
                        12.795161,
                        55.966315,
                        35
                    ],
                    [
                        12.793746,
                        55.968014,
                        31.2
                    ],
                    [
                        12.792942,
                        55.96902,
                        30
                    ],
                    [
                        12.791729,
                        55.970585,
                        27
                    ],
                    [
                        12.7903,
                        55.972519,
                        24
                    ],
                    [
                        12.78823,
                        55.975464,
                        27
                    ],
                    [
                        12.788071,
                        55.975698,
                        27
                    ],
                    [
                        12.786602,
                        55.977874,
                        24
                    ],
                    [
                        12.785189,
                        55.980049,
                        26
                    ],
                    [
                        12.7834,
                        55.982909,
                        26
                    ],
                    [
                        12.782682,
                        55.984154,
                        25.7
                    ],
                    [
                        12.782119,
                        55.985291,
                        25.2
                    ],
                    [
                        12.781665,
                        55.986356,
                        25.1
                    ],
                    [
                        12.78132,
                        55.987297,
                        25
                    ],
                    [
                        12.781046,
                        55.988152,
                        25
                    ],
                    [
                        12.780744,
                        55.989313,
                        24.8
                    ],
                    [
                        12.780599,
                        55.989978,
                        24.6
                    ],
                    [
                        12.780318,
                        55.991508,
                        22.3
                    ],
                    [
                        12.780126,
                        55.993189,
                        22
                    ],
                    [
                        12.780075,
                        55.993946,
                        21.5
                    ],
                    [
                        12.78004,
                        55.99572,
                        21
                    ],
                    [
                        12.780032,
                        55.996263,
                        20
                    ],
                    [
                        12.78001,
                        55.997682,
                        16
                    ],
                    [
                        12.780006,
                        55.997946,
                        16
                    ],
                    [
                        12.779985,
                        55.999142,
                        12
                    ],
                    [
                        12.77998,
                        55.999904,
                        9
                    ],
                    [
                        12.7799,
                        56.006058,
                        36.7
                    ],
                    [
                        12.77991,
                        56.006925,
                        38.9
                    ],
                    [
                        12.77998,
                        56.008529,
                        40.8
                    ],
                    [
                        12.780099,
                        56.010053,
                        42
                    ],
                    [
                        12.78029,
                        56.011635,
                        42.7
                    ],
                    [
                        12.780669,
                        56.013886,
                        45
                    ],
                    [
                        12.781121,
                        56.015882,
                        44
                    ],
                    [
                        12.781392,
                        56.016881,
                        43
                    ],
                    [
                        12.781757,
                        56.018172,
                        42
                    ],
                    [
                        12.781985,
                        56.018887,
                        41
                    ],
                    [
                        12.782489,
                        56.020354,
                        38.3
                    ],
                    [
                        12.783457,
                        56.022884,
                        36
                    ],
                    [
                        12.783529,
                        56.023082,
                        36
                    ],
                    [
                        12.783662,
                        56.023446,
                        35
                    ],
                    [
                        12.783966,
                        56.024282,
                        37
                    ],
                    [
                        12.784604,
                        56.026276,
                        41.3
                    ],
                    [
                        12.785192,
                        56.028476,
                        47.1
                    ],
                    [
                        12.785706,
                        56.030773,
                        48.8
                    ],
                    [
                        12.786005,
                        56.032566,
                        48.6
                    ],
                    [
                        12.786133,
                        56.033507,
                        48.2
                    ],
                    [
                        12.786253,
                        56.03478,
                        47.7
                    ],
                    [
                        12.786332,
                        56.036049,
                        47.9
                    ],
                    [
                        12.786362,
                        56.03718,
                        47.9
                    ],
                    [
                        12.786348,
                        56.038593,
                        48
                    ],
                    [
                        12.786276,
                        56.040073,
                        50
                    ],
                    [
                        12.786089,
                        56.042072,
                        52
                    ],
                    [
                        12.786072,
                        56.042237,
                        52
                    ],
                    [
                        12.785848,
                        56.044198,
                        52
                    ],
                    [
                        12.785447,
                        56.04706,
                        51
                    ],
                    [
                        12.785236,
                        56.048439,
                        48
                    ],
                    [
                        12.78458,
                        56.052036,
                        53
                    ],
                    [
                        12.783962,
                        56.054991,
                        51.8
                    ],
                    [
                        12.783282,
                        56.057831,
                        55
                    ],
                    [
                        12.782633,
                        56.060317,
                        53.2
                    ],
                    [
                        12.78217,
                        56.061939,
                        53
                    ],
                    [
                        12.781432,
                        56.064406,
                        48
                    ],
                    [
                        12.781253,
                        56.064967,
                        48
                    ],
                    [
                        12.780506,
                        56.067244,
                        47
                    ],
                    [
                        12.779875,
                        56.069108,
                        45
                    ],
                    [
                        12.77924,
                        56.070995,
                        46.9
                    ],
                    [
                        12.778902,
                        56.07217,
                        48.7
                    ],
                    [
                        12.778591,
                        56.073554,
                        50
                    ],
                    [
                        12.778466,
                        56.074219,
                        50
                    ],
                    [
                        12.778341,
                        56.075162,
                        48.5
                    ],
                    [
                        12.778246,
                        56.076358,
                        47.8
                    ],
                    [
                        12.778227,
                        56.077871,
                        46.4
                    ],
                    [
                        12.778336,
                        56.079497,
                        42.7
                    ],
                    [
                        12.778424,
                        56.080252,
                        41.5
                    ],
                    [
                        12.778547,
                        56.080979,
                        41
                    ],
                    [
                        12.778684,
                        56.081638,
                        41
                    ],
                    [
                        12.779388,
                        56.083011,
                        39.9
                    ],
                    [
                        12.779827,
                        56.083685,
                        39.3
                    ],
                    [
                        12.780045,
                        56.083977,
                        38.8
                    ],
                    [
                        12.780423,
                        56.08444,
                        38.5
                    ],
                    [
                        12.781095,
                        56.085145,
                        37.8
                    ],
                    [
                        12.781494,
                        56.085482,
                        37.5
                    ],
                    [
                        12.781999,
                        56.08584,
                        37.3
                    ],
                    [
                        12.782531,
                        56.086139,
                        37.4
                    ],
                    [
                        12.783455,
                        56.086545,
                        37.6
                    ],
                    [
                        12.78391,
                        56.086701,
                        37.7
                    ],
                    [
                        12.784646,
                        56.086908,
                        37.5
                    ],
                    [
                        12.785613,
                        56.087127,
                        37.4
                    ],
                    [
                        12.786924,
                        56.0873,
                        36.9
                    ],
                    [
                        12.788294,
                        56.087453,
                        36
                    ],
                    [
                        12.791984,
                        56.087698,
                        44
                    ],
                    [
                        12.794806,
                        56.087907,
                        41.9
                    ],
                    [
                        12.796231,
                        56.088048,
                        41.7
                    ],
                    [
                        12.798334,
                        56.088306,
                        38.5
                    ],
                    [
                        12.799794,
                        56.088531,
                        32.5
                    ],
                    [
                        12.801259,
                        56.088782,
                        29.8
                    ],
                    [
                        12.802757,
                        56.089079,
                        27.2
                    ],
                    [
                        12.804307,
                        56.089429,
                        25.2
                    ],
                    [
                        12.806372,
                        56.089955,
                        24
                    ],
                    [
                        12.808189,
                        56.090492,
                        24.8
                    ],
                    [
                        12.809269,
                        56.09084,
                        24.7
                    ],
                    [
                        12.810728,
                        56.091355,
                        24
                    ],
                    [
                        12.81171,
                        56.09173,
                        23.3
                    ],
                    [
                        12.813417,
                        56.092436,
                        22.2
                    ],
                    [
                        12.814321,
                        56.092844,
                        22.5
                    ],
                    [
                        12.816441,
                        56.09385,
                        25
                    ],
                    [
                        12.817291,
                        56.094232,
                        25
                    ],
                    [
                        12.81861,
                        56.094786,
                        24.6
                    ],
                    [
                        12.819638,
                        56.095174,
                        24.5
                    ],
                    [
                        12.820417,
                        56.095453,
                        24.8
                    ],
                    [
                        12.821445,
                        56.095784,
                        25.3
                    ],
                    [
                        12.823744,
                        56.096437,
                        26
                    ],
                    [
                        12.824692,
                        56.096669,
                        25.4
                    ],
                    [
                        12.826872,
                        56.097132,
                        23.7
                    ],
                    [
                        12.829111,
                        56.097495,
                        19.8
                    ],
                    [
                        12.830476,
                        56.097672,
                        16
                    ],
                    [
                        12.8317,
                        56.097801,
                        13.8
                    ],
                    [
                        12.834592,
                        56.098019,
                        12.9
                    ],
                    [
                        12.835911,
                        56.098098,
                        13
                    ],
                    [
                        12.837433,
                        56.098227,
                        12.3
                    ],
                    [
                        12.839228,
                        56.098429,
                        10.8
                    ],
                    [
                        12.84071,
                        56.098645,
                        10.2
                    ],
                    [
                        12.842584,
                        56.098978,
                        10
                    ],
                    [
                        12.843741,
                        56.099225,
                        10.3
                    ],
                    [
                        12.84518,
                        56.099562,
                        10.1
                    ],
                    [
                        12.846425,
                        56.099895,
                        10.7
                    ],
                    [
                        12.847675,
                        56.100269,
                        12
                    ],
                    [
                        12.84845,
                        56.100524,
                        12
                    ],
                    [
                        12.849365,
                        56.100841,
                        11
                    ],
                    [
                        12.850599,
                        56.101309,
                        12.3
                    ],
                    [
                        12.851793,
                        56.101812,
                        12.8
                    ],
                    [
                        12.852498,
                        56.102129,
                        13
                    ],
                    [
                        12.853589,
                        56.102666,
                        13.3
                    ],
                    [
                        12.854652,
                        56.103238,
                        14
                    ],
                    [
                        12.857825,
                        56.105135,
                        12
                    ],
                    [
                        12.860916,
                        56.107008,
                        12
                    ],
                    [
                        12.863863,
                        56.108765,
                        12.7
                    ],
                    [
                        12.864848,
                        56.109272,
                        12.6
                    ],
                    [
                        12.865805,
                        56.109722,
                        12.2
                    ],
                    [
                        12.86686,
                        56.11017,
                        12.1
                    ],
                    [
                        12.867897,
                        56.110554,
                        11.7
                    ],
                    [
                        12.868983,
                        56.110926,
                        11.7
                    ],
                    [
                        12.871854,
                        56.111781,
                        10
                    ],
                    [
                        12.875365,
                        56.112795,
                        7
                    ],
                    [
                        12.875752,
                        56.112904,
                        7
                    ],
                    [
                        12.881361,
                        56.114556,
                        9
                    ],
                    [
                        12.884917,
                        56.11566,
                        9
                    ],
                    [
                        12.887849,
                        56.116628,
                        11
                    ],
                    [
                        12.89201,
                        56.118113,
                        13
                    ],
                    [
                        12.905168,
                        56.123262,
                        12.5
                    ],
                    [
                        12.90667,
                        56.1239,
                        12.5
                    ],
                    [
                        12.907804,
                        56.124469,
                        12.8
                    ],
                    [
                        12.908568,
                        56.124893,
                        13
                    ],
                    [
                        12.909625,
                        56.125548,
                        15.5
                    ],
                    [
                        12.910508,
                        56.126159,
                        16.5
                    ],
                    [
                        12.911003,
                        56.126538,
                        17
                    ],
                    [
                        12.911628,
                        56.127015,
                        16
                    ],
                    [
                        12.913533,
                        56.128471,
                        15
                    ],
                    [
                        12.914073,
                        56.128885,
                        15
                    ],
                    [
                        12.914372,
                        56.129113,
                        15
                    ],
                    [
                        12.916272,
                        56.130558,
                        13
                    ],
                    [
                        12.922189,
                        56.135058,
                        19
                    ],
                    [
                        12.92344,
                        56.136015,
                        21
                    ],
                    [
                        12.924202,
                        56.136596,
                        22
                    ],
                    [
                        12.92446,
                        56.136799,
                        22
                    ],
                    [
                        12.924926,
                        56.137152,
                        22
                    ],
                    [
                        12.929747,
                        56.14084,
                        19
                    ],
                    [
                        12.929835,
                        56.140907,
                        19
                    ],
                    [
                        12.931094,
                        56.141869,
                        24
                    ],
                    [
                        12.934872,
                        56.144749,
                        24
                    ],
                    [
                        12.935324,
                        56.145095,
                        23
                    ],
                    [
                        12.93709,
                        56.146425,
                        24
                    ],
                    [
                        12.938301,
                        56.147308,
                        25
                    ],
                    [
                        12.938909,
                        56.147735,
                        26
                    ],
                    [
                        12.941051,
                        56.149189,
                        27
                    ],
                    [
                        12.943705,
                        56.150868,
                        27
                    ],
                    [
                        12.94427,
                        56.15121,
                        27
                    ],
                    [
                        12.946252,
                        56.152376,
                        28
                    ],
                    [
                        12.949386,
                        56.154102,
                        27
                    ],
                    [
                        12.952058,
                        56.155474,
                        25
                    ],
                    [
                        12.955319,
                        56.157024,
                        25
                    ],
                    [
                        12.958705,
                        56.158514,
                        25
                    ],
                    [
                        12.959571,
                        56.158879,
                        25
                    ],
                    [
                        12.960869,
                        56.159426,
                        25
                    ],
                    [
                        12.973964,
                        56.164923,
                        22
                    ],
                    [
                        12.993869,
                        56.17325,
                        23.8
                    ],
                    [
                        13.002013,
                        56.176628,
                        20
                    ],
                    [
                        13.005379,
                        56.178,
                        19
                    ],
                    [
                        13.006796,
                        56.178508,
                        19
                    ],
                    [
                        13.008255,
                        56.178974,
                        18.7
                    ],
                    [
                        13.009819,
                        56.179415,
                        17.6
                    ],
                    [
                        13.011422,
                        56.179803,
                        16.2
                    ],
                    [
                        13.012843,
                        56.180102,
                        14.5
                    ],
                    [
                        13.013832,
                        56.180283,
                        13.8
                    ],
                    [
                        13.014851,
                        56.180449,
                        13
                    ],
                    [
                        13.015718,
                        56.180575,
                        11.9
                    ],
                    [
                        13.016753,
                        56.180702,
                        10.7
                    ],
                    [
                        13.017892,
                        56.180817,
                        9.3
                    ],
                    [
                        13.019432,
                        56.180944,
                        7.5
                    ],
                    [
                        13.02315,
                        56.181152,
                        3
                    ],
                    [
                        13.024468,
                        56.181239,
                        9.3
                    ],
                    [
                        13.025565,
                        56.181332,
                        13.4
                    ],
                    [
                        13.026968,
                        56.181496,
                        18.1
                    ],
                    [
                        13.02836,
                        56.181702,
                        23.5
                    ],
                    [
                        13.029664,
                        56.181951,
                        26.1
                    ],
                    [
                        13.030638,
                        56.182163,
                        27.3
                    ],
                    [
                        13.031606,
                        56.1824,
                        29.3
                    ],
                    [
                        13.03352,
                        56.182966,
                        32.2
                    ],
                    [
                        13.034615,
                        56.183353,
                        32.7
                    ],
                    [
                        13.035527,
                        56.183703,
                        33.7
                    ],
                    [
                        13.039992,
                        56.185701,
                        35.5
                    ],
                    [
                        13.041577,
                        56.186373,
                        33.5
                    ],
                    [
                        13.043259,
                        56.187042,
                        32.5
                    ],
                    [
                        13.04518,
                        56.187768,
                        32.8
                    ],
                    [
                        13.046613,
                        56.188287,
                        33.3
                    ],
                    [
                        13.047697,
                        56.188656,
                        34
                    ],
                    [
                        13.049642,
                        56.189294,
                        33.3
                    ],
                    [
                        13.052805,
                        56.19029,
                        33
                    ],
                    [
                        13.053408,
                        56.190473,
                        32
                    ],
                    [
                        13.056528,
                        56.19146,
                        33.5
                    ],
                    [
                        13.058379,
                        56.192074,
                        33
                    ],
                    [
                        13.060367,
                        56.192775,
                        35
                    ],
                    [
                        13.062168,
                        56.193454,
                        37
                    ],
                    [
                        13.069088,
                        56.196214,
                        37
                    ],
                    [
                        13.072994,
                        56.197792,
                        33
                    ],
                    [
                        13.07348,
                        56.197988,
                        33
                    ],
                    [
                        13.078362,
                        56.199915,
                        36.5
                    ],
                    [
                        13.079914,
                        56.20049,
                        37.2
                    ],
                    [
                        13.08148,
                        56.201048,
                        37.2
                    ],
                    [
                        13.084564,
                        56.202092,
                        42
                    ],
                    [
                        13.088136,
                        56.203213,
                        47
                    ],
                    [
                        13.090717,
                        56.20396,
                        56
                    ],
                    [
                        13.094162,
                        56.20489,
                        57
                    ],
                    [
                        13.097617,
                        56.205748,
                        59
                    ],
                    [
                        13.101601,
                        56.206634,
                        54
                    ],
                    [
                        13.111644,
                        56.208676,
                        73
                    ],
                    [
                        13.11438,
                        56.209264,
                        78
                    ],
                    [
                        13.115607,
                        56.209574,
                        77.3
                    ],
                    [
                        13.116821,
                        56.209916,
                        77.8
                    ],
                    [
                        13.117856,
                        56.210237,
                        79
                    ],
                    [
                        13.118853,
                        56.210572,
                        81.3
                    ],
                    [
                        13.119962,
                        56.210981,
                        83.1
                    ],
                    [
                        13.121045,
                        56.211414,
                        82.4
                    ],
                    [
                        13.122395,
                        56.212,
                        82.8
                    ],
                    [
                        13.123721,
                        56.212644,
                        82.8
                    ],
                    [
                        13.126589,
                        56.214126,
                        90
                    ],
                    [
                        13.128797,
                        56.215356,
                        93
                    ],
                    [
                        13.130826,
                        56.216557,
                        93
                    ],
                    [
                        13.133352,
                        56.218167,
                        96
                    ],
                    [
                        13.134687,
                        56.219067,
                        97
                    ],
                    [
                        13.135969,
                        56.219976,
                        99
                    ],
                    [
                        13.13723,
                        56.220909,
                        99
                    ],
                    [
                        13.140555,
                        56.223477,
                        113.5
                    ],
                    [
                        13.14177,
                        56.224321,
                        110.8
                    ],
                    [
                        13.143061,
                        56.225155,
                        111.3
                    ],
                    [
                        13.1444,
                        56.225949,
                        112.1
                    ],
                    [
                        13.145507,
                        56.226558,
                        114.4
                    ],
                    [
                        13.146622,
                        56.227136,
                        118.1
                    ],
                    [
                        13.147992,
                        56.227814,
                        119.7
                    ],
                    [
                        13.14932,
                        56.228443,
                        119.7
                    ],
                    [
                        13.152001,
                        56.229636,
                        113.5
                    ],
                    [
                        13.153617,
                        56.230295,
                        112.8
                    ],
                    [
                        13.155215,
                        56.230884,
                        111.6
                    ],
                    [
                        13.156673,
                        56.231389,
                        108.2
                    ],
                    [
                        13.158207,
                        56.231881,
                        102.7
                    ],
                    [
                        13.159673,
                        56.232299,
                        95.2
                    ],
                    [
                        13.161119,
                        56.23269,
                        88.7
                    ],
                    [
                        13.162617,
                        56.233057,
                        84.6
                    ],
                    [
                        13.164225,
                        56.233413,
                        84.6
                    ],
                    [
                        13.170147,
                        56.234575,
                        77.6
                    ],
                    [
                        13.172142,
                        56.235056,
                        77.3
                    ],
                    [
                        13.174288,
                        56.23568,
                        76.4
                    ],
                    [
                        13.175638,
                        56.236133,
                        76.1
                    ],
                    [
                        13.176889,
                        56.236597,
                        75.7
                    ],
                    [
                        13.17772,
                        56.23694,
                        75.7
                    ],
                    [
                        13.178811,
                        56.237418,
                        73
                    ],
                    [
                        13.1804,
                        56.238185,
                        72
                    ],
                    [
                        13.181361,
                        56.238634,
                        72
                    ],
                    [
                        13.182487,
                        56.23909,
                        70
                    ],
                    [
                        13.183705,
                        56.239558,
                        68
                    ],
                    [
                        13.185001,
                        56.240031,
                        64.8
                    ],
                    [
                        13.186804,
                        56.240727,
                        63
                    ],
                    [
                        13.188162,
                        56.2413,
                        62.7
                    ],
                    [
                        13.189588,
                        56.241943,
                        61
                    ],
                    [
                        13.192124,
                        56.243169,
                        59
                    ],
                    [
                        13.193265,
                        56.243756,
                        60
                    ],
                    [
                        13.194719,
                        56.244549,
                        60
                    ],
                    [
                        13.197403,
                        56.246073,
                        62
                    ],
                    [
                        13.200232,
                        56.247782,
                        60
                    ],
                    [
                        13.201932,
                        56.248828,
                        59
                    ],
                    [
                        13.203887,
                        56.250069,
                        60.7
                    ],
                    [
                        13.205534,
                        56.251166,
                        61
                    ],
                    [
                        13.206223,
                        56.251649,
                        61
                    ],
                    [
                        13.207203,
                        56.252351,
                        62
                    ],
                    [
                        13.208328,
                        56.25319,
                        62
                    ],
                    [
                        13.2103,
                        56.254604,
                        64
                    ],
                    [
                        13.212003,
                        56.255691,
                        63
                    ],
                    [
                        13.21274,
                        56.25608,
                        62.3
                    ],
                    [
                        13.213525,
                        56.256446,
                        62.3
                    ],
                    [
                        13.214577,
                        56.256889,
                        62.1
                    ],
                    [
                        13.215714,
                        56.257289,
                        62
                    ],
                    [
                        13.216223,
                        56.257452,
                        63
                    ],
                    [
                        13.216745,
                        56.257612,
                        63.8
                    ],
                    [
                        13.217565,
                        56.257832,
                        65.6
                    ],
                    [
                        13.218689,
                        56.258095,
                        67.1
                    ],
                    [
                        13.219953,
                        56.25834,
                        69
                    ],
                    [
                        13.22072,
                        56.258463,
                        73.5
                    ],
                    [
                        13.221714,
                        56.258592,
                        73.9
                    ],
                    [
                        13.22304,
                        56.258717,
                        75.8
                    ],
                    [
                        13.224139,
                        56.258775,
                        79
                    ],
                    [
                        13.225459,
                        56.258822,
                        79.5
                    ],
                    [
                        13.226012,
                        56.258828,
                        79.4
                    ],
                    [
                        13.230975,
                        56.258832,
                        85
                    ],
                    [
                        13.255002,
                        56.258796,
                        92
                    ],
                    [
                        13.258824,
                        56.25879,
                        92
                    ],
                    [
                        13.26443,
                        56.258783,
                        87
                    ],
                    [
                        13.269396,
                        56.25882,
                        93
                    ],
                    [
                        13.272092,
                        56.25888,
                        96.5
                    ],
                    [
                        13.274217,
                        56.258954,
                        97.2
                    ],
                    [
                        13.276501,
                        56.259062,
                        97.2
                    ],
                    [
                        13.278999,
                        56.259218,
                        97
                    ],
                    [
                        13.281942,
                        56.259447,
                        95
                    ],
                    [
                        13.285044,
                        56.259747,
                        97
                    ],
                    [
                        13.287545,
                        56.260029,
                        103
                    ],
                    [
                        13.289979,
                        56.260338,
                        111
                    ],
                    [
                        13.29242,
                        56.260691,
                        121
                    ],
                    [
                        13.294696,
                        56.261049,
                        120
                    ],
                    [
                        13.296903,
                        56.261431,
                        120
                    ],
                    [
                        13.300594,
                        56.26214,
                        123
                    ],
                    [
                        13.304339,
                        56.262959,
                        112
                    ],
                    [
                        13.306428,
                        56.263456,
                        111.3
                    ],
                    [
                        13.308432,
                        56.263968,
                        111.3
                    ],
                    [
                        13.310644,
                        56.26457,
                        108
                    ],
                    [
                        13.313277,
                        56.265329,
                        107
                    ],
                    [
                        13.316026,
                        56.266189,
                        104
                    ],
                    [
                        13.318321,
                        56.266967,
                        106
                    ],
                    [
                        13.320221,
                        56.267716,
                        106
                    ],
                    [
                        13.322175,
                        56.268594,
                        105
                    ],
                    [
                        13.324,
                        56.26952,
                        106
                    ],
                    [
                        13.325516,
                        56.270416,
                        104.3
                    ],
                    [
                        13.326596,
                        56.27112,
                        102.8
                    ],
                    [
                        13.327634,
                        56.271853,
                        102.3
                    ],
                    [
                        13.32845,
                        56.27248,
                        101.8
                    ],
                    [
                        13.329231,
                        56.273129,
                        101.3
                    ],
                    [
                        13.330142,
                        56.273969,
                        101.4
                    ],
                    [
                        13.33102,
                        56.274849,
                        101.4
                    ],
                    [
                        13.333792,
                        56.277763,
                        92
                    ],
                    [
                        13.334883,
                        56.278875,
                        92.5
                    ],
                    [
                        13.33596,
                        56.27994,
                        94.2
                    ],
                    [
                        13.33686,
                        56.280748,
                        96.4
                    ],
                    [
                        13.337294,
                        56.28111,
                        99
                    ],
                    [
                        13.337794,
                        56.281527,
                        94
                    ],
                    [
                        13.339285,
                        56.282679,
                        98.2
                    ],
                    [
                        13.340503,
                        56.283527,
                        103
                    ],
                    [
                        13.340891,
                        56.283798,
                        103
                    ],
                    [
                        13.342726,
                        56.284985,
                        105
                    ],
                    [
                        13.344414,
                        56.285967,
                        110
                    ],
                    [
                        13.345466,
                        56.286541,
                        111
                    ],
                    [
                        13.346323,
                        56.286983,
                        114
                    ],
                    [
                        13.34709,
                        56.287373,
                        114
                    ],
                    [
                        13.349493,
                        56.288481,
                        125
                    ],
                    [
                        13.351669,
                        56.289382,
                        125.5
                    ],
                    [
                        13.354341,
                        56.290387,
                        128.8
                    ],
                    [
                        13.356801,
                        56.291201,
                        138
                    ],
                    [
                        13.358304,
                        56.291647,
                        137.3
                    ],
                    [
                        13.359872,
                        56.292083,
                        137.3
                    ],
                    [
                        13.362475,
                        56.292732,
                        141
                    ],
                    [
                        13.365324,
                        56.293348,
                        140
                    ],
                    [
                        13.368161,
                        56.293873,
                        142
                    ],
                    [
                        13.373589,
                        56.294749,
                        122
                    ],
                    [
                        13.376104,
                        56.295216,
                        125
                    ],
                    [
                        13.378535,
                        56.29578,
                        124
                    ],
                    [
                        13.381038,
                        56.296469,
                        108
                    ],
                    [
                        13.38375,
                        56.297379,
                        110
                    ],
                    [
                        13.386156,
                        56.298344,
                        111.5
                    ],
                    [
                        13.387175,
                        56.298834,
                        112
                    ],
                    [
                        13.388679,
                        56.299556,
                        109
                    ],
                    [
                        13.390574,
                        56.300618,
                        108.5
                    ],
                    [
                        13.391896,
                        56.301462,
                        108.5
                    ],
                    [
                        13.393084,
                        56.302304,
                        108.5
                    ],
                    [
                        13.395523,
                        56.304082,
                        101.5
                    ],
                    [
                        13.396764,
                        56.304948,
                        104.5
                    ],
                    [
                        13.398003,
                        56.305762,
                        104.5
                    ],
                    [
                        13.400508,
                        56.307286,
                        118
                    ],
                    [
                        13.407612,
                        56.311517,
                        106
                    ],
                    [
                        13.41922,
                        56.31829,
                        116
                    ],
                    [
                        13.422428,
                        56.320093,
                        119
                    ],
                    [
                        13.424897,
                        56.321248,
                        123.5
                    ],
                    [
                        13.426152,
                        56.321763,
                        124.8
                    ],
                    [
                        13.42748,
                        56.322253,
                        126.9
                    ],
                    [
                        13.429196,
                        56.322809,
                        128
                    ],
                    [
                        13.430981,
                        56.323316,
                        128
                    ],
                    [
                        13.434992,
                        56.324404,
                        129.5
                    ],
                    [
                        13.436712,
                        56.324915,
                        129.2
                    ],
                    [
                        13.438209,
                        56.325409,
                        129.2
                    ],
                    [
                        13.440725,
                        56.326347,
                        126.5
                    ],
                    [
                        13.442433,
                        56.327099,
                        126.5
                    ],
                    [
                        13.444819,
                        56.328275,
                        131
                    ],
                    [
                        13.446831,
                        56.32937,
                        128
                    ],
                    [
                        13.448327,
                        56.330269,
                        126.3
                    ],
                    [
                        13.449455,
                        56.331,
                        126.3
                    ],
                    [
                        13.451067,
                        56.332116,
                        121
                    ],
                    [
                        13.452419,
                        56.333138,
                        120.7
                    ],
                    [
                        13.453408,
                        56.333946,
                        120.7
                    ],
                    [
                        13.45534,
                        56.33571,
                        124
                    ],
                    [
                        13.457104,
                        56.337533,
                        134
                    ],
                    [
                        13.458584,
                        56.339179,
                        129
                    ],
                    [
                        13.460173,
                        56.341084,
                        113
                    ],
                    [
                        13.460986,
                        56.342126,
                        112
                    ],
                    [
                        13.461783,
                        56.343147,
                        114
                    ],
                    [
                        13.46662,
                        56.349816,
                        128.5
                    ],
                    [
                        13.467545,
                        56.351019,
                        128.5
                    ],
                    [
                        13.468589,
                        56.352302,
                        127
                    ],
                    [
                        13.46955,
                        56.353403,
                        126.3
                    ],
                    [
                        13.470612,
                        56.354555,
                        125.9
                    ],
                    [
                        13.471757,
                        56.355711,
                        127.4
                    ],
                    [
                        13.473173,
                        56.357044,
                        125
                    ],
                    [
                        13.474372,
                        56.358066,
                        128
                    ],
                    [
                        13.475624,
                        56.359053,
                        130.3
                    ],
                    [
                        13.476363,
                        56.359561,
                        133
                    ],
                    [
                        13.477141,
                        56.360095,
                        137
                    ],
                    [
                        13.477892,
                        56.360611,
                        138.3
                    ],
                    [
                        13.47949,
                        56.361543,
                        141.1
                    ],
                    [
                        13.480507,
                        56.362071,
                        140.4
                    ],
                    [
                        13.482198,
                        56.362852,
                        135
                    ],
                    [
                        13.483117,
                        56.363234,
                        133
                    ],
                    [
                        13.484778,
                        56.363862,
                        131
                    ],
                    [
                        13.488874,
                        56.36527,
                        130.5
                    ],
                    [
                        13.490399,
                        56.365847,
                        130.2
                    ],
                    [
                        13.492116,
                        56.366574,
                        130.2
                    ],
                    [
                        13.494254,
                        56.367589,
                        132
                    ],
                    [
                        13.496492,
                        56.368832,
                        120
                    ],
                    [
                        13.498563,
                        56.370174,
                        122.5
                    ],
                    [
                        13.499821,
                        56.371109,
                        122.8
                    ],
                    [
                        13.500813,
                        56.371939,
                        123.3
                    ],
                    [
                        13.50187,
                        56.372995,
                        123.4
                    ],
                    [
                        13.502608,
                        56.37392,
                        124.5
                    ],
                    [
                        13.503214,
                        56.37484,
                        123.8
                    ],
                    [
                        13.503754,
                        56.375883,
                        122.6
                    ],
                    [
                        13.504162,
                        56.376999,
                        122.9
                    ],
                    [
                        13.504987,
                        56.379475,
                        122.4
                    ],
                    [
                        13.505385,
                        56.380422,
                        122.8
                    ],
                    [
                        13.505989,
                        56.381569,
                        122.6
                    ],
                    [
                        13.506567,
                        56.382477,
                        122.2
                    ],
                    [
                        13.507205,
                        56.383315,
                        122.7
                    ],
                    [
                        13.507994,
                        56.384222,
                        123.7
                    ],
                    [
                        13.508918,
                        56.385152,
                        123.4
                    ],
                    [
                        13.509444,
                        56.385628,
                        123.1
                    ],
                    [
                        13.509956,
                        56.386055,
                        123.3
                    ],
                    [
                        13.510856,
                        56.386752,
                        122.7
                    ],
                    [
                        13.512147,
                        56.387647,
                        122
                    ],
                    [
                        13.512871,
                        56.388099,
                        121.8
                    ],
                    [
                        13.514562,
                        56.389055,
                        121.9
                    ],
                    [
                        13.515896,
                        56.389709,
                        122.3
                    ],
                    [
                        13.517096,
                        56.390243,
                        122
                    ],
                    [
                        13.519357,
                        56.39118,
                        120
                    ],
                    [
                        13.522496,
                        56.392476,
                        116
                    ],
                    [
                        13.524513,
                        56.393391,
                        126
                    ],
                    [
                        13.526447,
                        56.394359,
                        125
                    ],
                    [
                        13.528329,
                        56.395382,
                        123.5
                    ],
                    [
                        13.529881,
                        56.396299,
                        123.5
                    ],
                    [
                        13.531526,
                        56.39736,
                        120
                    ],
                    [
                        13.533067,
                        56.39845,
                        122
                    ],
                    [
                        13.534322,
                        56.399416,
                        122
                    ],
                    [
                        13.535407,
                        56.400325,
                        123.3
                    ],
                    [
                        13.536551,
                        56.401346,
                        128.6
                    ],
                    [
                        13.537516,
                        56.4023,
                        130.9
                    ],
                    [
                        13.538735,
                        56.403612,
                        129.5
                    ],
                    [
                        13.539653,
                        56.404665,
                        128
                    ],
                    [
                        13.541264,
                        56.406511,
                        120
                    ],
                    [
                        13.544826,
                        56.410673,
                        118
                    ],
                    [
                        13.546435,
                        56.412653,
                        120.4
                    ],
                    [
                        13.547205,
                        56.413722,
                        121.5
                    ],
                    [
                        13.547965,
                        56.414843,
                        124.2
                    ],
                    [
                        13.54871,
                        56.416004,
                        126.7
                    ],
                    [
                        13.549421,
                        56.417196,
                        126.2
                    ],
                    [
                        13.550171,
                        56.418375,
                        126.1
                    ],
                    [
                        13.551093,
                        56.419617,
                        128.7
                    ],
                    [
                        13.552075,
                        56.420756,
                        127.9
                    ],
                    [
                        13.553212,
                        56.421931,
                        125.3
                    ],
                    [
                        13.554178,
                        56.42281,
                        126.1
                    ],
                    [
                        13.555403,
                        56.42384,
                        126.4
                    ],
                    [
                        13.556678,
                        56.4248,
                        124.5
                    ],
                    [
                        13.557834,
                        56.42559,
                        124.2
                    ],
                    [
                        13.55883,
                        56.426224,
                        126.7
                    ],
                    [
                        13.560576,
                        56.427245,
                        130.1
                    ],
                    [
                        13.561923,
                        56.427957,
                        130.4
                    ],
                    [
                        13.563112,
                        56.428538,
                        129.1
                    ],
                    [
                        13.564371,
                        56.429109,
                        129.1
                    ],
                    [
                        13.569758,
                        56.431384,
                        124.5
                    ],
                    [
                        13.571404,
                        56.432114,
                        123.2
                    ],
                    [
                        13.573945,
                        56.433326,
                        120
                    ],
                    [
                        13.574997,
                        56.433874,
                        119.3
                    ],
                    [
                        13.576043,
                        56.434435,
                        119.3
                    ],
                    [
                        13.578011,
                        56.435552,
                        116
                    ],
                    [
                        13.58472,
                        56.439642,
                        101
                    ],
                    [
                        13.587318,
                        56.441183,
                        100
                    ],
                    [
                        13.590196,
                        56.442741,
                        99.5
                    ],
                    [
                        13.592996,
                        56.444144,
                        97
                    ],
                    [
                        13.595745,
                        56.445379,
                        101
                    ],
                    [
                        13.597909,
                        56.446298,
                        106
                    ],
                    [
                        13.598369,
                        56.446486,
                        104
                    ],
                    [
                        13.598899,
                        56.446702,
                        106
                    ],
                    [
                        13.600146,
                        56.447185,
                        104
                    ],
                    [
                        13.600579,
                        56.447352,
                        104
                    ],
                    [
                        13.601232,
                        56.447605,
                        104
                    ],
                    [
                        13.603388,
                        56.448389,
                        112
                    ],
                    [
                        13.606347,
                        56.449384,
                        112
                    ],
                    [
                        13.608582,
                        56.450107,
                        111
                    ],
                    [
                        13.613114,
                        56.451548,
                        112.5
                    ],
                    [
                        13.614475,
                        56.45201,
                        114.6
                    ],
                    [
                        13.615236,
                        56.452289,
                        115.7
                    ],
                    [
                        13.616082,
                        56.452619,
                        116.3
                    ],
                    [
                        13.616954,
                        56.452995,
                        116.6
                    ],
                    [
                        13.617895,
                        56.453428,
                        117.4
                    ],
                    [
                        13.619448,
                        56.454246,
                        118.8
                    ],
                    [
                        13.620569,
                        56.454924,
                        120.7
                    ],
                    [
                        13.621162,
                        56.455311,
                        121.2
                    ],
                    [
                        13.621934,
                        56.455864,
                        121.7
                    ],
                    [
                        13.62291,
                        56.456651,
                        121.4
                    ],
                    [
                        13.623494,
                        56.457174,
                        120.8
                    ],
                    [
                        13.624054,
                        56.457731,
                        120.1
                    ],
                    [
                        13.624714,
                        56.458451,
                        118.4
                    ],
                    [
                        13.626493,
                        56.460597,
                        117
                    ],
                    [
                        13.626693,
                        56.460837,
                        115
                    ],
                    [
                        13.629232,
                        56.463877,
                        114.5
                    ],
                    [
                        13.629832,
                        56.464545,
                        115.8
                    ],
                    [
                        13.630783,
                        56.465534,
                        117
                    ],
                    [
                        13.631846,
                        56.466551,
                        117
                    ],
                    [
                        13.63318,
                        56.467719,
                        113.5
                    ],
                    [
                        13.634004,
                        56.468367,
                        114
                    ],
                    [
                        13.634263,
                        56.468571,
                        114
                    ],
                    [
                        13.635499,
                        56.469502,
                        118.2
                    ],
                    [
                        13.637741,
                        56.471054,
                        119
                    ],
                    [
                        13.639636,
                        56.472339,
                        123
                    ],
                    [
                        13.641577,
                        56.473685,
                        125
                    ],
                    [
                        13.643306,
                        56.475058,
                        129.7
                    ],
                    [
                        13.643844,
                        56.475542,
                        131.5
                    ],
                    [
                        13.644641,
                        56.476342,
                        133.2
                    ],
                    [
                        13.645544,
                        56.47737,
                        135.4
                    ],
                    [
                        13.646424,
                        56.478595,
                        136.5
                    ],
                    [
                        13.647136,
                        56.47983,
                        135.5
                    ],
                    [
                        13.647593,
                        56.480842,
                        134.5
                    ],
                    [
                        13.647845,
                        56.48158,
                        134.2
                    ],
                    [
                        13.648066,
                        56.482349,
                        134.2
                    ],
                    [
                        13.648359,
                        56.483719,
                        138
                    ],
                    [
                        13.648646,
                        56.48525,
                        139
                    ],
                    [
                        13.649016,
                        56.486717,
                        146
                    ],
                    [
                        13.649529,
                        56.488015,
                        146
                    ],
                    [
                        13.650249,
                        56.489373,
                        146
                    ],
                    [
                        13.65104,
                        56.490725,
                        148
                    ],
                    [
                        13.651602,
                        56.491798,
                        146.3
                    ],
                    [
                        13.651908,
                        56.492534,
                        145.4
                    ],
                    [
                        13.65215,
                        56.493224,
                        144.5
                    ],
                    [
                        13.652445,
                        56.49443,
                        143.8
                    ],
                    [
                        13.652589,
                        56.495616,
                        143.8
                    ],
                    [
                        13.652582,
                        56.497012,
                        140
                    ],
                    [
                        13.652403,
                        56.498581,
                        132
                    ],
                    [
                        13.652379,
                        56.498749,
                        132
                    ],
                    [
                        13.652227,
                        56.500035,
                        128
                    ],
                    [
                        13.65217,
                        56.500745,
                        126.3
                    ],
                    [
                        13.652166,
                        56.501671,
                        125
                    ],
                    [
                        13.65222,
                        56.502426,
                        122.4
                    ],
                    [
                        13.652313,
                        56.503051,
                        120.3
                    ],
                    [
                        13.652509,
                        56.503929,
                        117.2
                    ],
                    [
                        13.652797,
                        56.504825,
                        114
                    ],
                    [
                        13.653093,
                        56.50556,
                        123.7
                    ],
                    [
                        13.653441,
                        56.50627,
                        127.9
                    ],
                    [
                        13.653917,
                        56.507121,
                        130.6
                    ],
                    [
                        13.654452,
                        56.507914,
                        130.2
                    ],
                    [
                        13.655286,
                        56.50897,
                        132.4
                    ],
                    [
                        13.655797,
                        56.50954,
                        136.5
                    ],
                    [
                        13.656742,
                        56.510478,
                        136.5
                    ],
                    [
                        13.658213,
                        56.511722,
                        141
                    ],
                    [
                        13.659999,
                        56.512978,
                        140
                    ],
                    [
                        13.660967,
                        56.513576,
                        139.3
                    ],
                    [
                        13.66225,
                        56.514285,
                        139.3
                    ],
                    [
                        13.66412,
                        56.515191,
                        146.3
                    ],
                    [
                        13.665851,
                        56.515919,
                        144.9
                    ],
                    [
                        13.669209,
                        56.517216,
                        140
                    ],
                    [
                        13.67199,
                        56.518354,
                        139
                    ],
                    [
                        13.674418,
                        56.519498,
                        129
                    ],
                    [
                        13.676697,
                        56.520733,
                        118
                    ],
                    [
                        13.678806,
                        56.522048,
                        134
                    ],
                    [
                        13.680603,
                        56.523331,
                        123
                    ],
                    [
                        13.68184,
                        56.524326,
                        123
                    ],
                    [
                        13.683304,
                        56.525656,
                        122
                    ],
                    [
                        13.686102,
                        56.528459,
                        127
                    ],
                    [
                        13.687495,
                        56.529727,
                        127.5
                    ],
                    [
                        13.688724,
                        56.530748,
                        129.8
                    ],
                    [
                        13.690072,
                        56.531781,
                        133.9
                    ],
                    [
                        13.691308,
                        56.532655,
                        134.3
                    ],
                    [
                        13.692521,
                        56.533469,
                        133.4
                    ],
                    [
                        13.694937,
                        56.535042,
                        131.9
                    ],
                    [
                        13.697736,
                        56.536939,
                        132
                    ],
                    [
                        13.700794,
                        56.539135,
                        132
                    ],
                    [
                        13.703328,
                        56.541067,
                        131
                    ],
                    [
                        13.705102,
                        56.542489,
                        127
                    ],
                    [
                        13.705513,
                        56.542826,
                        129
                    ],
                    [
                        13.707473,
                        56.544487,
                        139.5
                    ],
                    [
                        13.708735,
                        56.545627,
                        139.5
                    ],
                    [
                        13.709986,
                        56.546794,
                        135
                    ],
                    [
                        13.711294,
                        56.548097,
                        130
                    ],
                    [
                        13.71256,
                        56.549431,
                        128
                    ],
                    [
                        13.71367,
                        56.550667,
                        126.5
                    ],
                    [
                        13.714705,
                        56.551881,
                        126.5
                    ],
                    [
                        13.715712,
                        56.55312,
                        122.5
                    ],
                    [
                        13.716705,
                        56.554415,
                        118.3
                    ],
                    [
                        13.71827,
                        56.556552,
                        116
                    ],
                    [
                        13.719449,
                        56.558216,
                        117
                    ],
                    [
                        13.719958,
                        56.559002,
                        119.3
                    ],
                    [
                        13.720281,
                        56.559597,
                        122
                    ],
                    [
                        13.72086,
                        56.560814,
                        123
                    ],
                    [
                        13.721243,
                        56.561862,
                        124
                    ],
                    [
                        13.721352,
                        56.562212,
                        124
                    ],
                    [
                        13.721628,
                        56.563319,
                        124.4
                    ],
                    [
                        13.721745,
                        56.564025,
                        124.5
                    ],
                    [
                        13.721833,
                        56.564766,
                        126
                    ],
                    [
                        13.721883,
                        56.566215,
                        128
                    ],
                    [
                        13.721794,
                        56.56771,
                        130
                    ],
                    [
                        13.721607,
                        56.568931,
                        133.7
                    ],
                    [
                        13.721344,
                        56.570038,
                        135.6
                    ],
                    [
                        13.720255,
                        56.573637,
                        136
                    ],
                    [
                        13.720025,
                        56.575132,
                        136.5
                    ],
                    [
                        13.720018,
                        56.576365,
                        136.5
                    ],
                    [
                        13.720189,
                        56.577794,
                        141.5
                    ],
                    [
                        13.720495,
                        56.578984,
                        141.5
                    ],
                    [
                        13.721023,
                        56.580316,
                        146
                    ],
                    [
                        13.721811,
                        56.58177,
                        151.5
                    ],
                    [
                        13.72266,
                        56.582976,
                        152.5
                    ],
                    [
                        13.723709,
                        56.584178,
                        153.2
                    ],
                    [
                        13.724451,
                        56.584922,
                        153.2
                    ],
                    [
                        13.725785,
                        56.58608,
                        150
                    ],
                    [
                        13.733159,
                        56.592187,
                        151
                    ],
                    [
                        13.734501,
                        56.593357,
                        160
                    ],
                    [
                        13.73576,
                        56.594553,
                        160
                    ],
                    [
                        13.736845,
                        56.595678,
                        160
                    ],
                    [
                        13.738221,
                        56.597253,
                        162
                    ],
                    [
                        13.744333,
                        56.604625,
                        158
                    ],
                    [
                        13.74536,
                        56.605828,
                        158
                    ],
                    [
                        13.746537,
                        56.607126,
                        158.5
                    ],
                    [
                        13.747949,
                        56.608547,
                        157.3
                    ],
                    [
                        13.749234,
                        56.609691,
                        156.8
                    ],
                    [
                        13.750429,
                        56.61061,
                        155.9
                    ],
                    [
                        13.751674,
                        56.611454,
                        154.3
                    ],
                    [
                        13.7528,
                        56.612132,
                        154.3
                    ],
                    [
                        13.75466,
                        56.613114,
                        150
                    ],
                    [
                        13.755902,
                        56.613695,
                        147.5
                    ],
                    [
                        13.75783,
                        56.614483,
                        143
                    ],
                    [
                        13.760392,
                        56.615363,
                        141
                    ],
                    [
                        13.760894,
                        56.615511,
                        139
                    ],
                    [
                        13.761499,
                        56.615533,
                        138.4
                    ],
                    [
                        13.761763,
                        56.615505,
                        137
                    ],
                    [
                        13.762099,
                        56.615453,
                        137
                    ],
                    [
                        13.762267,
                        56.615484,
                        137
                    ],
                    [
                        13.762379,
                        56.615391,
                        136
                    ],
                    [
                        13.762454,
                        56.615293,
                        135
                    ]
                ]
            }
        },
        {
            "type": "Feature",
            "properties": {
                "label": "Fredericia Kommune, SD,Denmark"
            },
            "geometry": {
                "type": "Point",
                "coordinates": [
                    9.69489,
                    55.57271
                ]
            }
        },
        {
            "type": "Feature",
            "properties": {
                "label": "Köpingevägen, Löddeköpinge,SN,Sweden"
            },
            "geometry": {
                "type": "Point",
                "coordinates": [
                    12.986698150634766,
                    55.76701378758802
                ]
            }
        },
        {
            "type": "Feature",
            "properties": {
                "label": "G 534, Hinneryd,KR,Sweden",
                "type": "end"
            },
            "geometry": {
                "type": "Point",
                "coordinates": [
                    13.762360811233522,
                    56.615271628488536
                ]
            }
        }
    ]
}